gender,age,height_cm,weight_kg,bodyfat_percent,activity_level,goal_type,goal_delta_kg,goal_time_weeks
0,37,167,89.8,25.7,5,0,0,16
0,25,175,94.2,18.9,4,0,0,5
1,36,184,88.2,13.2,4,0,0,5
1,22,180,93.4,29.6,5,2,2,7
1,37,184,82.5,25.9,1,0,0,5
1,53,173,80.1,26.5,2,0,0,16
1,26,186,101.2,27.6,3,1,-7,14
0,21,193,96.7,25.1,1,1,-3,8
1,38,156,104.9,24.7,1,0,0,8
1,30,162,91.4,0.0,2,2,4,13
1,25,164,54.8,26.7,5,2,7,16
0,27,190,53.1,15.3,5,0,0,8
1,29,167,74.9,0.0,5,1,-8,7
0,32,160,69.2,23.1,3,0,0,9
1,38,199,75.1,25.2,2,2,5,6
1,58,167,94.5,26.3,4,2,2,6
0,43,199,106.2,14.3,1,2,3,12
0,23,162,105.0,10.9,2,0,0,6
1,27,196,102.1,18.1,5,1,-8,8
0,40,156,60.3,17.0,4,1,-8,7
1,19,182,83.0,29.4,3,2,4,14
0,34,176,69.8,14.8,5,2,4,6
1,40,195,104.2,24.9,3,2,6,16
1,60,151,66.6,22.3,1,0,0,8
0,42,168,59.3,29.4,4,1,-7,9
1,57,194,109.7,26.9,5,1,-7,16
0,31,199,105.2,14.4,2,1,-2,10
1,42,200,55.3,0.0,3,0,0,9
1,30,189,90.4,14.9,2,2,3,10
0,43,186,56.2,26.4,3,1,-5,9
1,26,174,70.8,21.5,3,0,0,4
1,47,198,74.0,11.4,2,2,5,13
1,35,161,50.0,19.2,3,1,-2,7
0,37,179,102.4,28.8,4,1,-7,9
0,54,154,59.0,29.3,3,1,-3,14
0,44,176,101.3,16.9,4,0,0,11
0,30,150,68.8,17.8,5,0,0,14
0,55,154,100.2,20.7,2,0,0,12
0,55,155,54.1,10.5,2,1,-2,8
1,21,187,91.1,25.1,2,0,0,4
0,22,184,61.3,29.8,2,0,0,8
0,58,157,77.8,19.6,1,1,-6,9
1,56,164,66.5,22.5,5,2,3,7
0,45,156,86.0,23.9,3,2,2,8
1,32,166,56.8,18.2,1,1,-2,14
1,45,179,64.1,0.0,2,1,-6,16
1,20,198,74.1,27.6,2,2,7,11
1,29,172,69.5,13.3,3,1,-4,6
0,24,170,51.7,13.6,3,2,6,6
1,26,187,88.3,11.3,4,2,3,4
0,55,152,96.0,17.9,5,2,5,13
0,55,156,63.9,26.6,3,0,0,7
1,58,163,56.8,25.1,2,0,0,10
1,57,187,64.8,17.5,5,1,-8,12
1,46,193,64.6,18.9,1,2,7,6
1,33,157,74.3,15.8,4,2,2,8
1,36,181,61.5,0.0,1,1,-6,6
1,42,171,99.9,16.0,1,1,-7,7
1,36,151,90.0,16.7,2,2,5,16
1,26,190,63.6,10.9,5,2,8,15
0,34,152,87.7,29.1,4,1,-4,6
0,33,171,103.5,21.6,4,1,-4,14
1,49,164,57.3,0.0,1,1,-7,10
0,39,163,65.1,27.4,4,1,-8,16
0,29,174,100.2,12.9,3,0,0,14
1,45,183,56.9,15.2,2,0,0,11
1,59,184,69.9,25.3,3,0,0,12
1,47,175,62.1,20.6,4,2,8,4
0,54,185,81.0,20.7,3,1,-4,9
1,37,178,65.8,12.0,3,2,2,6
1,49,160,65.1,19.8,1,1,-5,5
1,57,177,109.8,27.1,5,1,-4,9
1,53,195,70.6,0.0,2,2,3,12
0,19,159,97.3,22.9,1,0,0,15
1,27,170,106.3,29.1,4,2,3,16
1,36,155,94.7,17.7,5,0,0,10
0,30,154,54.5,17.5,1,0,0,15
1,46,164,68.4,15.5,2,1,-7,16
0,47,187,104.3,11.5,4,2,6,16
0,46,153,63.8,28.7,4,1,-7,11
0,46,191,102.6,17.7,5,0,0,14
1,52,174,86.9,11.2,5,1,-5,16
0,25,189,89.4,0.0,3,1,-7,5
1,18,184,68.7,27.3,2,1,-8,5
0,32,192,79.5,27.4,3,0,0,6
1,60,151,102.6,16.1,4,1,-3,16
0,46,153,82.7,19.0,3,0,0,12
0,45,173,80.4,25.9,2,2,4,7
1,42,162,78.7,15.5,3,1,-6,11
1,18,187,101.7,0.0,5,0,0,12
0,35,167,66.7,20.6,4,0,0,4
1,26,177,56.3,0.0,1,1,-7,4
0,44,185,62.5,11.3,2,0,0,14
0,27,195,62.3,29.2,1,1,-3,5
1,34,193,71.7,26.3,3,2,6,5
1,29,172,67.1,27.3,2,2,6,11
0,56,197,109.8,0.0,2,0,0,11
1,38,189,90.7,28.8,3,2,6,14
0,48,154,59.9,19.3,3,2,5,5
0,54,170,102.9,24.8,2,2,2,14
1,53,186,64.4,28.1,3,1,-2,4
0,30,184,67.1,23.4,1,2,3,16
0,59,161,78.3,29.7,2,1,-2,5
1,58,174,92.0,26.9,4,2,6,7
0,59,182,92.6,14.3,2,2,4,4
1,50,150,65.1,0.0,1,0,0,14
0,50,189,65.8,11.5,1,1,-4,14
0,27,153,58.9,10.2,4,2,2,9
1,23,184,58.6,27.0,3,0,0,14
0,38,173,53.7,17.8,3,1,-3,12
1,32,185,55.4,25.0,1,1,-3,5
0,26,196,53.0,24.9,2,0,0,13
1,27,198,105.1,16.5,2,2,2,11
0,53,195,82.9,23.0,2,1,-2,16
0,34,155,77.0,14.8,3,0,0,8
1,50,169,93.4,0.0,2,2,7,13
0,23,153,90.6,22.5,3,0,0,4
1,54,190,72.5,21.0,4,0,0,12
0,56,189,51.8,12.4,4,1,-5,5
1,33,194,104.1,18.3,4,0,0,5
0,47,175,57.3,13.1,1,0,0,14
1,50,151,70.9,29.2,1,1,-3,5
0,56,200,76.0,12.1,2,0,0,13
1,35,176,63.0,19.8,4,2,5,16
1,51,183,72.3,0.0,3,1,-3,6
1,28,163,82.1,0.0,2,0,0,15
1,49,156,65.2,25.2,5,2,3,5
0,54,178,105.4,13.6,2,1,-2,4
0,34,176,57.6,20.1,2,2,8,14
1,24,180,68.9,13.5,3,1,-5,10
0,50,194,99.5,12.9,1,2,7,12
0,42,161,52.7,0.0,5,1,-4,16
1,28,200,106.6,17.0,5,1,-5,12
0,36,196,109.2,24.5,4,0,0,12
0,48,162,57.1,28.3,4,2,8,5
0,44,166,101.2,16.2,1,0,0,15
1,47,198,105.4,21.9,5,0,0,6
1,31,197,101.8,22.2,3,1,-8,8
0,23,194,66.5,22.9,2,2,2,4
0,18,154,107.2,23.5,5,1,-6,10
1,53,188,72.4,13.6,1,2,5,9
1,26,172,103.7,19.3,2,2,7,15
0,40,164,87.5,27.9,4,2,8,5
0,23,175,99.2,0.0,4,2,6,13
1,44,154,82.6,29.9,3,1,-7,11
0,37,185,50.5,23.3,5,0,0,16
1,36,179,51.1,20.1,4,0,0,12
1,41,151,51.3,14.4,3,2,4,15
1,18,185,105.4,11.8,5,1,-5,7
0,44,172,63.8,26.1,5,2,6,10
1,21,185,60.3,24.8,1,2,3,11
1,55,162,65.4,0.0,5,1,-2,4
1,38,151,52.8,27.3,3,1,-5,13
1,51,180,96.7,24.5,4,0,0,13
1,48,171,52.5,29.7,1,1,-7,12
1,31,162,104.1,19.7,2,1,-6,5
0,39,158,66.0,0.0,2,0,0,15
1,28,189,91.9,10.9,1,0,0,15
0,41,187,99.3,11.1,3,2,5,15
0,43,196,80.5,20.1,3,0,0,8
0,43,158,98.7,11.5,2,0,0,10
0,44,159,58.4,0.0,5,2,4,11
0,47,150,65.6,23.4,2,0,0,16
0,53,183,73.4,21.6,4,0,0,11
0,32,171,89.6,22.2,1,1,-3,12
0,46,171,87.5,24.9,3,2,7,4
1,40,188,88.5,29.0,5,2,3,16
1,38,183,108.6,16.9,5,2,4,14
1,30,200,106.3,18.4,4,1,-4,12
0,38,157,59.2,13.3,1,2,4,9
0,59,154,58.0,17.9,2,1,-5,14
1,33,188,106.0,11.1,3,1,-2,15
0,50,188,77.1,11.1,3,2,5,13
1,50,177,71.6,0.0,4,0,0,13
0,37,156,67.8,15.2,3,0,0,14
0,47,179,79.1,10.7,1,1,-2,9
0,27,166,102.4,14.9,4,1,-2,13
1,32,173,73.4,15.4,1,1,-6,12
1,43,168,83.3,16.7,2,1,-2,15
0,29,157,97.6,20.7,2,0,0,15
0,44,187,70.9,27.2,5,1,-2,5
1,38,165,78.7,27.0,4,0,0,13
0,58,173,74.6,29.7,2,1,-7,15
1,29,191,108.0,0.0,2,0,0,15
1,28,150,68.7,29.3,4,0,0,10
1,54,198,108.2,18.4,1,2,4,14
1,34,165,99.3,21.5,2,0,0,6
0,58,171,83.8,0.0,5,2,6,14
1,41,160,68.2,15.1,3,1,-6,14
1,21,197,70.9,17.5,1,2,2,14
0,36,178,63.4,0.0,5,2,8,6
0,31,181,100.5,0.0,1,1,-8,13
0,49,181,57.8,23.4,2,1,-3,15
1,51,175,69.6,0.0,1,0,0,9
1,45,162,63.2,28.6,3,2,8,16
0,44,151,64.3,15.4,1,0,0,10
0,54,169,95.5,26.7,3,2,6,10
1,44,156,52.7,23.0,5,0,0,9
0,59,197,79.9,0.0,3,1,-6,4
0,53,151,94.0,27.8,1,0,0,8
1,40,169,94.1,19.6,4,1,-5,10
1,52,171,70.2,25.8,1,1,-3,10
1,35,172,89.8,27.7,1,1,-8,5
0,54,198,109.6,22.1,2,1,-6,5
0,41,182,108.7,26.9,2,0,0,15
0,54,191,92.7,22.8,5,0,0,16
1,60,151,84.6,27.9,3,0,0,16
1,23,200,104.3,24.6,1,2,5,13
1,52,180,63.3,28.1,2,1,-8,16
1,35,154,55.9,27.3,1,1,-3,5
0,27,164,63.3,24.4,5,1,-8,6
1,40,169,58.7,20.3,3,1,-2,9
0,40,157,64.3,10.8,3,2,5,5
0,27,175,64.6,19.7,1,1,-5,5
1,39,181,72.5,15.1,1,1,-4,9
1,32,185,65.8,0.0,1,2,8,10
0,34,153,63.7,17.9,2,0,0,12
0,27,198,64.3,20.1,4,1,-3,9
1,24,174,63.9,25.7,1,1,-4,13
0,57,151,78.0,23.0,2,1,-3,13
0,29,197,70.9,14.2,2,0,0,5
1,36,185,95.2,16.6,5,1,-7,4
1,22,176,80.3,19.9,4,2,7,8
0,54,177,82.0,22.8,2,0,0,13
0,42,191,109.7,13.3,1,1,-7,11
1,41,164,100.2,11.1,4,1,-4,13
0,41,151,54.2,24.2,4,2,2,7
1,45,198,72.1,22.3,2,0,0,11
1,52,163,102.4,0.0,4,0,0,6
1,42,185,58.4,27.5,5,2,6,15
1,29,180,105.3,0.0,4,1,-5,7
1,59,182,59.5,24.8,2,1,-8,14
1,19,153,58.8,13.8,1,2,4,6
0,50,157,85.5,27.1,4,0,0,6
1,54,188,59.4,29.1,5,0,0,9
0,48,152,67.5,19.2,4,1,-6,15
0,52,190,72.6,0.0,2,1,-4,12
0,27,156,63.3,23.1,3,0,0,8
1,47,197,102.2,0.0,3,2,4,15
1,24,193,97.6,24.5,1,1,-4,14
0,20,163,70.9,11.3,5,1,-8,15
0,41,193,56.7,12.6,5,0,0,14
0,35,191,71.7,0.0,2,1,-8,13
1,19,180,65.0,18.7,5,2,4,9
1,18,192,66.5,0.0,5,2,6,14
0,40,157,98.4,19.7,3,2,8,8
0,51,171,76.1,13.0,4,2,2,5
1,38,183,62.4,29.7,3,1,-7,5
1,41,194,59.9,0.0,2,0,0,11
1,22,172,71.8,28.8,4,0,0,7
0,29,167,106.1,0.0,1,0,0,6
0,25,160,59.0,17.3,4,0,0,4
0,38,193,80.1,23.1,5,0,0,15
1,50,162,78.4,17.0,4,1,-8,5
0,40,178,86.1,15.6,1,0,0,10
0,24,181,69.9,15.2,2,0,0,13
0,58,178,68.2,15.4,3,0,0,16
1,43,195,84.9,28.6,5,1,-8,12
1,23,189,57.9,28.6,3,0,0,12
0,45,164,89.3,20.5,1,1,-2,16
1,57,164,103.8,10.1,5,1,-2,6
0,48,165,56.6,0.0,3,0,0,5
0,42,177,92.8,24.2,2,1,-3,16
0,28,188,61.8,14.8,2,2,2,11
0,43,179,106.7,10.4,2,0,0,12
1,44,152,92.9,15.2,1,2,2,15
0,36,176,55.6,11.8,5,2,5,11
0,41,183,55.2,12.1,1,0,0,15
1,60,188,50.3,20.8,5,2,5,6
0,57,151,100.2,28.1,1,0,0,12
1,26,188,94.6,0.0,4,2,6,5
0,49,161,74.5,0.0,5,1,-2,6
0,52,169,80.0,17.4,2,1,-7,5
0,53,191,83.3,17.4,1,0,0,16
1,30,193,83.0,28.9,3,1,-3,10
0,56,191,66.9,15.2,3,2,4,6
1,46,175,101.5,10.3,3,0,0,16
0,33,169,53.2,26.0,3,2,6,8
0,18,170,100.2,15.1,5,2,4,7
0,34,160,62.3,24.2,1,0,0,8
1,24,158,87.0,25.9,2,1,-2,8
1,26,179,78.8,27.3,1,1,-4,8
0,58,177,67.7,15.1,5,2,2,13
0,47,181,66.7,21.8,1,0,0,9
0,58,195,62.5,17.2,5,0,0,5
0,38,156,56.4,11.1,1,1,-7,9
0,32,180,95.5,17.3,4,2,6,10
0,37,184,77.9,18.4,1,2,2,5
0,38,193,98.0,26.1,2,1,-7,14
1,23,152,60.9,27.7,2,0,0,11
1,21,153,53.7,26.2,2,0,0,16
0,52,180,103.1,0.0,5,1,-5,16
1,55,164,95.0,19.5,2,1,-8,5
1,56,166,51.9,20.8,2,0,0,5
1,25,173,104.5,0.0,2,1,-2,12
0,50,155,73.6,13.1,5,0,0,4
0,34,183,97.5,24.7,3,1,-3,8
0,39,166,68.8,24.5,5,2,4,8
0,19,190,90.9,0.0,2,0,0,7
0,18,198,54.0,26.5,2,2,4,5
1,27,155,56.2,0.0,4,1,-5,15
0,57,177,74.2,18.2,5,1,-6,4
1,31,174,59.5,17.9,2,1,-5,9
1,21,166,100.3,0.0,5,1,-7,5
1,30,154,92.0,16.4,3,1,-7,14
0,54,198,77.1,28.5,3,0,0,12
0,47,187,93.2,18.2,3,2,5,14
0,49,153,80.3,28.7,1,0,0,8
1,40,165,100.6,10.8,3,0,0,12
0,43,158,64.3,18.9,4,2,3,9
1,50,199,102.3,28.2,5,0,0,4
0,19,182,99.3,26.4,2,0,0,4
0,22,172,73.3,0.0,5,1,-3,14
0,57,159,107.9,10.7,1,2,3,6
1,31,177,99.3,0.0,3,1,-3,10
1,37,190,76.7,23.5,4,1,-7,8
0,33,198,57.9,28.7,5,0,0,12
1,46,161,80.7,17.1,3,1,-7,15
0,34,193,71.7,10.1,3,2,2,11
1,20,182,80.0,24.0,2,1,-2,12
1,35,194,62.5,0.0,3,1,-7,16
1,24,160,105.2,11.9,4,2,3,15
0,20,179,67.2,10.0,4,0,0,13
0,47,184,90.3,18.3,3,0,0,10
1,35,181,52.8,16.6,3,1,-3,6
1,23,180,97.4,12.6,5,0,0,4
1,22,189,93.8,12.6,2,2,3,7
0,60,187,76.7,0.0,3,2,7,11
0,48,170,108.4,28.2,4,0,0,7
1,31,190,89.7,13.2,1,0,0,11
0,57,161,100.4,10.4,2,0,0,14
0,59,171,65.4,17.8,4,2,8,5
1,57,185,107.4,0.0,2,1,-4,6
1,29,172,98.0,14.8,1,1,-4,16
1,22,163,94.9,13.3,2,2,7,5
0,47,150,74.4,0.0,1,1,-2,12
1,35,164,50.4,13.3,3,0,0,5
1,25,178,78.8,28.6,3,0,0,6
1,34,157,76.9,13.1,4,1,-6,16
1,43,196,107.0,17.0,4,2,2,14
0,28,189,106.0,0.0,1,1,-2,11
1,46,163,96.8,26.0,1,2,2,6
1,18,184,106.6,22.1,3,2,3,14
0,34,160,66.2,20.2,2,1,-8,16
0,57,158,91.3,13.0,5,1,-7,6
1,42,183,65.5,12.3,5,2,8,11
1,45,188,75.0,17.8,2,0,0,4
1,20,196,94.9,22.9,4,1,-4,7
0,22,199,60.1,17.6,2,2,6,5
0,20,170,83.3,27.1,3,0,0,10
1,48,181,50.6,23.3,5,1,-6,8
1,42,170,101.3,15.9,2,0,0,15
0,55,161,63.3,26.5,2,2,6,4
0,27,154,99.7,0.0,1,1,-3,8
0,30,177,103.5,0.0,4,2,4,4
0,41,193,100.4,17.5,5,2,2,4
0,40,167,87.3,29.4,5,2,6,5
0,60,171,54.4,0.0,2,2,2,11
0,30,162,108.7,0.0,2,1,-3,5
0,21,161,88.6,25.9,1,0,0,14
1,21,181,52.0,21.1,2,2,8,6
0,56,181,77.3,14.3,2,0,0,12
0,24,168,65.6,0.0,3,0,0,15
1,49,194,103.2,0.0,5,2,3,11
1,45,192,108.2,29.2,1,0,0,9
0,49,164,60.4,0.0,3,2,3,15
1,60,192,55.2,24.6,5,0,0,10
0,25,157,54.5,17.4,4,2,7,8
1,21,166,77.6,27.8,5,0,0,5
0,53,171,75.3,20.4,4,1,-6,14
1,36,183,50.1,10.3,2,0,0,14
0,57,194,55.0,18.5,5,2,2,11
0,22,173,75.4,20.1,2,1,-6,7
1,49,171,51.3,27.2,2,0,0,9
0,52,151,86.5,25.4,4,0,0,12
0,53,200,95.1,25.3,5,0,0,16
0,50,183,82.7,15.4,5,2,7,16
0,46,188,85.7,16.7,1,2,2,16
1,46,172,102.7,10.8,3,2,5,8
1,31,200,98.9,0.0,1,0,0,6
0,29,166,61.2,11.9,4,0,0,12
0,39,153,58.6,22.7,5,2,8,14
0,53,162,85.5,0.0,2,2,7,6
0,45,173,79.1,12.8,4,1,-2,5
1,49,159,95.4,13.3,2,1,-3,13
1,51,156,71.8,23.3,2,2,4,13
0,49,153,60.2,23.9,2,1,-6,4
1,23,191,91.0,18.3,2,2,6,14
0,53,164,60.8,17.8,3,1,-6,8
1,47,152,72.3,12.6,2,2,3,10
1,25,168,101.4,10.7,4,1,-7,11
1,18,167,81.4,10.9,3,2,7,5
0,60,178,80.3,18.1,2,2,3,9
0,22,168,105.9,15.5,2,2,4,8
0,50,162,57.5,23.8,4,1,-5,7
1,25,195,59.5,11.0,2,0,0,8
0,40,196,60.6,18.4,5,1,-3,4
1,37,168,96.5,22.8,2,0,0,14
0,26,153,67.5,19.4,5,0,0,12
1,56,175,83.8,23.3,1,1,-4,14
1,31,178,52.9,26.2,2,1,-3,8
0,19,191,99.9,12.7,1,0,0,16
0,55,200,104.2,16.2,5,0,0,8
1,54,163,104.8,20.1,2,2,3,10
0,49,152,93.9,13.6,2,0,0,14
0,44,196,51.7,28.2,2,1,-2,7
1,26,175,70.3,28.0,4,0,0,12
0,44,157,60.6,19.4,3,1,-6,5
0,43,155,108.0,21.9,2,2,5,11
1,45,193,93.3,23.7,3,0,0,9
1,24,184,72.8,27.0,3,1,-2,15
0,44,160,53.5,14.4,4,1,-3,8
1,27,176,96.7,18.5,4,0,0,6
0,21,175,82.2,13.2,5,1,-2,14
1,45,158,77.4,12.7,3,2,7,9
0,24,194,102.6,17.6,4,0,0,16
1,18,193,74.8,18.9,4,2,5,5
0,25,199,86.3,19.5,1,0,0,16
1,37,190,96.1,0.0,5,1,-5,9
1,51,179,73.6,25.5,4,2,3,8
1,43,169,67.2,0.0,2,1,-6,16
0,35,171,67.1,21.3,3,0,0,16
1,27,178,70.6,28.9,2,0,0,16
0,40,155,85.5,0.0,2,0,0,8
0,37,178,72.6,23.8,1,2,7,5
0,57,176,92.7,0.0,4,0,0,13
0,19,190,93.3,17.2,2,1,-6,9
1,60,152,67.9,12.2,2,2,2,15
0,21,180,88.1,0.0,2,1,-7,6
1,54,167,70.8,16.1,2,0,0,8
1,31,158,87.4,24.7,2,2,5,7
0,46,186,109.0,23.3,1,1,-3,12
1,41,192,107.6,23.8,3,1,-2,6
0,23,169,101.8,26.3,2,1,-8,7
1,45,176,80.2,12.2,1,1,-6,8
0,56,178,72.1,0.0,4,1,-5,8
0,29,153,95.2,21.7,5,2,3,8
1,29,164,56.8,21.6,3,1,-7,11
0,33,156,77.5,0.0,4,2,3,5
0,46,166,96.9,0.0,2,2,7,10
0,55,198,104.1,27.1,4,1,-3,15
0,30,174,58.3,19.6,1,1,-8,13
1,53,180,60.6,16.6,2,2,7,8
1,37,165,71.6,21.4,1,1,-2,6
1,43,164,61.9,19.6,5,2,7,7
0,37,189,56.8,21.4,2,0,0,9
0,52,190,103.6,26.8,4,0,0,7
1,40,177,104.4,13.5,5,0,0,8
1,41,173,89.6,0.0,3,1,-4,13
1,30,155,88.9,13.9,4,2,6,11
1,40,171,98.4,19.7,5,1,-2,11
0,35,187,62.0,27.3,3,2,2,13
0,39,188,58.6,17.2,3,2,7,5
1,31,158,65.7,23.8,1,0,0,10
0,35,152,54.1,13.6,4,1,-6,14
1,46,173,69.5,18.3,5,1,-8,9
1,33,177,52.3,12.2,2,2,4,7
0,44,189,57.1,14.3,4,1,-7,7
0,23,169,64.8,12.7,3,1,-3,14
1,48,164,96.1,14.0,4,2,5,15
1,43,161,89.4,0.0,4,1,-5,9
1,20,162,91.1,28.8,2,2,2,14
0,58,188,89.2,16.7,5,1,-4,11
0,46,185,63.8,12.1,4,0,0,12
0,50,183,63.9,14.0,4,2,6,4
0,59,156,85.0,13.7,4,1,-6,12
1,19,179,68.7,19.7,1,2,3,14
1,53,159,55.1,20.4,1,1,-3,12
1,53,161,51.9,25.2,3,0,0,9
1,33,183,85.9,11.0,4,1,-2,14
0,42,157,75.2,17.3,2,0,0,12
1,40,154,94.9,0.0,3,1,-5,16
0,29,189,107.5,22.6,2,2,5,8
1,26,152,69.9,14.0,1,1,-8,14
0,52,178,70.8,19.7,1,2,5,11
1,22,176,57.9,21.4,3,2,8,9
1,40,156,83.0,17.7,3,2,2,11
1,45,197,84.4,25.3,3,0,0,4
1,57,171,55.6,24.9,4,1,-7,15
0,20,151,59.9,26.3,4,0,0,13
0,29,151,96.2,20.8,5,1,-6,10
1,47,152,85.8,18.7,4,1,-6,16
1,40,189,67.9,15.1,4,1,-8,7
0,60,162,66.4,25.1,1,2,3,5
1,26,176,65.2,15.2,5,0,0,8
0,51,165,107.4,14.3,2,0,0,12
1,36,160,77.4,18.1,3,1,-5,12
1,54,187,54.1,12.0,3,0,0,10
0,58,173,74.9,14.9,3,0,0,14
1,47,198,72.4,19.3,2,1,-8,6
1,23,170,90.1,22.5,4,0,0,10
0,27,198,75.6,24.9,4,1,-6,9
0,45,167,76.7,22.2,5,1,-7,7
0,40,157,70.5,23.3,4,2,5,10
0,60,183,68.3,27.8,5,0,0,5
0,40,194,89.6,19.7,2,1,-3,5
0,60,170,61.4,16.9,3,2,2,15
1,47,181,67.0,18.1,5,0,0,5
1,48,174,53.2,21.7,4,1,-6,12
1,32,150,90.4,24.4,3,1,-4,13
0,25,150,56.5,13.2,1,2,7,8
1,22,198,51.1,0.0,4,0,0,5
0,54,161,76.8,23.1,3,2,4,12
0,24,179,73.0,20.4,1,1,-3,13
0,25,184,76.1,0.0,3,1,-7,15
0,35,176,64.0,18.6,5,1,-4,6
0,31,171,64.9,25.0,2,2,6,13
1,18,164,95.4,0.0,2,0,0,8
0,43,199,82.0,24.4,5,2,7,10
0,39,161,58.3,22.9,1,0,0,13
1,37,182,78.0,19.1,1,0,0,9
1,34,186,50.4,27.9,1,2,5,4
1,39,195,103.2,19.8,3,2,8,11
0,41,189,106.5,28.8,2,0,0,12
1,52,152,83.5,14.3,4,0,0,10
0,52,152,71.1,15.4,2,0,0,6
1,49,169,91.8,10.5,3,1,-2,12
0,45,199,62.8,19.3,5,2,7,15
0,60,174,84.2,27.3,2,1,-8,13
0,47,195,106.3,0.0,2,2,6,14
0,41,168,70.8,22.7,3,2,6,11
1,30,160,70.6,18.4,4,2,2,11
1,55,161,103.0,19.7,4,0,0,11
1,52,150,56.7,16.3,5,0,0,5
0,40,182,100.8,12.0,1,1,-8,8
0,39,167,73.8,24.9,1,0,0,16
0,36,164,101.3,19.9,1,2,4,16
1,57,172,81.2,28.7,3,2,3,6
1,25,194,79.7,22.1,5,2,8,5
1,60,182,98.7,0.0,4,0,0,6
1,34,157,98.8,0.0,3,1,-3,6
0,42,199,93.8,19.0,3,1,-2,12
0,42,197,55.4,19.6,3,2,7,15
1,58,193,101.0,22.4,3,2,6,5
1,48,180,77.6,10.2,2,1,-7,10
0,26,170,98.8,0.0,4,2,2,9
0,43,181,78.0,23.9,1,2,8,7
1,52,164,98.6,27.3,1,2,3,8
1,51,157,67.6,12.7,3,1,-3,14
1,50,156,82.1,29.8,1,2,7,14
0,37,195,108.3,28.9,3,1,-8,16
1,38,174,70.8,23.5,1,1,-6,7
0,51,167,106.1,11.7,5,1,-6,9
0,55,159,71.2,27.3,1,1,-5,4
1,47,194,109.6,25.7,3,1,-6,14
0,45,156,66.9,15.9,2,0,0,11
1,45,197,53.1,25.4,5,1,-6,9
1,26,151,60.6,12.1,2,2,7,15
0,55,164,74.4,0.0,1,2,6,15
0,44,177,87.6,20.1,1,2,7,12
0,56,200,69.4,21.4,1,0,0,11
0,33,183,75.3,14.3,4,2,4,9
1,47,164,66.7,14.8,3,2,4,7
1,19,186,63.0,18.1,3,0,0,12
1,19,164,87.9,0.0,4,2,5,14
1,24,169,70.7,23.8,1,2,5,9
0,43,180,70.2,24.3,4,1,-5,11
1,57,193,101.2,28.3,5,2,2,16
1,45,190,107.9,24.9,3,0,0,8
0,42,174,85.0,18.1,2,0,0,16
0,47,159,94.8,13.1,1,1,-8,10
1,44,194,51.0,0.0,3,0,0,8
0,57,172,83.4,16.2,2,2,5,14
0,51,159,56.5,17.5,5,1,-4,7
0,49,160,80.7,29.6,3,0,0,15
1,50,157,53.2,0.0,2,2,3,14
0,38,182,61.3,26.3,4,2,8,6
1,43,186,87.6,20.5,4,0,0,16
1,40,187,57.6,0.0,5,2,4,5
0,57,160,89.0,17.8,3,0,0,11
1,23,195,98.3,19.4,2,0,0,15
0,41,192,75.7,11.4,1,1,-7,14
0,46,187,107.2,14.9,4,0,0,12
0,32,168,60.2,17.3,1,2,6,11
1,52,178,102.0,18.2,5,2,6,15
1,49,161,106.7,17.5,3,2,4,7
1,58,159,92.9,16.6,4,1,-5,14
0,39,162,79.4,0.0,1,0,0,15
1,22,169,52.8,11.9,2,2,6,4
0,54,193,76.7,13.8,2,2,4,16
1,35,191,57.4,19.4,5,0,0,6
0,51,195,84.6,0.0,4,2,4,11
1,43,163,89.7,10.1,3,1,-3,16
0,51,181,77.9,20.8,2,2,4,15
1,33,199,73.2,26.3,3,2,8,14
1,21,166,58.1,21.2,5,2,5,9
0,27,162,67.9,12.1,4,2,2,7
1,30,162,68.8,26.3,2,0,0,15
0,39,183,100.8,10.7,5,2,8,10
1,22,150,98.1,16.9,1,2,6,14
1,20,179,64.0,21.5,1,0,0,8
1,51,163,56.1,20.2,3,0,0,15
0,25,159,109.4,26.8,4,1,-7,11
1,59,194,63.3,23.4,4,0,0,4
1,22,164,104.3,28.3,5,1,-4,16
1,59,193,74.6,17.0,1,1,-5,13
0,50,167,61.3,11.9,5,1,-7,8
0,43,176,101.6,20.7,2,2,2,10
0,19,188,96.1,22.2,1,1,-4,7
0,25,155,50.1,18.0,1,2,3,8
0,60,188,64.3,11.5,4,2,2,11
1,49,166,73.9,0.0,3,2,6,7
0,43,179,79.3,29.4,5,0,0,16
0,45,151,70.6,18.1,1,2,5,8
1,26,160,102.5,28.4,4,2,3,6
0,50,194,60.4,11.4,2,0,0,11
0,42,173,50.8,27.5,4,2,4,13
0,28,164,69.7,19.9,1,1,-4,7
0,58,166,87.8,11.0,4,1,-5,11
1,32,166,69.2,21.9,2,1,-4,11
1,18,162,86.8,18.8,1,1,-3,16
0,23,188,91.9,22.3,5,1,-7,12
0,24,151,91.4,20.7,2,0,0,4
0,57,159,52.3,16.9,4,1,-6,16
0,57,172,67.0,26.6,2,0,0,9
0,58,150,57.0,15.7,4,1,-6,5
1,34,165,83.8,10.1,5,2,5,16
0,21,178,50.9,13.7,4,0,0,7
0,37,199,54.4,12.4,3,0,0,7
0,43,153,62.6,28.8,2,1,-2,13
1,38,188,62.3,22.9,1,2,6,4
0,28,180,64.7,22.7,3,1,-2,10
1,55,193,64.6,14.6,4,0,0,8
0,53,164,87.1,14.8,4,2,6,7
0,27,171,91.0,22.3,2,0,0,8
0,42,178,108.7,11.3,2,2,6,4
0,24,188,58.4,16.4,5,1,-6,14
1,57,177,78.9,18.9,1,1,-7,6
1,57,177,50.6,17.2,1,0,0,16
0,32,172,83.6,22.7,3,1,-3,16
1,36,162,88.2,19.7,3,1,-5,15
1,18,172,92.0,23.3,2,2,6,9
1,44,151,106.7,0.0,4,0,0,13
1,25,189,55.5,10.1,1,1,-7,6
0,32,188,107.9,26.8,5,1,-4,11
0,39,191,51.1,14.8,3,1,-2,11
0,23,151,83.8,25.7,1,0,0,14
0,59,165,53.9,19.4,3,1,-7,12
0,38,162,79.5,24.4,4,2,6,5
1,42,171,104.6,0.0,2,0,0,8
0,47,171,101.8,15.9,5,0,0,16
1,24,197,74.1,0.0,2,2,8,10
1,24,189,60.6,19.7,2,0,0,16
1,26,159,63.5,23.8,4,2,3,6
0,36,155,104.9,15.3,4,2,3,9
1,36,198,64.7,19.8,2,0,0,13
1,19,164,90.2,18.7,2,0,0,14
0,35,172,79.7,28.1,2,2,2,6
1,24,194,62.4,16.6,3,1,-6,10
0,40,153,102.4,18.6,2,0,0,14
1,21,168,59.8,11.0,4,2,6,14
0,37,200,89.8,22.1,3,2,8,4
0,55,199,72.1,21.2,4,2,8,12
0,36,175,57.3,12.0,1,0,0,15
0,37,156,50.2,13.3,1,0,0,15
0,60,198,97.3,14.0,5,0,0,5
0,39,155,66.8,11.5,5,0,0,13
0,35,155,55.5,21.5,3,0,0,6
0,24,154,74.8,11.9,5,1,-8,13
0,20,179,79.9,26.7,5,1,-5,7
0,51,195,66.4,23.0,5,1,-4,9
0,55,151,60.1,29.7,4,1,-4,4
0,38,168,90.9,12.7,5,2,4,6
1,37,157,77.3,29.7,4,0,0,14
0,30,153,97.9,15.0,2,0,0,11
1,42,169,53.9,28.4,4,0,0,13
1,33,155,81.3,19.7,5,0,0,13
0,47,196,89.4,10.7,4,2,5,16
1,21,155,78.4,16.4,3,2,5,13
0,41,184,101.4,27.7,1,1,-6,4
1,31,193,80.5,28.5,4,0,0,10
1,32,195,77.5,0.0,1,0,0,14
1,27,176,65.5,16.8,1,0,0,14
0,20,198,99.8,0.0,4,0,0,14
1,36,189,101.2,14.3,3,2,7,5
0,42,181,63.5,12.3,5,1,-7,10
0,29,172,94.2,15.7,4,1,-8,14
0,34,177,89.6,15.2,3,2,6,4
0,45,170,52.6,26.0,3,2,4,16
1,55,196,78.5,26.3,2,0,0,10
0,44,160,59.4,25.1,2,1,-5,13
0,36,183,94.3,0.0,1,0,0,5
0,55,168,103.4,22.0,5,0,0,8
1,53,178,73.5,0.0,2,1,-6,6
1,26,164,80.9,12.2,2,2,7,12
1,35,190,52.2,0.0,5,1,-8,14
1,57,198,98.5,0.0,4,0,0,10
1,46,184,78.5,19.7,5,1,-8,15
1,41,179,86.1,22.2,2,2,6,16
0,49,187,57.9,0.0,1,1,-7,12
0,47,195,100.3,16.0,5,2,7,13
0,38,162,62.2,14.8,2,2,3,4
1,37,156,61.7,11.1,2,0,0,12
1,48,153,84.3,0.0,2,1,-8,7
0,36,160,53.8,10.9,4,0,0,12
1,29,166,77.0,26.2,4,2,2,11
1,45,180,53.3,27.9,1,2,2,11
1,40,195,80.9,27.1,5,1,-7,5
0,38,154,94.5,27.9,5,0,0,7
1,51,151,101.1,29.2,4,0,0,4
1,26,166,50.4,11.7,5,0,0,5
1,21,152,96.3,27.8,5,0,0,5
1,40,196,109.4,29.0,4,2,6,5
1,24,150,55.9,18.4,3,1,-4,7
1,51,178,88.6,0.0,2,0,0,6
0,49,168,96.6,26.2,3,2,4,11
0,34,162,72.1,0.0,4,2,7,15
1,41,173,51.4,0.0,3,2,2,16
0,38,161,60.1,22.8,2,0,0,10
1,58,187,83.3,0.0,3,2,6,4
1,45,156,62.0,26.2,5,0,0,11
1,34,157,105.0,25.5,5,1,-2,6
0,33,183,97.3,19.9,5,0,0,5
0,20,151,55.9,25.7,1,2,7,6
0,19,182,75.3,27.7,4,0,0,9
1,41,178,65.2,19.5,3,0,0,14
0,26,159,107.0,17.6,4,2,6,12
0,52,158,66.0,23.8,2,1,-2,16
1,52,166,90.4,24.9,1,2,8,5
0,26,176,56.7,19.5,3,2,6,6
0,27,163,89.2,0.0,5,2,4,15
1,57,176,103.7,15.5,5,0,0,7
0,52,196,54.3,0.0,3,1,-8,16
1,53,152,51.5,20.6,3,1,-4,5
1,19,156,52.4,22.9,2,2,4,16
0,29,163,108.6,14.2,3,2,6,10
1,27,163,85.4,20.5,3,2,6,8
1,41,177,87.0,10.5,2,1,-4,5
0,39,153,80.2,18.7,3,0,0,8
0,25,164,86.6,0.0,2,0,0,16
1,48,163,92.9,24.2,2,1,-3,9
0,49,158,94.6,13.7,4,2,3,16
1,31,173,86.5,16.4,4,2,4,5
1,50,189,72.0,12.7,1,0,0,5
0,37,188,86.6,15.7,4,2,7,6
0,46,190,94.4,17.9,1,0,0,11
1,28,167,96.3,18.0,4,2,6,8
0,22,151,60.4,25.6,4,0,0,12
0,43,198,86.5,0.0,5,2,7,7
0,25,182,81.5,18.1,1,2,8,9
0,20,188,96.4,0.0,2,1,-8,6
0,41,189,55.8,10.8,3,0,0,10
0,59,197,101.2,26.4,2,0,0,16
0,46,177,92.6,28.5,1,2,3,12
1,55,191,98.7,16.1,1,0,0,5
1,58,182,63.1,13.6,2,2,6,16
0,58,177,102.5,24.5,3,0,0,12
0,26,191,100.6,0.0,3,2,2,11
0,40,175,105.1,29.1,4,1,-4,16
0,37,165,72.9,23.5,5,2,3,9
1,35,192,96.7,13.2,5,2,7,13
0,26,161,57.5,10.8,3,2,8,10
1,56,170,85.9,26.7,2,0,0,16
1,32,188,65.3,10.1,3,1,-8,10
0,50,168,51.4,0.0,5,1,-3,10
1,57,160,88.9,15.6,2,2,2,15
1,26,172,52.8,18.5,5,0,0,14
0,43,165,80.2,12.3,5,2,6,8
0,55,169,69.2,25.1,2,1,-7,6
0,55,173,59.5,28.0,4,2,8,6
0,18,199,85.5,0.0,5,2,7,16
1,59,157,109.4,26.9,4,1,-5,7
0,53,198,88.6,11.0,5,0,0,12
1,37,168,62.4,19.3,2,1,-6,5
0,19,193,107.6,13.6,2,1,-7,6
0,31,187,60.1,18.7,4,2,8,13
1,19,182,87.9,24.3,4,2,2,9
1,31,159,95.0,11.6,1,1,-8,11
0,30,174,97.2,22.3,3,2,5,6
0,31,177,56.0,28.4,3,0,0,12
1,45,160,69.2,14.2,3,0,0,13
0,36,157,64.8,0.0,5,2,2,16
1,21,174,97.2,24.7,2,0,0,9
1,39,188,105.3,0.0,5,2,5,9
0,36,184,62.0,11.7,5,1,-7,10
1,21,184,61.6,16.7,1,1,-2,16
1,38,183,100.2,12.2,4,1,-4,6
1,45,165,64.6,16.3,5,1,-5,7
1,50,181,105.0,18.7,1,0,0,13
0,28,166,89.6,25.9,1,0,0,7
0,24,189,71.9,15.9,2,1,-4,10
1,25,177,99.4,18.3,5,1,-2,4
0,56,179,105.0,23.5,2,0,0,11
1,43,154,102.3,0.0,2,1,-4,9
0,35,164,78.3,19.6,3,2,6,12
0,48,166,77.6,21.0,4,1,-8,9
1,18,171,52.1,19.8,3,0,0,15
1,34,165,107.4,19.3,4,0,0,16
0,39,170,52.0,10.1,2,2,4,14
0,33,198,106.7,25.6,4,2,4,16
0,25,196,61.2,27.3,5,0,0,14
0,27,192,101.7,19.3,3,1,-6,11
1,49,190,59.4,13.2,3,1,-2,13
1,60,187,67.3,13.2,4,2,6,7
0,58,189,58.3,14.0,2,0,0,8
0,28,158,100.5,29.6,1,1,-4,15
0,45,195,79.3,18.3,4,1,-4,15
1,57,165,91.1,20.3,4,1,-2,4
0,41,172,102.4,28.9,5,0,0,11
0,18,168,75.1,29.6,2,0,0,15
0,34,157,91.8,18.8,5,1,-3,16
0,58,183,73.3,11.4,4,0,0,15
1,59,150,58.2,12.1,1,2,7,13
0,31,200,90.3,25.8,1,1,-4,4
0,41,154,76.5,26.2,2,0,0,15
0,51,151,61.8,12.1,1,2,5,16
0,52,184,100.1,13.8,5,0,0,14
0,34,160,61.7,17.5,2,2,8,13
1,22,164,109.9,0.0,3,0,0,4
0,24,155,81.9,0.0,3,1,-6,12
1,18,152,86.5,20.9,4,1,-6,9
0,35,178,96.4,11.5,2,2,4,12
1,34,155,55.6,28.7,5,2,4,16
1,19,196,95.0,18.6,4,1,-8,9
0,30,161,66.2,22.6,2,1,-2,5
1,51,197,62.2,10.6,1,1,-2,8
0,31,187,76.1,0.0,4,1,-7,8
1,29,179,53.1,25.4,4,2,3,6
0,21,152,68.7,11.7,4,2,7,12
1,27,152,66.3,19.5,3,0,0,6
0,48,198,83.8,24.7,5,1,-5,8
1,22,177,107.0,10.5,2,0,0,4
0,47,188,58.7,13.5,2,2,8,4
1,24,180,77.7,29.2,4,0,0,15
0,18,191,98.6,21.0,4,0,0,12
1,57,179,57.7,12.7,5,2,6,12
1,46,150,102.8,0.0,4,1,-8,6
0,47,165,95.2,29.6,5,2,5,15
1,49,152,80.6,20.8,5,0,0,9
0,44,178,87.1,11.7,3,0,0,13
0,54,164,60.0,17.8,5,1,-7,9
1,26,200,57.1,13.3,5,1,-3,15
1,25,157,93.7,15.0,3,1,-6,15
0,31,199,95.2,28.6,1,0,0,15
1,37,180,89.3,13.3,3,2,4,11
1,21,176,95.6,12.1,3,2,7,12
1,50,161,55.1,21.4,1,0,0,4
1,53,189,77.4,0.0,3,2,7,13
0,38,190,78.8,12.0,3,2,3,6
0,59,159,78.2,27.0,4,0,0,12
0,24,194,91.9,17.3,4,1,-7,16
0,48,159,98.3,15.4,4,2,6,6
0,21,194,104.9,28.5,5,1,-4,13
1,39,181,103.9,19.4,3,2,8,4
0,46,176,75.9,15.3,3,2,4,5
0,19,198,96.3,0.0,2,1,-6,10
1,47,190,61.5,16.9,3,2,3,9
0,33,155,76.9,0.0,2,1,-4,14
1,20,193,98.7,22.6,3,0,0,8
1,22,195,71.5,22.2,2,2,2,6
1,23,196,75.3,10.1,5,2,6,16
0,23,164,83.6,15.4,2,0,0,13
1,25,172,52.1,29.9,4,1,-3,10
1,38,199,96.0,27.3,2,0,0,9
0,21,158,79.6,17.8,3,1,-6,15
0,46,165,85.7,29.8,5,0,0,8
0,37,171,95.4,16.7,4,1,-8,12
1,41,171,100.2,18.1,2,2,2,9
1,29,173,84.3,23.7,5,1,-6,14
1,39,187,51.6,13.3,2,0,0,15
0,27,160,92.4,26.4,3,0,0,4
1,22,177,98.9,20.6,4,0,0,13
1,44,161,74.9,26.6,1,0,0,16
0,25,187,71.0,21.1,5,2,4,7
0,35,184,61.2,13.9,5,0,0,5
0,20,178,70.9,20.4,2,0,0,5
0,30,159,96.3,23.4,3,0,0,12
1,32,151,69.1,11.5,4,1,-8,15
0,32,164,59.2,0.0,1,0,0,5
1,49,190,79.3,10.6,3,0,0,12
0,40,172,80.8,0.0,1,1,-5,15
0,48,171,84.8,15.7,2,1,-2,8
0,21,170,91.8,18.5,3,2,8,16
1,40,176,65.3,0.0,3,1,-3,4
0,33,162,54.9,21.4,2,2,3,12
1,53,155,89.7,22.7,3,0,0,15
0,37,183,62.5,26.7,3,1,-2,7
1,49,171,96.9,26.4,1,1,-3,7
1,27,188,90.4,23.5,3,0,0,12
1,23,191,65.0,25.5,4,0,0,6
0,18,195,98.3,14.9,3,1,-4,14
1,18,166,78.8,0.0,4,1,-2,15
0,38,184,77.9,11.2,1,1,-4,11
0,22,179,99.0,0.0,2,1,-3,10
0,22,153,57.6,20.5,2,0,0,7
0,37,174,81.7,0.0,5,0,0,13
1,43,153,106.1,13.3,3,0,0,11
1,29,200,99.1,21.5,1,1,-5,5
1,58,175,60.1,10.0,1,0,0,4
1,40,193,97.0,0.0,5,0,0,14
0,50,160,82.6,19.8,1,2,2,10
0,56,159,89.7,17.2,4,0,0,5
0,60,196,107.3,12.2,3,1,-7,9
1,59,176,83.9,26.9,3,0,0,11
1,30,159,65.6,0.0,2,0,0,11
1,24,175,86.1,25.2,2,2,6,14
0,30,181,78.3,0.0,4,2,2,9
1,54,190,92.5,27.9,5,2,5,6
0,29,180,77.1,24.5,1,2,8,12
1,53,180,90.2,16.1,5,0,0,6
1,34,182,51.2,19.2,4,2,4,5
0,54,171,75.3,29.5,1,0,0,6
0,59,188,99.4,18.0,1,0,0,14
1,60,192,80.2,15.1,5,2,6,16
1,37,182,91.9,16.4,2,2,6,13
0,20,165,92.6,16.4,5,1,-4,5
0,41,185,109.2,22.8,4,1,-7,11
1,59,183,74.3,19.0,5,1,-8,12
1,50,192,100.0,0.0,3,2,5,16
0,46,167,105.5,18.8,3,1,-6,6
0,35,175,57.0,16.2,5,0,0,6
0,54,194,59.8,19.5,3,2,2,10
0,24,187,97.8,0.0,3,0,0,10
0,59,181,91.0,18.0,4,2,8,16
1,57,150,86.3,19.6,3,2,3,4
0,59,159,72.7,13.5,4,0,0,4
0,45,170,109.6,24.2,1,0,0,14
1,25,192,75.2,22.4,1,0,0,8
1,35,180,69.8,12.5,2,0,0,15
0,47,165,108.4,26.1,3,2,8,9
1,32,156,98.7,0.0,5,2,8,7
0,36,178,106.8,0.0,5,0,0,8
0,31,154,60.4,24.7,5,0,0,5
0,45,198,62.6,13.5,2,1,-8,12
1,33,178,66.9,21.5,5,2,7,6
1,60,156,89.7,20.7,1,1,-6,13
0,22,193,90.1,11.2,5,1,-3,6
1,50,181,90.4,21.1,1,2,5,12
0,23,186,54.0,27.3,3,0,0,5
1,45,164,81.3,19.8,4,2,8,6
0,47,200,74.5,10.3,3,1,-3,6
0,39,174,78.0,17.9,3,2,5,15
0,44,193,81.6,0.0,5,0,0,10
0,52,187,65.6,15.6,5,1,-3,4
0,39,194,95.9,26.9,3,0,0,5
1,38,164,89.4,21.8,1,0,0,8
0,32,175,60.2,10.8,3,2,6,4
0,54,150,75.8,25.6,1,0,0,15
0,18,159,89.6,13.3,4,0,0,10
1,38,180,60.5,25.0,1,0,0,13
1,43,195,91.7,25.4,3,2,7,13
1,24,183,56.7,0.0,1,1,-4,5
1,32,185,73.8,15.1,3,1,-5,12
1,43,177,71.2,25.3,4,0,0,9
1,21,155,101.8,15.8,3,1,-5,5
0,50,196,52.5,0.0,3,1,-2,13
1,28,189,78.6,19.7,1,2,5,11
1,34,194,66.9,26.5,4,0,0,11
1,46,171,98.6,12.7,2,1,-3,6
0,52,199,88.6,0.0,1,1,-6,11
1,30,158,109.6,20.8,3,2,4,4
0,44,194,81.3,0.0,5,1,-7,10
1,46,195,75.9,16.6,2,0,0,9
1,41,183,76.9,21.7,3,0,0,10
1,55,183,76.9,0.0,4,0,0,9
1,57,173,92.8,20.8,1,1,-7,12
0,53,157,50.7,28.5,2,1,-2,9
0,52,157,67.4,22.1,5,1,-8,8
0,28,151,96.6,24.2,2,0,0,10
1,48,158,81.4,18.3,4,0,0,15
0,29,153,59.3,0.0,1,0,0,12
0,43,173,66.9,0.0,1,0,0,4
0,50,157,55.5,18.8,3,2,7,5
1,47,170,58.8,17.5,4,0,0,8
1,23,170,70.1,20.8,1,1,-7,9
1,25,197,59.5,20.9,4,2,3,10
1,32,162,78.5,29.0,4,1,-5,14
0,31,189,58.0,12.4,1,1,-7,11
1,56,182,57.9,0.0,5,0,0,13
0,30,174,66.9,21.9,4,2,3,10
0,28,155,90.1,11.0,5,2,2,12
1,56,170,93.0,29.7,2,0,0,11
1,20,167,108.3,0.0,4,0,0,5
0,45,155,96.9,10.5,5,2,8,4
0,21,159,69.7,11.7,2,0,0,8
1,31,159,72.4,19.5,3,2,7,6
0,31,192,106.9,24.2,4,1,-6,14
0,49,183,95.9,12.0,5,1,-2,14
1,28,153,82.0,28.4,5,1,-6,7
0,28,158,108.5,0.0,2,0,0,12
0,18,198,50.1,14.3,2,2,2,12
0,46,181,59.9,28.4,1,0,0,16
0,37,186,56.8,19.4,3,2,6,16
0,56,191,57.5,19.4,3,2,8,12
1,40,150,57.9,24.0,3,1,-7,12
0,42,152,106.3,10.3,5,2,2,12
1,52,200,106.4,0.0,1,1,-5,4
0,48,184,83.2,23.4,5,0,0,7
0,25,191,69.0,27.2,5,2,5,7
0,28,181,65.1,17.6,1,2,8,4
0,26,188,86.4,16.5,3,2,8,5
0,36,170,79.8,11.4,3,2,4,13
1,46,190,52.4,12.3,3,1,-3,8
1,45,154,54.5,0.0,4,0,0,15
0,45,151,84.1,11.4,1,1,-7,11
0,46,160,88.6,22.1,1,0,0,13
0,53,181,69.1,18.4,1,2,4,13
0,34,159,104.9,12.4,4,1,-7,13
1,53,157,79.7,12.3,5,0,0,4
1,55,165,103.0,24.2,4,2,8,10
1,48,172,61.0,26.7,5,0,0,7
0,56,168,59.1,16.2,4,0,0,13
1,26,188,53.4,17.4,3,1,-3,5
1,60,165,87.0,25.2,2,1,-2,15
1,42,152,110.0,29.3,1,0,0,6
0,34,151,51.0,22.3,4,0,0,16
0,28,190,72.2,25.7,5,1,-7,15
1,52,151,55.1,11.6,2,1,-2,4
0,31,197,77.2,13.3,3,1,-8,5
1,24,192,93.4,14.7,4,1,-6,10
1,50,155,89.7,19.1,5,2,5,5
0,48,197,66.9,22.7,1,0,0,14
1,41,181,108.9,17.2,5,0,0,10
0,58,192,54.3,0.0,4,1,-3,4
0,24,190,57.1,18.1,5,1,-6,7
0,30,193,77.8,13.3,5,2,6,4
1,51,198,93.9,20.3,5,1,-3,13
1,30,197,54.2,23.3,3,2,7,11
0,31,158,82.3,0.0,4,2,2,10
1,58,190,102.4,12.1,1,1,-8,14
1,26,182,102.5,13.6,2,1,-4,7
0,53,157,61.4,27.6,5,1,-6,15
0,49,182,71.3,24.7,1,2,6,12
0,26,166,55.5,29.9,2,1,-3,10
0,25,189,51.7,21.2,4,2,7,11
1,35,197,104.4,12.0,4,2,8,4
1,57,198,87.5,23.9,1,0,0,10
1,26,158,109.1,18.8,2,1,-5,15
0,26,170,64.5,13.4,4,2,3,5
0,47,179,80.1,16.9,1,2,6,5
1,45,153,105.3,0.0,2,1,-5,4
0,44,192,78.5,17.3,2,2,4,9
1,31,168,101.5,0.0,2,1,-4,16
0,30,188,70.5,15.4,3,0,0,16
1,48,188,52.6,22.7,5,0,0,13
1,22,179,60.5,25.9,4,0,0,7
1,27,194,51.0,20.4,1,0,0,11
0,18,179,91.1,19.2,5,1,-6,7
0,38,162,68.0,0.0,1,1,-8,11
0,60,161,51.6,13.9,5,2,7,16
0,23,165,60.4,21.1,1,0,0,9
0,50,179,54.6,28.2,3,1,-4,7
0,27,192,51.6,12.7,4,2,2,7
0,51,182,70.1,21.2,4,1,-5,11
1,31,157,52.2,0.0,4,0,0,9
0,57,151,83.5,12.8,2,2,7,14
1,39,160,71.6,27.8,1,2,4,14
1,36,181,91.2,19.6,4,2,6,11
0,39,165,73.0,22.0,2,2,5,12
1,53,165,99.9,0.0,3,1,-4,7
0,21,157,102.3,20.5,5,2,7,16
1,38,185,56.1,22.3,1,1,-2,11
1,57,174,70.7,11.1,3,2,2,11
1,37,190,104.2,19.7,4,0,0,6
0,22,196,102.4,27.5,3,1,-5,14
1,29,175,55.4,24.6,5,0,0,8
1,39,169,80.4,0.0,2,0,0,5
0,38,167,72.1,22.8,2,2,7,12
1,38,160,77.6,26.0,5,1,-7,9
1,41,194,108.2,14.7,3,0,0,4
1,56,197,74.8,15.3,3,0,0,5
0,41,179,99.3,17.1,1,0,0,7
0,29,183,66.2,24.2,5,1,-4,5
0,46,199,77.7,25.0,3,2,5,4
0,37,184,84.8,26.3,1,1,-2,14
1,38,193,58.3,14.5,3,1,-2,15
0,32,170,94.2,16.4,5,0,0,6
1,23,180,105.3,11.2,1,2,4,10
0,35,178,83.1,18.2,1,0,0,8
1,48,194,106.9,20.0,1,1,-6,15
0,34,172,68.2,20.5,3,0,0,15
1,34,161,98.3,13.5,1,2,4,4
0,45,176,105.0,12.7,4,0,0,9
1,39,162,77.8,0.0,2,1,-8,5
0,55,188,107.9,0.0,4,2,3,15
0,21,157,109.2,25.9,5,1,-4,7
1,38,165,98.3,28.3,3,2,7,7
1,24,185,60.1,24.3,1,0,0,11
1,53,167,76.2,0.0,3,1,-2,7
0,51,185,93.7,19.8,2,2,3,15
0,22,154,53.4,13.4,3,2,2,14
1,36,162,79.5,17.3,5,0,0,15
1,57,193,73.3,0.0,2,2,4,5
1,38,163,52.5,25.0,1,0,0,15
1,47,186,72.0,0.0,3,2,7,14
1,38,182,88.3,21.2,2,1,-7,13
1,39,157,55.2,0.0,2,0,0,7
0,56,163,72.2,16.4,4,1,-7,13
0,52,165,74.6,29.0,4,0,0,13
1,25,161,61.5,14.0,5,0,0,11
0,40,200,104.8,19.9,3,1,-3,8
1,56,179,69.6,15.9,2,2,2,15
1,36,167,105.8,25.2,2,2,7,8
0,23,174,77.3,25.7,1,0,0,12
0,44,188,73.8,26.3,5,2,5,8
0,47,191,76.7,21.9,2,1,-4,14
1,22,191,60.5,24.0,1,2,6,8
1,39,161,88.0,25.5,5,0,0,9
0,19,170,103.6,10.7,2,1,-7,4
0,46,179,71.5,11.5,3,1,-3,5
0,41,168,97.1,10.4,2,1,-7,10
0,25,176,63.2,11.8,3,0,0,11
1,20,190,78.7,24.1,4,1,-5,13
1,25,199,95.5,11.4,4,0,0,6
1,35,196,87.2,11.5,3,2,4,6
1,52,196,65.6,14.2,4,2,5,10
0,26,155,77.0,23.5,4,1,-3,11
1,40,154,101.6,25.7,2,2,5,11
0,42,187,95.4,0.0,4,0,0,13
0,55,157,64.5,11.2,3,1,-6,9
1,18,200,80.0,17.7,2,1,-8,10
1,18,169,55.6,17.6,2,0,0,9
0,18,166,54.0,11.0,5,1,-7,14
0,22,164,73.8,15.8,2,0,0,10
1,55,182,100.3,14.0,4,2,5,4
1,37,159,93.2,0.0,2,2,8,13
0,32,158,62.6,11.5,3,0,0,6
1,24,188,77.4,13.2,2,2,4,16
0,32,177,60.2,28.6,2,0,0,13
0,42,189,70.0,11.1,1,0,0,14
0,31,200,78.4,20.6,3,0,0,6
1,22,171,101.1,22.8,5,2,2,15
1,46,199,74.1,24.4,2,2,6,10
0,43,171,75.2,0.0,4,2,6,6
0,52,166,60.9,24.9,4,0,0,7
1,45,176,79.3,24.5,5,0,0,5
1,54,151,97.0,23.8,1,0,0,14
1,43,191,84.7,0.0,1,0,0,16
0,59,162,55.3,17.8,2,1,-2,9
1,47,159,81.0,11.7,5,2,3,11
1,47,159,60.1,19.0,4,0,0,5
1,54,174,56.3,20.1,3,1,-2,13
1,39,170,70.3,12.3,4,2,7,6
0,57,150,105.3,28.7,2,0,0,12
0,51,197,82.7,20.2,2,2,3,9
0,31,161,55.7,24.5,3,2,4,14
0,35,173,52.7,0.0,5,1,-6,14
0,27,162,95.2,14.4,3,0,0,16
0,60,152,96.4,14.8,1,2,3,16
1,24,189,84.4,15.9,3,1,-7,14
1,29,199,83.9,0.0,3,1,-8,14
1,53,164,52.7,16.0,1,0,0,6
1,34,199,69.2,0.0,2,2,7,8
0,41,170,60.5,18.6,2,1,-7,9
0,24,161,73.3,28.0,4,0,0,14
0,24,192,73.8,0.0,3,2,4,12
0,24,198,104.6,15.7,1,0,0,12
1,38,185,65.1,0.0,2,0,0,11
0,26,156,103.9,20.3,5,2,4,16
1,21,200,104.5,13.7,5,2,5,9
1,53,190,72.5,28.7,3,0,0,13
1,33,182,83.6,23.8,4,0,0,6
0,22,180,101.5,24.9,1,0,0,10
1,59,171,68.3,11.5,4,2,3,13
1,48,175,64.7,27.4,3,2,5,12
0,20,154,93.8,17.2,5,0,0,16
0,38,193,89.0,24.7,2,2,4,9
1,21,161,76.3,0.0,5,2,5,13
1,60,171,60.8,25.4,1,1,-6,8
0,47,184,92.6,20.0,5,2,4,15
1,38,155,57.1,0.0,5,1,-4,16
1,48,188,89.7,17.6,2,2,6,16
1,19,165,102.3,22.0,1,1,-5,5
1,51,156,98.6,21.1,2,2,2,10
0,48,157,91.4,15.5,2,0,0,10
1,42,150,106.3,13.3,3,2,3,6
1,40,172,85.9,16.5,5,1,-8,14
0,42,188,60.0,0.0,5,2,2,5
0,30,185,90.0,25.8,3,0,0,7
1,25,175,77.2,28.1,2,2,7,12
0,41,159,87.6,21.2,5,2,4,16
0,23,196,79.7,12.9,2,0,0,14
1,36,193,57.9,18.0,3,2,5,11
1,19,168,107.3,18.8,2,2,6,16
0,56,196,79.8,0.0,2,0,0,15
1,59,188,104.1,15.3,3,0,0,12
1,45,180,70.6,25.4,3,0,0,4
1,21,180,67.2,18.5,1,1,-4,10
0,55,175,66.7,14.6,5,0,0,9
1,39,189,54.9,17.4,3,0,0,9
1,24,187,101.8,12.0,4,2,8,8
1,43,177,84.3,29.3,3,1,-8,8
1,38,196,108.8,28.0,4,2,2,6
0,32,192,99.1,24.4,3,2,8,5
0,38,164,74.1,12.5,1,2,7,9
0,50,178,104.4,16.7,1,1,-3,11
0,20,182,73.4,26.8,5,0,0,16
0,48,152,86.0,28.6,3,0,0,4
0,27,194,53.9,13.0,5,0,0,9
0,60,176,55.5,0.0,1,1,-8,12
0,50,169,75.2,19.2,4,1,-6,14
0,21,185,63.9,0.0,3,2,5,16
0,43,150,95.7,21.1,1,2,3,12
1,49,196,75.7,10.3,3,0,0,9
0,40,173,62.3,12.5,1,1,-3,14
0,46,172,103.2,29.6,2,0,0,5
0,47,181,87.3,13.1,5,0,0,9
1,19,193,72.4,18.0,2,0,0,9
0,56,156,94.7,14.1,3,0,0,16
1,48,152,73.4,26.1,2,1,-3,13
1,42,200,71.2,21.5,5,2,3,4
0,41,173,79.5,0.0,4,0,0,6
1,48,170,97.4,27.6,3,1,-2,4
1,56,150,83.5,26.7,1,1,-8,11
1,54,180,61.9,16.1,2,0,0,14
0,60,154,109.5,27.6,3,1,-4,14
1,45,198,58.6,29.7,1,2,3,4
0,48,174,99.9,18.9,5,0,0,9
0,41,150,50.1,20.6,1,2,2,13
1,21,156,109.2,0.0,2,2,2,12
0,55,173,51.1,23.3,3,0,0,16
1,23,177,59.4,29.9,5,0,0,8
1,36,196,71.1,0.0,3,2,2,12
0,38,198,69.9,22.9,3,0,0,6
1,44,159,97.6,18.6,4,1,-6,11
1,20,158,57.5,23.6,4,1,-8,14
0,59,164,104.6,0.0,2,1,-8,8
1,53,190,52.3,24.3,3,1,-7,9
0,25,159,86.7,0.0,2,0,0,15
0,37,192,95.3,21.3,1,0,0,10
1,31,156,87.1,28.7,1,2,6,12
1,36,197,98.1,13.4,4,2,7,6
1,22,150,102.7,23.4,3,1,-4,7
0,31,170,88.2,13.2,1,2,5,9
1,52,195,108.0,29.8,3,2,5,9
1,37,188,63.5,18.7,3,0,0,8
1,49,172,97.3,0.0,5,2,5,11
1,33,184,106.5,10.4,1,0,0,8
0,55,186,104.5,24.9,5,1,-5,10
0,52,152,66.2,0.0,3,0,0,5
0,28,190,66.4,18.2,2,0,0,4
0,51,155,55.1,15.5,4,0,0,15
1,45,180,53.4,0.0,4,2,8,13
0,54,155,101.0,24.0,4,2,7,4
0,34,157,79.1,18.0,3,0,0,16
0,51,162,94.6,0.0,1,1,-2,7
0,55,181,52.2,0.0,3,0,0,8
0,37,172,55.8,0.0,2,0,0,8
0,50,158,79.3,29.6,2,0,0,12
0,47,177,91.7,10.0,5,1,-8,15
1,23,186,72.9,16.5,3,2,8,6
1,24,163,68.6,15.4,3,0,0,12
0,25,177,67.9,0.0,1,2,7,11
0,43,167,85.7,0.0,2,0,0,8
0,25,172,52.5,13.2,5,0,0,8
0,24,154,62.8,23.3,1,1,-7,13
1,58,152,84.2,18.7,4,0,0,12
1,41,195,62.8,21.2,2,0,0,8
0,31,189,71.3,0.0,5,0,0,11
1,23,161,92.6,15.0,4,2,2,9
1,29,193,87.4,23.0,5,1,-7,16
0,52,174,95.4,22.4,3,0,0,15
1,55,183,68.9,17.2,2,2,7,8
1,28,160,91.1,0.0,1,2,3,9
1,34,165,84.7,27.0,2,1,-3,7
1,38,176,52.5,0.0,2,2,2,5
1,57,186,103.0,0.0,3,2,8,11
1,30,177,90.9,28.6,2,2,5,12
1,42,170,88.9,17.4,4,0,0,7
0,60,151,105.2,26.5,1,2,7,12
1,40,195,68.5,23.3,4,0,0,7
0,50,165,56.9,21.8,1,0,0,4
0,56,198,90.8,0.0,2,0,0,4
0,43,191,78.5,29.4,1,2,7,5
1,30,194,53.5,28.4,2,0,0,13
1,42,193,76.6,0.0,1,2,3,13
0,39,174,74.3,25.8,2,1,-3,11
1,35,159,70.5,29.4,1,0,0,5
0,24,175,100.1,11.5,5,2,6,7
1,36,156,69.0,11.8,2,1,-2,4
1,29,153,98.7,20.5,1,1,-2,16
0,28,186,97.9,24.6,1,1,-2,13
1,33,199,80.2,21.0,1,0,0,15
1,47,187,60.1,22.5,3,2,3,11
1,55,191,85.4,21.5,2,2,7,8
1,20,155,65.2,19.2,3,2,8,14
0,56,197,91.3,15.4,5,0,0,7
1,20,199,94.9,25.7,2,2,7,15
1,42,183,52.1,0.0,2,2,2,7
0,45,199,54.4,18.3,4,2,8,9
0,30,164,61.8,20.2,2,2,4,8
1,33,162,107.6,20.7,2,1,-6,4
0,28,164,67.1,18.1,4,0,0,9
0,18,175,70.4,18.4,3,0,0,10
1,21,199,50.1,14.4,5,1,-4,7
1,29,151,87.0,22.8,5,1,-8,10
0,21,175,92.7,0.0,5,1,-4,5
0,53,156,61.9,17.0,2,0,0,13
0,29,187,58.3,20.8,1,0,0,8
1,21,197,91.9,23.7,1,0,0,16
0,53,161,81.8,0.0,1,0,0,16
0,25,164,66.9,25.8,5,2,3,10
0,46,176,85.7,23.6,2,2,4,13
1,58,184,80.4,0.0,2,1,-5,13
0,24,189,77.2,24.0,1,2,3,13
1,29,172,63.1,14.3,2,2,5,8
0,30,196,72.4,20.9,2,0,0,8
0,50,183,100.1,0.0,5,1,-2,6
1,53,178,59.3,0.0,5,2,4,13
1,20,160,66.1,11.8,2,0,0,9
1,19,153,65.8,0.0,5,0,0,14
0,44,162,70.7,22.1,5,2,8,5
0,37,194,87.9,26.8,5,1,-2,11
1,59,154,103.5,28.8,2,0,0,10
0,44,170,86.7,19.6,5,0,0,12
0,26,177,83.6,23.8,5,2,6,14
1,39,157,80.9,0.0,3,2,5,7
1,49,161,75.2,16.0,1,0,0,4
1,35,185,80.4,16.0,4,0,0,11
0,39,168,52.9,17.1,3,1,-5,4
1,37,194,50.8,10.0,5,2,3,14
0,57,193,82.5,24.2,3,1,-4,4
0,40,159,57.3,21.6,1,0,0,14
0,45,161,107.2,28.0,1,0,0,4
0,60,158,83.7,16.9,5,0,0,7
1,48,194,98.0,16.9,3,2,7,4
0,23,169,55.8,10.3,2,2,2,5
1,48,161,68.8,25.9,1,2,4,15
1,46,199,66.4,0.0,3,1,-8,4
0,35,178,69.0,20.6,4,2,3,6
0,21,189,102.6,0.0,4,2,2,9
1,34,175,58.0,16.8,5,2,6,13
0,31,198,61.8,17.7,4,0,0,10
0,18,156,53.5,10.3,5,0,0,4
1,55,157,60.6,23.7,4,0,0,7
0,56,167,74.1,21.2,1,1,-8,9
1,55,180,66.3,19.7,2,1,-6,15
1,20,160,107.3,13.2,1,0,0,9
0,53,171,61.0,22.7,3,2,6,16
1,27,189,50.0,18.4,3,0,0,6
0,40,163,54.2,11.6,2,1,-7,7
1,33,170,96.2,25.6,5,1,-2,14
0,54,164,63.9,15.5,5,0,0,15
1,18,165,64.5,11.2,4,1,-7,16
0,25,196,53.1,11.7,1,2,3,9
1,50,151,91.3,24.6,1,2,5,15
0,21,153,66.7,11.6,5,1,-8,4
1,28,151,76.9,14.9,3,1,-4,16
1,55,154,81.3,28.3,2,0,0,16
1,33,156,67.5,28.3,4,0,0,9
1,46,190,76.5,22.9,3,2,4,15
0,45,163,69.8,11.0,1,1,-4,14
1,36,168,74.7,11.6,3,0,0,13
1,18,178,51.4,26.3,4,1,-5,13
1,41,176,91.0,27.8,1,1,-7,10
0,53,161,53.3,29.6,5,2,6,13
0,24,194,108.6,15.3,5,2,7,6
1,38,170,50.6,14.6,4,0,0,12
1,43,196,56.7,12.8,3,1,-6,14
0,60,165,54.6,21.9,3,2,2,11
0,24,191,81.8,22.1,5,2,6,15
1,33,183,104.4,0.0,1,2,8,15
1,22,200,109.4,16.7,4,0,0,15
0,52,152,76.0,0.0,1,2,2,5
0,45,193,56.7,17.1,2,0,0,12
1,59,151,107.4,15.9,4,1,-4,9
0,32,176,104.7,27.6,2,1,-5,11
0,32,150,106.4,25.8,3,0,0,10
0,35,151,96.7,29.2,5,2,7,15
0,26,199,93.6,16.8,3,0,0,14
0,23,174,79.2,20.4,5,0,0,11
0,23,168,87.3,11.4,4,2,2,7
0,18,163,108.9,11.0,2,0,0,9
0,56,193,73.9,20.2,3,2,5,15
1,38,185,87.1,10.1,5,0,0,16
1,24,169,79.9,13.8,5,2,7,15
1,35,192,76.3,21.8,1,1,-2,14
0,52,172,74.1,18.4,3,0,0,12
0,41,161,50.3,28.2,3,1,-7,7
1,31,182,53.3,15.0,1,1,-8,14
1,57,200,89.0,22.4,2,0,0,9
1,18,179,61.5,23.1,2,1,-3,6
1,53,194,93.7,19.7,2,1,-6,14
1,60,180,101.8,25.2,2,0,0,16
1,34,184,107.7,21.1,1,0,0,5
1,22,155,80.7,26.6,3,2,2,9
1,51,200,62.2,10.9,5,1,-3,13
0,59,167,91.8,0.0,2,2,8,5
0,43,152,90.8,13.4,1,2,6,15
1,56,159,102.4,15.8,3,0,0,10
1,57,195,70.4,15.7,3,1,-8,14
0,20,177,50.6,19.3,3,1,-6,7
0,42,194,62.3,16.3,4,0,0,16
0,47,183,64.1,18.0,1,0,0,8
0,35,161,51.0,27.2,4,0,0,14
0,43,151,106.9,12.8,2,2,6,8
0,19,195,54.7,15.4,2,2,8,8
1,25,166,70.3,13.0,5,0,0,8
0,22,172,73.9,23.3,2,2,8,16
0,37,175,86.9,27.0,3,2,3,16
0,27,153,71.7,0.0,2,1,-7,8
1,26,200,56.8,11.1,1,0,0,4
1,51,199,94.9,29.9,4,2,2,15
0,47,185,84.8,0.0,3,0,0,7
0,41,187,104.3,19.4,3,1,-7,5
1,30,174,86.2,11.7,1,1,-3,5
1,40,158,103.2,28.7,5,1,-3,8
0,39,151,71.0,21.8,2,0,0,11
0,19,173,96.9,15.8,1,1,-7,13
1,38,179,90.7,10.8,3,1,-8,4
1,56,172,68.0,24.9,4,1,-2,12
1,27,196,77.7,10.2,5,0,0,7
1,33,183,54.7,0.0,2,0,0,4
0,48,167,95.1,16.9,2,0,0,5
1,41,170,81.8,0.0,3,2,2,12
0,54,164,65.2,26.4,3,1,-8,14
1,40,169,68.0,23.9,2,0,0,5
0,43,190,108.6,21.0,4,2,6,6
1,42,174,90.0,14.7,3,2,5,9
1,19,193,89.8,0.0,4,0,0,11
0,24,186,55.0,16.5,2,2,6,13
1,57,178,82.5,27.0,2,1,-6,12
1,25,187,92.8,18.4,1,2,5,9
0,20,156,106.6,11.9,1,0,0,8
1,56,158,97.8,15.4,5,2,6,9
0,44,174,62.8,19.5,3,0,0,7
0,20,175,96.1,20.6,5,0,0,15
1,35,188,91.5,13.2,1,1,-3,14
1,36,167,72.2,22.6,3,0,0,14
0,19,180,85.5,15.6,2,0,0,4
1,29,178,83.4,17.8,3,2,2,9
0,58,194,74.5,22.8,4,1,-4,7
1,34,192,54.8,19.0,2,1,-3,13
0,51,164,79.4,29.7,4,1,-6,7
1,20,184,94.9,15.2,4,1,-3,11
0,18,152,80.4,20.2,4,2,2,8
0,22,196,84.0,0.0,3,1,-6,11
0,36,152,67.5,18.5,5,0,0,4
0,54,155,89.9,29.8,4,1,-2,8
0,51,157,83.6,0.0,4,1,-8,16
1,55,191,63.9,22.0,1,0,0,6
0,24,187,92.4,24.7,4,1,-8,9
0,53,193,61.9,0.0,3,2,8,16
1,53,171,75.1,23.7,3,2,5,7
1,53,158,76.5,0.0,4,2,5,16
1,60,177,54.5,0.0,4,1,-3,4
1,20,185,89.2,22.0,1,1,-7,7
0,53,181,94.7,22.4,3,0,0,15
0,18,169,69.4,18.9,2,1,-8,13
0,43,187,65.8,29.6,2,1,-6,6
1,30,185,57.4,24.7,1,1,-7,11
1,32,188,68.1,13.3,3,0,0,14
1,45,187,108.9,16.1,5,2,7,13
0,20,166,108.8,21.6,2,2,5,4
0,35,152,94.4,19.6,3,1,-4,12
0,45,159,72.4,22.7,1,2,5,13
0,40,159,58.4,19.8,3,1,-8,14
0,57,162,52.2,20.8,3,1,-2,11
1,60,174,87.6,24.8,1,1,-3,8
1,23,181,91.3,15.4,3,2,3,6
0,59,184,106.4,16.8,5,0,0,6
0,56,169,59.9,16.1,4,0,0,5
0,25,156,75.1,17.3,1,2,6,8
1,48,188,86.8,25.8,2,2,2,7
0,30,153,60.1,18.9,2,2,6,14
1,53,160,82.1,21.6,3,0,0,6
0,58,192,109.7,28.3,2,2,8,12
0,18,150,101.2,0.0,5,0,0,15
0,40,200,105.6,10.5,5,2,4,4
1,42,191,64.2,13.9,4,0,0,6
1,31,195,86.3,19.9,1,0,0,15
0,43,172,70.5,26.4,2,1,-7,16
0,51,198,108.6,0.0,2,2,7,15
0,30,161,108.1,21.9,5,2,4,12
0,52,199,106.6,0.0,3,2,5,10
0,57,179,101.6,0.0,3,1,-5,12
0,57,160,65.7,26.3,5,2,7,8
1,51,154,65.9,20.7,2,0,0,13
1,57,180,50.7,24.5,5,2,3,11
0,24,153,109.9,27.5,5,0,0,9
0,55,184,76.7,15.7,4,1,-8,12
0,27,158,72.3,24.7,2,2,4,8
0,19,154,81.7,25.2,1,2,8,12
0,46,166,67.2,10.3,5,1,-3,10
1,42,193,58.1,10.4,2,2,3,12
1,48,151,80.1,13.9,4,0,0,8
0,36,188,75.3,0.0,2,0,0,7
1,48,166,85.0,27.2,2,2,4,16
0,49,153,79.0,17.9,3,1,-8,8
1,40,150,68.2,17.6,2,2,6,4
0,31,150,51.1,21.1,5,2,5,4
0,23,170,83.4,14.1,3,0,0,15
0,31,178,95.5,26.1,1,2,8,10
1,47,159,106.9,26.9,2,1,-6,16
1,40,188,74.4,18.6,3,1,-5,12
0,43,199,50.1,16.5,1,1,-6,5
1,20,157,80.0,18.1,2,2,8,16
1,56,154,91.0,28.0,2,0,0,10
1,38,197,66.3,20.9,5,2,7,8
0,22,157,53.6,25.9,3,2,2,4
1,38,173,93.9,10.6,1,2,7,12
0,22,164,105.1,28.4,4,0,0,5
1,41,168,65.8,10.5,5,1,-4,9
0,49,154,86.5,0.0,4,2,4,6
0,60,177,52.9,0.0,3,0,0,6
1,22,155,71.5,21.0,3,0,0,13
0,29,170,53.8,23.5,1,2,6,11
0,38,168,108.9,11.1,5,1,-8,5
1,34,200,109.2,25.0,2,0,0,4
0,32,182,57.9,12.7,4,2,6,8
1,46,172,51.3,18.1,4,0,0,12
1,45,159,72.0,0.0,4,2,2,4
1,36,187,92.0,19.8,4,2,6,11
1,33,180,74.2,21.0,2,2,3,6
1,30,200,88.6,0.0,1,1,-3,6
0,52,181,50.6,13.4,1,2,2,13
1,51,200,84.6,0.0,1,2,6,4
0,39,168,71.1,22.6,5,1,-5,9
1,22,180,50.2,19.6,1,1,-5,6
1,24,165,95.4,15.1,3,1,-4,7
1,51,191,50.8,29.2,5,2,4,9
1,30,159,84.6,11.0,2,2,8,13
0,34,181,81.3,15.6,2,1,-7,8
0,24,196,87.3,28.9,4,0,0,13
1,55,182,57.0,13.5,3,0,0,10
0,60,157,66.7,19.7,2,0,0,13
1,27,176,62.7,12.5,1,0,0,7
1,41,185,66.9,11.0,4,0,0,12
1,43,194,99.4,13.7,2,2,5,12
0,50,156,59.7,20.2,1,2,5,13
0,18,179,74.3,20.1,3,1,-8,4
1,34,177,108.4,14.2,5,1,-6,9
0,19,180,81.0,10.5,1,2,5,16
1,46,152,105.7,14.0,3,0,0,11
0,30,155,103.4,12.7,4,1,-2,15
0,31,158,89.1,22.6,5,2,8,4
0,32,163,88.1,24.1,1,2,5,5
1,56,200,94.1,16.9,1,2,4,9
0,25,151,101.1,28.0,3,1,-2,16
0,33,189,58.9,15.9,2,1,-2,6
0,28,189,101.6,26.1,1,0,0,7
0,36,165,51.6,20.6,2,2,4,14
0,50,158,73.0,0.0,1,0,0,4
0,47,193,53.5,25.3,5,1,-4,6
1,50,165,55.6,12.2,2,1,-4,11
1,35,189,57.1,12.5,5,0,0,6
1,47,193,97.3,25.7,2,2,6,10
0,41,163,74.2,19.7,4,0,0,7
0,21,182,58.3,25.9,4,1,-4,15
1,33,172,68.3,11.4,3,1,-8,5
1,55,180,76.8,28.2,4,2,6,15
1,33,184,84.9,26.3,2,2,7,14
1,32,193,66.7,12.8,2,2,2,14
1,29,166,93.0,14.5,3,2,7,6
0,53,177,94.1,27.1,3,0,0,5
0,36,196,95.0,19.8,4,1,-8,13
1,46,177,108.9,20.5,5,1,-4,13
1,34,199,87.1,17.4,5,2,5,12
0,26,165,57.5,27.7,5,1,-3,9
1,31,158,89.9,0.0,2,0,0,11
0,18,190,58.6,14.8,2,0,0,16
0,30,162,92.9,17.8,5,1,-7,11
0,43,159,103.4,27.0,4,0,0,15
0,34,185,64.2,15.6,3,0,0,7
1,31,183,92.2,24.9,1,2,2,15
1,40,187,95.5,18.1,4,2,8,14
1,53,155,106.3,27.3,4,2,6,14
0,37,195,92.7,0.0,4,0,0,7
1,53,184,67.7,12.6,1,1,-3,13
0,25,194,60.8,0.0,1,1,-7,13
1,34,161,86.7,26.9,4,1,-7,8
1,54,188,67.7,20.9,4,2,6,11
1,59,184,61.4,24.8,2,1,-5,10
1,18,164,76.3,22.9,5,2,7,7
1,42,153,81.0,16.8,2,0,0,11
1,54,189,92.0,28.0,5,0,0,8
0,57,180,76.6,11.3,3,2,8,16
0,46,158,109.0,24.9,3,1,-4,13
0,35,182,59.9,18.2,2,1,-8,9
1,46,190,52.1,23.6,3,0,0,11
1,42,195,93.5,22.1,1,2,8,16
0,51,179,73.0,19.8,2,1,-6,4
1,58,200,87.7,0.0,4,1,-3,5
0,55,162,53.3,27.0,5,2,5,15
0,32,160,74.7,23.0,4,2,3,8
0,37,192,70.4,0.0,3,2,2,15
1,36,173,88.1,24.2,3,1,-2,13
0,36,185,57.3,17.2,5,1,-4,12
0,26,174,107.0,14.2,2,1,-7,6
1,22,182,61.1,22.3,1,1,-5,10
1,53,173,50.2,0.0,1,0,0,5
0,56,174,103.7,23.0,2,1,-5,5
0,41,150,66.7,19.8,1,0,0,7
0,36,183,51.9,16.0,2,2,4,14
1,22,195,55.8,19.9,3,2,8,14
1,60,166,96.4,21.1,4,2,5,11
0,47,172,86.2,0.0,4,2,7,9
1,24,184,103.2,19.3,2,1,-7,4
1,35,196,72.3,28.3,2,2,7,14
1,37,169,75.5,21.6,5,1,-2,5
1,30,198,109.7,27.7,2,2,6,13
0,45,168,99.9,0.0,2,2,8,14
1,31,190,109.9,16.5,1,2,5,4
1,28,171,52.3,0.0,5,2,2,11
0,44,186,87.7,20.8,2,0,0,14
1,56,154,63.4,17.6,3,2,8,13
0,21,154,52.0,16.3,5,2,3,7
0,54,199,109.7,20.4,4,0,0,9
0,40,183,102.4,10.3,2,0,0,15
1,48,176,102.4,28.7,5,2,5,6
1,45,188,88.6,10.8,3,1,-7,6
0,18,198,86.4,0.0,5,0,0,13
1,44,158,54.7,25.3,5,0,0,5
0,27,171,81.9,0.0,2,1,-7,9
0,22,160,65.9,0.0,1,0,0,15
1,48,164,107.3,0.0,2,0,0,8
1,25,196,96.6,19.1,2,2,5,5
1,29,157,99.6,13.4,3,1,-3,10
0,54,193,70.3,19.9,5,2,3,10
1,23,199,98.5,24.8,4,0,0,10
0,58,172,57.0,18.6,2,0,0,16
1,23,198,105.0,14.7,3,2,4,10
0,31,153,88.9,13.8,5,2,4,7
0,46,154,109.6,19.9,3,0,0,6
1,18,155,100.2,15.5,4,1,-6,7
0,39,155,94.4,28.3,4,2,3,10
1,32,190,80.7,24.4,3,1,-5,7
1,54,166,54.8,0.0,3,0,0,5
0,39,192,107.3,11.3,3,0,0,15
0,50,168,50.8,25.1,5,1,-2,16
0,26,155,90.1,30.0,2,1,-2,7
1,33,162,63.8,15.5,3,2,8,4
1,38,169,97.6,12.4,1,0,0,4
1,37,161,106.9,23.9,4,1,-3,8
1,27,199,57.7,22.3,4,1,-6,4
1,31,155,98.6,10.3,3,1,-7,6
0,24,187,95.5,0.0,2,2,8,8
1,36,167,95.2,10.9,5,1,-7,8
1,55,173,109.8,19.2,3,0,0,7
1,46,190,94.1,18.4,2,1,-6,14
1,24,189,55.4,17.3,4,1,-7,8
1,41,162,67.1,19.6,2,0,0,7
1,31,184,99.4,19.2,2,0,0,8
1,52,199,88.3,17.0,1,2,5,6
0,19,157,81.1,25.9,4,1,-4,8
0,44,151,68.2,0.0,4,1,-8,11
0,25,171,106.1,19.9,5,2,6,11
0,52,165,75.0,29.9,5,1,-3,14
0,25,150,53.7,13.7,4,0,0,7
0,42,193,90.6,21.8,5,1,-7,13
1,31,182,54.6,10.5,3,1,-8,5
1,29,176,74.6,10.7,1,0,0,13
1,43,192,106.4,0.0,5,1,-3,15
1,30,200,69.6,14.4,4,2,7,15
1,45,180,88.7,11.1,1,2,2,8
0,32,169,83.8,25.0,4,1,-2,6
1,52,175,99.9,0.0,1,1,-8,9
1,38,184,81.7,13.8,3,0,0,11
0,39,193,80.4,0.0,5,2,8,7
0,38,172,74.6,12.8,3,1,-5,13
1,39,197,53.6,18.5,5,0,0,7
1,53,170,90.5,28.4,5,0,0,4
0,33,200,95.3,13.0,5,0,0,8
1,19,157,100.8,0.0,1,2,5,16
0,37,162,82.9,18.7,5,2,3,11
1,53,190,75.3,0.0,4,0,0,6
1,44,184,73.7,25.5,1,0,0,5
0,58,170,57.6,12.3,2,2,8,8
1,41,198,63.6,13.6,3,0,0,6
0,45,157,59.0,12.3,2,2,8,9
1,30,199,98.0,15.3,4,1,-4,9
1,54,191,68.2,26.4,3,0,0,14
1,34,153,102.6,0.0,5,1,-3,8
0,60,154,76.2,14.6,3,0,0,14
1,22,167,94.8,11.9,5,1,-6,15
0,50,180,109.5,29.4,4,1,-6,15
0,58,161,97.1,16.2,4,0,0,8
1,49,150,69.6,28.4,1,0,0,12
1,30,186,67.4,18.3,3,0,0,13
0,27,167,98.9,12.9,1,0,0,11
0,60,200,91.8,15.0,5,0,0,13
0,44,153,103.9,24.0,3,1,-5,12
1,57,166,95.9,15.4,3,2,6,15
1,51,163,96.0,16.9,4,2,8,10
0,48,172,102.1,24.8,5,2,2,9
1,54,179,50.3,14.2,1,2,2,5
1,18,179,68.2,22.3,5,1,-2,4
1,30,150,78.3,28.5,2,0,0,11
0,59,195,77.8,23.6,1,1,-5,11
0,60,195,69.8,27.8,4,1,-2,14
1,45,176,68.1,23.2,2,1,-5,9
0,60,183,77.1,22.8,2,2,2,14
1,33,158,108.4,16.3,5,2,7,12
1,18,162,95.7,14.7,5,1,-5,10
1,19,170,57.7,21.8,5,1,-4,8
1,41,193,73.1,0.0,2,0,0,10
0,21,194,63.0,27.8,2,2,3,5
1,42,194,89.6,16.1,5,1,-5,15
1,51,197,83.7,0.0,4,2,2,7
1,44,177,58.3,24.5,2,0,0,13
0,18,170,77.3,29.4,1,0,0,13
0,22,197,67.6,26.3,5,2,8,9
0,53,200,86.8,16.2,2,0,0,15
1,35,172,88.0,21.0,2,2,4,16
1,25,181,68.2,20.6,5,1,-3,7
1,20,185,68.1,18.7,2,0,0,13
0,20,156,104.0,20.0,2,2,4,16
0,44,185,62.5,0.0,3,0,0,11
1,33,171,72.9,19.9,3,2,6,8
0,42,195,97.5,19.7,5,0,0,6
1,43,156,106.4,24.8,2,0,0,9
1,26,192,109.6,0.0,4,2,2,14
0,46,170,66.0,15.8,2,0,0,9
0,33,197,56.5,0.0,1,1,-5,9
0,29,191,82.5,14.0,2,1,-3,9
0,54,154,97.5,28.9,5,2,3,11
0,44,187,89.5,0.0,2,2,2,8
0,46,165,62.2,0.0,1,2,6,8
0,18,179,54.9,20.4,2,0,0,10
0,49,159,87.6,11.5,3,2,8,13
1,55,177,62.0,0.0,3,0,0,16
1,39,154,105.8,11.7,4,2,6,16
0,34,150,78.2,10.7,1,0,0,10
0,52,169,53.0,11.9,4,1,-3,14
0,30,167,85.9,0.0,2,2,6,8
0,27,185,59.5,28.0,4,2,7,14
1,50,158,63.2,22.5,5,1,-4,14
1,30,180,59.5,18.3,4,2,5,15
0,41,157,96.6,0.0,2,0,0,5
0,55,185,91.9,17.8,5,1,-4,5
0,54,179,57.9,14.3,1,0,0,5
0,49,192,76.8,13.7,2,1,-3,15
0,27,194,65.5,23.1,5,2,4,8
1,30,175,80.5,0.0,5,2,2,14
1,58,158,73.6,17.1,3,1,-7,16
0,26,191,57.8,16.6,1,1,-7,11
1,59,159,74.1,14.2,3,0,0,12
0,26,188,94.0,24.6,5,2,3,11
1,35,198,85.9,14.3,5,2,7,8
0,55,172,91.7,0.0,5,1,-7,11
0,39,175,80.8,16.8,3,2,5,4
0,25,181,78.1,16.5,4,2,7,12
0,46,151,105.9,18.3,3,1,-5,4
0,18,184,51.8,29.7,3,1,-3,10
0,58,162,57.4,10.7,1,0,0,10
1,20,165,73.9,16.4,2,0,0,10
0,43,159,50.6,0.0,1,0,0,9
1,30,200,78.4,0.0,5,2,7,14
0,27,185,76.9,23.2,1,1,-8,12
0,49,169,93.5,29.1,5,0,0,10
0,51,191,88.7,18.3,3,2,7,16
1,52,193,60.9,15.7,2,1,-6,7
1,50,165,57.5,27.5,2,0,0,15
1,24,172,88.3,20.7,3,0,0,13
1,54,190,53.0,25.1,2,0,0,16
1,21,199,100.8,17.3,1,2,7,16
0,50,196,71.6,25.9,5,0,0,10
0,43,193,62.5,27.6,4,2,3,7
0,18,181,70.8,28.5,3,0,0,6
1,18,159,102.5,11.8,2,1,-6,6
1,33,175,90.5,24.7,4,1,-6,6
1,59,181,56.2,12.3,5,0,0,11
1,52,177,82.9,25.2,4,0,0,13
0,56,163,100.9,25.2,2,1,-5,12
1,39,152,72.2,19.9,3,1,-4,8
1,23,160,89.8,16.9,5,1,-2,5
1,30,158,85.7,20.3,2,1,-2,13
1,26,178,60.9,18.2,3,1,-4,14
0,54,177,95.3,13.4,2,0,0,10
0,33,193,60.4,26.3,1,1,-7,14
0,56,178,96.8,16.0,3,0,0,4
0,19,167,92.8,22.3,3,0,0,6
0,44,188,75.9,20.7,4,0,0,8
1,52,167,108.1,10.3,2,0,0,13
1,54,161,91.2,19.7,3,0,0,4
0,37,161,96.0,0.0,4,0,0,4
0,51,194,79.6,15.5,4,0,0,4
0,30,164,106.5,15.6,2,1,-2,9
1,22,194,76.3,27.7,2,2,6,5
1,58,172,63.4,28.9,3,1,-6,16
0,23,175,86.4,21.7,2,0,0,15
1,19,178,95.1,17.1,1,0,0,13
1,25,186,84.7,0.0,2,1,-2,14
1,26,177,72.4,0.0,4,2,4,16
0,31,155,75.0,26.2,2,2,6,11
1,32,159,74.5,25.4,5,0,0,9
0,49,171,54.1,17.7,5,1,-5,12
0,43,155,90.8,10.2,5,2,4,13
0,55,191,77.4,0.0,1,1,-3,16
1,54,167,96.2,13.2,1,0,0,16
1,23,170,58.7,24.9,3,1,-2,4
0,47,176,88.1,17.6,2,0,0,7
0,45,165,55.3,22.5,5,1,-6,12
1,45,191,66.6,13.2,4,1,-5,10
1,41,177,50.6,0.0,3,2,7,7
1,19,168,94.7,26.4,5,0,0,14
1,46,193,78.7,15.8,5,0,0,8
0,60,161,60.8,0.0,2,2,6,13
0,43,174,56.3,21.4,2,1,-8,4
0,56,185,101.7,23.6,2,0,0,7
1,46,174,91.9,23.8,2,0,0,13
1,47,168,110.0,21.1,4,1,-7,6
1,50,178,73.7,0.0,2,2,4,8
1,42,198,55.8,11.0,2,1,-4,10
1,58,171,108.1,25.9,5,0,0,12
1,40,188,88.2,0.0,3,2,7,12
0,58,189,95.9,29.3,2,2,5,10
0,34,194,56.9,28.7,5,0,0,12
1,18,182,66.5,12.6,2,0,0,7
1,46,193,54.8,25.3,4,2,5,9
0,53,167,96.8,25.3,3,1,-7,7
1,57,182,70.9,13.1,4,0,0,5
0,24,182,61.1,27.1,5,0,0,5
0,57,170,96.5,17.4,1,2,3,5
0,52,159,92.2,0.0,3,0,0,11
1,27,156,79.5,0.0,4,2,4,12
1,58,159,59.7,26.5,4,2,3,5
1,46,175,72.7,20.1,4,0,0,14
0,46,177,72.8,19.5,3,0,0,6
0,23,180,103.6,21.8,1,2,5,10
0,39,167,76.4,0.0,2,2,7,16
0,48,199,81.8,0.0,3,1,-3,5
1,18,198,101.4,28.2,1,1,-6,10
1,59,165,82.4,24.5,4,2,5,14
0,43,187,71.8,16.4,2,1,-3,7
0,21,185,105.7,17.4,2,1,-8,8
1,60,188,60.0,18.8,2,0,0,6
1,43,200,103.1,0.0,1,1,-3,10
0,30,175,61.4,10.8,5,1,-5,11
1,48,189,85.2,0.0,2,1,-3,9
0,55,198,82.8,27.4,3,0,0,16
1,49,177,104.1,29.7,3,1,-7,13
1,39,188,88.6,20.7,2,2,4,14
0,60,176,93.8,23.1,4,2,5,7
0,52,180,52.4,16.6,3,0,0,16
0,41,161,94.6,15.7,3,1,-6,12
0,43,166,75.2,20.5,3,1,-2,10
1,58,170,52.4,22.8,5,1,-4,8
0,43,185,83.1,20.4,3,1,-8,15
1,42,159,70.7,12.2,2,1,-4,8
1,22,191,63.8,0.0,4,0,0,12
1,43,175,108.8,27.4,4,2,8,9
1,36,191,86.0,13.7,5,2,3,5
1,32,185,51.5,14.3,5,1,-8,12
0,51,177,71.1,0.0,5,1,-2,9
0,53,173,104.1,19.2,5,2,7,6
1,22,171,75.3,17.0,3,1,-6,12
1,58,165,63.1,0.0,3,0,0,8
0,18,198,64.9,22.5,1,1,-8,7
0,59,154,94.4,10.6,2,2,2,11
0,50,183,54.9,22.6,5,2,7,10
0,47,163,64.8,0.0,2,1,-7,5
0,37,165,71.6,15.4,1,1,-3,12
0,24,171,60.4,23.1,5,1,-4,13
0,21,151,108.0,29.9,2,0,0,4
0,48,160,81.1,27.6,1,2,6,16
1,20,188,69.0,0.0,2,1,-6,10
1,44,158,90.8,22.1,3,1,-3,5
1,31,186,102.0,0.0,3,2,5,8
0,18,154,74.9,22.8,1,2,6,4
1,55,161,83.6,0.0,1,0,0,12
0,37,178,63.5,22.4,1,1,-7,5
1,56,157,80.2,10.9,5,2,4,15
0,60,153,91.2,23.5,2,1,-3,5
1,46,161,83.4,19.1,2,1,-7,10
1,60,166,100.4,0.0,2,0,0,11
1,35,196,65.4,18.7,3,2,2,11
0,32,187,65.8,0.0,2,2,8,9
0,32,156,85.2,21.9,4,2,4,6
0,58,179,83.4,15.3,2,0,0,11
0,44,165,83.5,29.9,5,2,6,4
0,59,151,63.7,25.0,1,1,-2,11
1,20,192,80.1,12.7,2,0,0,10
0,20,188,56.5,17.0,1,2,5,10
1,26,165,60.2,15.1,5,1,-6,11
1,33,184,102.9,13.4,3,2,5,11
0,30,155,92.8,10.2,4,1,-7,9
1,22,169,83.3,10.2,3,1,-8,15
1,46,197,82.7,19.3,3,0,0,8
1,53,165,98.1,26.5,3,1,-7,4
0,60,160,101.6,27.2,1,2,6,10
0,25,164,76.2,16.0,1,1,-6,12
1,37,163,52.8,12.1,2,0,0,7
0,55,199,108.9,18.8,1,1,-6,9
1,33,198,82.1,21.2,1,1,-5,13
1,43,152,94.9,20.5,5,1,-2,9
1,28,152,83.1,16.1,2,0,0,12
1,18,198,53.3,23.3,3,2,2,11
0,18,170,97.9,19.4,1,2,8,9
1,44,151,107.1,0.0,1,0,0,16
0,44,186,72.4,0.0,4,0,0,6
0,48,161,107.7,0.0,3,0,0,5
1,46,156,79.2,29.3,4,2,8,6
1,22,152,97.6,23.9,1,0,0,11
0,46,151,100.5,12.5,3,2,3,10
1,27,175,88.0,19.4,4,1,-5,13
0,36,163,100.3,11.2,5,1,-3,6
0,32,175,107.0,13.9,1,1,-6,5
0,42,167,103.9,28.9,4,1,-4,14
0,47,170,51.3,26.2,5,1,-7,6
0,41,167,57.7,28.2,2,2,2,4
0,52,155,81.9,11.7,4,2,7,13
0,53,196,97.4,0.0,1,0,0,7
1,52,176,91.4,11.0,4,0,0,8
0,20,168,89.9,20.5,5,0,0,13
1,39,153,73.4,28.7,3,0,0,14
1,51,191,74.6,22.4,3,1,-4,9
1,60,172,60.4,0.0,1,2,7,7
1,60,159,93.6,0.0,5,1,-7,11
0,43,196,97.6,29.0,3,1,-4,6
1,30,191,69.1,13.3,2,0,0,6
0,54,185,108.1,0.0,5,0,0,15
0,18,189,74.5,0.0,1,0,0,13
0,26,177,65.8,22.9,3,2,3,6
1,57,171,53.5,23.7,4,1,-5,13
1,56,183,107.8,17.4,5,0,0,14
0,57,167,107.0,20.6,2,0,0,13
1,56,179,84.0,19.5,2,1,-4,7
0,30,193,80.2,11.0,2,0,0,5
0,39,183,97.3,0.0,4,2,5,11
0,25,193,65.1,25.7,1,0,0,4
1,42,172,88.4,25.0,2,0,0,9
0,53,160,71.6,18.5,3,2,5,13
1,53,151,87.3,0.0,5,1,-3,5
0,40,156,102.7,0.0,4,1,-8,12
1,28,168,71.6,28.6,4,1,-2,4
0,46,198,108.6,22.3,5,2,6,4
1,25,186,95.2,23.1,5,2,2,8
1,19,182,54.0,0.0,2,1,-8,6
1,59,173,76.6,15.1,4,2,6,5
0,45,181,74.0,13.5,3,2,6,12
1,45,177,101.7,19.0,4,2,3,16
1,44,185,98.0,0.0,3,1,-8,5
1,57,171,80.3,20.5,2,0,0,6
1,23,167,82.8,11.4,3,2,4,4
1,18,162,103.5,28.0,3,0,0,16
1,30,197,103.2,0.0,4,0,0,12
1,24,171,80.2,15.3,2,0,0,9
1,39,153,53.1,16.3,3,0,0,14
0,52,159,109.3,18.7,1,1,-2,7
1,36,165,89.6,20.7,3,1,-3,10
0,23,200,81.9,12.2,4,2,7,9
1,25,188,80.9,0.0,3,0,0,13
0,25,173,105.3,0.0,5,2,7,16
0,26,162,75.2,17.0,1,1,-4,11
1,40,175,52.1,25.8,1,2,3,14
0,20,166,78.0,29.1,2,2,7,15
0,49,182,54.5,0.0,3,2,2,5
0,52,181,58.1,25.1,2,1,-7,4
1,18,190,61.8,0.0,4,0,0,15
0,49,157,103.8,15.6,2,2,6,9
0,32,197,92.7,23.6,4,1,-2,12
1,55,194,93.6,0.0,4,1,-4,14
1,43,172,60.3,11.9,4,2,7,5
1,57,162,76.1,19.6,4,0,0,16
0,25,198,85.3,15.2,5,1,-2,9
1,36,160,74.9,16.6,1,2,7,5
1,44,153,56.5,0.0,1,0,0,4
0,49,169,109.0,11.3,5,1,-5,5
1,34,179,64.0,22.8,4,1,-7,12
1,23,188,54.2,22.9,2,0,0,7
1,33,195,103.4,0.0,4,1,-4,12
1,31,155,98.2,0.0,2,0,0,7
1,58,160,70.4,13.4,4,1,-8,8
1,26,188,52.9,24.7,2,1,-3,11
0,52,165,105.0,23.6,5,0,0,16
0,26,155,68.7,18.7,4,2,2,4
0,20,199,87.5,0.0,4,2,7,5
1,36,192,53.5,27.7,5,2,3,8
0,30,166,76.8,0.0,4,2,8,14
0,60,167,64.5,18.4,2,2,2,14
0,25,187,103.4,11.6,1,2,2,14
0,31,182,77.5,15.3,3,2,2,16
1,53,191,63.8,28.6,5,2,8,14
1,48,166,87.9,13.9,3,2,4,8
1,25,179,73.0,24.2,4,2,5,10
1,53,186,72.5,26.0,1,2,8,9
0,26,156,91.3,29.7,4,1,-2,4
1,42,174,96.2,19.6,5,1,-8,14
1,28,169,57.2,22.6,1,0,0,5
0,22,164,98.1,20.8,4,0,0,7
0,32,181,95.4,19.3,4,1,-4,8
0,27,169,65.3,11.9,4,1,-2,10
1,29,200,92.6,22.6,5,1,-2,14
0,51,189,99.6,13.6,4,2,6,8
1,28,161,71.5,11.3,3,0,0,9
0,19,185,108.1,14.0,3,0,0,7
1,33,174,65.9,19.3,1,1,-3,10
1,33,175,55.1,24.8,5,0,0,11
0,29,189,100.8,10.5,2,1,-3,4
1,34,160,87.9,18.3,5,0,0,14
0,35,199,79.8,19.2,3,2,4,15
0,22,177,67.1,25.1,3,1,-4,15
1,33,187,102.6,19.0,2,0,0,16
0,27,157,61.8,0.0,3,1,-4,9
1,47,175,96.8,21.3,1,0,0,13
0,44,178,55.4,12.0,4,0,0,15
0,18,184,90.1,19.5,3,0,0,5
1,45,199,65.2,20.8,3,1,-7,8
0,49,159,83.3,27.6,3,0,0,8
0,28,190,58.8,16.3,2,0,0,15
1,52,197,73.7,17.4,3,2,4,4
1,25,198,79.0,27.5,3,2,4,16
1,51,181,103.3,17.0,4,1,-8,7
1,52,192,58.0,19.4,2,1,-3,14
0,24,163,104.9,18.8,3,2,2,5
0,32,197,91.4,0.0,1,2,7,10
0,37,185,63.4,20.9,2,0,0,11
1,32,190,88.9,23.2,2,2,7,8
1,50,164,72.5,0.0,3,1,-5,12
0,30,191,94.9,19.3,4,0,0,9
1,31,154,53.2,10.3,5,1,-6,9
0,32,173,95.0,12.6,4,0,0,14
1,19,159,71.4,17.9,2,0,0,5
0,50,150,92.1,27.8,2,0,0,6
1,60,198,82.7,11.5,5,2,6,5
0,48,197,54.8,29.8,4,2,5,7
1,32,196,94.5,0.0,4,2,4,8
0,19,155,88.7,0.0,4,2,8,10
1,55,162,70.9,19.1,3,1,-8,8
0,54,191,87.0,17.4,1,1,-4,13
0,30,153,60.3,16.6,2,1,-7,14
0,28,165,57.6,15.1,4,0,0,5
0,21,156,64.3,17.0,3,0,0,15
0,40,196,72.0,12.3,5,2,2,11
0,44,150,53.5,12.8,4,1,-2,7
0,30,155,97.8,22.2,5,2,8,15
0,35,190,75.5,23.8,2,1,-6,14
1,19,183,71.4,18.4,4,2,6,11
1,26,190,102.0,0.0,3,2,6,11
1,56,168,87.8,19.9,4,0,0,9
0,45,193,81.0,11.4,1,0,0,11
0,50,175,103.1,0.0,2,0,0,8
0,29,157,72.6,20.0,1,1,-8,13
0,44,166,57.7,19.4,2,1,-6,9
1,55,172,103.5,10.0,3,2,8,15
0,54,191,56.4,0.0,4,0,0,13
0,58,174,94.9,13.8,4,1,-8,9
0,20,160,66.4,18.2,3,1,-6,15
0,42,184,73.0,20.2,1,0,0,4
1,47,194,91.7,15.2,2,1,-6,4
1,31,158,78.4,29.3,3,2,8,6
0,44,186,72.7,28.8,5,1,-8,14
1,50,171,79.7,10.3,1,1,-2,8
1,19,160,74.6,16.1,3,2,2,5
0,33,158,109.5,18.4,1,2,3,9
1,39,154,108.0,23.9,5,0,0,7
1,30,156,97.4,24.7,5,2,2,13
1,29,198,92.9,22.1,4,0,0,11
0,53,192,98.4,26.9,2,0,0,15
0,49,168,53.6,27.4,2,1,-2,6
1,52,187,52.0,13.4,2,2,8,10
1,49,178,59.4,15.3,5,2,6,12
0,21,176,70.3,17.7,5,1,-3,6
0,55,197,58.2,21.8,1,2,3,10
0,20,193,70.8,0.0,1,1,-6,6
1,43,185,97.3,10.2,4,0,0,4
1,22,158,85.8,26.7,2,2,4,12
1,45,181,98.4,28.4,3,2,6,7
0,20,195,89.4,27.9,5,1,-7,5
0,49,160,109.0,28.4,2,1,-7,10
1,32,174,80.7,20.8,1,2,5,4
0,48,188,101.1,20.1,2,0,0,8
1,30,169,63.7,10.3,2,0,0,6
1,49,170,58.5,0.0,2,2,2,16
0,21,154,93.0,10.8,5,1,-2,10
1,44,190,108.8,13.2,2,2,8,6
1,24,193,106.6,28.5,1,1,-2,6
1,23,198,103.8,23.4,3,0,0,8
1,33,176,100.0,16.4,2,1,-3,12
0,36,177,107.0,26.4,2,0,0,7
1,59,186,93.4,0.0,3,2,8,13
1,49,161,76.4,17.2,5,2,2,4
0,45,198,71.3,29.0,5,2,5,6
0,57,198,69.4,13.2,3,2,4,11
1,24,176,105.1,28.2,4,2,2,4
1,22,152,85.4,29.7,3,0,0,14
0,58,160,67.6,20.6,3,1,-4,10
0,60,176,108.3,10.9,4,0,0,14
0,23,192,82.3,21.8,4,0,0,10
0,36,172,50.9,0.0,2,1,-6,8
1,25,190,72.4,11.0,3,0,0,12
1,43,197,65.6,13.7,4,1,-3,10
0,55,196,78.1,17.4,2,2,2,5
1,56,170,98.1,23.3,1,2,5,4
0,55,196,109.8,17.5,2,2,8,15
1,56,168,93.3,29.7,3,0,0,8
1,50,162,50.4,24.9,1,0,0,12
0,31,155,70.5,21.8,2,2,6,8
1,31,184,96.2,20.8,4,0,0,13
1,49,194,83.8,28.4,5,1,-2,9
1,29,171,82.9,18.1,1,0,0,10
1,56,162,52.5,27.2,1,1,-8,4
0,54,188,52.8,22.8,2,2,6,11
1,33,182,103.7,24.4,4,0,0,7
0,58,199,83.8,22.3,5,0,0,10
1,35,179,71.9,0.0,3,1,-5,6
0,40,167,88.8,17.3,3,0,0,4
1,22,159,88.5,0.0,5,2,3,9
0,33,165,108.5,26.5,5,0,0,10
1,27,176,82.0,13.7,4,1,-6,4
0,40,181,78.6,19.6,5,1,-5,4
0,59,155,65.9,14.3,2,2,6,4
1,60,166,83.7,29.1,3,0,0,5
1,21,181,73.1,20.4,2,2,8,9
0,52,151,57.2,12.9,1,2,3,5
1,54,164,91.4,13.9,5,1,-4,7
0,53,174,62.9,12.1,2,2,5,9
1,19,155,89.4,22.2,4,0,0,16
0,51,195,77.5,27.1,3,1,-6,16
0,42,196,91.5,18.7,3,1,-4,12
0,35,165,108.1,15.2,4,0,0,13
0,51,180,53.1,23.5,2,1,-6,13
0,30,168,58.1,17.4,2,0,0,6
1,34,190,109.8,23.1,2,0,0,13
1,22,198,96.0,0.0,4,2,8,16
1,39,160,61.1,20.2,4,2,2,8
0,19,180,88.3,28.9,2,2,3,5
1,31,174,60.7,27.0,1,1,-6,14
1,37,194,101.9,18.7,3,0,0,11
1,34,194,105.6,24.8,2,1,-3,4
0,57,194,91.0,27.0,2,0,0,12
1,40,152,80.2,10.2,2,0,0,6
0,25,186,87.0,26.5,1,0,0,16
1,59,159,104.2,27.8,5,0,0,13
0,55,195,60.4,24.4,1,1,-6,10
1,41,191,58.8,0.0,1,2,5,5
0,37,197,62.8,23.6,3,1,-5,15
1,34,173,62.3,16.8,2,1,-6,9
1,32,200,103.7,21.6,5,2,2,15
0,44,156,79.1,29.9,3,0,0,11
1,24,169,54.5,11.1,4,1,-5,8
1,50,150,75.9,30.0,2,0,0,15
1,47,162,98.7,16.7,4,2,5,13
0,57,195,87.0,23.0,3,1,-8,12
1,33,197,51.8,12.0,2,0,0,11
0,52,197,99.4,24.2,5,0,0,10
1,20,176,106.6,28.1,2,1,-4,14
1,42,155,88.3,28.1,3,1,-4,8
0,38,189,62.5,0.0,1,2,3,8
1,53,157,102.8,0.0,5,0,0,9
0,37,158,79.4,13.4,3,0,0,9
0,19,175,108.4,27.4,3,0,0,10
0,40,181,72.9,21.5,1,0,0,9
0,37,189,108.9,23.8,3,2,8,4
1,38,150,57.6,24.6,3,1,-3,12
1,26,154,83.5,14.2,3,1,-5,11
0,52,172,80.4,25.5,4,2,8,14
0,53,170,57.5,21.2,2,0,0,15
1,55,189,65.1,14.4,5,1,-7,16
0,19,175,95.8,0.0,2,0,0,12
0,40,159,107.5,16.2,5,0,0,6
1,25,193,54.1,16.0,2,1,-2,13
0,39,189,53.0,21.0,1,2,4,6
0,40,177,67.1,24.6,4,1,-2,9
0,60,163,64.4,15.1,2,1,-2,14
1,57,154,76.1,21.1,5,2,2,6
0,58,172,102.3,28.8,2,0,0,10
1,45,167,55.4,20.6,1,1,-3,10
0,18,194,106.0,0.0,3,0,0,16
1,48,181,74.6,0.0,5,2,8,4
0,49,197,53.3,27.2,3,1,-4,14
1,50,176,79.3,11.3,4,0,0,12
0,45,192,65.4,0.0,1,2,6,10
0,27,161,71.5,0.0,3,0,0,7
1,18,193,93.0,16.1,2,1,-4,11
1,50,189,91.7,17.7,1,1,-8,11
1,32,154,76.6,26.9,2,0,0,10
1,38,163,89.1,0.0,5,2,3,16
0,53,188,81.2,26.8,2,2,5,10
0,47,151,50.7,18.2,4,2,3,8
0,57,155,73.2,19.0,5,1,-4,9
1,60,179,54.8,13.9,5,1,-5,4
1,42,178,59.1,27.6,1,2,8,11
1,27,158,60.9,16.2,2,0,0,16
0,23,159,100.2,27.0,4,2,4,6
1,20,192,83.4,21.4,5,2,7,13
1,37,164,77.0,24.2,2,1,-4,11
1,57,181,83.5,0.0,3,1,-5,10
0,54,150,98.9,15.4,3,1,-8,13
1,22,198,94.1,15.8,3,1,-7,16
1,44,182,80.7,16.1,2,1,-3,11
0,45,198,87.3,0.0,5,2,7,11
0,28,162,107.2,24.0,4,1,-4,7
1,31,179,93.7,15.3,4,1,-5,4
0,26,194,53.1,21.7,4,0,0,7
1,38,174,84.1,18.8,3,0,0,7
0,26,164,93.5,18.8,1,0,0,9
0,20,200,79.1,29.9,4,1,-5,14
1,27,176,106.8,0.0,3,2,3,9
1,46,197,92.9,23.7,4,0,0,5
0,19,163,76.6,18.8,5,0,0,8
1,26,168,93.2,13.9,2,0,0,7
1,59,177,68.0,19.5,1,2,6,6
1,49,182,61.4,0.0,4,2,6,11
0,58,168,85.4,22.8,1,1,-6,5
1,35,185,56.1,27.5,3,1,-8,9
1,28,154,107.4,0.0,2,0,0,5
1,36,173,62.2,18.3,2,2,2,15
1,56,183,57.8,20.8,4,0,0,11
1,56,184,85.6,21.8,5,1,-4,5
0,34,182,98.2,15.6,2,2,3,4
1,60,162,54.7,25.4,4,0,0,15
0,55,175,96.7,20.2,5,0,0,12
1,40,172,78.5,28.8,2,0,0,10
0,31,183,79.8,28.0,2,2,2,8
1,54,193,66.9,22.8,5,2,4,11
0,56,189,74.1,12.8,2,2,6,8
0,34,183,66.9,17.3,5,0,0,7
0,45,200,50.3,20.3,5,2,3,6
1,31,151,81.6,0.0,5,0,0,5
0,57,167,103.2,15.5,3,1,-7,13
1,46,150,108.6,21.9,5,1,-3,5
1,51,170,73.4,17.8,5,2,2,13
1,60,195,73.6,29.7,5,0,0,7
1,39,193,74.0,17.9,4,0,0,12
1,24,154,107.9,12.7,5,1,-4,16
1,38,185,109.2,18.1,1,2,5,13
1,44,177,97.8,14.9,4,1,-7,10
1,20,159,107.4,14.4,4,2,4,11
0,18,168,75.3,10.9,5,2,6,8
0,41,186,76.9,13.7,3,0,0,9
0,38,176,50.0,0.0,5,0,0,9
0,50,184,78.0,16.0,4,1,-5,14
1,54,175,56.8,25.2,2,0,0,5
1,42,172,80.1,15.9,2,0,0,11
0,30,162,88.9,14.7,4,0,0,12
0,37,164,77.5,11.6,2,1,-4,13
1,41,181,62.3,20.9,2,2,7,6
0,19,184,50.2,29.3,3,1,-2,14
1,47,169,93.6,14.5,2,0,0,7
0,30,190,93.1,24.4,1,2,4,5
0,40,150,93.1,17.0,4,1,-4,7
0,52,155,101.3,17.8,5,0,0,10
1,39,164,69.9,20.3,5,1,-5,12
1,34,185,77.5,17.6,3,2,7,9
0,31,167,83.0,10.4,2,0,0,12
1,59,200,76.5,29.0,4,2,3,12
0,56,164,74.6,20.4,4,2,5,5
0,50,190,105.6,30.0,4,1,-8,9
0,29,153,85.6,10.3,4,2,7,10
1,34,193,53.0,28.7,3,1,-2,6
0,20,196,92.3,19.1,1,0,0,8
0,30,156,100.7,19.1,1,2,5,13
1,25,200,103.1,25.3,5,1,-3,6
0,55,171,64.1,13.5,3,1,-2,12
0,18,169,62.6,20.3,4,2,5,7
1,58,166,61.7,29.2,3,2,3,12
0,38,181,62.1,13.8,2,0,0,13
0,20,194,58.8,0.0,3,0,0,11
1,27,191,97.8,0.0,3,1,-4,11
0,32,158,59.3,11.5,4,2,7,8
1,25,173,106.3,14.8,1,0,0,6
1,36,161,74.6,18.5,4,2,4,8
0,24,164,89.2,24.1,3,2,6,9
1,36,161,57.3,24.5,5,0,0,4
0,60,173,52.9,17.6,1,0,0,9
1,18,186,77.7,26.9,2,2,6,13
1,33,150,65.4,17.3,5,1,-8,16
0,26,186,59.3,20.0,4,0,0,16
0,26,176,95.8,20.2,1,0,0,16
1,18,170,97.3,12.6,1,1,-6,8
1,52,158,74.2,24.4,4,0,0,14
1,59,171,94.0,18.5,2,2,8,5
0,19,182,76.5,24.4,1,1,-2,14
0,45,168,61.2,13.2,2,1,-8,13
0,50,184,87.1,12.4,1,2,8,14
0,33,190,82.9,17.6,3,1,-2,4
0,20,191,71.2,12.8,5,2,7,5
0,20,182,71.4,10.4,3,0,0,14
0,35,163,94.8,0.0,3,1,-6,8
0,49,183,88.2,25.6,2,2,2,10
1,26,162,71.6,0.0,1,0,0,8
0,21,152,89.2,26.7,1,0,0,11
1,29,177,71.5,12.7,1,0,0,15
1,41,194,74.5,15.2,4,1,-3,6
1,34,197,99.4,29.3,1,2,4,8
0,45,200,102.0,15.5,1,1,-3,13
0,29,186,62.9,14.6,5,1,-3,5
1,29,155,93.3,0.0,1,2,7,5
1,40,155,64.8,12.5,1,1,-2,5
0,44,197,53.4,15.5,1,1,-5,8
1,53,160,91.9,22.1,3,2,3,15
1,55,173,105.8,11.4,2,0,0,8
1,27,183,77.4,30.0,3,1,-7,15
1,55,180,103.4,11.1,3,1,-4,16
1,37,199,93.2,26.2,5,1,-6,12
1,53,186,52.8,21.8,2,2,3,16
1,37,167,51.1,29.5,4,1,-8,4
0,60,159,77.9,16.8,5,0,0,13
1,38,166,64.1,28.4,5,1,-6,15
1,22,157,99.4,0.0,1,1,-7,13
1,31,194,72.8,14.1,2,1,-6,16
1,53,157,59.6,19.7,5,1,-6,7
1,19,152,98.2,18.3,3,0,0,13
1,23,195,75.2,17.3,3,0,0,4
0,60,177,82.3,29.7,1,0,0,7
0,50,166,64.8,21.6,4,0,0,7
1,60,194,95.9,12.0,2,2,8,8
0,28,176,80.4,21.5,1,0,0,13
0,53,153,61.6,23.8,1,0,0,6
0,49,188,90.9,27.0,1,2,3,4
0,54,163,67.2,29.1,1,2,6,8
0,30,195,77.7,0.0,4,2,5,10
1,28,159,56.9,27.6,4,1,-6,12
1,37,183,96.4,21.5,1,0,0,9
0,55,162,80.4,21.1,4,0,0,9
1,41,199,53.1,18.8,1,0,0,10
1,52,188,95.2,26.3,5,1,-7,8
1,32,189,71.8,0.0,3,1,-7,15
0,21,177,77.6,23.7,5,2,5,5
0,33,153,87.0,15.0,2,0,0,11
1,55,150,83.9,13.9,1,1,-8,4
0,28,157,102.7,18.6,1,2,7,14
1,47,161,98.1,10.2,2,1,-2,12
1,29,190,51.4,27.3,4,1,-5,15
1,57,174,105.1,0.0,2,1,-6,4
0,23,185,65.5,29.2,3,1,-3,7
0,42,164,65.9,0.0,3,1,-8,15
0,25,186,91.3,22.0,2,0,0,10
1,32,157,64.6,12.8,4,0,0,12
0,23,150,106.3,28.1,1,0,0,4
0,41,154,58.5,29.1,5,0,0,14
0,51,182,80.3,0.0,1,0,0,15
0,32,163,98.6,25.5,2,1,-2,10
0,27,187,86.3,14.2,1,2,3,7
0,29,175,99.9,13.9,4,2,4,11
1,19,185,96.6,28.9,1,1,-6,10
1,39,152,72.5,18.9,5,0,0,15
1,29,199,68.3,11.1,2,1,-2,16
0,57,168,60.8,19.0,1,1,-7,10
0,18,188,69.9,26.1,4,0,0,10
0,28,191,103.7,19.9,3,1,-6,15
0,52,196,105.1,13.9,3,2,8,4
1,21,151,58.0,10.4,3,0,0,10
1,38,190,103.7,17.6,5,2,8,6
0,44,184,107.3,22.0,1,1,-4,10
1,19,184,88.4,11.8,1,0,0,12
1,37,154,71.4,21.0,4,2,3,16
1,26,175,71.3,24.9,5,1,-3,14
0,19,156,60.5,14.8,2,1,-7,11
1,27,199,74.7,16.8,1,2,5,14
1,23,173,66.8,15.2,4,0,0,9
1,34,163,72.6,12.6,2,2,6,16
0,39,181,77.8,14.3,4,0,0,5
1,20,155,84.0,22.8,5,1,-2,5
1,52,169,89.7,20.9,3,1,-6,12
1,27,169,76.3,28.8,3,1,-3,5
1,49,166,67.9,27.2,4,1,-8,16
1,42,154,95.9,11.6,3,2,8,13
1,52,159,95.8,17.7,4,2,4,8
0,18,186,97.4,29.0,3,0,0,8
1,56,192,91.9,14.3,4,0,0,5
1,57,200,58.0,24.5,3,0,0,4
0,32,157,76.3,21.3,5,2,4,6
1,50,179,77.4,13.3,1,2,3,7
1,42,175,95.0,26.7,4,2,2,11
1,32,165,66.6,23.9,5,1,-3,14
0,43,190,73.7,19.0,3,2,4,10
1,44,190,62.8,10.9,1,1,-6,4
1,34,173,71.0,26.0,5,2,3,13
0,38,185,77.6,28.3,5,1,-5,11
0,20,160,99.2,13.0,1,1,-6,14
0,44,194,75.5,28.4,1,1,-2,11
0,50,191,95.3,16.3,5,0,0,11
0,49,200,71.9,28.7,3,2,7,10
0,23,164,68.0,22.1,3,1,-7,8
0,48,162,93.2,0.0,1,1,-3,6
0,28,157,76.5,0.0,3,2,7,12
1,35,164,57.7,29.3,2,0,0,7
1,20,200,63.7,12.4,5,1,-8,13
1,27,154,104.7,13.6,4,0,0,16
1,58,173,75.9,12.9,5,2,4,5
1,48,167,62.2,19.7,2,1,-4,15
1,44,191,101.4,13.6,4,2,3,10
1,22,172,86.2,29.5,1,0,0,13
0,36,190,54.6,23.2,4,1,-4,4
0,28,183,56.0,20.1,3,1,-4,10
1,44,150,86.8,28.6,5,1,-8,12
0,46,186,69.8,12.4,2,0,0,4
1,55,179,70.7,18.8,5,2,2,9
0,33,162,70.4,12.7,2,2,8,12
1,49,188,52.9,17.5,2,1,-4,15
1,23,177,71.0,26.4,1,2,3,10
1,38,200,77.4,20.7,5,2,8,9
0,31,183,84.4,16.0,5,0,0,4
1,40,172,74.1,28.1,1,1,-7,7
1,42,155,106.6,17.0,1,2,3,12
0,41,164,64.8,14.3,2,0,0,13
1,29,182,97.4,26.8,5,0,0,5
1,44,153,95.2,25.4,4,1,-2,6
0,28,170,70.8,23.8,4,0,0,15
1,22,151,98.2,21.6,1,1,-2,16
0,58,172,77.1,17.4,5,1,-6,4
0,46,181,104.1,16.7,4,1,-3,10
0,29,193,84.9,13.8,3,1,-6,8
0,52,154,107.1,13.3,1,0,0,11
1,43,154,73.5,25.8,3,1,-3,14
1,60,178,108.6,24.0,2,0,0,7
0,19,193,96.4,29.1,2,2,2,15
0,30,186,50.3,26.7,5,0,0,12
0,48,150,92.0,13.5,3,1,-2,8
0,59,166,94.2,25.2,2,0,0,15
0,25,197,108.4,12.6,3,0,0,11
1,33,150,100.9,0.0,1,2,4,16
1,51,168,66.5,18.8,4,1,-7,15
0,50,193,95.4,0.0,4,0,0,13
1,18,168,63.6,22.4,1,0,0,12
0,20,171,62.5,0.0,2,0,0,14
1,37,183,59.0,10.6,5,0,0,14
0,40,184,97.1,15.4,2,1,-8,13
1,21,177,95.4,0.0,2,0,0,10
1,60,186,73.0,26.1,1,1,-5,15
0,49,165,96.2,19.3,3,2,6,16
1,41,180,108.5,0.0,5,0,0,13
0,38,160,64.3,23.0,3,2,4,7
0,30,180,90.3,11.7,3,1,-6,16
0,49,162,58.3,29.7,2,1,-4,5
1,27,180,107.3,27.1,5,0,0,9
0,27,195,61.7,0.0,3,0,0,10
1,24,150,102.1,14.4,3,0,0,8
0,25,192,82.0,26.2,5,1,-8,14
0,22,196,101.7,21.9,3,2,6,14
1,49,150,99.2,12.4,2,2,3,8
1,35,189,67.8,0.0,3,2,8,12
1,43,185,95.8,16.7,4,1,-6,4
1,35,155,96.0,0.0,2,1,-2,8
0,33,183,50.2,14.5,4,1,-4,5
1,25,169,99.5,24.6,1,2,7,14
0,50,191,68.4,23.3,4,2,2,4
0,22,197,86.6,13.8,3,1,-6,9
1,29,196,78.4,25.0,4,2,6,13
1,49,166,97.7,21.1,3,1,-3,7
1,56,192,103.6,12.8,1,0,0,11
1,32,195,67.8,19.6,3,1,-3,12
1,39,177,50.3,25.3,2,0,0,9
1,40,196,96.4,25.7,1,1,-7,4
0,19,169,79.0,10.4,5,0,0,5
1,42,172,107.4,22.1,2,1,-4,6
1,43,200,104.2,13.8,4,2,2,9
0,44,169,82.7,27.5,3,1,-7,12
0,26,182,99.7,26.5,3,0,0,12
1,56,174,87.8,0.0,5,1,-2,4
1,48,163,67.4,21.7,3,1,-7,8
1,21,158,76.6,26.2,2,2,7,4
0,20,167,52.0,26.1,1,2,6,15
1,59,200,69.4,26.5,3,1,-5,4
1,19,182,62.2,18.3,2,2,8,10
0,46,171,69.0,19.4,3,2,3,4
1,51,191,91.9,0.0,3,2,5,8
1,29,196,103.2,10.3,5,2,8,13
1,18,168,99.4,0.0,1,2,8,8
0,53,153,82.7,0.0,1,0,0,9
1,56,181,84.4,14.6,5,2,6,7
0,28,164,89.0,10.3,2,0,0,13
0,47,152,71.9,18.4,5,1,-4,14
0,48,171,78.4,18.9,4,2,4,4
1,18,155,68.1,15.2,3,0,0,6
1,32,153,80.3,28.5,4,0,0,12
1,31,164,62.8,16.9,5,1,-2,5
0,22,200,106.6,25.6,2,0,0,15
1,49,193,79.3,29.4,4,2,8,9
1,38,187,72.9,0.0,5,2,5,15
1,58,168,93.9,21.8,1,1,-8,13
0,47,183,102.4,17.3,5,1,-6,7
0,33,159,104.2,17.5,1,0,0,12
1,18,162,57.6,22.0,4,0,0,8
1,48,183,66.5,0.0,4,1,-4,10
0,47,162,109.0,28.9,1,1,-6,6
1,39,184,72.6,26.9,4,1,-2,10
1,36,160,101.0,28.6,4,1,-4,6
0,58,172,99.9,25.1,5,1,-4,7
0,40,196,81.2,24.4,1,2,7,16
0,49,175,101.0,0.0,3,1,-4,9
1,39,168,51.5,23.3,2,1,-8,13
0,26,175,53.2,11.5,4,2,3,13
0,31,172,77.9,12.5,5,2,5,7
1,23,160,88.6,25.6,1,0,0,4
1,54,174,106.5,28.2,1,2,3,5
1,35,196,69.2,23.5,5,1,-8,14
0,33,162,71.1,0.0,3,0,0,10
1,25,156,109.1,0.0,2,0,0,16
1,18,178,103.1,13.0,5,2,5,6
0,27,187,71.4,19.3,5,2,7,6
0,19,183,82.0,17.8,4,1,-7,13
1,45,155,86.6,26.4,5,0,0,8
1,36,183,98.8,19.3,1,2,4,14
1,47,175,68.4,14.9,2,0,0,14
1,30,161,91.6,10.5,5,0,0,9
0,36,167,65.1,24.5,1,1,-2,5
0,46,185,69.7,0.0,1,0,0,7
1,55,170,60.0,28.2,2,0,0,7
0,35,193,60.5,0.0,5,1,-3,11
1,35,184,102.0,10.9,5,1,-3,6
0,43,181,88.8,0.0,2,2,7,5
0,49,197,101.1,28.4,2,0,0,13
0,26,156,66.2,17.9,1,2,7,16
1,39,169,65.1,26.5,2,0,0,8
1,60,194,55.1,16.2,2,0,0,5
0,25,167,52.9,26.4,5,2,3,15
1,50,152,90.4,29.3,1,1,-5,16
1,57,175,68.0,24.1,1,1,-7,7
1,26,186,78.3,11.7,2,1,-3,14
1,56,176,92.8,0.0,3,2,6,11
0,50,168,108.7,10.9,5,0,0,15
1,41,166,54.7,26.2,4,1,-4,16
0,55,177,108.3,21.4,5,2,7,15
0,42,194,104.9,18.5,2,1,-7,12
1,34,191,89.3,0.0,5,0,0,9
1,52,178,56.7,17.7,3,0,0,8
0,55,194,86.9,27.7,4,2,5,11
0,51,186,72.2,15.6,5,0,0,12
0,33,183,50.3,28.0,2,1,-6,8
1,30,160,87.6,12.6,3,0,0,5
1,22,194,76.0,0.0,3,1,-5,10
0,36,171,105.4,20.1,1,0,0,6
1,38,161,94.3,18.8,5,1,-3,13
0,26,170,100.4,16.8,1,0,0,4
0,42,183,79.2,17.7,3,1,-7,9
1,55,179,94.7,0.0,1,1,-6,5
1,39,151,93.6,13.4,3,0,0,16
1,25,173,85.4,13.9,2,2,8,11
1,34,181,78.9,25.2,2,2,7,6
1,45,161,64.5,11.5,2,0,0,10
0,58,190,50.2,29.9,4,1,-7,15
1,37,169,83.9,0.0,5,1,-5,12
1,22,190,101.0,16.5,1,0,0,8
1,49,182,64.6,18.6,4,0,0,16
0,55,167,84.3,21.9,4,2,8,11
0,23,152,87.0,25.5,3,2,7,14
0,23,185,63.7,25.1,4,2,3,10
0,56,191,67.8,16.3,2,0,0,9
0,54,191,73.8,14.8,5,1,-2,11
0,42,183,72.6,29.7,3,0,0,10
0,52,157,64.1,0.0,1,2,3,6
0,39,157,90.5,0.0,4,0,0,14
1,38,182,93.9,27.2,2,1,-8,15
0,45,151,52.4,0.0,3,1,-7,10
1,28,196,100.2,16.2,3,2,8,4
0,26,161,85.0,14.5,2,2,6,5
1,29,183,64.8,0.0,1,2,7,10
1,20,184,89.5,22.9,2,1,-2,11
0,28,150,87.0,13.6,1,1,-8,10
1,26,165,67.1,21.8,2,1,-6,6
0,38,161,69.3,0.0,1,2,5,14
0,18,156,84.5,12.2,4,1,-7,14
1,60,182,58.3,23.2,1,0,0,15
1,40,172,82.1,14.6,5,0,0,8
1,59,159,82.4,19.9,2,0,0,10
0,52,183,108.8,11.7,3,0,0,10
0,18,163,69.7,22.6,3,0,0,13
1,27,174,54.7,19.3,1,2,6,9
0,58,178,70.9,0.0,1,1,-6,11
1,60,186,85.5,19.0,5,1,-4,13
1,37,173,76.7,18.1,1,1,-7,12
1,19,199,87.1,22.8,4,1,-8,4
0,30,154,85.1,28.1,3,2,5,6
1,54,176,109.3,22.4,3,0,0,14
0,38,191,107.3,13.5,5,0,0,16
0,51,183,72.7,11.4,5,0,0,16
0,41,152,63.2,19.0,3,1,-8,4
0,59,163,87.4,11.7,2,2,3,12
0,56,177,84.4,0.0,3,2,3,8
1,48,172,97.7,19.3,2,1,-7,4
0,28,163,74.6,12.5,5,1,-7,11
1,33,176,50.5,0.0,1,2,5,7
1,50,155,81.7,0.0,4,0,0,13
0,44,158,105.2,0.0,4,1,-6,16
1,20,188,65.8,17.8,1,2,5,5
1,56,152,50.0,11.2,2,1,-3,16
1,42,179,84.6,29.7,4,1,-8,14
0,59,178,87.6,0.0,1,2,5,4
0,55,192,86.7,29.7,2,2,8,4
0,23,172,76.6,28.8,4,2,7,11
1,34,198,103.6,12.4,4,2,7,10
0,44,159,78.9,18.1,4,2,3,6
1,24,167,82.3,14.8,1,0,0,15
0,41,194,75.2,12.3,1,0,0,10
1,23,179,60.0,10.1,3,1,-6,14
1,56,170,104.9,24.7,4,0,0,12
1,54,198,89.3,14.6,2,2,8,4
0,60,180,109.8,29.4,1,1,-5,9
1,31,169,73.9,29.2,3,2,7,11
0,32,188,91.2,16.6,3,1,-3,4
1,43,184,87.7,22.0,4,2,3,13
0,38,196,61.7,29.1,2,2,2,4
1,45,169,105.6,0.0,2,1,-6,12
0,37,188,100.0,27.8,4,0,0,13
1,33,170,85.7,0.0,3,0,0,14
0,56,182,79.5,11.3,5,1,-3,13
1,45,188,99.3,21.0,3,1,-5,8
0,20,157,56.6,22.7,4,2,5,14
0,23,189,86.3,0.0,4,1,-7,11
1,36,168,63.1,17.0,2,0,0,8
0,51,170,75.7,20.3,2,1,-2,4
1,60,190,80.2,27.5,4,0,0,6
1,50,176,67.1,18.4,3,0,0,10
1,41,153,75.4,14.6,1,1,-8,10
0,33,157,64.0,16.0,4,2,7,14
1,56,162,64.9,27.5,5,0,0,7
1,48,156,84.4,16.0,2,0,0,10
1,27,198,52.2,24.3,5,0,0,14
1,27,153,104.2,24.7,3,1,-3,16
0,56,194,64.2,20.2,3,2,2,14
1,48,158,100.5,24.4,3,0,0,12
0,45,151,60.6,17.5,3,2,5,8
1,55,171,102.6,11.7,3,1,-2,14
1,23,191,86.2,14.5,4,2,4,12
0,60,192,72.6,29.3,1,1,-8,7
1,59,155,54.2,27.5,5,1,-2,9
1,18,183,83.1,18.0,4,1,-3,8
1,46,186,94.9,0.0,2,1,-3,13
1,43,198,56.9,0.0,3,0,0,9
1,23,154,64.1,13.0,5,2,2,13
0,33,185,96.9,18.3,5,1,-4,13
0,56,159,97.5,18.4,2,2,5,6
0,37,153,72.3,11.2,3,1,-2,16
0,46,187,59.2,27.5,5,1,-7,15
0,25,193,74.2,18.1,5,1,-6,4
0,46,166,71.2,23.6,5,1,-7,15
1,32,191,50.7,28.1,5,0,0,13
0,35,180,76.2,19.5,1,1,-5,14
0,45,155,92.1,0.0,5,0,0,5
1,24,171,63.8,19.0,4,0,0,14
0,60,192,106.9,23.3,2,0,0,14
1,56,195,54.9,0.0,1,2,3,11
1,51,169,67.8,20.4,2,0,0,13
1,32,173,67.7,0.0,2,2,4,9
0,39,173,91.1,12.1,3,0,0,5
1,25,158,76.2,25.2,3,1,-2,13
0,50,185,72.1,0.0,4,2,5,8
0,44,189,64.2,25.1,1,1,-8,12
1,36,165,64.5,18.0,1,0,0,12
0,21,196,82.4,23.6,3,2,3,7
0,41,185,51.5,21.1,3,0,0,6
0,28,182,97.4,26.9,2,1,-6,4
0,40,167,60.9,10.5,1,0,0,7
0,25,190,98.7,21.0,5,0,0,11
1,27,161,79.9,21.5,5,1,-4,7
0,37,165,109.6,26.0,3,0,0,14
0,34,194,97.0,0.0,4,2,5,12
0,35,151,61.2,14.2,2,2,5,14
1,20,189,87.9,18.4,3,1,-5,7
1,48,190,98.0,17.3,3,0,0,6
1,46,190,100.8,19.7,4,1,-7,4
1,56,183,81.2,16.7,2,0,0,15
0,50,171,76.1,14.5,5,1,-6,6
1,26,152,96.5,11.0,4,1,-6,14
0,20,166,91.1,14.6,4,2,8,5
0,58,200,83.9,20.0,3,2,3,15
0,51,197,71.3,28.0,3,1,-6,9
1,24,154,75.3,14.2,2,2,8,9
1,55,172,55.5,10.0,2,0,0,8
1,50,160,103.6,21.7,4,0,0,7
1,38,185,58.4,26.6,3,1,-2,15
0,56,172,106.9,0.0,2,1,-6,7
1,56,161,83.7,12.4,1,0,0,12
1,60,155,98.1,12.2,1,2,6,4
1,42,195,52.6,18.8,4,0,0,8
0,52,181,102.8,0.0,3,1,-5,15
1,57,189,89.6,22.5,3,1,-6,13
0,29,155,65.1,26.4,5,2,3,10
1,22,168,109.5,20.3,2,0,0,9
1,22,181,71.4,15.6,4,1,-6,10
1,53,162,100.2,13.6,4,0,0,7
1,37,168,72.5,0.0,4,2,4,16
0,47,152,70.2,13.8,4,1,-5,5
0,20,154,84.8,11.8,2,1,-4,14
1,50,166,74.4,20.8,2,1,-7,7
1,41,181,50.7,13.3,3,0,0,4
0,29,163,55.5,11.1,3,0,0,14
1,48,166,51.7,17.7,5,1,-4,12
0,46,171,86.0,24.2,4,1,-4,4
1,48,196,93.7,16.4,3,2,5,12
1,47,167,101.6,15.3,5,2,4,11
1,30,196,57.3,25.3,2,0,0,12
0,55,159,96.2,26.4,2,0,0,10
1,60,199,88.2,27.4,3,0,0,11
0,23,165,61.7,25.0,2,2,5,16
1,31,173,56.0,20.0,4,2,3,9
1,59,191,77.1,19.4,1,2,4,14
1,60,155,101.3,18.3,5,0,0,10
1,47,179,72.8,24.7,5,2,4,10
0,29,196,81.6,0.0,5,2,4,6
0,22,168,78.3,0.0,1,2,6,13
1,28,150,59.9,0.0,3,2,8,14
0,53,154,102.1,0.0,4,2,3,9
0,50,163,78.0,12.7,4,1,-3,16
1,38,161,80.2,17.1,3,1,-4,13
1,28,182,79.2,0.0,5,1,-6,7
1,27,162,81.0,22.2,1,1,-5,4
1,22,170,74.9,16.7,2,0,0,6
0,25,161,103.1,15.6,5,0,0,12
1,36,160,81.0,12.9,1,1,-5,15
1,28,163,92.0,0.0,2,0,0,16
1,44,166,68.8,29.0,5,2,8,5
1,29,176,73.0,25.3,2,1,-4,8
1,48,198,64.0,23.9,2,1,-6,8
0,40,199,102.4,25.0,3,0,0,15
0,18,165,69.5,20.1,1,1,-8,14
1,23,191,91.3,15.6,3,0,0,16
0,49,196,90.8,13.6,2,2,3,6
1,44,167,66.5,13.3,5,0,0,14
0,24,186,71.6,0.0,2,2,5,15
1,31,181,108.0,13.2,4,1,-4,4
1,48,151,92.6,18.3,5,2,6,15
1,54,184,106.3,18.9,2,1,-6,16
0,48,163,55.2,11.1,1,0,0,11
0,59,191,98.4,12.9,5,0,0,7
0,47,183,77.4,16.2,1,0,0,16
0,18,175,107.9,18.2,3,2,5,4
1,34,166,69.2,10.7,4,1,-3,10
1,20,172,83.7,17.9,3,2,8,16
0,49,178,95.1,18.9,2,2,6,7
0,60,187,64.2,28.4,5,2,6,11
0,39,196,100.3,0.0,2,2,5,16
1,21,163,61.8,25.9,3,1,-5,14
1,58,174,59.1,25.3,4,0,0,11
0,30,176,77.7,27.4,3,0,0,11
0,59,195,57.4,14.4,5,1,-3,10
1,29,177,73.1,13.5,1,1,-3,5
0,24,197,107.4,13.9,1,0,0,8
0,24,166,85.4,23.2,1,1,-5,10
0,56,180,65.8,0.0,5,2,5,11
1,46,170,72.8,22.1,2,2,5,7
1,54,176,86.3,18.5,4,1,-6,7
0,50,177,58.6,0.0,4,2,5,6
1,18,189,94.0,25.8,3,0,0,9
0,32,197,69.4,16.2,4,2,4,13
0,53,169,75.7,23.4,3,0,0,6
1,60,195,79.3,24.8,4,2,3,5
1,60,167,100.3,28.9,4,2,2,4
0,58,198,84.9,18.9,2,1,-8,11
0,19,156,98.8,29.8,1,2,8,11
1,26,168,73.4,20.9,3,1,-2,13
0,49,198,91.3,18.2,3,0,0,5
1,37,182,69.3,13.8,4,2,6,5
0,33,166,82.2,26.2,2,1,-2,4
0,32,178,76.2,13.9,5,1,-8,5
1,55,172,87.6,18.8,2,1,-7,12
1,20,167,96.5,12.9,1,0,0,7
0,38,163,85.2,14.7,1,0,0,15
1,54,171,52.2,0.0,5,2,3,16
1,58,168,100.5,28.4,3,0,0,6
1,36,177,72.8,19.7,4,1,-7,15
1,36,179,88.7,13.1,4,1,-6,13
1,50,165,59.3,16.1,2,0,0,13
1,40,191,100.5,0.0,2,1,-5,10
0,60,200,92.9,17.4,1,2,3,10
0,37,166,98.3,10.4,4,0,0,9
0,50,160,85.9,12.5,5,1,-8,14
1,37,178,76.3,12.3,2,2,8,7
0,24,192,54.1,0.0,1,1,-8,4
0,25,178,52.4,0.0,3,0,0,4
0,37,192,55.7,18.2,1,0,0,16
1,42,173,65.9,15.0,3,1,-6,11
0,24,151,104.5,24.6,2,2,2,7
0,34,187,93.1,11.5,1,0,0,16
1,38,177,77.4,0.0,3,2,2,13
1,41,156,91.8,21.0,1,0,0,15
1,42,159,55.0,22.8,3,0,0,4
0,28,187,60.8,15.2,2,1,-3,5
1,18,189,83.7,16.7,4,0,0,15
1,35,174,57.7,16.4,2,0,0,11
1,32,169,74.8,11.3,3,2,8,6
1,26,166,80.4,20.3,3,1,-5,13
0,54,185,108.0,16.0,2,2,7,8
1,46,170,60.4,27.4,5,0,0,15
1,31,161,60.9,0.0,4,2,3,16
0,20,170,87.0,12.2,4,2,7,6
0,24,174,99.0,15.9,4,0,0,14
0,40,167,59.2,11.9,3,0,0,12
0,49,158,83.5,15.3,4,2,8,16
1,29,171,56.6,19.7,5,1,-8,11
1,36,187,90.0,19.3,1,1,-4,12
0,41,160,56.1,24.4,3,1,-8,12
0,23,187,75.3,20.9,5,2,2,12
0,34,176,103.5,10.6,2,0,0,14
0,50,195,71.7,16.1,1,2,7,14
0,46,176,54.9,12.1,3,2,5,9
0,26,162,64.9,0.0,3,2,7,7
0,36,164,97.7,23.8,1,2,4,15
1,45,193,109.2,29.8,3,1,-8,9
0,44,162,105.1,0.0,3,1,-4,6
0,36,179,86.8,15.8,1,0,0,4
1,27,176,91.2,25.1,1,0,0,5
0,50,200,65.3,28.7,1,0,0,11
0,39,181,84.9,15.7,1,0,0,5
1,27,197,91.0,10.1,1,1,-6,9
0,43,163,76.6,11.0,2,1,-2,5
1,42,194,71.3,26.9,5,2,5,5
1,56,184,63.4,14.4,4,2,6,15
0,30,158,101.1,24.8,5,1,-6,8
1,39,160,88.2,19.0,3,1,-5,8
0,29,170,109.0,0.0,3,2,3,11
1,38,176,92.6,25.4,2,1,-4,7
1,53,198,83.2,0.0,2,1,-6,13
1,38,179,68.0,0.0,2,2,4,5
1,25,170,57.6,0.0,4,1,-5,10
1,34,194,78.0,20.7,4,0,0,11
1,21,159,98.0,0.0,1,0,0,10
1,47,170,103.6,0.0,2,0,0,15
1,45,173,67.3,18.8,1,2,2,7
0,23,192,84.1,24.2,2,1,-4,5
0,34,191,70.2,11.9,5,0,0,8
0,22,182,74.7,10.7,1,2,2,4
0,55,160,67.6,26.4,4,2,6,15
1,59,193,65.9,0.0,3,1,-5,10
1,60,175,85.4,0.0,1,0,0,6
1,27,197,93.3,29.1,5,2,7,6
0,20,167,55.1,26.7,1,0,0,13
0,32,199,59.9,0.0,1,2,6,8
1,36,184,99.5,23.8,4,2,8,12
0,48,183,61.0,24.1,5,2,4,6
0,57,153,96.7,12.5,3,1,-5,12
1,37,179,56.5,0.0,1,2,5,10
0,50,191,86.9,11.3,3,1,-2,6
0,27,180,93.4,13.9,3,0,0,7
1,18,189,85.4,21.0,3,1,-5,5
0,30,193,91.5,0.0,3,1,-3,4
1,59,196,93.4,18.7,1,0,0,15
1,52,151,78.6,20.1,3,1,-2,8
0,51,151,58.4,0.0,3,1,-8,12
0,21,185,105.3,0.0,2,2,5,15
1,37,166,90.6,17.5,1,0,0,5
0,47,196,60.9,26.9,4,2,7,10
1,34,165,97.2,13.3,5,2,3,13
0,37,153,89.6,16.5,2,0,0,7
1,30,161,105.8,27.2,2,1,-5,16
0,41,173,74.8,18.2,3,1,-8,10
1,31,153,75.1,12.4,3,1,-8,11
1,31,193,83.5,12.2,5,1,-7,13
0,59,154,77.6,28.8,3,2,6,10
1,20,159,66.7,29.8,2,0,0,12
0,52,185,91.4,18.8,5,1,-3,16
1,31,159,79.2,21.3,4,2,2,14
0,33,174,54.6,14.3,5,2,8,10
1,45,192,93.5,18.0,4,1,-5,6
0,24,156,69.7,24.4,1,2,6,11
1,58,184,89.3,21.7,1,1,-2,12
0,52,183,85.2,12.9,1,1,-5,10
1,27,158,98.0,0.0,2,0,0,15
0,49,150,63.6,0.0,5,1,-5,14
1,60,186,76.0,21.8,3,2,3,15
0,34,172,72.4,16.9,3,0,0,9
1,56,194,95.5,26.0,5,0,0,6
1,42,192,84.3,0.0,5,2,8,9
1,30,165,56.7,27.2,1,1,-4,12
1,42,193,51.6,12.4,5,2,5,6
1,26,165,86.6,18.1,5,0,0,8
0,55,170,107.1,0.0,5,2,6,4
1,60,171,100.2,20.3,2,1,-3,9
0,42,177,61.9,16.1,1,1,-5,9
0,32,176,104.6,28.0,2,2,3,7
0,50,162,101.8,12.9,2,2,3,6
0,28,175,61.2,22.3,2,0,0,10
0,35,160,89.8,0.0,1,2,8,14
0,55,191,53.6,15.6,4,0,0,13
1,57,176,64.4,16.1,3,0,0,15
1,59,187,80.6,28.1,4,0,0,9
1,33,189,64.8,18.4,4,1,-4,9
1,41,172,104.2,26.0,4,2,6,7
1,22,154,59.8,29.1,4,1,-4,5
1,36,200,84.3,23.7,2,2,3,8
1,35,159,96.5,0.0,4,0,0,7
0,32,178,51.4,16.8,4,2,5,9
1,20,199,96.9,12.4,5,2,7,15
1,31,190,92.7,19.1,3,1,-7,8
0,57,182,65.7,20.2,3,2,5,10
0,22,174,81.5,0.0,1,1,-3,12
0,43,160,99.3,18.9,3,1,-8,12
0,24,161,73.1,18.5,4,1,-4,8
1,23,182,52.4,26.3,1,0,0,13
1,54,181,90.3,13.4,5,0,0,11
1,19,150,86.0,27.5,2,2,6,14
1,37,169,70.0,22.2,5,2,4,6
0,48,180,50.1,19.4,3,1,-8,7
1,45,158,80.3,14.4,2,2,8,8
0,29,153,96.0,19.7,2,1,-2,5
1,35,158,103.2,0.0,5,0,0,11
0,36,183,82.6,21.4,2,1,-7,13
0,58,198,62.5,13.2,4,1,-7,8
1,28,165,98.0,15.7,3,1,-8,9
1,31,159,106.9,29.6,2,1,-8,16
0,25,191,91.5,27.1,2,2,2,4
1,34,192,55.2,0.0,3,2,3,10
0,24,153,77.0,26.6,2,1,-6,8
0,56,156,103.8,28.8,4,2,7,9
1,45,170,99.1,10.3,5,1,-2,4
1,51,188,88.1,22.5,4,2,8,14
1,35,191,81.0,13.0,2,0,0,10
1,35,165,92.3,25.1,3,1,-2,11
1,56,163,97.0,25.2,3,0,0,6
1,20,155,94.0,17.9,4,2,7,11
1,34,184,93.1,28.5,1,0,0,15
0,32,176,74.7,21.1,2,1,-5,5
0,27,200,103.0,26.2,2,1,-6,14
1,25,174,79.9,25.6,3,0,0,5
0,47,163,94.5,14.7,3,0,0,4
0,48,183,62.8,12.2,1,0,0,13
1,31,173,56.6,13.3,3,1,-4,13
1,24,168,106.2,15.5,5,1,-4,14
1,34,181,97.9,23.2,1,1,-2,14
0,29,193,84.3,20.8,1,1,-7,14
1,58,156,72.2,0.0,5,2,7,4
0,31,185,78.1,26.9,2,0,0,12
1,51,168,82.3,23.9,3,1,-7,8
1,21,199,95.8,24.8,3,2,4,10
0,53,190,59.8,27.9,3,1,-2,8
1,41,153,99.8,29.8,1,2,6,6
1,52,198,101.5,21.3,4,1,-6,9
1,53,151,64.1,16.3,5,0,0,6
1,48,183,58.4,24.6,2,0,0,14
0,39,176,102.7,0.0,5,2,3,4
1,22,197,94.7,11.2,1,2,6,7
0,25,195,89.6,0.0,1,0,0,6
1,50,171,63.0,27.5,2,1,-3,8
0,47,154,70.7,20.3,5,2,6,10
1,27,164,62.7,0.0,5,2,2,11
1,19,165,53.6,29.5,3,1,-3,10
0,44,164,60.7,22.2,1,2,5,4
1,35,155,60.6,22.3,5,1,-3,5
1,52,182,73.7,11.9,3,0,0,12
0,31,191,69.5,29.3,1,1,-4,7
0,19,156,97.0,14.9,5,0,0,9
0,30,156,75.1,13.9,1,1,-7,10
1,54,191,56.4,0.0,2,1,-2,11
0,48,183,100.2,21.6,5,2,4,11
1,53,182,81.0,28.5,3,1,-7,14
0,54,194,57.4,0.0,2,2,4,10
0,30,152,52.5,22.8,4,0,0,11
0,54,162,52.2,20.4,3,0,0,4
1,28,180,66.7,28.5,5,1,-7,8
0,58,163,83.9,0.0,1,0,0,9
0,23,169,97.8,10.8,2,1,-2,14
0,23,152,55.2,27.2,1,2,3,12
0,56,167,56.2,22.7,1,2,3,8
1,37,175,79.3,23.3,3,0,0,9
1,57,151,53.6,26.8,4,0,0,13
1,40,185,104.5,21.9,4,0,0,12
1,55,174,94.2,13.3,4,1,-7,8
0,51,168,101.5,12.9,1,0,0,5
0,37,188,57.1,16.8,2,1,-4,14
0,43,186,54.2,15.1,1,1,-3,14
0,48,176,74.5,16.2,3,2,5,12
0,40,151,56.8,11.7,1,2,3,10
0,49,199,56.3,15.3,4,2,2,10
0,27,199,52.9,28.3,1,2,4,15
1,32,165,96.0,12.2,1,1,-5,9
0,30,184,101.3,12.9,4,2,7,9
0,39,170,65.3,18.6,5,2,7,10
1,29,159,55.8,26.6,1,0,0,14
0,52,167,52.2,18.0,5,2,7,14
0,37,169,74.4,12.7,3,0,0,8
1,52,195,96.2,25.3,2,2,6,13
1,60,199,107.8,17.4,3,1,-2,12
1,44,194,54.1,15.1,5,0,0,5
0,59,152,91.0,0.0,2,0,0,16
0,22,181,91.3,28.4,1,0,0,14
1,34,198,80.0,14.5,3,0,0,5
1,60,161,88.8,25.2,2,1,-3,7
0,58,181,103.5,12.4,5,1,-4,16
0,40,160,63.2,26.5,3,1,-2,15
0,24,178,80.7,24.4,5,2,5,5
0,24,150,90.5,29.3,4,0,0,15
1,28,173,105.4,18.5,3,0,0,14
0,43,151,74.4,23.8,5,1,-3,14
1,58,194,102.5,17.5,4,0,0,4
0,28,179,53.6,0.0,2,1,-8,12
1,23,185,79.9,15.4,2,1,-4,11
0,35,168,58.8,0.0,5,2,7,5
0,44,198,100.3,0.0,1,0,0,12
0,25,161,59.1,25.4,2,2,8,7
1,34,170,70.0,18.5,5,1,-2,5
0,35,154,89.7,13.5,1,0,0,12
1,41,164,69.2,13.0,5,1,-5,16
1,32,163,97.9,20.6,3,0,0,10
0,21,165,50.3,16.3,5,1,-4,7
0,57,166,55.3,13.2,5,0,0,11
0,48,174,76.7,0.0,1,0,0,12
0,56,179,51.3,20.7,2,0,0,8
1,35,185,64.2,21.6,5,2,5,16
0,40,176,85.7,12.8,4,2,8,16
0,19,163,92.7,14.6,5,1,-8,13
0,33,157,58.0,25.2,3,0,0,5
1,22,189,102.2,10.2,4,0,0,14
1,34,156,96.3,13.1,5,2,2,10
0,55,175,101.2,28.4,5,0,0,12
1,33,184,86.0,21.6,3,2,8,14
0,18,192,60.2,28.8,1,1,-7,13
0,59,151,57.3,12.0,3,2,4,14
1,58,157,89.4,15.5,5,1,-4,12
0,29,155,83.9,15.1,1,1,-4,11
1,33,180,53.2,0.0,2,2,4,8
1,45,168,65.9,16.1,3,0,0,13
0,19,173,50.6,0.0,1,2,6,15
0,37,181,109.3,29.6,1,2,3,11
1,24,178,66.2,19.6,5,1,-7,15
1,46,177,76.0,28.9,2,0,0,9
1,57,188,80.0,26.5,5,2,4,15
1,33,176,101.1,10.6,4,0,0,15
1,50,169,92.3,10.7,2,0,0,14
0,56,195,94.1,0.0,3,1,-6,7
1,41,161,91.5,11.5,4,2,3,13
0,22,178,64.5,11.5,3,0,0,5
1,27,158,64.6,25.1,2,0,0,4
0,58,186,89.4,23.5,2,0,0,10
0,47,187,74.0,0.0,1,2,4,9
1,35,182,54.1,29.9,5,0,0,14
1,58,185,83.7,17.5,2,2,3,9
1,22,190,63.3,24.0,1,0,0,5
1,41,171,77.4,23.1,2,0,0,15
1,19,161,77.6,0.0,5,2,5,6
0,19,154,80.7,29.9,3,0,0,6
0,28,192,100.7,27.7,1,1,-7,14
1,37,186,52.4,0.0,5,0,0,4
0,29,182,90.1,22.5,4,1,-8,14
0,52,200,85.8,0.0,2,2,3,6
0,23,170,72.8,0.0,4,1,-4,12
0,26,174,93.1,28.4,4,0,0,11
0,36,182,91.0,10.0,3,0,0,12
1,23,157,60.5,26.7,4,2,5,10
0,55,197,56.1,13.7,3,0,0,15
0,28,152,77.0,20.5,5,0,0,14
1,22,182,76.7,28.9,2,2,5,14
1,36,152,98.0,14.0,5,2,2,9
0,30,189,64.7,0.0,2,1,-2,6
0,26,168,80.5,18.7,1,1,-4,11
1,23,159,93.3,20.5,1,1,-7,7
1,21,160,57.8,13.7,3,1,-8,5
0,60,189,56.2,27.8,3,1,-7,12
1,52,173,80.2,0.0,1,0,0,13
0,34,175,67.9,0.0,1,0,0,14
1,41,190,88.0,0.0,4,2,6,4
0,40,177,106.4,24.2,2,0,0,14
0,31,197,64.1,29.0,1,2,3,13
0,59,199,75.2,12.5,3,2,2,6
0,23,199,74.5,0.0,5,2,7,9
0,31,163,101.6,28.3,4,0,0,9
1,20,184,95.6,26.6,2,1,-8,5
1,30,197,53.7,20.8,4,1,-4,12
0,20,151,70.0,0.0,4,0,0,7
1,44,195,102.3,28.6,5,1,-5,4
1,39,187,66.2,28.6,5,2,2,14
0,27,164,78.5,12.2,2,2,5,16
0,56,172,60.6,16.8,4,0,0,13
1,18,199,60.4,15.6,5,1,-8,7
1,42,186,95.0,20.6,4,1,-6,6
1,43,184,68.6,28.5,1,0,0,4
1,51,154,79.1,28.4,1,2,6,9
0,22,178,64.6,0.0,5,1,-6,13
1,45,154,89.2,25.5,2,2,5,9
0,57,167,78.9,21.7,2,0,0,11
1,60,155,108.0,29.5,5,1,-3,16
1,25,152,90.8,14.6,4,0,0,9
1,58,166,53.0,21.1,4,2,4,14
0,51,185,105.6,0.0,5,1,-2,6
1,20,196,66.1,14.7,4,2,8,5
1,38,184,77.8,0.0,1,1,-6,13
0,32,198,104.0,0.0,3,2,6,15
1,45,179,67.8,25.2,5,2,7,12
0,41,150,69.5,19.5,1,2,3,5
1,44,163,91.7,19.5,2,1,-3,5
0,31,198,69.3,20.6,2,2,7,15
0,18,173,98.5,17.1,5,2,8,10
0,60,159,73.5,16.9,4,2,3,8
0,25,164,92.3,0.0,5,1,-6,5
0,43,167,67.0,26.3,3,0,0,8
0,42,156,55.5,12.5,1,2,5,13
1,37,150,88.8,27.3,1,2,5,10
0,19,198,78.2,10.6,4,0,0,14
1,26,163,83.9,29.7,2,0,0,15
0,54,186,96.5,15.1,1,2,2,11
1,42,162,105.0,0.0,4,0,0,12
1,54,165,67.5,0.0,2,1,-5,6
0,54,166,102.2,22.6,2,1,-3,6
1,39,164,73.8,28.6,3,0,0,6
0,30,156,60.1,28.7,1,1,-4,12
0,58,180,93.6,25.0,2,1,-6,5
1,21,186,76.6,11.3,4,2,4,15
1,33,196,103.6,19.9,3,1,-7,14
0,19,174,74.4,22.1,3,2,4,4
1,34,169,79.6,15.4,5,1,-5,8
1,39,196,59.8,21.6,2,2,5,6
1,26,150,59.7,25.5,2,1,-4,8
1,52,156,96.6,13.5,3,2,6,11
0,59,153,68.5,23.1,5,2,6,5
0,25,183,105.7,19.3,2,0,0,8
1,35,162,75.8,0.0,3,1,-8,9
1,45,182,65.0,25.5,4,2,6,4
0,56,167,66.0,10.9,4,2,4,16
1,31,168,63.4,28.3,1,2,6,15
0,40,176,91.6,26.8,5,2,2,14
1,30,176,54.3,16.5,5,1,-4,8
1,39,192,52.5,29.1,3,0,0,14
0,55,168,98.8,16.7,4,0,0,15
0,20,199,65.7,25.0,2,0,0,16
1,51,188,100.6,15.8,3,0,0,12
0,22,155,62.3,23.4,5,2,5,4
0,32,199,109.3,29.4,1,0,0,16
0,18,182,60.8,17.0,3,0,0,14
0,54,174,52.7,25.3,3,2,4,4
1,27,179,109.6,22.5,2,2,8,4
0,31,150,108.0,17.3,5,1,-6,16
0,28,177,81.7,18.3,2,1,-5,13
0,21,192,95.9,20.9,3,0,0,4
1,26,191,108.3,10.1,3,1,-2,11
1,24,163,64.7,0.0,4,1,-3,11
1,29,178,81.1,12.0,2,2,7,15
0,24,153,102.1,17.0,1,2,3,16
0,59,190,55.2,15.6,5,2,4,11
1,46,168,52.0,12.8,5,0,0,10
0,56,165,105.2,12.0,2,1,-4,9
1,55,199,81.0,26.3,5,2,4,9
0,47,166,53.0,10.9,3,2,2,10
0,22,200,104.9,21.4,1,1,-4,16
1,50,175,81.4,17.0,1,1,-3,15
0,51,157,89.0,13.7,2,2,6,15
1,26,199,91.5,10.4,3,0,0,11
0,44,199,76.3,21.4,3,0,0,12
1,53,184,85.5,10.3,3,2,3,8
0,37,181,84.4,19.0,5,1,-5,4
1,18,158,53.7,13.9,4,0,0,6
0,56,153,54.8,14.0,1,1,-6,14
0,23,182,69.3,24.8,3,0,0,12
1,41,167,103.3,16.2,2,2,4,9
1,45,170,72.9,24.8,3,0,0,13
0,32,186,62.6,29.6,2,0,0,13
1,42,175,105.5,16.8,2,2,2,11
1,43,167,94.1,23.2,5,1,-8,11
0,51,186,69.1,18.7,2,1,-8,10
0,18,185,64.6,19.6,5,0,0,12
0,39,197,50.3,22.4,3,0,0,9
0,23,159,102.1,25.5,5,1,-7,13
1,19,199,105.0,23.0,1,0,0,7
0,47,156,93.6,0.0,5,0,0,10
0,50,183,64.4,27.2,1,1,-7,9
1,26,170,56.0,0.0,1,0,0,5
0,25,192,69.1,15.1,4,0,0,9
1,46,198,57.0,15.0,4,1,-7,4
1,48,161,93.2,19.7,4,2,3,10
0,25,193,52.0,22.1,3,0,0,9
1,59,199,67.0,23.5,2,2,4,9
1,29,189,106.2,17.2,5,1,-6,16
0,55,170,99.7,13.4,4,0,0,13
0,33,178,58.6,17.9,2,2,5,14
1,54,158,97.5,10.1,2,2,2,4
0,55,160,93.9,11.3,5,2,2,6
1,45,165,95.2,13.8,5,0,0,7
0,54,182,56.2,16.7,3,1,-4,15
0,41,152,100.2,27.6,3,0,0,11
1,45,194,77.6,25.9,5,0,0,4
0,42,150,52.1,17.0,3,2,4,15
0,54,160,83.3,17.1,3,1,-8,11
0,21,150,101.7,18.6,5,1,-7,8
1,31,170,50.1,13.9,2,1,-4,5
1,22,200,106.8,14.1,2,0,0,15
1,36,151,58.0,22.0,5,0,0,10
0,54,157,56.7,0.0,1,2,8,10
1,48,169,85.9,29.8,2,2,6,9
1,43,173,83.9,28.9,1,1,-2,11
0,23,195,79.3,20.0,3,2,5,12
1,52,192,62.4,27.4,2,1,-7,5
1,45,192,83.8,19.9,1,0,0,9
0,18,162,99.9,24.3,5,0,0,8
0,20,157,105.4,10.8,1,0,0,7
0,26,172,60.1,17.5,4,0,0,8
0,29,154,85.5,22.1,1,2,5,4
1,32,165,69.4,21.3,4,2,3,7
1,30,155,83.1,0.0,2,0,0,11
1,35,198,77.9,29.1,2,1,-7,8
1,44,151,88.9,0.0,1,0,0,9
0,45,155,99.9,0.0,1,0,0,16
1,25,176,58.3,26.2,5,0,0,4
0,30,197,97.0,18.1,2,0,0,4
1,24,151,52.9,28.1,1,2,4,15
1,37,192,86.9,25.6,4,1,-5,10
0,34,196,102.4,29.7,5,0,0,11
0,37,185,78.7,28.3,5,2,7,16
0,19,199,67.3,21.1,1,1,-7,16
0,21,182,62.2,14.5,3,0,0,9
0,57,179,81.0,12.5,5,2,2,10
1,57,172,82.3,14.9,5,1,-2,15
1,29,199,63.6,15.1,1,2,7,15
0,26,168,69.3,28.9,2,2,3,15
0,38,171,96.6,15.9,2,1,-6,6
0,26,171,56.7,0.0,2,1,-4,6
0,51,189,101.9,28.3,1,1,-3,6
0,29,197,106.0,11.8,2,2,5,9
0,52,156,104.5,18.4,2,0,0,13
0,35,195,82.1,0.0,4,0,0,8
1,33,179,97.2,21.0,2,1,-5,8
0,45,174,72.4,18.7,3,0,0,5
0,53,159,89.9,22.5,5,1,-6,7
1,24,160,74.2,26.4,1,1,-3,10
1,60,152,71.7,0.0,5,2,8,6
1,29,198,61.8,18.7,1,1,-8,10
1,28,155,60.7,20.4,1,1,-7,5
1,55,174,55.7,26.3,5,2,3,14
0,50,173,96.4,11.5,2,1,-3,8
1,35,182,58.0,21.6,4,0,0,11
1,43,169,52.9,29.2,5,2,8,4
1,59,179,88.8,26.4,2,1,-3,14
0,38,152,62.2,25.5,4,2,8,15
1,33,192,69.4,20.1,2,1,-3,11
1,27,195,66.0,0.0,4,1,-4,10
1,30,151,89.8,14.5,5,1,-2,16
1,23,159,88.5,29.1,1,1,-6,11
1,35,150,81.0,29.1,3,0,0,13
1,29,170,91.4,27.2,4,0,0,14
1,39,191,95.4,25.4,2,1,-8,14
0,51,189,75.1,12.2,1,1,-2,15
0,35,189,107.5,26.9,4,0,0,14
1,48,173,68.9,10.1,3,0,0,4
0,39,165,57.5,19.1,3,1,-6,11
0,23,186,82.4,0.0,3,1,-2,7
0,48,166,52.4,0.0,5,2,5,14
0,50,167,96.2,13.6,2,2,2,4
0,37,161,58.2,13.5,1,1,-7,9
1,60,160,58.1,19.9,1,1,-2,8
1,41,189,60.6,15.4,3,1,-8,9
0,51,199,53.3,14.0,2,1,-7,10
0,58,168,80.2,21.0,2,0,0,4
1,37,171,103.5,13.0,2,1,-2,15
0,21,153,82.2,11.6,2,1,-5,10
1,18,184,91.4,28.2,4,1,-4,4
0,27,178,90.0,15.4,4,0,0,10
1,45,199,108.3,23.6,3,1,-5,8
0,34,159,51.1,18.6,1,2,4,16
1,19,186,81.3,10.8,2,0,0,10
1,25,198,106.3,23.9,3,0,0,12
0,18,195,75.4,0.0,1,2,2,7
0,37,187,96.3,27.8,1,2,2,8
1,38,188,90.8,19.1,1,2,6,14
0,18,182,100.8,17.7,3,0,0,14
0,41,195,83.6,11.9,3,2,4,14
1,49,164,91.7,22.7,3,1,-3,13
0,60,185,65.6,0.0,5,2,8,7
1,58,165,87.3,24.3,3,1,-3,4
1,47,197,59.7,21.5,3,2,6,7
1,56,158,65.2,15.5,5,1,-8,15
0,34,150,79.8,19.0,4,0,0,16
1,37,170,103.5,20.6,1,1,-4,14
0,48,188,90.9,26.9,4,1,-6,12
1,28,174,85.9,20.8,1,0,0,6
1,22,171,76.2,18.5,5,1,-3,5
1,32,157,64.4,24.3,3,2,2,16
0,24,165,94.6,20.4,1,2,2,12
0,59,180,89.9,12.6,5,2,5,11
0,23,159,78.0,26.2,2,1,-5,14
1,29,170,59.0,17.5,2,0,0,12
0,30,181,53.4,23.1,3,0,0,12
0,50,182,100.0,29.6,4,0,0,14
0,60,170,81.5,15.0,1,1,-6,16
1,28,192,83.1,29.4,5,0,0,13
1,22,172,70.8,23.3,3,1,-6,9
1,46,150,84.5,24.0,2,2,5,13
0,32,179,104.4,24.8,5,0,0,7
0,29,169,81.0,22.6,3,1,-4,15
0,33,166,59.8,0.0,2,2,2,11
0,56,167,56.8,15.6,3,2,2,12
1,40,168,77.6,12.4,5,2,3,7
0,54,191,50.2,0.0,4,1,-7,8
0,56,169,87.9,17.7,4,1,-6,15
0,46,164,102.7,10.4,3,2,6,13
1,59,175,99.9,21.6,1,0,0,8
1,35,181,51.4,0.0,3,1,-8,8
0,31,186,92.5,19.6,5,1,-6,15
1,18,174,109.8,13.3,5,1,-6,13
1,56,187,71.5,26.1,4,2,4,15
0,48,174,88.8,27.0,2,1,-5,9
0,43,163,71.3,0.0,1,2,2,12
1,36,152,106.7,15.2,1,0,0,14
1,38,166,71.5,18.8,3,1,-7,9
0,47,151,102.1,28.2,1,0,0,10
1,49,183,74.8,16.2,4,0,0,7
0,49,195,92.8,17.4,1,1,-7,16
0,50,188,51.2,19.6,5,2,7,6
1,30,199,93.3,21.6,1,0,0,12
1,25,194,65.5,11.5,3,0,0,9
0,47,158,106.2,26.9,4,1,-7,9
1,45,190,61.7,29.6,2,0,0,8
0,31,189,63.1,21.8,3,0,0,7
1,34,199,51.2,17.0,3,1,-8,16
1,35,191,97.0,16.9,3,1,-4,4
1,26,197,70.5,20.4,4,2,5,7
0,32,164,92.3,0.0,4,2,2,12
0,26,194,51.1,19.0,4,0,0,13
1,42,156,55.1,12.3,2,2,3,16
1,23,182,92.0,11.6,2,1,-8,7
0,50,186,67.8,12.6,5,2,4,9
0,30,160,54.4,19.2,4,1,-8,9
1,40,182,108.5,24.2,4,1,-5,11
0,32,157,65.6,27.6,4,2,7,8
1,28,185,63.2,19.5,2,2,4,11
1,22,182,78.6,0.0,4,0,0,7
0,42,191,85.2,0.0,2,1,-5,7
0,27,165,92.2,29.7,4,0,0,8
0,22,162,109.1,17.2,5,2,5,7
1,26,172,53.3,26.2,4,2,2,9
1,60,156,67.0,17.8,1,2,6,6
0,42,195,64.6,29.1,3,0,0,16
1,48,175,106.8,20.9,5,0,0,12
1,32,185,100.4,15.7,3,1,-4,4
1,56,189,74.2,23.9,2,0,0,4
1,60,193,63.4,29.6,3,2,2,16
1,24,190,64.0,14.9,2,2,6,6
0,58,199,94.6,24.1,5,1,-6,4
1,26,179,96.9,17.1,5,1,-3,16
1,21,165,51.7,15.3,3,1,-5,8
0,59,189,78.5,16.1,4,0,0,15
0,24,200,57.5,21.7,2,1,-7,12
1,38,192,86.7,0.0,4,2,5,4
0,30,167,83.8,22.4,2,2,5,10
1,46,173,76.8,15.8,5,1,-4,9
0,41,170,97.0,22.0,3,0,0,6
1,33,174,96.2,0.0,5,0,0,6
1,28,160,101.5,27.5,1,0,0,6
0,29,155,60.1,12.2,2,2,3,8
0,26,159,90.5,10.5,1,1,-3,15
0,52,187,80.8,16.3,1,2,6,6
1,43,193,104.4,17.3,2,1,-6,6
1,54,187,71.7,19.7,5,0,0,8
1,54,152,103.0,29.5,1,1,-3,5
0,21,181,109.1,13.6,3,2,4,6
1,48,188,62.3,17.2,2,0,0,15
0,53,192,91.7,16.4,2,1,-8,15
1,53,154,78.7,12.6,4,2,5,8
0,18,152,51.2,27.2,4,1,-6,5
1,53,188,104.9,25.2,4,1,-2,14
0,54,163,53.2,0.0,2,1,-6,16
1,57,152,62.1,11.4,3,2,3,9
1,44,163,102.1,23.6,2,2,4,14
0,41,188,55.5,0.0,1,0,0,9
1,23,153,53.9,0.0,5,1,-4,8
1,44,168,83.9,28.3,4,2,3,11
0,58,156,55.8,19.5,4,1,-5,11
1,53,178,78.5,25.8,3,2,7,13
1,39,159,98.0,17.0,5,2,5,15
0,40,164,80.8,20.6,5,2,4,15
0,28,163,101.9,16.4,1,2,2,6
0,57,173,91.8,30.0,3,2,5,12
1,29,172,100.6,18.1,4,1,-3,13
0,34,168,50.6,14.5,4,1,-3,7
1,54,185,109.9,29.4,4,0,0,8
1,40,156,67.1,10.7,4,1,-2,5
0,34,191,94.3,29.2,2,0,0,13
0,37,160,50.7,25.5,2,2,2,9
0,30,183,105.9,0.0,1,1,-5,13
0,50,159,68.0,11.6,4,2,7,15
0,36,157,56.5,0.0,1,1,-8,16
1,24,150,101.2,17.2,5,1,-5,15
0,39,160,109.8,20.7,4,2,5,12
1,52,157,63.2,17.3,5,0,0,15
0,19,199,105.0,15.2,1,1,-6,14
0,55,198,50.3,25.6,1,0,0,16
1,28,174,58.1,26.0,1,0,0,11
1,26,179,89.5,16.0,4,1,-2,11
1,33,164,62.2,13.7,3,0,0,6
1,53,161,92.8,13.6,5,0,0,10
0,53,164,94.2,27.2,4,2,4,9
0,31,157,66.1,18.7,4,2,8,5
0,42,184,98.9,12.6,2,2,8,16
0,50,185,90.6,21.4,2,0,0,12
1,55,153,85.3,11.8,1,1,-5,10
1,33,157,82.9,28.4,5,1,-3,5
1,44,196,105.3,27.7,1,1,-3,4
0,53,183,50.8,21.7,4,2,2,11
1,32,164,93.1,22.7,3,1,-8,10
1,27,174,102.8,29.4,1,2,8,4
0,31,172,61.3,13.3,3,0,0,4
0,52,199,83.2,23.5,3,0,0,8
0,28,153,85.1,0.0,2,1,-7,14
1,30,165,96.9,13.5,1,1,-7,14
1,41,182,54.7,16.0,2,2,7,7
1,29,185,101.6,12.1,2,2,2,5
0,59,181,54.1,17.1,1,2,6,11
0,53,166,57.6,13.6,4,2,2,10
1,49,196,85.3,27.0,1,1,-4,15
0,50,172,68.3,15.4,2,2,8,4
1,57,196,68.9,27.4,3,2,6,9
1,40,199,69.5,27.3,2,0,0,4
0,44,152,79.0,18.8,2,0,0,7
1,26,160,83.8,14.0,5,0,0,14
0,22,152,69.8,16.7,4,0,0,11
0,34,176,62.1,17.8,5,2,8,4
1,41,177,85.7,0.0,3,2,2,7
1,26,169,95.9,21.2,1,0,0,11
0,48,196,71.1,23.8,5,1,-3,8
1,46,198,62.2,10.9,5,2,3,6
1,29,152,59.1,25.7,2,2,7,14
1,18,162,87.1,20.9,2,1,-8,5
1,19,194,106.6,20.8,3,1,-6,5
1,53,182,88.3,21.9,2,1,-4,16
1,37,175,109.3,0.0,2,0,0,8
0,37,174,97.7,20.8,5,1,-7,14
1,33,182,77.7,18.2,4,1,-8,6
1,29,164,74.1,15.2,5,2,3,10
1,52,164,68.9,27.2,3,1,-5,12
1,32,177,66.5,14.2,1,0,0,5
0,29,172,108.6,12.2,2,1,-4,9
0,33,188,93.8,20.2,1,1,-7,9
1,42,165,106.2,19.5,4,2,2,9
0,48,170,86.0,28.7,2,1,-4,14
0,25,195,100.0,0.0,3,1,-3,4
0,49,167,53.9,23.7,3,0,0,14
0,59,167,89.1,21.6,1,0,0,13
1,34,153,51.9,11.6,4,2,2,10
1,39,168,78.0,0.0,3,0,0,12
0,33,162,80.1,21.1,3,2,5,9
0,36,162,61.4,15.1,1,2,5,13
1,27,170,58.9,17.3,2,2,5,8
0,42,153,101.9,10.6,2,1,-3,9
0,52,167,61.6,28.2,3,2,4,7
1,22,151,67.9,21.6,3,2,8,8
0,18,195,102.1,26.9,5,1,-2,5
0,19,156,55.7,25.1,1,2,3,11
1,31,152,106.4,0.0,3,2,2,4
1,49,160,96.7,17.3,2,1,-8,6
1,49,176,65.5,22.9,3,1,-7,9
1,38,162,96.3,20.6,5,2,5,6
1,60,194,86.2,29.1,5,1,-6,16
0,29,172,72.7,10.2,5,2,6,7
1,51,182,70.6,21.6,5,2,6,15
1,51,152,90.0,19.8,3,1,-4,13
0,46,165,53.1,16.9,5,2,2,8
1,40,163,91.3,14.3,1,1,-4,9
0,42,167,73.0,26.7,4,1,-5,14
0,29,173,51.6,15.2,2,1,-4,13
0,29,155,94.2,19.7,1,1,-5,11
0,32,153,85.1,18.7,5,0,0,12
0,50,197,68.9,16.9,4,2,4,11
1,34,193,107.2,28.5,3,0,0,11
0,42,159,57.3,0.0,2,2,5,10
0,51,177,83.7,23.5,2,2,8,10
0,42,169,90.0,21.8,4,1,-2,4
1,42,190,52.2,17.3,4,2,4,4
1,55,173,108.5,11.3,1,2,8,4
1,27,165,86.5,11.8,4,1,-3,11
1,33,181,52.0,20.3,4,0,0,5
0,47,190,78.6,12.2,4,2,4,6
0,54,173,57.9,27.1,4,2,6,4
0,35,199,94.0,16.3,5,2,6,11
0,54,190,82.8,27.3,4,1,-7,11
1,31,197,51.6,26.0,1,2,8,10
0,58,178,85.0,16.8,5,0,0,5
0,55,178,69.4,13.5,1,2,3,8
0,37,161,108.2,11.9,2,2,3,10
1,59,163,55.4,20.6,3,1,-2,12
1,40,182,53.3,19.9,2,0,0,11
0,44,166,65.0,22.8,1,2,4,16
1,47,197,89.0,0.0,3,2,2,14
1,28,168,67.7,19.8,3,1,-6,5
1,23,182,106.5,30.0,5,2,7,16
0,39,183,72.2,28.1,5,1,-7,14
0,44,172,60.1,17.0,2,0,0,15
0,34,160,52.2,29.8,4,0,0,4
0,18,173,84.2,15.9,2,0,0,15
1,21,170,60.7,22.4,1,0,0,12
0,20,182,84.4,13.3,3,0,0,4
0,27,157,81.3,12.9,5,0,0,5
1,59,154,93.9,29.8,5,2,4,5
1,39,192,69.7,28.2,1,1,-7,10
0,55,196,84.6,20.5,2,1,-3,13
1,49,169,86.1,24.2,2,1,-3,13
1,33,168,106.7,17.8,2,2,2,7
1,34,177,97.2,15.8,2,2,8,7
0,34,151,78.9,28.0,1,1,-2,8
0,36,170,109.2,18.4,3,0,0,12
1,59,174,59.1,21.5,3,0,0,5
1,39,166,74.1,0.0,2,2,5,7
0,38,161,71.3,0.0,4,0,0,16
1,32,197,83.7,28.5,3,0,0,16
0,48,184,89.3,23.7,3,0,0,14
1,50,160,53.3,27.7,5,2,6,6
0,25,180,90.6,16.8,3,0,0,13
1,20,180,53.0,24.7,1,2,6,11
1,18,168,78.8,18.2,3,0,0,10
0,26,160,54.6,23.8,3,0,0,6
1,29,185,66.4,27.7,5,0,0,6
0,47,153,80.0,0.0,2,1,-5,16
1,44,159,74.8,0.0,3,2,8,8
1,36,159,62.5,21.7,1,1,-2,7
1,34,196,62.4,17.7,3,2,5,6
1,52,176,108.8,11.5,1,2,2,8
1,21,187,51.6,20.5,1,1,-3,6
0,56,151,91.7,22.1,4,1,-6,4
1,57,198,98.0,14.0,5,2,7,5
0,54,188,89.8,30.0,4,0,0,8
0,49,174,67.5,14.4,1,2,7,13
0,22,150,73.6,25.2,5,2,3,10
1,60,154,53.3,29.0,4,0,0,9
1,39,200,68.5,0.0,5,0,0,9
0,58,175,75.5,0.0,2,0,0,6
1,33,151,102.0,13.6,5,2,7,16
1,24,175,105.3,26.8,3,2,2,7
1,34,176,68.0,0.0,4,0,0,6
1,49,160,71.0,18.4,4,1,-2,4
1,39,150,53.1,27.4,5,2,4,12
1,21,162,90.0,15.8,2,0,0,10
1,55,196,102.8,17.0,4,2,8,15
1,44,187,62.3,24.9,2,2,6,14
1,22,181,50.7,28.2,3,2,4,4
1,50,181,92.5,18.2,4,0,0,6
0,52,188,95.9,27.9,4,1,-7,5
0,59,188,91.3,19.6,4,0,0,12
0,18,157,63.3,12.9,5,1,-8,4
0,53,187,83.0,25.1,3,2,2,10
0,29,191,54.6,28.5,3,1,-6,16
1,57,163,64.2,12.3,4,2,7,16
1,49,153,99.1,24.5,1,2,3,5
0,44,187,92.6,0.0,3,1,-3,9
0,52,184,56.9,24.6,3,2,4,11
0,26,178,70.0,17.0,1,0,0,7
0,18,192,72.2,29.6,1,2,3,14
1,38,189,104.9,20.3,1,0,0,14
1,19,180,105.2,26.8,3,1,-5,11
0,49,164,91.7,28.3,4,2,8,5
1,46,176,74.0,26.0,1,2,2,8
1,23,177,85.8,28.2,1,2,6,13
1,30,170,58.5,10.5,2,2,8,15
1,40,191,109.2,22.3,1,0,0,6
0,24,195,60.9,11.2,2,1,-6,16
1,55,158,76.2,17.7,1,2,5,9
0,41,192,69.6,19.1,4,0,0,11
1,58,186,95.1,0.0,2,0,0,6
0,47,159,68.6,11.2,4,2,7,7
1,44,167,60.2,13.2,1,1,-8,12
0,22,157,80.2,18.8,3,2,5,6
1,37,180,107.8,15.0,1,2,7,13
1,42,194,64.5,18.3,4,2,5,11
1,18,195,51.0,27.7,3,2,3,11
0,58,200,85.9,22.7,1,1,-3,11
0,25,166,58.5,19.5,1,2,6,7
1,46,194,66.4,0.0,1,0,0,8
1,30,162,91.8,0.0,2,1,-5,11
1,46,178,81.5,0.0,2,1,-8,14
1,42,183,64.6,0.0,1,1,-8,12
0,39,151,85.4,27.9,4,2,3,15
1,29,187,56.2,19.4,5,0,0,16
1,26,159,59.7,12.1,3,2,2,9
1,35,166,71.7,16.1,2,2,5,9
1,30,150,103.2,14.7,5,0,0,6
0,46,195,108.6,21.2,2,2,7,13
0,52,196,69.5,0.0,2,2,8,12
1,45,181,63.5,16.8,2,2,5,14
0,58,197,104.3,19.0,5,1,-4,5
0,19,167,108.4,15.1,5,1,-3,9
0,25,169,63.5,28.8,3,1,-3,5
1,41,165,72.7,22.0,4,0,0,7
1,55,170,104.3,0.0,3,1,-7,6
1,24,162,69.3,26.1,3,1,-7,12
1,36,198,58.6,0.0,2,2,5,9
1,41,185,91.0,13.7,5,0,0,4
1,32,164,59.0,16.9,3,2,6,14
1,25,152,57.3,21.3,5,2,7,8
1,27,165,59.0,17.2,5,1,-2,16
0,26,195,88.1,13.6,4,2,3,11
1,18,163,51.3,29.2,5,1,-4,6
1,35,156,102.1,16.8,4,2,3,12
1,41,180,95.9,22.1,3,1,-3,6
0,60,152,75.3,0.0,5,0,0,7
0,26,189,63.3,0.0,5,2,2,14
1,26,195,106.1,0.0,1,1,-7,12
0,26,198,92.7,19.1,4,2,4,4
0,18,189,109.8,18.4,2,1,-3,13
0,23,156,53.7,27.4,4,0,0,16
1,40,194,92.5,22.4,1,0,0,7
0,29,176,51.0,22.9,3,2,2,8
1,43,185,62.2,29.9,4,1,-5,9
0,46,162,58.6,29.6,3,1,-8,10
0,31,194,109.3,22.6,3,0,0,11
1,44,179,61.8,16.7,5,2,2,11
0,29,178,108.9,15.1,1,0,0,13
0,30,161,63.9,29.1,2,0,0,6
0,18,157,71.7,13.0,3,2,5,12
0,46,157,83.4,23.3,4,2,4,12
1,59,160,69.6,10.6,3,0,0,8
0,32,177,87.3,29.4,2,2,6,12
0,46,183,51.2,0.0,4,2,3,8
1,34,172,52.5,0.0,4,1,-5,5
1,45,172,69.6,0.0,3,0,0,6
0,55,180,100.5,0.0,1,0,0,8
1,19,158,66.4,28.0,5,0,0,6
1,58,170,57.8,29.2,4,1,-3,13
1,21,182,80.0,14.8,3,0,0,5
0,35,151,98.6,0.0,5,1,-6,5
1,58,182,61.2,29.1,5,1,-4,11
0,51,198,103.0,10.2,3,0,0,8
1,29,174,60.6,22.5,1,0,0,16
1,32,171,57.0,16.1,2,0,0,6
1,55,169,91.0,20.6,4,2,4,16
0,35,172,85.3,20.3,2,2,6,16
1,35,173,107.3,14.4,1,2,3,9
0,29,176,60.8,16.8,2,0,0,4
0,39,166,59.0,15.1,4,0,0,16
0,21,197,87.8,0.0,2,1,-7,12
0,44,182,62.3,28.4,5,1,-8,10
0,57,160,100.1,26.8,2,0,0,16
1,33,191,74.8,16.2,4,1,-2,5
1,26,152,99.9,0.0,2,1,-5,9
1,24,184,51.7,28.3,2,0,0,14
0,52,179,58.0,22.4,5,2,7,6
0,41,188,108.6,28.4,3,1,-6,6
0,24,178,74.8,28.2,4,2,4,14
0,21,170,86.3,11.0,2,0,0,16
1,55,196,85.4,12.9,2,0,0,6
1,22,165,92.2,29.8,4,2,2,5
1,33,160,107.7,0.0,3,0,0,7
0,32,172,90.5,29.8,1,0,0,10
1,33,163,68.3,23.3,5,2,6,4
0,56,189,53.5,28.9,5,2,6,4
1,44,174,53.3,29.7,3,2,7,10
0,27,192,98.3,11.4,1,2,6,7
1,23,188,72.3,15.2,4,0,0,15
1,51,170,73.1,20.0,2,1,-8,10
1,18,178,78.8,16.6,3,0,0,12
0,50,183,76.7,27.5,2,0,0,10
0,40,162,63.3,10.5,1,2,6,12
0,34,193,68.8,20.5,4,1,-5,16
0,23,199,96.0,13.9,3,0,0,10
0,29,166,90.0,16.2,5,0,0,15
0,43,188,60.9,13.8,3,0,0,5
1,60,172,98.6,24.2,5,0,0,16
0,42,169,68.6,17.1,1,2,2,10
0,46,171,89.5,21.9,2,2,7,4
0,18,190,103.9,15.2,3,1,-4,6
0,47,187,98.3,15.8,2,2,5,5
0,18,178,53.5,18.7,3,1,-8,10
1,37,165,67.3,26.2,3,2,4,7
1,26,178,70.3,13.2,5,2,5,9
0,38,169,56.6,20.6,2,2,2,11
0,22,188,66.9,21.6,1,1,-2,7
0,25,150,58.2,22.5,4,1,-7,15
0,53,159,72.3,0.0,2,0,0,8
0,19,161,81.4,24.6,1,2,4,9
1,37,200,53.6,11.7,5,1,-6,16
0,26,171,74.0,23.1,5,0,0,12
1,45,191,59.7,18.0,4,1,-3,10
0,21,178,94.1,22.9,1,0,0,13
0,57,162,106.7,18.8,2,0,0,9
0,36,185,90.6,24.4,1,0,0,16
0,50,160,68.4,25.4,4,2,8,9
1,22,161,50.5,0.0,2,0,0,16
1,45,158,66.0,10.1,4,2,3,7
1,31,155,103.5,25.7,3,2,6,13
0,36,200,61.2,23.0,5,1,-5,7
0,21,177,66.9,20.0,3,1,-4,15
1,55,159,66.7,20.7,2,1,-6,12
1,44,152,84.7,0.0,3,1,-5,14
1,28,183,108.6,17.9,5,0,0,6
0,25,159,76.0,17.2,2,0,0,9
1,60,161,105.7,0.0,5,1,-3,9
0,38,187,89.2,21.9,5,2,5,5
1,19,172,107.4,24.8,1,2,2,6
0,27,176,105.9,29.4,1,1,-7,9
1,50,198,57.0,10.0,1,1,-6,12
1,45,173,56.6,10.4,1,2,6,12
1,41,184,97.5,14.1,2,1,-6,12
1,28,172,73.5,28.7,4,2,3,13
0,36,160,58.3,12.7,4,0,0,15
1,26,195,100.8,13.5,3,2,3,16
1,45,170,78.7,16.7,5,0,0,14
0,43,189,64.6,26.1,4,2,5,11
0,49,169,59.0,29.2,2,2,3,10
1,53,150,102.5,15.5,4,0,0,9
1,20,199,55.6,12.5,2,1,-8,8
1,40,158,81.1,19.5,3,1,-4,13
1,23,153,87.1,25.5,1,2,2,4
1,24,156,50.0,28.0,4,2,4,6
0,19,159,106.4,29.9,1,2,6,10
1,48,190,107.0,22.8,4,1,-7,10
0,29,188,65.7,10.7,5,0,0,5
0,34,152,85.8,22.2,5,1,-5,10
0,28,153,89.3,26.8,1,1,-6,14
0,35,180,96.1,23.4,1,2,7,12
1,27,154,99.2,28.5,3,2,2,13
0,25,164,85.2,21.7,1,2,7,5
0,51,195,66.5,0.0,1,1,-8,13
0,34,173,102.2,27.6,1,0,0,14
1,41,176,91.4,19.3,5,0,0,10
1,48,154,57.8,25.1,5,2,4,13
0,51,176,69.1,13.5,1,2,7,4
0,34,150,87.3,0.0,4,1,-5,16
1,25,165,52.2,14.8,2,2,5,5
0,19,165,81.9,15.4,1,2,6,10
1,39,177,61.0,17.5,2,0,0,15
1,27,157,83.9,15.1,4,2,8,12
0,45,150,64.7,25.9,5,2,4,14
1,40,190,77.7,16.1,2,0,0,6
1,30,166,65.0,27.9,2,2,2,5
1,22,155,109.8,16.3,5,0,0,8
0,43,158,61.0,24.9,4,0,0,11
1,31,177,91.1,25.8,3,0,0,5
1,50,155,51.7,23.9,1,0,0,5
0,57,161,109.0,0.0,3,1,-7,9
0,42,170,82.7,28.6,4,2,5,13
0,55,154,85.4,18.0,2,0,0,4
0,32,163,57.3,29.4,1,1,-4,6
0,46,161,56.8,0.0,3,1,-7,12
1,50,199,72.4,10.9,2,0,0,8
1,59,162,98.4,26.9,5,1,-3,6
0,18,199,77.5,25.5,3,0,0,8
0,42,168,109.8,28.1,5,0,0,12
1,56,186,57.7,24.6,3,1,-7,9
1,52,166,84.8,15.7,2,1,-4,12
0,41,159,71.4,0.0,4,2,5,12
0,22,172,52.5,14.8,2,0,0,4
0,39,190,70.8,23.5,2,1,-7,16
0,20,159,70.9,16.3,5,1,-8,12
0,54,162,59.0,22.2,3,2,6,9
0,23,173,70.8,15.3,1,2,2,9
0,39,187,74.9,26.6,5,1,-5,14
0,18,151,74.2,21.4,3,2,3,11
0,58,157,51.3,18.7,4,2,4,7
1,33,161,74.7,26.7,2,2,6,14
0,59,156,101.7,15.0,4,1,-6,11
0,51,194,88.6,16.4,5,0,0,8
0,31,178,55.4,11.6,2,2,2,9
0,42,196,64.0,20.8,5,2,3,14
0,53,150,67.0,14.1,3,0,0,13
0,34,181,80.3,19.6,4,2,3,10
0,41,168,87.9,28.7,4,1,-6,14
1,53,157,56.4,24.9,1,1,-4,11
1,25,152,88.4,14.8,3,2,2,15
1,47,197,85.2,20.5,2,1,-7,5
1,48,172,99.2,18.6,2,2,3,6
0,41,174,75.5,11.1,3,1,-8,14
1,50,154,90.1,14.4,2,0,0,16
1,58,193,104.7,16.6,3,1,-8,5
0,41,184,79.9,25.8,5,1,-5,12
1,33,167,95.5,22.3,1,0,0,12
1,48,171,94.1,29.2,2,2,3,10
1,38,171,99.6,10.7,1,2,4,13
1,60,184,79.2,22.5,1,1,-5,10
0,33,154,71.2,0.0,2,2,8,10
1,18,197,103.7,16.7,2,1,-2,6
1,37,183,94.4,14.0,2,0,0,10
0,25,190,52.7,15.6,2,2,8,7
1,41,175,79.6,26.3,5,1,-3,13
0,46,188,69.4,22.0,2,2,4,5
0,30,183,65.1,17.5,1,0,0,9
1,38,156,60.9,10.1,1,2,8,13
1,46,159,66.9,19.9,2,2,7,16
0,60,193,71.7,27.3,1,2,7,15
1,46,191,77.9,14.6,2,1,-5,8
1,32,198,51.4,15.6,2,0,0,14
1,22,193,103.8,15.7,1,0,0,11
1,19,164,54.2,14.0,3,0,0,8
0,49,161,76.7,23.4,5,2,2,15
1,46,161,66.4,23.4,3,2,5,16
1,22,187,97.2,18.8,5,2,8,12
1,45,193,102.1,26.5,5,0,0,5
0,28,170,99.5,14.3,4,0,0,7
1,24,171,98.5,11.8,3,1,-5,9
1,28,180,64.8,24.5,4,0,0,8
0,55,169,58.8,17.6,3,0,0,9
1,28,152,96.3,26.7,3,2,6,15
0,30,173,89.6,20.8,3,1,-4,14
1,49,162,60.4,15.4,2,0,0,13
1,52,159,106.8,26.6,2,0,0,11
0,58,162,84.7,29.9,1,2,7,15
1,36,158,98.1,23.4,3,0,0,14
1,49,197,64.0,20.2,5,1,-4,7
0,38,162,101.4,26.3,4,1,-8,7
0,47,160,99.2,27.6,1,2,4,5
0,55,175,80.0,12.4,5,2,6,12
1,19,161,105.2,12.0,3,0,0,6
1,37,197,80.8,26.8,4,2,8,13
0,25,184,81.8,22.5,1,2,3,8
1,48,183,74.6,23.7,1,0,0,6
1,35,184,92.1,12.1,3,2,7,13
1,30,192,97.4,13.0,2,0,0,11
1,19,157,53.2,23.4,5,0,0,5
1,37,156,69.6,0.0,1,1,-4,5
1,51,166,91.1,0.0,4,0,0,9
1,42,170,101.6,24.4,4,0,0,14
0,37,192,74.4,22.9,3,0,0,15
0,32,155,89.8,22.0,3,0,0,6
1,53,154,88.7,0.0,4,1,-5,8
0,30,158,95.7,15.8,4,0,0,8
0,46,155,52.0,17.0,2,0,0,16
1,55,156,75.0,21.5,5,2,4,5
1,45,150,96.5,29.3,3,1,-3,16
0,35,186,60.1,11.8,2,2,4,11
0,32,160,95.9,25.6,2,0,0,14
1,52,170,77.7,0.0,4,0,0,4
0,53,154,53.0,14.0,1,0,0,12
1,60,190,56.2,27.8,3,1,-8,13
1,47,176,94.7,26.2,2,1,-7,12
1,19,190,105.4,26.2,3,2,8,6
1,56,183,77.9,0.0,2,1,-5,13
0,32,167,88.8,22.0,5,0,0,10
1,36,181,61.0,20.2,5,1,-7,6
1,56,170,100.6,19.2,3,1,-3,5
0,27,165,60.8,10.8,1,0,0,14
1,21,185,87.7,15.2,4,1,-4,6
0,36,175,105.7,25.1,5,0,0,16
0,58,174,68.8,20.0,2,1,-4,15
1,53,186,73.5,26.0,2,1,-5,13
0,46,159,78.4,10.5,5,2,8,5
0,40,190,88.1,27.3,2,2,5,6
1,37,183,84.5,12.8,4,2,2,9
1,25,180,51.3,15.1,4,1,-6,9
0,18,174,82.8,21.2,4,0,0,8
1,60,161,66.2,16.5,3,2,4,7
0,31,178,86.8,29.9,2,1,-5,11
1,51,161,91.4,26.6,3,2,8,11
0,23,152,94.1,19.4,3,2,3,15
1,36,196,99.9,13.7,3,1,-4,4
1,40,198,76.1,27.0,2,0,0,10
0,35,166,84.8,24.8,5,1,-6,9
0,32,182,50.8,12.0,5,2,4,11
1,45,197,106.1,0.0,2,2,5,9
1,45,174,86.0,11.8,4,2,8,16
1,35,174,82.2,0.0,2,1,-3,5
0,59,182,104.1,17.5,5,1,-3,10
1,31,161,106.1,10.5,1,0,0,16
1,47,165,108.0,13.0,4,2,6,10
1,30,169,109.3,19.2,4,1,-4,15
1,21,155,63.6,19.9,2,1,-2,10
0,25,169,93.2,20.2,2,1,-6,16
0,45,165,81.2,24.4,3,0,0,8
1,18,166,85.2,13.3,5,0,0,10
0,41,185,50.3,19.2,3,1,-5,13
1,46,187,98.2,17.8,2,1,-2,14
1,56,175,56.7,28.4,3,2,2,15
1,36,155,78.0,29.1,4,1,-8,5
0,35,180,63.8,16.7,4,1,-3,12
1,31,199,92.7,29.0,5,2,5,14
0,34,181,66.3,28.8,4,0,0,8
1,37,177,65.9,26.2,2,2,7,13
1,38,171,108.8,21.6,5,1,-4,14
0,47,156,87.6,22.7,1,1,-6,4
1,41,171,58.1,0.0,5,2,2,9
1,35,199,53.1,0.0,3,1,-8,12
1,36,163,58.1,12.2,1,2,6,6
1,38,165,98.6,20.4,5,2,6,10
1,59,179,109.1,19.7,2,0,0,16
0,49,166,61.2,28.8,4,0,0,12
1,19,163,81.5,0.0,2,2,5,5
0,51,184,90.0,14.8,4,1,-7,7
1,27,155,65.3,17.5,3,1,-6,11
0,27,198,53.9,23.2,4,1,-5,14
0,56,159,101.7,26.2,4,0,0,16
1,47,160,107.9,0.0,5,2,2,9
0,52,181,70.3,14.4,3,2,3,14
0,34,162,59.7,16.4,4,1,-5,10
1,18,175,99.1,13.8,5,0,0,9
0,54,182,62.9,0.0,1,2,5,16
1,39,187,60.4,17.5,3,2,6,9
1,47,188,107.7,0.0,1,1,-8,7
1,34,168,50.2,13.8,2,1,-7,5
1,59,197,103.2,19.9,1,1,-4,14
0,57,152,71.2,15.0,5,2,4,10
0,58,180,104.9,24.8,2,2,4,13
1,56,152,84.1,23.7,2,0,0,6
0,52,173,87.1,17.1,4,2,6,16
0,42,158,105.3,13.5,5,1,-4,13
0,44,156,78.9,0.0,4,0,0,7
1,26,191,59.7,21.6,4,2,2,6
0,18,183,107.9,15.9,5,1,-5,15
0,19,174,94.3,0.0,4,0,0,8
1,42,193,101.8,28.3,3,0,0,9
1,33,187,106.2,16.9,4,2,3,15
1,53,175,91.5,0.0,3,1,-5,5
1,18,166,51.0,29.7,1,0,0,5
1,43,178,78.5,26.9,4,2,5,7
1,45,153,91.5,28.5,3,0,0,7
1,51,167,74.7,0.0,4,1,-5,9
0,51,172,67.8,17.0,2,0,0,7
0,57,199,109.0,0.0,2,1,-5,9
1,57,159,89.6,19.0,3,1,-8,7
1,55,156,59.5,24.8,2,1,-6,4
0,27,160,87.6,21.3,1,0,0,14
0,43,183,89.7,19.8,1,1,-3,10
0,42,191,63.7,23.0,1,2,5,13
0,54,153,82.0,21.4,2,1,-8,10
0,25,167,100.5,25.9,3,0,0,11
0,19,184,54.7,15.4,2,0,0,8
1,31,160,91.7,12.4,3,2,2,7
0,53,157,52.3,24.8,1,0,0,14
1,58,162,99.0,0.0,4,1,-3,16
0,23,200,89.3,23.9,1,0,0,7
0,33,154,89.9,18.1,1,2,2,5
0,52,185,62.2,23.1,3,0,0,5
0,44,197,99.2,10.3,1,1,-4,8
0,33,199,71.7,19.8,2,2,6,11
1,34,190,102.8,0.0,5,1,-2,16
0,38,172,98.4,20.7,5,0,0,8
0,20,164,76.6,0.0,2,1,-7,10
1,52,173,75.1,18.9,1,0,0,9
1,59,174,75.5,21.9,3,1,-4,12
1,32,154,106.2,25.4,4,1,-5,5
0,27,171,53.0,24.0,2,0,0,8
1,43,199,51.2,26.9,4,1,-5,8
0,40,179,52.0,11.0,3,2,6,14
1,22,168,67.2,14.8,4,2,6,10
1,21,183,96.3,23.4,5,2,4,16
0,38,191,81.1,23.4,1,1,-8,12
1,56,182,60.4,19.2,4,2,6,4
1,27,177,94.1,17.5,3,2,3,4
1,29,195,87.8,0.0,3,0,0,15
0,35,151,66.9,22.2,3,2,8,12
1,26,198,57.3,13.2,4,1,-8,13
0,41,168,62.5,18.2,3,0,0,12
1,53,186,99.0,0.0,2,2,8,8
0,39,169,56.8,20.5,2,2,2,13
1,22,153,53.3,29.3,5,1,-7,9
1,28,192,104.7,17.2,3,2,8,12
1,23,158,78.5,25.4,5,1,-4,7
0,40,190,100.2,23.1,1,2,2,7
1,49,169,66.3,10.3,1,0,0,16
1,41,175,74.3,13.6,3,0,0,5
1,27,193,77.9,27.2,2,1,-2,8
0,26,181,102.3,12.0,1,2,8,12
0,53,160,87.6,0.0,3,1,-3,12
1,24,159,76.6,20.7,4,0,0,11
0,19,177,80.1,19.3,1,1,-2,12
1,25,198,71.3,16.3,4,2,7,13
0,30,193,67.8,29.6,2,0,0,15
0,52,192,73.6,13.8,3,2,6,12
1,44,163,89.4,16.3,1,1,-5,7
0,48,186,88.5,15.1,1,2,7,7
1,38,197,104.1,26.8,5,1,-8,13
1,44,170,56.7,29.9,5,2,4,6
1,46,168,52.0,17.7,2,1,-7,11
1,24,177,52.3,25.0,2,1,-8,14
1,50,168,82.7,20.2,2,1,-7,16
1,52,180,79.1,22.4,2,1,-5,12
0,44,195,83.6,23.1,2,0,0,9
1,47,196,99.9,21.8,2,0,0,14
0,42,182,81.8,29.4,4,2,6,4
1,60,188,96.1,11.8,1,1,-2,4
1,55,163,55.4,0.0,2,0,0,16
0,52,162,88.5,22.2,2,0,0,16
0,55,196,104.9,14.4,5,1,-7,7
1,30,195,89.9,0.0,1,2,3,14
1,39,194,51.0,17.5,4,2,5,15
1,55,155,70.2,29.4,4,0,0,7
1,58,154,58.0,17.9,5,0,0,11
1,31,200,61.5,20.3,1,1,-2,11
1,37,170,62.9,25.9,1,0,0,5
0,54,193,92.8,22.9,5,1,-5,6
1,52,177,60.5,0.0,4,2,3,5
0,39,154,77.0,19.9,5,1,-4,11
0,42,183,65.3,26.6,2,2,3,10
1,56,178,95.2,22.2,3,1,-8,16
1,60,153,100.7,0.0,5,2,4,11
0,51,169,85.1,10.6,5,2,7,16
0,45,172,97.9,21.0,1,0,0,10
1,48,182,77.2,22.5,1,2,5,4
1,47,152,52.1,27.9,1,0,0,13
1,26,151,52.7,11.2,2,1,-4,8
0,31,174,76.7,12.0,3,0,0,15
0,51,151,85.5,0.0,1,2,8,4
0,23,180,68.2,27.5,3,2,5,7
0,52,190,61.0,10.8,1,1,-7,4
1,44,176,72.7,22.4,5,2,3,5
0,23,186,103.8,17.7,3,0,0,13
0,49,169,72.1,26.5,3,0,0,9
0,25,188,62.9,17.8,3,1,-6,9
0,54,181,60.1,13.7,5,2,6,11
1,26,174,78.5,25.0,5,2,2,4
1,33,154,75.9,14.0,2,0,0,7
0,54,165,58.8,29.5,3,2,5,11
1,39,196,107.7,14.8,4,0,0,14
0,44,151,67.9,0.0,1,0,0,9
1,33,193,66.2,22.1,4,1,-4,12
0,34,183,53.3,28.6,3,1,-8,16
0,43,176,93.5,25.4,5,1,-6,10
1,30,163,80.0,12.8,3,2,5,6
1,54,156,56.9,11.1,4,2,8,14
0,22,197,99.1,27.6,5,2,5,5
0,56,189,96.4,10.7,1,0,0,14
0,59,189,104.7,29.1,5,2,3,16
1,32,182,68.5,17.4,2,1,-5,5
0,38,194,68.2,24.1,2,1,-7,11
1,39,170,107.0,15.1,2,0,0,13
1,40,160,93.5,18.0,5,1,-5,13
1,38,199,105.9,23.5,3,2,7,13
1,29,169,85.5,29.5,3,2,4,4
0,35,155,77.4,23.7,4,0,0,15
1,58,160,109.1,16.6,2,0,0,5
0,54,199,56.4,20.4,4,2,8,8
0,47,151,83.2,11.7,3,0,0,13
1,49,179,67.7,17.0,2,0,0,12
0,60,154,101.6,28.8,5,0,0,10
0,32,154,102.8,18.5,5,1,-2,15
0,52,172,87.2,0.0,4,0,0,14
0,55,165,102.9,19.9,5,0,0,7
0,34,199,65.9,16.0,2,0,0,8
1,24,189,60.6,11.7,4,0,0,11
0,26,170,102.5,19.2,4,2,3,12
1,27,169,65.0,26.5,4,0,0,10
1,29,164,82.5,25.7,1,0,0,14
0,29,152,52.6,14.9,3,1,-7,6
1,34,199,100.0,26.8,5,1,-4,4
1,55,154,61.5,12.3,1,1,-7,8
0,59,191,62.2,16.0,4,0,0,14
1,54,173,106.1,17.8,3,0,0,8
1,38,152,107.6,19.1,3,0,0,11
0,24,164,75.2,28.3,5,1,-5,16
0,41,181,77.1,29.4,4,1,-3,6
1,49,180,82.0,18.0,4,1,-6,10
0,59,191,56.3,21.5,3,1,-5,8
0,23,177,59.8,11.2,1,0,0,7
1,20,154,89.0,26.6,5,2,2,9
0,39,161,98.7,10.8,4,1,-2,4
1,41,175,108.8,11.5,1,0,0,15
1,43,200,55.0,0.0,2,2,4,8
1,35,158,69.0,29.7,5,1,-7,8
1,55,200,82.7,28.1,2,1,-3,10
0,33,193,97.2,0.0,4,2,6,5
0,35,155,110.0,21.3,3,0,0,9
1,40,151,65.4,24.6,3,1,-8,14
1,42,154,66.6,19.6,3,1,-7,6
0,57,188,58.6,24.0,1,2,7,4
0,21,178,53.0,28.7,5,0,0,15
0,46,157,55.1,22.6,1,0,0,15
0,34,183,92.4,24.4,1,0,0,7
1,45,187,109.8,25.3,5,0,0,12
1,48,181,61.3,22.6,4,0,0,7
0,51,187,70.5,25.0,1,1,-2,5
0,49,177,67.8,27.8,3,0,0,9
1,39,176,69.6,0.0,4,0,0,9
0,42,168,76.3,12.9,4,1,-2,15
1,48,150,83.2,10.8,4,1,-2,16
0,34,184,77.1,27.2,3,0,0,11
1,52,181,95.9,0.0,4,1,-4,16
0,26,187,92.3,14.8,4,1,-4,11
1,24,153,64.3,23.9,1,2,3,13
0,35,174,94.8,29.2,3,0,0,13
1,29,166,66.6,23.0,3,1,-2,8
1,57,178,58.4,19.5,5,1,-4,15
0,27,150,70.8,26.2,2,0,0,5
1,49,153,77.2,21.7,2,0,0,10
0,58,163,89.5,29.3,4,1,-2,4
0,47,199,85.4,29.2,4,2,3,7
1,54,184,77.3,27.4,1,2,8,16
0,45,169,56.7,18.7,1,2,6,14
1,23,158,55.3,23.0,5,0,0,7
1,36,165,107.4,29.4,4,2,2,14
1,29,171,101.2,13.9,1,0,0,5
0,24,174,55.7,0.0,3,1,-3,4
0,60,192,103.7,27.3,4,0,0,10
1,36,152,90.9,0.0,4,1,-7,15
0,38,178,88.9,19.1,3,1,-8,6
0,45,168,97.2,25.1,4,0,0,6
0,30,181,57.6,16.6,5,1,-3,7
1,28,200,62.5,14.9,1,0,0,16
1,49,177,78.9,22.3,2,0,0,16
0,32,190,101.5,15.6,4,2,5,16
0,21,182,58.5,0.0,3,1,-7,4
0,21,166,64.8,28.7,5,1,-6,15
0,33,194,97.0,21.8,1,2,5,9
1,33,150,66.6,11.8,1,0,0,8
1,34,177,100.7,0.0,5,0,0,9
0,46,183,52.8,28.8,5,1,-8,9
1,22,155,88.7,23.9,2,2,3,7
0,57,181,104.7,27.8,2,1,-4,16
1,20,170,86.8,0.0,4,2,7,10
0,50,198,55.0,28.0,5,0,0,7
1,41,195,68.1,30.0,5,1,-4,13
0,41,177,109.1,19.2,4,2,5,5
1,39,174,76.2,10.8,5,0,0,9
1,23,180,54.8,12.9,3,1,-7,9
0,19,172,66.8,28.4,2,1,-2,15
0,60,196,54.0,19.0,1,1,-2,13
1,25,197,52.9,19.5,2,0,0,15
0,35,196,60.9,14.2,4,2,4,14
0,39,172,66.4,20.2,2,2,2,16
0,45,179,54.0,10.1,4,2,4,16
1,25,177,101.5,16.5,1,2,3,6
0,46,164,92.2,0.0,2,1,-7,7
0,42,193,79.4,10.4,2,1,-5,10
0,50,185,96.1,23.6,3,2,4,13
1,41,199,109.5,22.2,5,1,-8,16
0,47,156,52.2,17.1,1,0,0,8
1,35,174,75.2,0.0,3,1,-7,4
1,23,189,74.0,19.4,4,0,0,9
1,47,198,105.2,0.0,1,0,0,4
1,21,153,82.9,21.6,1,2,4,7
1,44,179,78.3,20.1,5,0,0,6
0,19,153,59.4,0.0,2,1,-6,6
0,36,183,93.3,27.8,5,1,-4,15
0,37,188,104.2,18.4,4,2,2,14
0,28,162,99.3,16.4,2,0,0,9
1,28,152,100.4,20.2,4,0,0,9
0,27,186,64.3,0.0,1,1,-8,4
0,44,188,64.8,20.6,2,0,0,13
1,57,184,104.3,26.3,2,2,2,14
1,54,177,54.8,11.4,3,2,4,8
0,23,160,96.6,28.9,2,2,4,14
1,47,162,103.1,10.5,3,1,-7,4
0,49,174,81.8,27.9,2,0,0,9
1,42,177,97.3,29.2,5,1,-3,7
0,20,152,59.9,0.0,3,1,-5,10
0,28,198,79.6,29.8,3,1,-4,9
0,27,184,86.1,28.4,1,0,0,6
1,50,170,105.1,0.0,1,0,0,11
1,49,173,58.9,29.8,3,1,-4,13
0,24,189,80.0,24.0,4,1,-4,10
0,33,184,63.6,20.3,1,1,-5,11
0,50,199,67.2,15.2,4,0,0,4
1,25,178,53.6,11.6,2,1,-3,11
0,52,164,103.1,26.8,1,2,3,4
0,57,178,81.0,10.5,3,2,6,13
0,59,152,85.5,0.0,2,1,-7,5
1,37,180,74.6,29.1,1,2,7,8
0,43,153,99.9,19.6,5,2,2,4
1,33,176,102.1,22.3,3,0,0,5
1,55,150,76.1,0.0,2,2,5,12
1,48,192,64.0,0.0,4,0,0,10
0,57,151,72.1,14.9,3,2,7,5
0,52,156,69.6,10.8,1,1,-8,11
0,48,159,84.4,0.0,4,0,0,6
0,37,199,86.3,29.9,2,2,6,9
1,36,171,80.1,13.3,5,2,3,6
1,21,176,63.0,21.8,2,1,-8,5
1,39,153,65.5,19.6,4,0,0,9
1,45,199,107.9,17.2,2,0,0,7
1,57,200,90.2,10.6,1,2,8,16
1,42,161,101.0,0.0,3,0,0,14
1,56,170,65.1,24.7,3,1,-3,8
1,30,193,90.3,12.6,5,2,3,4
1,58,164,52.9,0.0,5,1,-6,15
1,30,183,101.4,26.3,3,1,-3,11
1,37,180,106.9,0.0,2,2,4,4
0,58,162,95.0,0.0,5,1,-7,16
1,55,158,81.8,0.0,2,2,3,14
1,31,188,101.4,29.9,4,1,-7,15
1,57,165,78.3,11.7,1,1,-7,8
0,55,198,72.4,29.5,3,0,0,12
0,57,171,68.2,0.0,4,1,-6,16
0,53,156,82.0,19.0,3,2,7,11
0,20,198,56.0,12.1,1,0,0,15
1,45,200,104.4,18.2,3,0,0,11
0,40,164,87.1,17.2,1,0,0,14
0,21,181,103.0,0.0,4,1,-7,5
0,40,179,103.3,14.5,5,0,0,10
1,59,163,90.4,15.5,2,0,0,11
0,18,200,55.0,0.0,2,2,6,14
0,22,193,56.1,20.8,2,0,0,11
0,24,194,51.5,23.0,2,1,-3,5
1,38,164,68.9,25.3,2,1,-8,15
0,33,172,110.0,0.0,5,0,0,8
0,31,189,76.9,13.3,3,1,-6,5
1,32,167,51.9,29.1,1,2,8,14
1,34,158,72.2,11.6,2,0,0,8
1,34,179,104.0,26.9,1,1,-8,16
0,34,151,88.0,19.1,1,0,0,6
0,56,160,83.7,26.6,5,1,-8,14
1,55,180,83.9,11.7,1,2,8,7
1,21,195,51.9,28.4,3,1,-4,9
1,44,154,79.5,0.0,4,1,-4,7
1,50,193,72.1,18.6,2,2,7,13
1,57,195,58.2,0.0,5,2,5,10
1,51,196,79.6,13.4,3,2,3,13
1,33,161,73.3,25.3,1,1,-6,9
1,20,196,105.2,27.0,2,0,0,5
1,35,198,105.9,15.0,1,0,0,10
0,58,192,107.3,19.8,5,0,0,13
0,55,195,56.5,27.5,5,1,-6,10
0,50,169,66.6,12.6,4,0,0,5
1,28,196,97.9,13.6,1,1,-4,14
0,36,166,58.3,15.0,2,1,-5,8
0,58,165,83.5,14.8,3,0,0,16
0,30,197,80.0,19.6,2,1,-4,10
0,43,172,51.9,27.6,5,2,8,10
0,29,185,108.4,25.7,5,0,0,15
0,55,185,68.8,11.9,4,2,2,8
0,18,187,83.4,26.2,2,1,-2,6
1,35,199,66.3,0.0,2,0,0,14
1,56,173,79.4,28.2,5,0,0,11
0,55,152,60.9,14.6,4,2,7,11
0,56,185,81.6,26.0,1,2,4,8
1,31,160,106.5,21.0,2,1,-4,15
1,45,172,104.5,15.0,4,2,3,12
1,54,167,97.6,27.9,3,0,0,16
0,46,191,50.1,15.8,5,2,4,13
0,40,150,93.5,14.6,1,0,0,12
0,24,165,74.6,22.9,2,2,8,11
1,32,154,50.3,0.0,1,2,3,15
0,43,174,62.3,21.4,3,0,0,4
1,45,191,64.7,26.8,1,0,0,6
0,40,162,99.7,27.3,2,2,6,4
1,25,177,65.7,14.7,1,0,0,13
1,51,161,72.5,20.1,3,1,-8,8
1,48,156,94.4,11.2,3,2,4,9
1,43,183,59.2,16.8,3,2,3,9
0,33,167,95.3,19.5,5,0,0,6
1,43,157,105.2,25.0,5,0,0,5
0,56,156,100.8,20.9,4,1,-6,16
1,59,166,100.0,25.7,4,2,7,16
0,49,177,66.4,14.6,3,1,-6,16
1,35,176,75.3,29.3,1,1,-4,10
0,28,165,82.0,27.0,1,2,8,6
1,42,184,108.4,13.9,1,1,-6,9
0,31,155,88.2,18.1,2,0,0,12
0,60,178,56.1,11.6,2,2,3,11
1,21,167,99.3,20.0,4,1,-7,12
1,49,191,77.3,26.4,2,1,-4,8
0,50,183,50.0,20.9,3,2,2,9
1,32,170,55.0,28.3,1,1,-3,14
0,34,188,103.7,14.6,5,2,2,14
0,38,182,104.5,13.3,1,2,7,12
1,35,187,98.2,28.2,5,1,-3,4
1,49,179,50.6,15.0,4,0,0,7
0,42,158,59.2,21.2,5,1,-6,14
1,19,153,57.9,15.5,5,0,0,16
0,27,193,96.8,11.7,5,0,0,9
0,50,180,60.7,19.8,5,0,0,9
1,27,153,88.8,21.2,1,0,0,14
0,23,180,80.1,17.8,1,1,-8,16
0,60,157,66.5,19.6,4,2,2,8
1,47,192,66.7,19.3,1,0,0,15
0,37,155,73.4,0.0,3,1,-7,7
0,42,157,109.7,16.7,3,2,6,6
0,55,183,57.3,16.7,3,0,0,6
1,19,152,56.4,17.6,5,1,-2,5
0,25,167,88.9,21.0,1,0,0,12
0,36,164,62.6,14.5,3,0,0,8
1,26,176,82.8,0.0,5,0,0,16
1,26,198,106.2,0.0,5,2,3,11
0,42,153,109.4,0.0,2,0,0,8
1,20,166,96.5,0.0,3,2,3,10
0,24,200,72.9,15.0,4,1,-5,11
1,27,192,61.4,29.7,2,1,-2,4
0,28,180,69.8,19.3,2,0,0,7
0,41,198,90.7,13.6,3,0,0,6
1,25,190,98.0,10.5,1,1,-8,14
0,22,192,103.4,21.4,2,1,-6,9
0,57,161,58.6,14.5,1,1,-2,16
1,32,193,108.0,26.9,5,1,-5,9
0,30,182,51.2,10.3,5,0,0,15
0,34,183,69.2,29.3,1,0,0,5
0,60,199,76.3,0.0,4,1,-6,14
1,18,170,64.3,28.4,5,1,-7,12
1,21,182,84.1,19.8,2,2,4,14
0,28,158,81.9,28.7,4,1,-4,10
1,37,194,104.6,25.8,2,2,6,14
1,45,155,59.1,18.3,3,2,7,15
0,35,167,55.8,17.9,2,1,-7,15
1,33,174,95.2,16.5,1,0,0,9
0,40,183,93.2,15.5,4,0,0,15
1,24,182,69.4,16.0,3,2,5,14
1,38,184,57.4,0.0,4,2,5,16
1,30,179,92.4,15.6,3,0,0,6
1,59,183,55.3,26.0,2,2,6,14
0,36,191,61.5,11.3,3,0,0,11
0,52,199,86.7,0.0,2,1,-7,13
0,57,199,96.0,14.9,1,2,5,4
1,18,154,60.4,19.5,1,0,0,13
0,33,190,99.9,15.6,3,0,0,16
0,58,187,100.3,13.5,2,1,-3,7
1,58,177,79.2,0.0,3,1,-6,7
0,35,173,98.3,17.6,5,1,-2,16
1,35,189,51.0,16.5,5,2,6,10
1,28,160,92.8,12.0,1,2,3,8
1,26,152,95.1,23.2,5,2,2,11
0,53,151,91.8,13.5,3,2,8,5
0,34,175,100.0,29.1,3,2,2,9
0,58,189,50.5,19.6,2,2,4,14
0,32,191,91.7,19.1,4,1,-3,16
0,48,165,105.8,10.7,5,0,0,14
0,29,172,94.8,14.0,5,2,3,13
0,53,187,62.7,21.6,1,1,-3,14
1,31,193,94.0,23.2,4,2,6,16
0,36,180,69.5,27.7,1,0,0,5
1,21,177,72.5,24.8,3,2,3,16
0,19,174,109.4,0.0,4,0,0,11
0,28,182,73.5,11.1,2,0,0,9
1,43,158,50.3,30.0,3,1,-4,11
0,50,190,98.5,21.1,5,0,0,5
1,25,175,99.7,18.9,5,1,-3,7
1,30,154,76.3,27.8,1,0,0,5
0,36,179,55.9,0.0,5,1,-6,8
1,59,180,63.1,11.9,5,2,4,11
0,50,192,76.9,0.0,2,1,-3,14
0,26,196,109.3,0.0,2,1,-7,7
0,23,196,63.1,12.6,3,1,-4,12
0,22,182,81.0,28.5,1,2,2,7
0,54,168,55.2,0.0,5,0,0,11
1,36,162,90.7,14.8,5,0,0,5
0,60,171,74.7,14.6,4,2,2,12
1,39,167,65.6,24.1,1,2,6,11
1,59,165,67.5,0.0,4,1,-8,11
0,51,168,79.0,28.9,2,2,6,12
1,19,177,89.4,16.7,1,1,-4,5
0,45,179,62.5,15.0,4,1,-3,6
0,53,167,79.9,24.8,5,1,-5,4
1,48,169,96.1,20.4,1,1,-3,15
1,20,178,76.3,10.5,2,2,7,12
1,33,155,70.5,17.2,2,0,0,9
0,49,191,89.6,0.0,5,1,-4,10
1,50,187,63.8,0.0,1,0,0,10
1,33,150,99.2,23.9,5,0,0,15
0,45,195,71.8,24.0,2,2,2,13
0,44,160,86.0,14.8,4,0,0,6
0,36,162,58.8,21.5,2,2,7,7
0,47,155,85.6,26.0,2,0,0,10
1,18,196,84.4,0.0,3,0,0,10
1,21,167,65.4,11.4,4,2,7,4
0,35,183,64.0,29.7,5,0,0,4
0,43,176,104.6,14.4,1,2,7,15
1,54,182,81.0,28.5,3,0,0,12
0,29,180,81.9,29.6,5,0,0,12
1,41,181,66.3,15.5,1,1,-6,8
1,44,173,94.5,0.0,1,0,0,6
0,22,192,55.0,16.3,4,2,8,6
0,31,154,66.9,29.2,1,1,-5,16
0,37,151,50.3,29.9,1,0,0,12
0,50,176,87.3,26.3,2,2,7,6
0,34,157,92.0,24.3,4,2,6,14
1,56,156,56.2,20.1,3,2,3,12
1,31,194,81.9,28.0,5,1,-2,8
0,39,170,52.4,13.1,4,0,0,12
1,43,196,100.5,0.0,3,2,2,9
0,57,182,53.9,20.9,4,2,8,6
0,59,177,79.3,22.2,1,2,3,13
0,50,193,109.8,19.4,1,1,-7,12
1,50,185,79.4,12.3,4,0,0,12
0,48,171,80.3,14.8,4,0,0,12
1,48,161,85.8,16.7,2,1,-4,4
0,27,161,60.7,12.0,3,1,-7,12
1,52,154,104.9,16.2,4,2,8,6
0,60,197,75.5,0.0,3,1,-2,9
0,29,190,56.8,11.0,5,2,8,9
1,36,159,62.3,18.9,4,2,8,7
1,49,192,73.9,0.0,5,2,5,14
1,23,181,75.4,10.6,5,0,0,12
0,40,183,84.3,21.4,3,2,4,8
1,27,176,92.9,29.2,4,1,-6,11
0,52,188,64.8,29.0,3,1,-3,9
0,56,178,50.2,29.6,5,2,4,8
1,22,168,79.1,23.9,1,2,7,12
0,26,181,78.8,0.0,4,0,0,15
0,29,157,100.5,20.9,2,2,7,9
1,28,184,87.1,0.0,5,2,6,16
1,30,200,77.7,27.9,3,0,0,11
1,51,177,55.4,11.4,5,2,5,10
1,30,176,75.6,17.5,1,2,6,16
0,20,168,89.5,23.7,2,1,-4,12
0,18,176,87.2,26.4,5,2,2,16
1,27,200,107.7,0.0,5,2,8,5
1,23,162,81.0,17.2,4,1,-4,11
0,49,176,92.4,21.3,5,0,0,15
0,60,193,63.1,23.0,1,0,0,4
1,47,165,58.8,0.0,3,2,7,13
0,53,178,91.8,15.1,1,2,8,14
1,43,197,105.5,11.4,4,0,0,13
0,43,185,80.8,27.9,5,1,-4,15
0,57,169,86.1,0.0,4,1,-7,11
1,51,150,97.1,16.5,2,0,0,13
1,37,152,85.9,0.0,2,0,0,4
1,49,170,54.8,29.6,5,0,0,10
0,27,156,78.8,20.7,2,2,6,16
0,19,156,104.6,21.6,2,2,2,12
1,49,177,78.4,19.1,4,1,-5,9
0,56,178,78.1,25.0,5,2,5,15
0,56,184,70.4,0.0,1,2,8,15
1,44,189,107.3,16.3,1,2,3,7
0,35,186,58.6,13.9,2,2,2,11
1,58,196,96.7,10.1,2,1,-7,14
0,39,183,56.5,0.0,5,2,7,12
1,45,161,95.1,0.0,1,0,0,16
0,19,184,108.3,27.7,3,2,6,4
0,48,198,61.8,23.7,4,0,0,8
1,53,185,50.2,0.0,3,0,0,11
1,28,164,95.9,21.8,1,1,-6,10
1,35,162,62.4,10.0,4,0,0,11
1,30,161,76.8,12.5,1,0,0,12
1,19,183,104.6,26.3,4,0,0,9
1,20,157,87.4,19.9,1,0,0,13
0,51,173,55.8,0.0,3,1,-4,6
1,51,172,64.6,16.7,1,2,5,13
1,26,164,80.5,24.2,1,2,4,6
0,49,158,88.3,16.3,1,0,0,10
0,42,169,67.7,28.3,2,2,6,16
0,40,200,96.2,0.0,5,2,7,16
1,46,162,109.0,26.8,3,0,0,6
1,23,159,57.0,27.3,4,0,0,7
0,54,175,55.5,12.3,2,2,2,16
1,42,187,85.5,15.2,3,1,-3,10
1,55,183,79.8,10.2,1,1,-7,13
1,53,183,109.0,26.9,2,1,-2,5
1,44,152,60.9,0.0,3,0,0,15
0,53,152,58.4,26.1,5,0,0,11
1,53,198,91.9,19.3,3,1,-8,4
1,36,197,75.0,0.0,4,0,0,4
0,52,192,107.9,22.9,1,1,-7,4
0,33,160,100.6,22.8,1,1,-8,15
0,19,169,58.7,29.6,5,0,0,5
1,31,167,89.4,11.5,1,2,7,11
1,25,182,108.4,10.1,5,1,-5,4
1,20,171,76.6,17.5,1,1,-4,14
1,24,153,66.6,21.4,1,0,0,13
0,52,157,82.2,0.0,3,1,-4,11
0,27,199,56.7,24.4,5,1,-7,10
1,47,170,106.4,24.1,1,2,6,13
0,46,152,69.0,15.3,4,1,-7,11
1,43,166,75.1,0.0,1,1,-7,8
1,48,164,64.9,0.0,4,1,-6,6
1,39,176,67.2,29.4,3,2,8,10
1,43,199,93.8,0.0,2,1,-4,5
0,44,186,50.9,25.0,2,1,-8,11
1,44,184,76.6,23.5,4,0,0,4
1,25,189,83.1,0.0,1,2,5,16
0,59,197,84.3,25.8,1,0,0,14
1,22,200,54.3,0.0,3,1,-6,6
0,27,195,109.5,20.8,4,1,-6,4
1,50,168,71.9,11.5,1,1,-5,14
1,40,160,53.0,18.6,5,0,0,9
1,60,173,90.4,17.5,1,2,6,16
1,40,174,81.5,21.6,3,0,0,16
1,43,162,60.1,19.2,4,2,5,14
0,32,157,101.3,12.6,5,1,-4,9
1,47,158,103.4,0.0,2,1,-7,9
1,18,170,69.0,11.7,2,0,0,5
0,51,200,109.0,26.9,2,1,-4,11
1,59,169,87.2,15.2,3,1,-7,13
0,38,190,57.3,14.5,5,0,0,8
0,19,196,68.3,14.3,2,1,-4,4
1,48,163,59.6,21.9,3,2,2,4
1,20,159,87.0,15.2,5,2,4,9
0,40,189,109.7,17.7,2,1,-4,13
1,56,163,100.7,28.6,4,1,-4,11
1,28,178,50.3,12.2,3,0,0,11
1,38,193,93.7,0.0,2,2,2,15
1,41,192,98.5,24.1,4,2,3,11
1,49,157,59.4,28.8,1,0,0,9
0,19,192,51.3,21.4,3,0,0,11
0,28,170,103.0,29.9,1,1,-4,10
1,25,190,69.5,11.5,4,1,-8,13
1,37,150,56.9,0.0,2,1,-7,6
1,45,170,55.8,0.0,1,2,2,4
1,38,169,91.0,22.2,5,0,0,10
1,29,194,90.4,27.6,3,1,-3,9
0,35,196,76.4,22.0,5,2,4,15
0,45,173,96.7,16.0,1,1,-3,7
1,28,163,99.0,17.1,5,1,-5,15
1,23,193,51.4,21.4,2,0,0,10
0,31,192,94.6,16.1,3,2,4,11
1,49,153,104.8,21.8,3,1,-3,6
0,18,180,73.4,20.1,5,0,0,13
0,25,169,105.3,27.4,4,1,-5,5
0,31,167,74.1,29.8,2,2,7,7
1,25,158,90.6,14.4,3,2,3,6
0,19,198,81.5,27.9,4,2,8,4
0,19,186,95.6,0.0,5,2,8,10
1,33,153,89.4,0.0,2,2,7,13
1,22,200,64.4,0.0,4,1,-8,9
0,55,196,58.5,11.4,3,1,-2,10
1,46,194,89.9,0.0,5,0,0,11
0,20,157,73.4,29.6,2,2,2,5
1,20,176,99.2,12.6,5,0,0,8
0,25,174,87.3,0.0,3,1,-3,14
0,45,192,108.9,10.1,5,1,-3,11
0,57,180,59.7,20.5,1,2,7,5
1,47,175,76.0,17.1,3,1,-7,11
1,54,163,59.1,22.1,5,1,-6,16
1,44,194,99.5,26.8,4,2,7,11
1,32,158,98.5,21.9,4,1,-4,16
0,51,188,57.9,19.9,3,0,0,11
0,31,184,63.8,12.9,2,1,-3,14
0,55,187,64.7,19.1,1,2,2,13
0,58,169,83.8,29.3,1,1,-7,15
1,24,163,57.4,29.8,1,1,-7,14
0,40,173,90.7,17.8,4,2,6,11
1,30,184,109.1,0.0,2,0,0,9
1,42,154,78.7,0.0,5,1,-3,6
0,60,150,70.3,11.5,3,1,-5,12
0,52,168,88.1,29.1,3,1,-7,9
0,23,162,100.4,15.2,4,1,-6,5
1,36,167,99.5,14.4,4,0,0,4
0,52,152,75.7,12.1,1,1,-6,14
1,37,198,58.5,10.0,5,2,8,16
1,54,155,69.6,0.0,2,2,3,9
0,43,191,55.4,14.3,2,0,0,9
1,29,166,74.9,12.2,2,1,-6,12
1,46,187,63.0,11.8,2,2,2,9
0,18,164,97.7,13.1,2,2,4,15
0,37,176,75.9,25.6,1,1,-5,16
0,54,194,79.1,20.8,3,2,6,14
1,24,179,72.8,10.9,4,0,0,14
0,48,165,78.5,28.4,1,2,5,16
0,40,151,93.5,0.0,4,0,0,9
0,50,162,90.7,25.8,4,1,-4,8
1,19,152,80.9,0.0,4,1,-4,13
1,18,165,82.7,24.6,3,1,-6,11
1,23,167,58.8,20.6,4,2,7,8
1,52,194,88.3,26.1,1,2,7,14
0,20,186,83.3,20.1,4,1,-7,4
1,38,177,58.9,10.1,5,0,0,16
0,33,161,79.3,0.0,5,2,8,16
0,42,190,51.4,13.9,4,2,2,6
0,34,163,54.8,10.2,1,2,7,6
0,27,154,50.1,29.3,3,2,2,10
1,36,154,64.7,23.2,4,2,2,16
1,57,159,106.1,15.2,5,0,0,16
0,42,166,59.6,20.1,1,0,0,14
0,40,200,60.2,18.4,2,1,-4,8
1,48,183,108.8,15.9,1,1,-8,13
0,48,184,95.3,23.3,5,0,0,14
0,54,180,64.5,11.9,2,1,-8,13
1,57,167,100.7,20.6,4,1,-7,7
1,59,186,60.6,17.8,1,0,0,7
1,20,192,83.8,22.3,1,0,0,15
1,34,193,60.0,18.1,5,1,-4,11
0,21,185,88.3,0.0,5,0,0,11
1,35,184,64.4,0.0,3,0,0,16
1,57,151,67.5,12.4,1,2,5,13
0,28,170,88.0,26.3,2,1,-8,8
0,20,157,56.3,25.9,5,2,7,8
1,42,188,81.0,27.1,5,0,0,10
1,48,171,105.2,17.5,3,1,-8,12
0,33,198,69.2,0.0,2,0,0,16
0,18,151,61.1,28.1,1,1,-8,7
0,55,158,56.2,10.2,5,0,0,9
0,55,174,80.2,23.1,3,1,-4,9
1,23,176,66.3,23.0,2,2,2,11
0,32,162,55.4,24.3,2,0,0,15
1,60,194,73.2,12.8,1,0,0,8
1,56,200,61.7,14.9,5,2,3,10
0,22,156,106.6,26.4,5,1,-2,12
0,30,195,103.7,15.2,1,1,-2,13
1,50,172,66.3,22.3,1,2,2,12
1,30,150,58.0,16.5,4,1,-8,7
0,30,189,96.7,23.4,4,1,-6,12
1,40,172,80.1,12.2,4,1,-3,7
0,42,169,106.8,27.3,1,2,3,5
1,25,166,102.9,21.9,3,2,3,15
1,19,165,73.7,16.5,4,2,3,6
0,38,191,77.8,22.6,4,0,0,6
0,53,183,106.7,27.9,1,0,0,8
1,53,170,93.8,0.0,5,0,0,13
1,37,196,94.2,20.7,1,0,0,16
0,28,183,75.2,27.2,2,0,0,14
1,44,151,56.9,14.7,4,1,-2,16
0,27,198,75.0,21.4,2,1,-7,12
0,40,184,101.8,0.0,2,2,4,13
1,39,168,67.9,29.7,3,0,0,9
0,36,188,104.7,20.0,2,1,-6,12
0,18,180,57.1,0.0,5,0,0,10
0,59,173,56.9,24.7,2,2,2,12
0,41,163,102.3,12.5,4,1,-8,10
1,18,177,68.4,0.0,4,0,0,5
1,26,189,96.2,29.2,1,2,4,4
1,31,163,98.9,0.0,3,2,4,5
0,44,175,91.8,25.5,4,1,-3,15
0,20,157,84.0,13.6,2,1,-3,9
0,26,199,83.7,0.0,5,0,0,12
1,35,188,53.5,16.4,4,0,0,13
1,24,180,75.3,19.1,2,2,5,9
1,18,168,107.1,28.1,5,0,0,12
0,56,154,105.4,15.0,3,0,0,6
1,25,186,52.2,13.2,3,1,-6,8
0,27,171,76.9,0.0,2,0,0,14
0,50,194,101.0,20.0,5,1,-7,9
1,56,195,85.5,10.6,4,1,-7,11
1,52,177,54.8,15.1,4,1,-4,6
1,37,166,71.7,0.0,5,1,-4,11
1,47,161,75.6,24.0,1,2,7,12
1,33,161,65.3,13.2,2,0,0,13
1,48,196,99.9,25.3,4,0,0,14
1,33,183,56.1,28.7,2,0,0,7
1,46,192,94.4,0.0,5,1,-8,15
1,48,193,91.7,13.6,3,1,-3,12
0,46,183,102.6,10.6,1,0,0,11
0,54,160,55.4,13.0,4,2,5,13
0,41,190,107.7,11.5,4,1,-4,11
0,38,181,52.7,17.1,1,2,3,6
1,40,174,72.0,24.4,1,2,2,13
0,38,180,58.0,18.7,2,1,-8,9
1,27,175,51.0,20.1,2,1,-8,10
0,52,156,109.4,24.0,4,2,5,5
1,48,170,53.0,0.0,5,1,-4,14
0,27,151,104.6,0.0,3,1,-4,12
1,51,163,99.3,26.6,3,0,0,15
1,56,174,73.7,16.1,3,2,7,15
0,31,150,78.6,20.6,2,2,4,7
0,33,161,82.2,23.9,1,1,-8,14
1,42,175,97.0,26.9,1,1,-4,5
1,21,175,86.2,18.6,5,2,4,11
1,48,198,76.7,10.2,5,0,0,12
1,19,175,54.5,23.7,2,2,3,14
0,58,197,94.8,29.0,1,0,0,11
0,20,188,66.8,24.4,4,0,0,12
1,47,190,68.3,15.7,4,1,-6,15
0,19,190,69.9,11.9,4,2,4,11
1,27,176,104.8,24.5,1,0,0,16
1,36,196,62.6,0.0,4,1,-7,6
1,41,171,71.8,15.0,5,2,4,16
0,60,155,100.7,29.5,1,0,0,16
1,49,186,76.7,23.3,4,1,-5,9
0,42,151,85.1,15.0,2,2,7,5
0,18,181,88.8,10.3,2,1,-8,9
0,19,167,109.9,23.2,1,2,4,14
0,50,198,102.8,26.9,3,0,0,11
1,56,182,57.0,12.6,4,1,-4,10
1,53,172,53.4,15.5,4,1,-8,4
1,44,160,58.8,20.0,5,2,3,6
1,33,187,99.3,26.9,3,1,-3,16
1,34,163,73.6,0.0,4,1,-2,6
1,47,156,78.4,18.1,3,2,4,8
1,28,197,84.9,11.5,1,2,5,4
1,26,165,81.9,27.9,4,2,5,12
0,41,170,67.1,0.0,2,2,8,7
0,29,192,81.5,25.0,1,2,3,7
1,26,173,104.5,14.0,3,0,0,8
1,50,159,102.2,10.3,1,1,-3,13
0,20,157,79.5,13.6,4,2,4,14
0,57,155,56.2,24.5,2,1,-6,12
0,52,198,96.3,25.3,4,2,5,7
1,42,157,52.2,28.3,5,0,0,9
0,18,195,53.3,17.1,3,2,4,8
1,36,174,78.1,17.3,4,1,-2,6
0,35,195,59.1,11.9,2,2,5,12
0,22,169,51.5,17.2,4,0,0,6
0,25,155,105.3,24.7,4,0,0,4
0,35,194,65.4,17.7,2,0,0,7
0,58,187,88.9,25.7,1,1,-2,5
1,23,180,88.0,10.7,4,1,-8,10
1,36,170,106.5,23.9,2,2,7,16
0,19,159,73.0,29.7,2,1,-8,9
1,30,174,75.3,14.2,1,1,-6,12
0,21,176,73.5,26.2,1,0,0,9
0,50,161,52.2,27.2,3,2,8,11
1,32,159,60.0,19.1,5,2,4,12
0,42,160,59.6,20.5,3,2,2,15
0,21,152,84.8,14.3,4,1,-6,7
1,57,169,107.9,13.4,1,0,0,16
0,55,175,107.0,0.0,5,1,-3,5
0,59,180,75.7,23.1,3,2,4,12
0,34,152,57.1,14.3,4,2,5,15
0,48,195,97.0,12.2,3,1,-8,11
0,47,162,102.6,28.0,5,2,8,13
0,39,157,80.5,0.0,3,2,4,6
0,34,185,51.5,22.4,3,0,0,16
1,20,174,71.1,17.3,3,1,-5,12
1,33,180,74.7,23.0,5,0,0,13
1,50,179,69.5,17.0,4,0,0,16
1,20,170,78.6,10.9,1,0,0,10
1,37,156,86.1,28.2,1,1,-8,13
1,28,195,89.5,0.0,1,0,0,12
0,56,197,98.6,16.8,2,1,-5,16
1,34,184,63.1,15.5,4,0,0,8
1,19,186,64.5,0.0,4,1,-3,15
1,23,195,86.8,17.4,4,2,4,14
1,57,199,69.2,18.3,1,0,0,5
1,26,177,54.5,18.7,1,0,0,15
1,56,195,57.5,20.2,4,0,0,5
0,21,194,67.3,23.5,1,1,-2,8
1,20,180,76.3,12.7,4,0,0,11
0,39,185,73.0,17.1,2,0,0,9
0,20,164,102.0,21.0,5,1,-2,12
1,53,164,96.1,20.3,3,0,0,4
1,60,190,67.1,24.4,2,2,6,8
0,20,179,84.3,29.0,3,2,3,9
1,28,180,64.8,0.0,3,0,0,11
0,54,171,102.2,28.9,2,0,0,15
0,36,150,54.6,20.4,3,1,-2,15
1,42,177,99.3,26.9,3,1,-8,7
1,59,168,101.3,25.6,3,2,6,15
1,39,166,54.0,16.4,3,2,7,4
0,57,169,100.1,20.5,5,2,4,9
1,59,188,104.9,24.3,2,0,0,13
0,41,155,51.9,25.4,5,0,0,5
1,21,151,106.2,15.6,2,2,2,5
1,48,195,103.1,0.0,4,0,0,14
0,30,161,82.9,25.1,5,2,5,12
1,32,188,91.9,20.0,4,0,0,15
1,42,150,102.8,15.7,3,0,0,11
0,22,191,96.2,29.6,4,1,-2,9
1,59,171,104.0,24.9,2,2,5,12
1,39,199,89.8,25.3,4,0,0,9
1,28,192,109.2,26.8,4,2,8,11
1,47,200,80.7,16.1,1,0,0,9
1,53,160,52.6,11.3,3,1,-3,15
1,57,153,64.5,23.4,2,0,0,9
1,56,163,81.5,17.5,4,2,6,16
0,59,169,100.3,18.8,3,2,8,4
1,28,170,92.4,26.1,1,0,0,5
1,40,150,67.9,21.9,2,2,4,12
1,58,157,64.7,19.7,1,0,0,13
0,44,172,70.0,19.8,4,2,4,5
1,45,187,70.5,19.7,2,2,6,14
0,56,161,77.1,17.1,4,0,0,9
1,30,192,65.9,24.4,5,0,0,7
0,27,196,59.8,10.3,4,1,-3,6
1,25,157,99.1,17.4,5,0,0,10
0,31,175,100.0,21.2,4,0,0,5
0,39,174,64.7,0.0,4,1,-2,8
1,46,198,99.8,15.9,5,2,8,9
0,23,152,103.1,0.0,3,0,0,16
1,55,197,55.4,26.3,3,0,0,4
1,31,192,99.5,17.0,1,2,8,16
0,57,189,66.2,16.9,1,1,-8,7
1,30,184,60.5,16.2,4,0,0,4
0,19,185,69.2,27.2,5,0,0,7
0,30,200,61.3,0.0,1,2,5,11
1,21,157,54.5,13.3,4,0,0,15
1,47,172,65.9,23.1,2,0,0,15
1,45,199,56.3,24.6,3,2,7,7
0,58,186,78.2,21.5,2,0,0,13
0,23,154,52.5,13.6,2,0,0,10
0,54,165,103.0,19.4,2,2,5,11
0,53,200,68.5,13.5,5,1,-4,10
1,18,192,107.5,15.8,1,0,0,9
1,47,168,59.7,24.2,2,2,6,5
0,34,173,81.5,19.1,3,2,7,6
0,55,174,87.8,29.8,2,1,-3,13
0,57,170,73.2,17.5,5,2,6,11
0,31,152,97.7,12.6,3,1,-5,10
1,37,153,97.7,0.0,4,2,6,6
1,29,169,92.3,17.3,3,2,4,14
0,33,196,81.6,26.7,5,0,0,11
0,47,156,80.3,0.0,5,2,4,15
0,60,195,63.4,0.0,1,1,-2,9
1,37,159,58.6,20.2,5,2,2,5
0,28,198,67.7,20.7,4,2,4,16
1,34,155,66.3,15.0,4,1,-2,14
1,28,180,90.4,16.1,1,0,0,14
0,24,182,60.8,22.7,3,1,-6,15
1,55,181,92.7,16.9,5,2,4,5
1,40,178,71.2,0.0,2,1,-5,10
0,34,191,91.7,25.1,4,1,-6,10
0,30,167,89.4,10.5,1,0,0,6
0,47,200,90.0,23.8,4,0,0,9
1,56,174,58.7,15.7,4,0,0,6
1,49,198,73.8,20.2,3,2,4,6
1,44,182,70.2,27.8,4,1,-5,6
1,40,169,58.3,23.2,4,2,8,12
0,25,170,72.1,10.9,1,1,-5,15
0,51,176,104.3,29.6,4,1,-8,8
1,24,177,103.5,15.0,5,0,0,12
0,33,161,89.5,26.1,4,1,-7,10
1,31,178,50.1,18.7,2,0,0,15
0,52,177,63.4,30.0,1,1,-5,16
1,58,178,84.7,0.0,3,1,-7,15
1,23,180,91.8,29.4,5,1,-6,8
0,47,166,85.6,24.5,3,0,0,15
0,40,156,104.0,18.5,4,2,7,4
0,39,160,73.0,20.2,2,2,3,7
1,49,173,72.2,21.8,4,0,0,4
0,57,170,52.7,12.9,5,0,0,14
1,58,168,53.6,11.7,1,1,-6,12
1,43,190,58.6,10.2,1,1,-4,9
1,55,168,100.0,22.9,5,2,2,13
0,57,153,64.8,27.9,4,0,0,15
0,54,172,63.2,0.0,3,2,6,12
0,60,178,80.8,10.2,3,0,0,8
0,50,168,71.4,16.2,2,0,0,16
0,43,196,90.8,27.6,5,0,0,14
0,40,168,62.8,28.2,5,0,0,9
1,51,183,102.6,17.5,1,2,6,16
1,49,200,100.1,22.8,4,2,7,4
0,33,176,70.5,24.8,2,2,8,14
0,35,178,106.5,13.5,1,2,3,16
1,25,197,109.7,11.5,3,2,7,10
1,58,162,75.4,23.1,3,0,0,13
1,45,199,109.0,21.9,2,2,3,6
0,33,178,106.1,23.8,2,0,0,15
0,57,193,96.0,11.4,1,0,0,4
0,29,177,70.1,0.0,1,0,0,7
1,60,154,101.7,18.0,5,2,8,16
1,41,196,78.1,15.5,2,1,-6,10
0,49,164,82.9,19.6,1,2,6,10
0,53,184,65.9,29.3,1,1,-3,16
1,51,165,51.1,29.9,3,2,4,10
1,21,180,75.5,24.2,5,1,-2,11
1,30,177,81.9,27.8,2,2,2,4
0,58,150,93.0,23.2,2,1,-4,6
0,36,183,86.3,13.7,3,0,0,7
1,19,192,62.6,25.3,1,2,7,12
0,54,184,79.8,14.4,5,1,-7,11
1,19,199,60.1,11.6,5,2,4,4
1,26,174,55.6,16.7,5,2,8,16
1,32,192,61.7,26.4,4,2,7,8
1,54,182,69.2,20.3,2,0,0,12
0,29,197,69.9,0.0,4,1,-5,7
0,23,196,77.3,18.2,5,0,0,10
1,24,175,71.0,0.0,3,1,-4,5
0,53,176,70.4,29.6,1,2,2,10
1,56,168,54.6,14.6,2,1,-6,16
0,54,152,73.7,15.4,2,2,3,6
0,27,188,52.0,23.2,2,2,8,16
0,48,181,53.0,28.9,4,0,0,12
1,34,191,58.9,19.8,1,2,8,13
1,42,179,92.3,0.0,1,0,0,10
0,24,200,83.7,0.0,5,1,-7,15
1,44,191,74.1,20.9,4,1,-4,4
1,23,182,87.9,28.9,1,2,4,10
1,23,187,81.9,25.5,3,1,-2,7
0,31,180,76.8,23.5,3,0,0,14
1,44,199,62.3,22.2,2,0,0,15
1,58,186,91.1,27.1,3,0,0,16
0,56,167,88.1,22.3,1,0,0,14
0,29,150,91.5,0.0,1,0,0,9
0,47,151,86.6,15.1,4,2,2,5
1,43,157,92.2,15.5,2,1,-5,6
1,46,154,80.9,24.0,1,1,-7,10
0,23,185,107.9,19.4,1,2,5,16
0,28,194,52.4,19.1,3,1,-4,9
1,34,152,83.0,0.0,1,1,-4,7
0,30,166,57.7,15.6,2,0,0,9
1,21,164,54.0,25.1,3,0,0,4
1,48,172,66.9,18.6,2,1,-2,6
0,58,194,67.5,29.2,1,2,6,11
1,56,151,54.6,17.7,3,0,0,11
1,50,183,85.4,27.4,5,0,0,7
0,46,169,94.2,25.5,5,1,-3,8
1,48,153,109.7,0.0,1,1,-6,10
1,24,190,98.2,21.5,3,2,5,15
0,37,192,93.6,29.3,3,1,-3,4
1,56,168,100.2,21.9,5,1,-5,16
0,18,168,104.6,24.5,3,0,0,8
1,20,195,80.0,25.4,3,2,8,15
0,42,189,103.4,28.7,5,0,0,11
1,30,194,80.9,21.8,2,1,-5,12
1,41,159,61.1,11.7,5,1,-4,4
1,28,183,81.9,21.0,5,1,-4,15
1,34,186,64.3,12.1,1,0,0,9
0,23,155,60.3,15.1,5,1,-4,9
0,25,172,87.2,16.6,3,1,-2,11
1,39,193,52.5,17.4,2,0,0,15
0,46,199,74.5,24.9,2,2,6,13
0,21,178,50.5,29.5,3,0,0,8
0,21,169,67.9,16.5,2,1,-4,5
0,55,188,77.6,28.6,3,2,3,15
0,20,191,56.1,18.1,3,0,0,5
0,33,173,63.9,19.4,1,2,2,4
0,55,170,56.4,18.3,2,0,0,15
0,40,190,88.7,0.0,2,0,0,13
0,35,178,84.4,24.0,3,1,-5,16
1,24,193,50.2,13.7,3,0,0,10
1,21,186,74.1,0.0,1,2,6,15
1,57,177,66.7,27.3,2,0,0,15
1,35,160,54.6,20.7,4,0,0,6
1,54,152,55.2,15.0,4,1,-7,11
0,26,194,87.5,15.9,2,2,8,14
1,53,191,60.2,11.5,4,1,-6,11
0,49,184,68.6,28.4,1,2,3,11
1,54,160,91.5,12.6,3,2,4,10
1,24,169,104.4,21.2,1,1,-7,9
0,52,169,107.8,0.0,3,0,0,14
1,43,200,79.4,17.5,2,1,-6,4
1,58,193,57.7,17.8,4,2,7,9
1,37,164,80.4,10.9,5,1,-8,14
1,55,152,81.7,11.4,1,1,-3,6
1,49,157,96.1,19.7,1,0,0,9
0,24,196,50.5,26.0,1,2,3,15
0,21,155,106.5,29.6,5,2,7,6
1,33,168,108.2,24.8,5,1,-7,15
1,27,171,71.6,27.7,5,1,-4,15
0,24,150,81.3,14.7,2,2,3,15
1,54,160,88.0,27.4,3,1,-6,15
1,56,180,85.0,22.0,4,0,0,8
1,49,188,102.6,20.7,2,0,0,16
0,19,182,52.7,25.4,4,1,-3,14
0,22,182,106.4,18.1,5,1,-4,9
1,51,174,73.1,24.5,3,0,0,10
1,22,163,84.7,17.2,4,0,0,10
1,25,164,59.5,14.4,3,0,0,16
1,35,165,101.8,18.7,1,1,-6,12
0,21,160,53.6,22.1,2,0,0,14
0,28,190,74.5,17.6,2,1,-3,9
0,24,193,61.5,28.9,4,2,5,10
1,50,187,73.3,25.8,5,2,8,7
1,35,154,81.9,11.8,2,0,0,11
1,31,189,70.8,0.0,1,0,0,11
1,51,181,51.7,22.8,1,2,3,9
1,41,166,107.4,18.3,3,2,4,9
1,42,185,103.1,29.8,2,0,0,15
0,20,155,64.7,24.0,3,0,0,4
0,20,169,65.2,23.7,2,0,0,13
1,49,197,99.8,26.9,5,2,6,14
1,39,158,52.4,21.8,2,0,0,15
1,49,181,70.1,0.0,4,1,-4,12
1,46,165,89.8,13.2,3,1,-5,6
0,53,179,69.4,14.9,3,1,-5,8
1,37,157,57.4,11.6,1,1,-8,6
0,30,163,66.3,25.9,3,1,-4,11
0,44,200,86.1,20.5,1,2,8,13
0,43,165,73.8,19.8,1,2,5,14
1,59,183,73.8,28.2,1,2,8,16
0,18,180,74.9,0.0,1,1,-8,7
1,25,172,57.2,21.7,1,1,-7,13
0,44,179,83.2,16.0,4,2,6,6
0,46,167,63.4,28.7,5,2,4,16
1,33,184,61.9,14.7,5,1,-7,12
1,48,157,81.1,0.0,3,1,-3,13
1,19,164,51.7,17.5,3,0,0,11
0,36,199,84.9,21.7,2,1,-7,10
1,55,185,63.1,29.5,1,0,0,10
0,54,158,83.7,29.7,2,1,-3,7
1,45,157,67.3,21.9,3,0,0,6
1,27,171,81.4,0.0,5,0,0,9
0,56,163,72.1,12.7,1,2,4,6
0,37,198,66.2,0.0,2,2,4,6
0,29,160,56.1,0.0,4,1,-3,10
0,46,192,92.1,26.3,1,0,0,9
0,48,173,53.0,21.6,4,2,8,9
0,52,160,89.4,10.9,2,1,-8,14
1,37,167,107.0,11.3,1,2,6,9
0,25,191,67.6,21.2,5,0,0,6
1,36,199,88.3,13.1,5,1,-6,11
0,19,170,101.7,25.4,2,1,-8,6
0,57,177,66.1,19.7,2,0,0,6
1,27,177,50.3,28.4,3,1,-8,7
1,25,183,69.5,25.6,4,0,0,7
1,42,164,76.5,14.2,3,1,-5,7
0,23,160,65.4,14.9,2,0,0,13
0,52,152,52.2,24.1,2,2,3,8
1,47,197,75.3,20.3,5,1,-8,7
1,36,172,68.3,27.6,4,2,3,7
0,27,196,69.2,0.0,5,0,0,7
1,25,160,68.4,0.0,1,0,0,10
0,18,170,104.1,16.3,3,0,0,8
1,49,163,76.2,26.4,4,0,0,4
1,43,177,95.4,19.5,2,1,-3,15
1,49,154,103.2,0.0,2,2,7,8
1,31,196,56.5,18.2,5,2,2,12
1,21,194,77.2,26.1,3,1,-2,12
0,52,192,51.2,18.9,2,1,-3,5
1,36,169,106.9,17.5,3,0,0,4
0,52,157,63.6,17.6,1,2,5,15
1,55,191,98.0,29.7,4,1,-2,5
0,34,167,59.4,12.0,4,0,0,7
1,20,185,91.4,17.2,4,2,3,4
0,58,195,69.7,18.5,5,2,4,16
0,20,197,100.0,29.5,1,1,-4,13
0,52,154,75.4,21.3,2,2,3,14
1,29,196,67.6,11.7,3,0,0,5
1,58,165,74.7,10.8,3,2,6,12
1,36,167,99.0,27.7,2,2,2,14
1,49,186,101.0,13.9,3,2,6,16
1,48,200,73.4,23.8,2,0,0,9
1,20,165,50.6,22.9,1,1,-4,13
0,24,197,51.6,18.6,5,2,2,5
0,41,200,67.2,18.1,1,2,4,9
0,28,166,106.4,25.0,1,2,5,11
1,51,158,66.5,0.0,1,2,2,16
1,36,190,51.3,23.0,4,0,0,13
0,58,150,99.8,10.7,2,2,7,12
0,40,179,80.5,12.1,3,2,5,4
1,28,189,69.2,17.8,5,0,0,9
1,49,175,109.7,24.0,1,1,-6,10
1,46,161,93.1,10.3,2,1,-5,15
0,47,189,59.4,14.7,1,2,2,14
1,41,183,97.4,10.2,5,2,5,4
0,27,200,89.6,17.6,4,0,0,9
1,52,190,64.6,13.4,1,1,-2,9
0,30,189,67.4,27.6,5,0,0,6
0,35,152,73.1,14.6,2,0,0,13
0,52,170,61.7,18.7,4,2,8,4
1,26,172,100.9,17.6,4,1,-5,13
1,21,174,74.7,15.3,2,0,0,10
0,21,160,52.2,22.7,1,0,0,6
1,38,197,97.8,21.6,5,0,0,10
1,38,189,62.1,15.0,2,0,0,12
0,23,176,67.7,23.4,3,1,-3,9
0,18,195,83.4,28.9,2,2,4,6
0,48,152,104.0,0.0,4,1,-6,4
0,30,194,91.9,22.1,5,2,7,8
1,48,155,57.3,13.1,2,2,6,7
1,54,170,61.0,29.1,3,0,0,6
1,24,178,67.3,18.3,4,2,4,12
0,29,157,80.4,12.0,4,0,0,10
1,51,167,72.4,25.7,2,1,-5,13
0,43,181,61.8,23.4,4,2,7,14
1,27,158,60.3,17.0,3,0,0,11
0,36,172,86.1,17.8,1,0,0,16
1,46,199,79.8,10.6,4,0,0,6
1,38,160,103.3,24.4,3,1,-6,12
1,28,191,85.6,29.7,4,2,8,4
1,32,155,74.2,21.4,1,2,8,16
1,34,161,91.4,24.7,5,1,-4,10
0,54,157,66.0,12.9,4,1,-8,10
0,41,182,83.1,22.6,3,0,0,7
1,55,151,57.8,24.0,4,1,-4,13
0,59,177,58.0,14.2,3,1,-5,4
1,45,182,72.9,28.8,3,0,0,14
1,36,164,106.2,24.8,4,0,0,16
1,37,165,78.3,0.0,5,0,0,7
0,56,182,66.7,12.9,2,2,8,14
0,48,174,52.6,0.0,4,1,-3,15
0,53,196,57.8,20.4,3,0,0,16
1,56,195,51.3,21.5,4,2,4,14
1,53,175,51.9,12.9,4,1,-8,6
1,53,181,93.5,11.1,2,1,-2,6
1,21,168,85.3,0.0,1,2,5,14
0,54,169,105.1,0.0,3,1,-6,10
0,49,156,88.3,18.6,5,0,0,14
1,38,194,88.9,21.1,5,1,-2,8
1,24,195,96.6,12.7,1,0,0,12
0,23,184,53.3,14.8,2,0,0,4
1,35,191,59.0,0.0,3,2,2,13
0,31,169,77.2,0.0,3,2,7,5
0,29,177,70.8,23.3,2,1,-5,10
0,47,198,85.5,13.6,3,2,4,8
0,41,167,108.8,11.2,3,2,8,15
1,46,187,70.5,10.2,3,0,0,10
1,24,188,95.4,0.0,5,0,0,13
1,59,197,52.4,16.3,2,1,-6,11
0,26,154,64.0,24.3,2,1,-3,12
0,41,181,90.7,0.0,3,0,0,7
1,55,168,93.2,26.3,1,1,-8,12
1,49,184,54.8,25.0,5,0,0,11
0,36,155,51.9,21.5,1,0,0,11
0,57,158,56.3,27.2,5,1,-8,15
1,47,196,78.3,27.8,5,2,7,8
1,43,186,87.5,16.2,1,0,0,8
0,35,179,73.1,24.7,3,1,-4,10
0,37,179,73.8,0.0,5,0,0,10
1,22,183,104.2,22.8,2,1,-6,16
1,37,187,72.0,0.0,5,1,-6,13
0,53,185,78.9,12.6,5,0,0,5
1,35,168,85.6,13.7,5,2,2,13
1,30,167,105.8,27.7,3,1,-6,14
0,26,185,109.7,25.3,4,0,0,10
1,26,176,68.8,22.2,2,0,0,12
0,34,160,70.9,16.0,2,0,0,6
1,56,169,64.4,0.0,2,1,-8,14
1,60,175,107.3,0.0,4,2,6,14
1,21,172,77.7,20.4,3,0,0,4
0,26,168,62.6,22.0,3,0,0,6
1,41,187,56.2,0.0,3,1,-6,14
0,27,179,59.0,18.2,5,0,0,16
1,44,174,98.9,27.6,2,0,0,8
1,25,198,62.5,14.4,2,2,6,6
1,42,168,102.1,28.0,2,2,7,13
0,27,182,95.6,17.8,2,2,2,5
1,43,194,59.4,15.9,1,0,0,7
1,42,173,98.6,11.2,3,1,-7,12
0,23,177,89.6,24.4,4,0,0,13
1,19,177,97.6,24.6,3,2,6,5
0,25,166,82.5,25.2,1,1,-3,4
1,58,183,79.6,19.2,1,0,0,5
1,60,195,79.1,29.9,3,2,2,13
0,37,167,80.9,16.4,5,0,0,14
1,38,198,83.4,10.2,1,0,0,16
1,31,169,59.7,0.0,1,2,7,7
1,44,171,53.6,20.5,5,2,6,7
0,24,186,57.9,0.0,3,0,0,7
0,60,169,62.0,20.9,2,0,0,8
0,36,150,98.9,18.3,2,0,0,11
0,31,152,107.7,15.2,2,2,4,5
0,48,165,63.2,14.9,4,0,0,16
0,20,168,94.2,19.5,3,2,7,13
1,36,181,85.3,24.5,3,2,4,5
1,51,155,105.4,11.9,1,2,2,6
0,42,184,61.5,24.4,2,1,-2,14
0,20,173,82.9,17.0,2,0,0,16
1,34,192,88.0,28.1,5,2,2,12
1,34,196,71.1,11.6,4,0,0,6
0,45,181,72.1,12.5,1,2,2,14
0,30,192,101.8,19.7,1,1,-3,9
1,54,179,79.1,0.0,2,0,0,7
0,41,168,82.0,26.1,5,1,-4,4
0,19,159,52.9,10.1,3,2,5,4
0,30,163,76.8,24.8,1,2,6,4
1,35,169,88.0,24.4,4,0,0,4
0,22,185,71.5,13.3,1,1,-7,16
0,24,193,56.5,27.6,3,1,-5,8
1,60,171,75.0,20.9,1,0,0,16
0,35,163,81.5,13.5,5,2,2,10
1,57,177,107.5,0.0,1,0,0,5
1,41,186,101.5,29.0,5,0,0,6
0,20,160,69.2,17.0,3,2,6,4
1,29,162,86.1,29.6,2,1,-7,15
0,18,183,107.2,0.0,5,2,4,12
0,26,167,102.9,16.7,3,2,5,16
0,38,151,86.7,13.8,1,0,0,5
1,33,193,76.1,21.4,3,0,0,6
1,58,151,86.7,0.0,2,0,0,5
1,30,159,96.7,27.1,3,0,0,12
1,22,199,62.6,19.5,4,2,4,12
0,54,177,72.8,11.3,1,1,-3,13
0,19,191,72.9,14.0,2,1,-2,5
0,59,154,109.0,16.3,4,2,7,9
1,54,157,60.3,0.0,4,2,6,10
0,42,158,66.7,0.0,3,2,8,16
1,25,196,88.1,15.4,5,1,-3,7
0,37,175,88.8,29.7,2,1,-6,7
0,35,176,95.2,26.7,5,0,0,10
1,54,197,77.8,12.6,4,0,0,8
1,20,195,107.2,12.9,5,1,-8,8
1,23,172,72.7,27.8,1,1,-2,14
1,35,153,68.5,19.6,1,0,0,7
0,47,196,85.8,0.0,1,1,-3,4
0,31,152,85.9,16.2,5,0,0,10
0,59,152,85.2,14.8,3,0,0,13
1,29,176,62.6,21.0,2,2,8,11
0,23,154,65.6,16.0,5,0,0,16
0,43,171,60.4,26.7,3,1,-7,15
1,45,171,54.3,20.5,1,2,3,12
0,41,188,82.4,23.7,3,1,-4,7
1,29,194,73.8,0.0,1,2,7,5
1,32,185,82.6,24.3,5,1,-7,11
0,44,156,86.7,14.8,3,0,0,15
0,43,191,68.9,20.2,2,1,-5,6
0,33,162,66.9,25.7,1,1,-6,9
1,27,159,70.9,0.0,2,1,-5,9
0,48,192,53.8,12.9,3,2,6,8
0,50,187,83.2,28.5,2,0,0,8
0,56,171,59.6,24.6,1,2,7,10
1,59,169,56.9,17.0,3,1,-4,5
0,22,191,88.1,14.8,5,2,3,13
1,53,200,105.2,13.1,1,0,0,4
0,52,183,77.2,23.0,5,0,0,4
0,50,177,67.1,14.3,5,1,-2,10
1,32,166,53.2,17.7,4,1,-3,15
0,52,196,92.4,25.4,1,0,0,12
0,37,178,108.7,23.0,5,0,0,12
1,48,181,64.0,28.0,5,2,6,4
0,41,199,51.0,19.6,4,1,-8,16
1,28,189,107.2,22.7,4,0,0,6
1,41,162,77.4,24.8,3,0,0,11
0,45,154,63.5,26.9,5,0,0,13
1,32,187,72.5,0.0,1,2,7,7
0,50,186,109.3,0.0,5,1,-4,13
0,55,176,100.6,24.5,3,2,6,13
1,21,191,59.4,0.0,3,0,0,14
1,57,177,50.8,15.9,1,1,-6,12
0,44,151,107.3,15.2,3,0,0,15
0,19,161,60.5,23.1,4,0,0,14
1,20,164,93.9,24.0,2,2,5,13
1,54,152,72.6,0.0,2,0,0,5
0,49,199,59.8,22.9,2,0,0,15
1,56,157,105.0,0.0,2,0,0,12
1,33,152,96.9,15.5,4,2,6,5
1,29,193,57.5,21.0,3,2,5,5
0,29,165,95.4,17.2,2,1,-2,4
1,29,161,103.2,22.7,5,2,8,8
1,20,174,67.6,11.8,4,1,-6,6
1,52,153,101.4,0.0,4,1,-5,14
0,27,200,104.7,27.0,1,1,-2,9
1,57,199,90.2,16.5,2,2,3,11
1,18,175,68.5,26.7,5,1,-5,10
1,25,185,55.0,22.1,2,1,-6,16
0,44,173,100.5,16.3,1,1,-3,15
0,56,154,52.3,18.3,5,1,-8,4
0,27,169,101.7,13.1,1,2,8,8
1,52,181,90.0,24.1,1,1,-8,11
1,33,199,96.9,24.8,5,1,-4,16
1,19,172,98.7,11.5,3,0,0,15
0,18,176,107.1,25.3,5,1,-8,16
1,44,196,65.6,29.5,5,1,-3,9
1,39,152,92.3,24.7,4,0,0,4
1,45,176,80.8,23.0,2,1,-2,6
0,20,163,67.5,27.8,3,0,0,10
1,40,183,70.4,10.9,1,0,0,4
1,23,158,50.9,0.0,2,2,3,5
1,33,194,103.5,20.3,2,2,8,11
1,37,189,61.3,10.7,4,1,-5,5
1,40,168,89.4,0.0,1,0,0,16
0,60,176,97.0,11.5,5,1,-8,5
0,22,163,80.7,28.5,4,2,5,5
0,54,154,106.9,17.4,3,1,-8,5
1,33,158,78.4,26.3,3,1,-8,11
1,31,175,81.1,17.4,2,0,0,15
1,23,165,85.2,0.0,5,0,0,12
0,44,167,61.5,28.4,5,2,6,8
0,31,174,72.8,27.4,2,0,0,8
0,45,200,73.7,11.2,2,2,7,9
0,53,180,105.1,17.2,5,0,0,11
0,53,177,75.4,0.0,4,0,0,16
1,54,164,107.1,21.0,5,1,-3,5
1,36,185,95.0,19.6,3,0,0,14
1,22,176,86.5,16.1,4,1,-6,11
0,58,168,104.4,0.0,4,0,0,8
1,49,196,50.4,24.2,4,2,3,14
1,29,169,90.3,27.3,3,0,0,11
0,27,193,107.6,18.9,2,2,8,8
1,54,195,53.3,20.2,5,1,-4,13
1,39,157,51.4,21.6,3,1,-4,13
1,33,165,96.1,27.8,1,0,0,4
1,43,194,85.9,15.4,3,0,0,5
0,38,188,51.5,29.9,4,2,4,6
0,39,160,73.8,27.2,5,2,3,15
1,57,163,55.5,27.3,5,2,6,11
0,25,153,85.2,12.2,3,1,-7,13
1,56,167,79.0,10.0,2,1,-7,5
0,32,156,65.0,24.4,2,1,-4,8
0,52,161,60.2,12.0,1,2,8,9
1,29,159,98.5,12.3,5,0,0,13
0,52,196,56.2,21.1,1,2,7,10
1,50,169,101.7,17.4,5,1,-7,16
0,27,179,62.2,10.9,4,2,2,12
0,47,169,50.8,14.6,3,1,-3,12
0,56,184,97.2,17.0,4,0,0,7
1,58,193,68.8,15.6,3,2,8,5
0,25,164,77.4,10.9,2,1,-3,7
0,31,157,100.0,13.8,3,2,2,8
1,58,196,69.5,11.9,2,0,0,10
1,36,156,73.8,0.0,1,0,0,5
0,38,187,102.4,18.4,3,2,7,9
1,38,188,79.5,11.0,4,1,-2,15
0,56,191,61.7,28.3,5,0,0,5
1,58,188,90.7,14.3,4,0,0,5
0,41,196,65.8,10.7,4,1,-4,7
0,59,173,92.9,14.2,5,2,8,11
1,48,196,63.2,0.0,3,1,-5,16
1,44,157,94.8,24.2,5,2,3,4
0,60,151,69.0,20.4,3,0,0,11
1,56,156,71.6,13.3,5,0,0,8
1,46,182,61.8,15.5,2,1,-5,13
1,28,165,84.8,19.5,5,0,0,9
0,37,163,94.6,29.4,4,1,-4,5
1,52,158,68.9,10.8,5,2,6,5
0,45,182,94.1,11.0,2,1,-5,16
1,23,150,69.4,16.9,5,0,0,12
1,46,185,53.2,26.6,1,0,0,10
1,44,192,77.3,0.0,1,2,7,10
1,39,162,52.0,17.2,5,0,0,8
0,56,166,69.9,23.7,4,0,0,5
1,31,200,83.6,25.3,4,0,0,4
1,57,163,79.7,13.9,3,0,0,13
0,43,179,89.6,27.1,2,0,0,12
0,30,162,93.2,15.9,5,0,0,12
0,50,156,54.5,0.0,5,2,3,7
0,59,181,94.8,22.5,1,2,3,10
1,20,176,77.3,22.1,5,0,0,12
1,36,150,65.1,27.8,1,1,-3,4
1,32,171,62.5,22.5,2,1,-8,8
1,27,164,62.7,13.6,3,1,-2,10
0,55,154,77.9,10.8,4,0,0,13
0,34,179,91.0,18.1,5,1,-5,8
0,42,164,60.8,25.3,2,1,-7,14
0,50,182,95.6,28.6,1,1,-8,9
1,39,193,101.4,13.9,5,1,-3,16
0,31,184,73.3,23.3,4,0,0,9
0,47,151,93.7,15.3,4,0,0,8
0,58,173,83.3,11.6,3,0,0,7
0,38,162,107.2,19.4,2,1,-7,11
1,55,187,53.3,23.1,1,1,-3,5
1,39,176,72.3,0.0,1,1,-4,12
0,39,197,92.9,24.6,5,1,-2,4
0,59,159,76.3,21.5,1,1,-4,5
1,22,163,67.9,16.2,1,2,6,6
0,34,151,109.5,26.2,4,2,5,9
0,50,194,98.5,23.4,5,2,2,4
1,46,174,101.2,28.9,4,2,8,12
0,27,200,108.3,17.1,5,1,-7,13
1,27,191,74.0,18.4,2,1,-7,16
0,58,164,104.8,0.0,1,1,-5,15
1,42,191,54.8,25.5,5,1,-7,10
1,33,166,100.4,14.6,2,2,3,11
0,59,173,54.7,18.6,3,0,0,15
1,55,151,54.4,23.7,5,2,6,8
0,41,159,53.9,18.2,2,1,-7,16
0,31,170,50.0,23.1,5,1,-5,14
0,37,177,58.9,28.3,4,1,-8,7
0,34,199,108.4,11.7,3,2,8,13
1,57,181,76.8,29.3,3,1,-4,5
1,28,195,68.2,17.9,1,2,2,6
0,51,173,86.8,0.0,5,1,-4,12
1,56,192,73.4,11.4,2,2,6,4
1,34,192,91.1,0.0,4,0,0,6
0,31,154,59.9,19.6,1,0,0,14
1,52,187,84.8,0.0,4,0,0,13
1,52,182,63.1,0.0,1,1,-2,7
1,27,196,82.6,11.3,4,0,0,8
1,55,182,75.1,28.9,2,0,0,7
1,36,170,57.5,16.8,5,0,0,6
1,42,169,82.0,0.0,1,1,-5,14
0,19,184,89.5,24.6,4,2,8,7
0,32,179,88.6,29.7,1,1,-3,5
0,44,175,91.3,21.6,1,2,4,12
1,30,173,93.9,10.5,1,0,0,16
0,30,183,85.1,15.3,3,0,0,9
0,37,164,87.7,18.4,3,2,3,7
1,38,170,90.2,12.8,1,0,0,11
1,52,159,99.4,12.2,1,2,4,6
0,39,191,73.1,0.0,5,1,-7,4
0,39,163,50.3,22.6,4,0,0,7
1,36,185,87.7,28.1,1,0,0,13
0,30,162,92.4,25.8,3,2,5,8
1,25,167,53.1,0.0,1,1,-8,5
1,32,196,81.9,18.7,1,0,0,9
1,41,168,70.2,10.7,4,1,-2,11
0,60,159,67.3,16.7,5,0,0,6
1,41,196,77.7,16.9,4,0,0,8
1,32,195,79.0,27.2,5,0,0,6
0,32,192,104.0,15.1,1,2,8,16
0,37,186,50.4,0.0,5,1,-5,13
0,20,152,101.0,18.7,3,2,7,5
1,55,200,104.8,24.1,2,0,0,13
0,57,199,56.5,0.0,2,1,-6,16
1,37,178,63.4,22.2,2,2,3,15
1,29,178,103.1,0.0,3,2,6,4
0,38,151,50.6,29.2,3,1,-3,9
1,18,153,77.3,24.3,3,1,-3,11
1,59,181,101.6,14.0,5,0,0,4
1,44,177,109.2,10.5,3,0,0,7
1,41,197,79.9,29.0,2,0,0,11
1,24,191,103.1,29.2,5,2,2,13
0,19,160,99.5,24.9,2,2,2,11
1,22,198,106.5,13.6,4,1,-8,11
1,54,168,53.1,27.3,4,2,6,10
0,32,193,50.7,22.1,4,0,0,11
0,32,172,79.5,0.0,3,1,-8,10
0,19,199,83.5,11.8,3,2,5,8
1,57,196,52.6,0.0,1,2,4,7
1,49,174,101.1,23.8,2,1,-7,4
1,47,150,83.3,10.3,3,0,0,12
1,40,195,93.9,14.7,5,1,-2,14
0,48,165,52.3,19.4,5,1,-4,6
1,25,153,95.1,17.3,4,0,0,12
1,51,164,71.9,21.5,3,1,-8,6
1,36,171,65.3,22.9,4,1,-4,14
1,35,162,78.3,0.0,2,2,7,10
0,58,200,86.8,20.0,1,1,-7,5
0,37,175,100.4,21.4,3,1,-5,14
0,21,178,102.7,22.6,3,0,0,12
0,35,189,72.8,13.6,4,1,-3,5
0,45,163,58.0,20.6,4,1,-4,14
1,20,161,72.1,25.0,1,0,0,8
1,35,170,62.6,11.6,5,1,-6,14
1,41,178,102.1,19.2,1,2,4,11
0,38,197,102.1,13.6,1,0,0,9
1,31,184,76.4,26.0,2,1,-5,14
1,21,182,82.5,11.4,5,0,0,5
1,44,159,66.4,0.0,5,0,0,6
1,56,174,91.4,11.5,4,0,0,5
0,47,179,67.1,10.6,5,2,4,14
0,32,179,92.1,17.2,3,1,-4,12
0,28,172,67.6,15.4,3,2,3,8
1,52,174,84.9,26.7,3,0,0,9
1,57,187,66.2,0.0,3,0,0,13
1,46,181,80.4,25.9,4,1,-4,14
1,19,178,52.1,14.8,3,1,-3,13
0,47,199,87.0,0.0,2,1,-7,10
1,60,172,88.7,21.1,1,2,6,11
0,55,167,83.3,0.0,2,0,0,10
0,44,186,79.3,29.9,3,0,0,15
1,18,156,53.5,23.4,3,0,0,16
0,53,189,83.8,21.5,3,1,-6,16
1,46,158,71.3,12.2,5,1,-3,15
1,49,157,89.7,29.3,1,2,6,16
0,29,187,58.7,26.5,4,0,0,16
1,39,176,105.7,15.5,5,0,0,15
1,41,173,69.8,22.3,1,1,-4,6
1,30,151,73.5,28.7,4,1,-5,5
0,29,154,98.9,14.9,2,2,4,12
1,20,198,68.0,26.6,1,1,-6,11
1,32,162,91.8,19.5,5,0,0,8
1,53,150,50.1,23.7,1,0,0,5
0,44,158,59.2,11.3,2,2,8,14
0,29,197,50.2,29.6,2,1,-7,5
0,38,196,80.2,27.5,4,1,-2,6
0,42,173,102.9,17.7,4,2,8,6
0,41,188,69.9,22.5,1,0,0,15
0,56,174,86.3,18.0,5,1,-4,12
1,20,163,93.7,21.3,4,0,0,13
0,41,200,100.8,24.2,5,2,8,12
0,40,172,108.6,14.3,1,2,8,11
1,22,167,51.4,28.7,2,1,-4,12
1,20,158,86.5,15.9,5,0,0,6
0,20,200,62.8,13.2,4,1,-6,16
0,56,155,76.4,12.1,4,2,8,7
1,33,167,84.4,21.7,1,0,0,9
1,41,165,54.4,16.1,1,0,0,15
1,42,188,99.8,20.9,3,1,-5,9
1,48,155,93.3,0.0,4,2,5,10
0,20,195,94.6,12.6,3,0,0,10
1,55,171,94.5,22.8,1,1,-3,14
1,55,166,96.7,22.7,5,2,6,15
0,42,166,60.3,14.6,4,2,2,5
0,36,180,94.8,19.8,1,2,6,15
0,39,154,57.8,13.1,3,1,-2,12
0,37,163,59.1,27.7,1,2,4,11
0,19,186,92.4,13.7,2,0,0,11
0,26,193,101.3,16.2,4,1,-7,15
0,58,190,69.8,19.9,4,0,0,8
1,37,162,105.0,26.0,4,1,-3,8
1,21,162,105.7,19.0,4,1,-8,8
0,47,171,71.3,16.7,5,2,2,5
1,43,180,65.9,23.6,5,1,-2,10
1,30,197,58.2,22.3,5,1,-8,8
1,21,198,104.4,25.0,2,1,-5,15
1,50,192,84.4,17.3,5,0,0,12
1,24,155,92.2,27.4,1,2,5,12
0,56,159,64.5,0.0,3,2,5,13
1,49,175,64.3,26.2,5,0,0,4
1,46,184,104.8,14.4,5,0,0,12
0,26,174,86.1,13.1,5,0,0,10
1,58,184,89.3,0.0,4,2,6,6
1,31,150,97.8,17.1,3,0,0,4
0,21,156,101.8,24.2,4,1,-7,15
0,57,157,71.1,18.2,2,2,3,16
1,54,192,88.3,0.0,3,1,-6,11
0,29,183,77.1,0.0,3,0,0,4
0,57,174,95.1,21.6,3,0,0,5
1,39,165,72.7,0.0,2,2,2,6
1,45,173,104.7,20.5,4,2,3,7
1,46,161,87.9,0.0,3,2,7,10
1,39,180,97.1,17.6,3,1,-2,7
0,41,182,81.7,16.8,5,1,-5,9
1,40,168,79.9,10.2,5,0,0,11
1,33,161,75.4,17.3,2,0,0,9
1,47,179,56.7,22.6,4,1,-7,5
0,52,190,66.3,19.7,5,1,-8,12
1,54,155,79.2,23.4,1,1,-4,7
1,50,190,75.9,18.0,2,1,-5,12
1,53,185,109.1,10.0,1,0,0,8
1,29,162,50.6,20.9,1,2,7,12
1,60,160,58.4,20.3,1,1,-8,10
1,41,161,65.0,22.4,1,0,0,13
0,21,197,92.2,29.3,2,1,-2,13
0,56,172,108.8,27.9,2,2,6,15
1,27,155,97.2,21.4,1,0,0,11
1,42,193,88.5,18.9,2,2,3,6
0,30,161,64.7,21.3,4,2,4,6
0,24,151,72.8,0.0,4,2,6,5
1,35,166,75.4,0.0,4,1,-8,11
0,37,156,55.3,19.7,1,0,0,4
1,39,186,51.2,27.0,2,2,4,4
1,39,157,63.8,14.3,4,0,0,13
1,47,150,66.7,21.3,4,1,-3,9
0,41,160,78.0,18.0,2,0,0,15
1,27,166,76.8,27.9,2,1,-2,16
0,35,181,74.3,18.3,5,1,-8,6
0,60,196,75.0,18.1,2,0,0,14
1,35,171,67.6,17.4,1,1,-7,5
1,56,180,90.3,17.9,4,2,6,9
1,38,193,75.1,20.6,5,2,2,7
1,52,195,63.9,13.1,1,0,0,13
0,43,174,54.9,27.9,5,0,0,12
1,38,161,78.5,15.6,4,0,0,10
0,35,158,61.2,23.8,1,1,-6,14
0,26,197,107.4,29.4,4,2,7,9
1,22,187,74.0,24.0,5,2,2,15
1,56,161,62.6,0.0,1,2,3,4
0,24,174,106.8,28.2,1,2,4,7
0,41,193,65.4,25.0,1,0,0,11
0,47,166,83.6,28.1,2,0,0,15
0,18,193,81.0,25.0,4,2,3,8
1,52,173,89.8,0.0,2,1,-3,5
0,43,193,51.2,15.7,2,1,-8,5
1,22,199,81.7,0.0,2,1,-2,7
0,54,194,63.7,14.7,3,2,7,11
1,44,152,54.6,13.7,5,1,-5,5
1,49,175,90.7,25.8,4,2,5,12
1,47,168,66.2,25.2,3,1,-7,11
1,27,173,69.0,26.0,4,0,0,16
0,58,155,71.0,18.7,3,1,-5,8
0,50,168,72.2,13.1,1,1,-3,4
1,26,175,69.3,15.4,4,2,8,9
0,43,173,109.6,16.9,5,2,7,4
1,22,183,67.8,27.8,4,0,0,14
1,35,192,94.3,26.9,2,2,7,11
1,37,189,90.9,14.3,5,0,0,15
1,42,198,97.3,0.0,5,2,7,9
1,46,173,92.0,26.8,2,2,7,15
1,46,161,52.7,19.6,2,1,-8,4
0,38,160,80.4,22.0,1,2,3,8
0,50,183,64.8,0.0,4,1,-8,4
1,30,192,81.2,19.9,3,0,0,5
1,58,175,77.8,0.0,2,2,7,14
0,41,160,93.8,14.6,3,0,0,15
1,23,194,64.1,20.0,4,2,7,7
0,27,184,81.9,0.0,4,2,4,5
1,36,174,105.3,0.0,3,0,0,16
1,25,160,59.8,27.1,5,1,-7,5
0,41,154,51.6,17.5,4,0,0,14
0,52,200,77.8,17.9,5,2,7,8
0,46,171,105.1,0.0,5,2,5,4
1,43,170,53.2,20.3,1,1,-8,16
0,44,151,94.0,24.3,3,1,-2,11
1,33,200,106.5,22.5,5,0,0,10
0,58,190,58.8,25.7,3,0,0,4
1,32,170,81.7,27.4,2,2,3,6
1,60,180,61.0,16.8,4,2,8,16
1,40,166,70.1,15.7,1,0,0,15
0,48,160,96.6,19.2,3,1,-5,11
1,21,191,66.8,28.9,4,2,7,7
0,54,179,107.4,29.9,3,1,-2,7
1,39,151,60.1,23.9,2,0,0,15
1,54,152,103.2,26.7,3,1,-2,14
1,35,159,69.6,26.1,3,2,5,13
1,31,161,93.3,13.0,5,0,0,13
1,20,188,88.1,27.6,4,2,2,10
1,53,200,65.3,0.0,3,1,-2,13
0,28,184,62.7,22.5,5,0,0,9
0,41,191,105.0,26.4,2,1,-5,7
1,45,194,71.4,24.8,4,1,-7,14
0,23,161,70.4,16.4,2,1,-6,10
0,20,188,94.4,24.4,2,2,8,15
0,34,192,74.4,18.3,5,0,0,11
1,20,175,102.9,22.8,5,2,8,13
1,42,162,99.7,15.7,5,2,6,15
1,45,191,103.2,26.8,3,2,8,5
1,18,171,98.3,10.9,5,0,0,12
0,31,184,94.1,29.9,2,1,-6,12
1,28,164,102.3,17.1,2,0,0,6
1,39,150,103.8,20.2,1,0,0,10
1,54,163,50.2,19.7,2,1,-5,13
1,20,182,98.0,23.3,3,2,8,13
0,45,152,109.2,12.8,5,1,-2,7
1,42,167,95.0,19.5,1,2,2,8
0,27,176,90.9,20.7,3,0,0,6
0,40,189,101.8,12.9,5,2,2,4
1,19,181,108.7,13.4,3,2,7,7
1,51,180,57.0,17.1,3,0,0,8
1,38,158,92.6,28.4,4,1,-8,9
1,37,153,55.7,21.3,5,2,3,8
1,56,153,82.2,27.3,3,2,8,11
1,28,175,70.2,28.7,1,2,5,8
0,52,167,57.5,29.5,5,2,8,9
1,55,162,85.5,18.0,5,2,6,8
0,47,156,53.7,19.6,5,2,8,14
1,44,158,74.3,17.2,3,0,0,13
1,29,162,107.1,25.7,2,2,5,14
1,21,198,82.9,22.7,1,0,0,14
0,19,178,75.8,0.0,3,1,-2,5
0,45,158,63.7,28.9,5,0,0,9
1,27,171,84.6,15.1,1,1,-8,12
1,50,163,100.7,26.9,3,2,3,13
1,58,176,54.0,24.3,3,0,0,12
0,45,175,85.3,15.5,2,1,-2,5
1,35,158,70.1,13.6,5,2,8,9
0,22,187,63.9,15.0,5,0,0,7
0,48,168,75.2,18.2,3,0,0,4
0,41,175,87.7,16.4,4,2,5,9
1,22,186,53.7,25.2,4,0,0,11
1,41,196,95.2,13.2,2,1,-4,10
1,57,160,76.6,14.0,3,0,0,9
1,25,186,50.7,19.7,5,0,0,5
0,35,190,102.8,17.7,2,0,0,8
1,40,167,97.5,13.3,4,1,-6,5
1,40,200,107.6,12.6,2,1,-5,5
0,43,160,106.9,11.4,5,2,5,12
1,51,183,92.3,22.8,5,1,-8,8
0,31,170,104.9,20.0,5,2,4,15
0,21,185,92.4,12.3,2,1,-3,12
0,52,180,89.0,12.4,2,1,-8,10
1,26,157,61.8,10.5,3,0,0,12
1,60,181,58.7,30.0,2,2,3,13
1,43,194,86.5,29.9,5,2,5,12
0,32,162,82.4,0.0,4,1,-7,4
1,52,188,61.4,23.3,4,0,0,14
0,49,187,99.7,0.0,2,1,-6,12
1,36,168,99.3,18.2,2,1,-4,8
1,56,154,52.0,18.0,5,0,0,12
0,40,183,56.5,0.0,4,0,0,6
1,48,175,109.6,28.5,4,2,4,12
1,20,195,76.7,13.5,2,2,6,15
0,25,191,90.5,27.2,3,2,6,6
1,35,171,75.1,14.7,3,2,6,14
0,50,165,83.5,20.6,5,1,-4,8
1,41,164,80.8,21.4,3,1,-5,6
0,27,165,66.8,25.3,1,1,-4,10
1,43,172,52.1,25.7,4,1,-8,9
1,18,179,83.5,25.6,5,0,0,16
1,29,169,109.2,19.9,5,0,0,8
1,41,160,83.1,25.6,1,1,-7,10
1,33,194,101.7,12.3,5,2,8,16
0,52,196,62.5,0.0,4,0,0,7
1,38,153,74.0,0.0,5,0,0,9
0,24,156,94.8,0.0,3,1,-7,14
0,28,171,69.9,16.4,4,2,6,16
1,31,179,67.9,18.4,1,1,-3,8
0,47,152,97.3,28.7,4,2,3,4
1,29,183,104.6,27.1,5,2,5,5
0,24,155,109.0,25.7,5,2,2,13
0,40,165,106.8,23.8,5,1,-8,15
0,27,183,91.6,19.6,5,1,-8,7
1,43,188,56.3,17.2,4,0,0,14
0,58,177,51.5,10.1,2,2,8,11
1,54,193,65.3,0.0,2,1,-5,15
0,49,152,102.9,18.6,3,1,-7,13
0,27,188,101.8,0.0,2,1,-6,10
0,58,161,90.0,22.7,1,2,5,11
1,29,195,90.3,24.4,1,1,-6,12
0,43,198,76.6,18.4,1,0,0,12
1,34,163,90.4,0.0,5,2,2,15
1,22,193,75.2,11.1,3,2,7,10
1,28,195,105.6,27.4,4,0,0,10
0,56,166,76.0,23.4,1,1,-4,7
0,41,194,54.0,15.7,4,2,2,11
1,40,154,92.2,17.3,1,0,0,6
0,30,172,97.3,17.8,4,0,0,5
1,43,192,56.3,23.1,2,1,-2,12
1,35,186,62.5,21.8,4,0,0,10
0,39,179,50.1,24.8,3,1,-6,12
0,39,192,87.7,14.6,2,1,-3,11
1,22,158,95.8,19.9,5,0,0,11
0,34,200,74.0,10.7,3,1,-3,6
1,25,152,61.1,0.0,3,1,-2,13
1,60,185,78.1,27.2,5,1,-4,7
1,21,176,92.4,15.0,4,0,0,11
0,20,178,91.8,14.9,5,2,4,12
1,18,164,68.6,26.6,1,2,2,15
1,20,200,99.8,10.1,4,1,-3,14
1,48,163,94.7,16.8,1,0,0,10
0,60,189,108.5,16.4,4,1,-4,11
0,20,196,96.6,20.2,2,1,-8,14
0,19,184,104.2,27.8,4,1,-7,7
0,55,159,101.3,16.2,2,1,-7,9
0,39,178,94.4,23.3,4,2,6,13
0,38,160,86.8,14.4,1,0,0,4
0,20,193,63.8,11.8,5,2,8,16
0,58,193,68.3,25.0,5,0,0,7
0,46,200,72.8,16.4,4,0,0,14
0,29,156,106.3,22.2,3,2,7,8
0,52,189,54.5,19.7,1,1,-3,5
1,47,198,85.0,0.0,2,1,-2,13
1,40,166,53.5,12.7,2,2,8,9
0,49,172,65.9,18.1,5,0,0,10
0,47,181,81.8,14.3,2,0,0,6
1,23,176,102.5,19.5,1,2,2,14
1,27,177,105.7,25.5,1,0,0,13
0,19,169,87.1,25.5,4,1,-2,5
0,59,191,74.0,27.3,1,0,0,5
1,44,173,73.9,12.2,1,1,-8,14
0,29,167,74.4,0.0,1,2,3,5
0,47,158,62.5,13.5,1,2,2,9
0,32,182,59.2,21.8,4,1,-5,4
0,20,182,71.6,16.1,5,1,-4,5
1,35,186,91.2,15.6,3,1,-7,12
1,58,150,51.3,27.8,3,0,0,7
1,27,151,59.8,27.3,4,0,0,13
0,38,196,62.4,0.0,5,2,2,10
0,56,152,56.8,24.2,3,2,2,5
0,35,173,96.0,0.0,2,2,5,4
1,59,191,77.5,25.7,3,2,8,11
1,50,177,109.6,13.2,2,2,5,5
0,27,197,88.2,12.1,1,0,0,16
1,41,175,78.7,22.4,1,2,8,14
0,35,177,104.3,18.8,4,2,8,4
0,25,194,61.5,11.5,1,0,0,13
1,57,198,51.2,11.4,4,1,-2,13
1,54,156,86.4,23.3,4,2,3,12
1,22,152,102.7,0.0,4,2,4,10
1,36,197,93.8,12.8,3,2,2,13
1,23,156,70.3,29.9,5,1,-8,11
1,32,172,80.0,0.0,1,2,6,13
0,34,173,88.7,13.2,5,1,-8,9
0,40,153,100.9,18.7,1,1,-3,16
1,39,178,91.9,19.7,1,2,3,12
1,42,169,80.8,10.6,3,1,-7,8
0,26,165,70.5,28.0,5,1,-3,10
0,19,179,105.6,22.9,1,1,-7,12
0,54,150,59.4,15.9,2,1,-5,10
0,47,181,85.6,24.4,3,2,5,10
0,57,167,94.1,26.3,2,2,5,7
0,55,185,88.7,21.9,4,0,0,15
0,20,179,101.6,17.7,2,1,-3,8
0,32,154,95.5,10.9,2,2,5,4
1,36,152,72.4,18.4,1,2,6,12
0,46,152,68.4,23.8,1,1,-4,16
0,58,182,63.0,17.1,2,2,8,6
0,26,157,59.7,26.4,1,0,0,16
1,46,195,86.9,26.1,3,1,-8,13
0,46,184,80.3,15.6,4,1,-2,7
1,38,199,59.6,18.9,3,2,4,10
1,31,187,84.2,19.1,1,0,0,11
0,56,165,52.2,23.8,4,2,5,5
1,33,151,108.6,22.5,5,2,4,4
0,24,173,76.2,0.0,5,0,0,10
0,40,196,101.5,26.4,5,2,3,10
1,55,153,104.7,19.5,5,2,8,11
0,57,159,55.2,17.3,3,2,3,5
0,48,163,72.2,21.4,5,1,-5,6
0,45,191,91.0,0.0,5,1,-5,10
0,35,169,75.7,16.1,2,1,-8,11
0,44,154,61.5,27.0,1,1,-4,5
0,56,175,106.0,0.0,5,2,6,16
0,58,157,51.0,10.5,4,1,-3,13
1,28,195,68.0,0.0,3,0,0,13
1,31,161,89.6,16.4,5,2,6,16
0,40,166,107.3,24.1,5,2,5,15
0,57,166,106.8,0.0,2,2,5,6
1,30,162,69.9,29.6,5,2,2,16
0,57,157,50.4,18.1,5,2,7,15
1,30,199,103.9,12.7,2,1,-6,12
1,21,193,99.3,0.0,1,2,6,12
0,48,172,68.7,17.4,4,0,0,12
1,55,198,79.9,16.5,4,2,2,9
1,40,175,65.1,14.2,4,0,0,16
1,45,163,69.6,26.3,3,0,0,12
1,34,165,64.6,12.5,2,1,-8,9
0,21,200,65.5,20.0,5,2,2,10
1,21,197,73.7,17.9,4,2,3,11
0,43,176,54.0,14.9,4,2,6,13
0,37,198,92.3,21.0,2,1,-3,16
1,59,181,73.3,22.4,2,2,8,6
0,20,163,93.6,16.8,1,2,3,7
1,48,159,67.5,0.0,1,2,8,9
0,54,169,88.4,25.8,2,0,0,5
0,24,168,50.8,12.4,2,0,0,4
0,42,150,100.1,18.1,5,1,-3,16
1,31,194,109.3,24.3,4,0,0,10
0,30,194,100.9,21.3,4,0,0,11
0,39,174,55.1,27.1,4,0,0,6
1,43,153,94.1,29.0,3,1,-2,4
0,59,163,52.4,0.0,4,1,-8,12
1,28,187,59.8,18.9,4,0,0,15
0,43,162,54.6,12.7,4,0,0,15
0,46,164,68.7,24.2,1,0,0,14
0,19,196,87.2,22.8,3,2,4,4
1,19,198,57.4,14.1,5,0,0,6
0,22,192,80.1,19.9,1,0,0,5
0,31,187,102.6,10.7,1,0,0,6
1,58,167,108.2,27.7,4,0,0,7
1,55,190,89.0,20.9,4,2,2,8
1,31,158,67.2,24.9,3,0,0,5
0,28,172,98.2,29.2,1,2,7,9
0,39,171,70.0,13.3,4,2,2,11
1,43,156,82.2,15.1,3,1,-3,15
1,40,168,90.7,29.1,5,2,2,4
1,58,169,61.5,10.1,3,1,-3,16
0,51,173,77.8,23.7,5,1,-4,13
1,31,153,74.8,23.6,2,1,-4,12
0,35,156,87.9,18.8,3,1,-3,4
1,40,170,93.1,28.0,1,1,-5,5
1,57,183,80.6,20.6,5,1,-4,9
0,55,150,65.7,26.7,1,1,-6,15
1,34,180,106.0,28.9,1,2,5,5
1,33,179,82.3,21.6,1,0,0,9
1,22,158,54.0,13.1,3,0,0,13
0,22,168,62.4,18.7,3,0,0,16
0,22,169,59.1,0.0,5,2,6,14
0,41,192,61.6,0.0,2,0,0,15
1,36,193,82.2,18.8,1,0,0,4
0,19,197,98.2,26.6,4,1,-2,8
0,25,195,58.0,21.5,2,1,-2,4
1,45,152,63.3,28.8,4,0,0,8
0,20,172,70.0,12.2,1,0,0,10
0,41,159,108.8,28.5,4,0,0,13
0,34,172,97.1,22.9,2,1,-3,7
0,41,154,95.7,0.0,1,2,3,5
0,42,151,67.3,0.0,5,1,-6,12
1,25,190,80.5,20.6,1,0,0,8
1,40,158,73.1,28.4,4,2,8,12
1,35,186,91.8,22.5,5,2,5,15
0,18,166,69.7,10.2,5,0,0,10
1,47,153,93.2,10.6,5,2,6,13
0,23,165,52.6,22.7,5,1,-7,14
0,54,176,68.5,11.2,3,2,2,8
0,19,192,91.8,11.9,4,2,3,10
1,33,163,66.7,25.6,5,0,0,15
0,35,184,52.8,15.1,2,1,-6,6
0,19,175,64.0,11.1,3,0,0,12
1,46,175,56.0,0.0,3,2,3,4
0,31,182,88.0,16.1,5,1,-4,16
0,25,177,66.3,25.2,3,2,8,10
1,44,196,106.3,23.7,1,2,4,14
1,50,159,50.4,17.1,3,2,5,6
1,39,160,76.3,24.5,3,2,6,15
1,46,169,95.1,26.9,3,1,-5,6
0,40,152,66.7,29.2,2,2,6,4
1,26,176,57.1,12.8,5,2,4,15
1,52,169,74.9,0.0,2,1,-2,6
0,40,191,101.9,17.5,1,0,0,7
0,41,177,87.1,21.7,3,0,0,7
1,54,177,96.0,0.0,2,0,0,16
0,49,165,98.4,0.0,2,2,8,16
0,28,186,109.9,23.4,1,2,4,8
1,47,200,106.4,11.9,2,2,2,10
1,33,179,59.7,11.7,4,2,3,9
0,41,179,87.9,13.1,3,1,-2,6
0,56,154,60.1,11.9,2,0,0,16
1,32,165,90.4,0.0,1,0,0,16
1,57,190,82.1,25.1,4,2,2,14
1,24,198,51.4,13.2,3,0,0,14
0,25,182,82.5,21.1,5,0,0,6
1,39,189,88.8,28.1,3,1,-4,9
1,51,179,57.5,11.4,5,2,7,8
1,34,179,56.2,0.0,5,2,5,11
1,44,161,62.0,22.2,3,1,-6,11
1,42,175,92.3,21.6,3,1,-8,5
0,60,182,69.3,19.7,3,2,4,7
1,32,184,54.0,10.3,5,0,0,6
1,19,176,107.2,26.3,1,1,-4,15
1,35,153,96.9,28.1,3,0,0,7
1,40,150,97.5,18.4,4,1,-5,5
1,36,191,72.7,17.1,2,2,4,7
0,29,176,101.2,20.9,5,0,0,8
0,23,193,94.0,22.9,2,2,8,9
0,24,158,98.4,24.2,3,1,-7,7
1,52,185,87.9,26.5,5,1,-6,12
1,33,192,72.0,14.8,5,0,0,6
0,34,173,68.0,16.6,4,2,5,6
1,26,150,65.0,28.2,2,2,4,12
1,31,175,107.7,11.5,4,2,5,7
0,24,195,72.6,19.9,2,0,0,4
0,55,180,81.8,27.6,3,2,8,13
0,54,175,55.2,22.5,4,2,6,8
0,22,197,103.2,23.0,5,0,0,8
1,56,167,68.9,26.4,5,1,-8,10
1,24,171,74.9,21.2,3,0,0,13
0,30,177,70.0,15.3,1,0,0,9
1,52,187,90.2,25.1,2,0,0,16
1,23,198,76.5,25.7,2,2,4,7
0,18,181,96.1,17.3,1,2,7,12
1,54,169,98.6,22.4,1,1,-7,8
1,36,200,109.8,24.2,5,0,0,6
0,27,165,87.9,17.2,2,1,-3,14
1,34,156,108.6,15.2,5,0,0,10
0,31,193,84.7,21.5,4,2,8,4
0,24,151,87.5,16.3,3,0,0,16
0,38,193,77.5,0.0,3,0,0,6
0,55,177,103.8,14.7,3,1,-6,13
0,27,200,77.4,16.1,3,2,2,5
0,57,167,70.1,27.1,1,0,0,12
1,54,198,52.2,21.2,3,1,-3,8
1,26,152,61.1,29.6,5,2,3,4
0,57,171,75.5,24.5,3,2,5,12
1,23,158,51.9,10.1,1,0,0,5
1,54,154,51.3,14.9,5,0,0,15
0,43,150,105.0,13.6,1,1,-4,7
0,28,154,100.1,28.4,1,1,-6,5
1,45,186,90.5,14.3,4,1,-7,16
0,29,190,79.4,16.6,2,0,0,10
0,50,188,60.2,12.8,1,1,-3,13
0,43,179,97.3,0.0,3,2,7,10
1,41,158,76.4,24.9,2,2,3,16
1,48,195,98.4,12.5,3,2,6,4
0,37,188,96.6,29.2,1,2,4,10
0,52,175,91.9,21.4,2,1,-2,5
0,20,186,104.4,27.9,1,0,0,4
1,50,184,97.7,0.0,2,0,0,14
1,38,171,61.3,20.7,3,0,0,14
1,27,192,108.4,20.7,2,1,-6,5
0,53,188,85.7,22.8,5,1,-2,4
0,54,200,59.9,16.9,1,2,8,10
1,56,198,88.9,22.7,3,2,3,8
1,47,200,71.5,26.7,1,1,-6,11
0,52,195,94.2,27.9,4,2,4,8
0,18,172,98.6,15.2,3,0,0,16
0,46,187,82.8,13.4,4,1,-8,7
1,59,167,90.8,11.7,3,0,0,5
1,49,167,62.3,10.1,2,1,-8,8
1,19,176,89.7,20.5,5,1,-6,10
0,32,166,88.9,0.0,5,0,0,9
1,31,163,79.0,20.0,1,0,0,4
0,45,172,82.6,25.6,3,2,6,15
1,22,172,108.5,25.0,5,2,8,4
1,58,172,95.4,15.5,1,2,4,12
1,21,200,80.7,30.0,3,0,0,12
0,40,173,71.4,10.3,5,1,-4,13
1,19,184,85.7,22.9,5,0,0,16
1,55,182,84.8,23.0,5,0,0,10
0,53,162,99.7,0.0,4,2,4,7
0,57,170,85.9,11.9,1,2,3,5
0,34,158,95.7,25.0,5,2,4,4
0,21,184,80.0,0.0,2,2,5,6
1,51,158,55.8,22.0,3,0,0,5
0,37,191,85.8,11.9,4,2,7,12
0,57,153,94.7,27.7,3,1,-7,4
1,57,176,86.8,11.2,5,1,-5,8
1,41,196,91.7,28.2,4,2,5,10
0,49,195,78.7,20.8,1,1,-8,5
0,53,174,83.0,16.7,2,0,0,7
1,28,164,65.3,11.2,1,2,2,13
0,38,159,84.5,28.8,5,0,0,7
0,39,182,105.7,28.6,5,0,0,16
1,43,168,69.8,28.9,1,0,0,13
1,50,168,105.6,12.7,3,2,6,4
1,59,185,85.7,28.7,3,2,4,8
1,48,171,107.0,21.3,2,2,5,15
0,40,166,52.1,19.7,2,2,6,15
0,55,157,91.7,0.0,2,1,-3,14
0,47,162,98.4,28.8,5,1,-4,9
1,36,176,81.3,24.5,2,2,5,6
1,24,154,54.3,16.8,2,0,0,4
1,25,154,83.3,27.7,2,0,0,13
1,33,163,82.0,0.0,2,2,8,11
1,55,192,83.9,14.8,2,0,0,13
1,24,165,86.5,26.5,3,1,-6,13
0,35,175,50.3,24.7,5,1,-7,5
0,39,152,63.2,25.4,2,0,0,6
0,22,171,72.0,18.6,5,2,6,11
0,60,178,101.2,0.0,5,2,3,5
1,19,177,106.1,28.1,5,0,0,8
1,53,178,101.1,16.4,1,1,-6,9
1,51,182,53.4,29.0,3,2,2,12
0,42,163,95.4,18.3,4,2,8,15
0,39,190,54.3,22.3,2,0,0,13
0,35,172,74.1,23.8,4,1,-5,8
1,55,173,72.3,22.2,3,1,-8,4
1,28,173,102.6,13.5,1,1,-4,7
0,31,178,100.3,16.2,5,2,8,10
1,53,157,92.4,0.0,2,1,-8,8
1,36,150,64.9,22.7,1,2,4,7
1,56,162,68.9,11.6,4,1,-4,14
1,41,160,95.3,13.0,2,2,3,4
1,24,175,106.3,18.5,3,2,2,15
0,52,164,105.5,15.8,3,0,0,10
0,43,165,95.1,28.2,2,0,0,16
1,26,200,64.0,0.0,4,2,6,9
0,29,154,105.3,22.9,4,2,5,12
1,18,170,62.9,22.6,2,2,5,13
1,22,199,57.5,16.7,5,1,-6,12
1,24,193,53.9,19.2,3,2,7,7
1,48,199,84.6,15.3,3,1,-6,13
1,43,153,99.8,0.0,4,1,-3,8
0,23,162,107.4,0.0,3,2,2,10
1,19,191,59.6,17.4,1,2,6,11
0,37,167,52.5,10.0,5,1,-3,16
0,28,198,61.4,0.0,2,0,0,4
1,46,184,55.5,0.0,2,2,3,6
0,44,171,60.6,10.6,5,1,-8,10
1,59,171,86.2,24.0,3,1,-7,6
0,18,200,74.9,17.6,4,0,0,10
1,30,187,103.8,0.0,3,1,-2,6
0,45,180,84.0,19.1,3,0,0,15
1,31,196,98.4,11.7,5,1,-7,12
0,60,169,107.9,21.8,4,0,0,12
1,29,192,94.0,0.0,3,1,-5,13
1,31,153,103.1,27.6,5,0,0,12
0,39,183,86.1,28.3,3,0,0,6
1,39,194,78.1,24.8,4,0,0,15
1,29,185,106.3,29.3,2,2,6,12
0,43,175,86.5,14.2,2,1,-2,16
1,20,152,63.4,12.4,1,0,0,10
0,29,187,102.6,0.0,3,0,0,16
0,49,195,85.8,0.0,3,1,-4,5
0,49,199,87.4,24.7,1,0,0,12
1,40,177,70.6,0.0,5,1,-7,5
1,45,156,81.0,17.2,4,1,-6,7
0,59,189,93.6,24.0,2,2,5,6
1,54,150,79.7,19.4,4,1,-5,10
0,41,185,56.5,22.3,4,2,2,9
1,49,196,77.8,18.0,2,0,0,4
1,19,173,87.0,23.1,3,0,0,11
0,20,199,103.9,20.1,1,2,4,10
0,23,195,74.1,24.4,3,0,0,9
0,45,152,85.1,11.8,1,0,0,12
1,41,161,98.1,0.0,5,2,5,9
1,37,189,87.5,26.7,2,1,-4,14
0,60,153,73.2,12.4,2,2,3,16
1,43,152,60.8,0.0,5,2,2,11
1,23,175,59.9,10.0,4,0,0,6
1,34,177,85.2,0.0,3,0,0,5
0,37,166,80.7,0.0,3,2,8,5
1,23,179,63.2,13.8,2,1,-7,10
0,27,194,83.4,20.3,2,1,-7,13
0,55,153,65.3,26.8,4,2,6,7
0,47,196,94.6,13.4,4,2,3,4
0,20,183,79.1,0.0,1,0,0,5
1,56,162,84.0,27.7,2,0,0,16
1,23,154,57.3,27.0,3,1,-7,9
1,43,193,64.9,0.0,5,2,3,8
0,43,174,56.7,18.2,2,1,-5,6
1,25,169,92.3,17.3,3,2,4,7
1,39,170,50.6,25.5,4,1,-8,8
1,58,186,89.7,27.1,4,0,0,15
0,49,193,80.1,0.0,2,0,0,16
1,27,191,98.5,14.7,1,2,6,7
1,41,193,68.2,16.3,1,1,-8,7
1,48,173,87.4,0.0,5,2,7,9
0,40,166,53.6,18.2,4,1,-4,10
1,57,184,83.2,24.2,4,2,2,13
0,33,175,53.7,24.5,4,0,0,12
0,57,185,101.0,11.3,5,2,6,6
0,25,200,85.3,28.0,4,0,0,6
1,56,190,85.7,21.9,3,1,-5,16
0,20,178,81.5,24.5,4,0,0,13
1,54,151,60.6,21.4,4,2,6,8
0,27,169,59.4,26.7,5,1,-8,15
1,46,166,91.8,0.0,3,1,-3,13
0,21,163,57.9,21.3,2,1,-8,10
0,24,169,69.1,0.0,5,2,4,10
0,34,153,97.9,24.9,5,2,8,9
0,38,199,64.7,29.2,3,2,7,16
0,43,174,110.0,22.3,4,1,-4,14
1,49,198,100.4,11.1,3,0,0,13
0,36,186,98.0,0.0,5,0,0,8
0,55,152,86.2,24.8,3,1,-6,11
0,18,172,62.3,22.2,2,2,5,14
0,22,180,99.9,14.1,4,2,2,12
1,42,194,64.4,25.8,5,2,2,14
0,54,185,88.6,12.2,5,1,-8,16
1,51,185,68.0,28.5,3,1,-3,8
1,34,172,61.8,24.8,4,0,0,14
0,60,172,101.7,18.6,1,0,0,14
0,31,186,73.1,12.1,2,2,3,6
1,33,187,89.8,29.3,1,1,-6,8
0,39,176,56.6,15.0,5,2,6,5
0,29,161,63.0,22.7,4,1,-7,10
0,56,200,86.4,17.9,5,0,0,14
0,30,160,96.2,29.5,3,0,0,15
0,52,170,59.9,10.1,5,0,0,16
1,45,199,77.6,14.8,2,1,-6,4
0,20,195,89.9,24.5,2,2,3,4
0,50,162,57.9,23.7,1,2,4,12
1,57,199,92.3,19.3,5,1,-4,8
1,53,184,102.3,24.6,3,2,4,14
0,27,187,60.7,13.8,5,1,-7,5
0,23,159,96.6,12.8,3,2,8,16
0,37,160,63.0,17.2,4,0,0,4
0,33,151,99.8,0.0,3,1,-4,9
1,38,191,70.3,19.1,3,0,0,11
1,60,151,86.2,26.0,3,1,-7,7
1,58,166,52.8,26.9,3,2,7,7
1,40,164,89.5,10.8,2,0,0,7
0,37,165,71.0,12.7,3,0,0,9
1,19,196,68.9,0.0,5,2,7,13
1,35,193,94.7,0.0,4,0,0,13
1,52,151,51.3,26.9,5,0,0,13
0,23,160,102.2,19.8,4,1,-7,6
1,35,163,75.0,23.9,4,2,7,4
0,26,197,93.7,26.2,5,2,6,5
0,43,167,56.6,21.3,2,2,5,10
1,33,178,61.1,15.9,3,0,0,13
1,36,187,60.9,0.0,5,1,-2,5
0,60,171,59.9,14.0,1,1,-4,5
1,29,162,93.7,11.4,5,1,-2,11
0,43,192,98.7,0.0,3,2,6,4
0,48,198,74.2,27.8,5,0,0,9
0,42,190,101.8,28.0,4,1,-5,13
1,58,163,76.2,18.3,3,1,-2,4
1,35,166,72.0,0.0,5,2,4,15
0,20,169,67.0,26.3,2,1,-8,6
0,24,193,67.4,16.6,2,1,-3,14
1,30,195,52.5,15.6,4,1,-3,16
1,48,196,110.0,25.6,2,1,-8,14
1,20,151,70.9,20.8,2,1,-6,13
0,56,160,97.6,17.7,4,2,5,8
0,22,164,50.1,0.0,3,1,-7,6
1,36,188,58.4,22.3,1,0,0,8
1,45,156,71.2,29.6,3,0,0,15
1,26,167,101.2,28.4,3,2,3,8
0,20,183,106.4,17.1,2,0,0,14
0,33,191,81.0,12.5,5,1,-2,16
1,52,167,107.5,27.2,1,2,5,4
1,57,160,76.4,13.9,1,1,-4,6
1,45,171,71.9,28.8,2,0,0,10
0,34,193,87.6,10.9,5,2,4,6
1,32,192,66.3,16.5,3,0,0,16
0,42,164,67.0,12.2,4,0,0,6
0,28,160,86.3,24.6,5,1,-8,12
1,53,175,68.6,14.0,1,2,7,7
1,47,175,69.2,11.9,3,0,0,5
1,35,193,58.7,18.7,4,1,-8,4
1,40,189,81.1,0.0,5,2,6,16
1,44,189,63.2,24.2,3,1,-6,13
1,26,176,70.6,24.2,4,2,5,6
0,53,190,78.6,15.7,3,1,-6,15
1,57,156,101.6,19.6,3,0,0,10
0,57,162,77.8,13.8,2,0,0,7
1,20,151,63.1,0.0,3,0,0,12
1,18,190,58.6,20.4,1,0,0,6
0,42,159,75.7,10.6,4,2,2,4
1,29,155,53.1,12.8,5,2,4,10
0,26,161,51.5,0.0,2,2,4,16
0,41,164,102.7,0.0,3,1,-4,9
1,44,185,93.7,21.7,1,0,0,16
0,26,160,90.7,21.5,4,0,0,14
1,20,184,76.1,21.5,3,0,0,5
1,23,182,91.0,15.7,5,0,0,12
1,37,186,99.3,17.0,3,0,0,16
1,49,181,94.2,11.8,5,1,-3,4
0,25,160,72.4,29.4,1,1,-4,5
1,24,183,95.7,29.2,5,2,6,11
1,35,183,86.4,28.5,1,2,7,8
1,39,154,90.2,25.0,3,0,0,11
0,39,156,71.3,25.0,4,0,0,13
1,26,188,104.3,12.6,3,0,0,9
0,42,192,90.5,19.1,3,2,4,12
1,32,187,66.3,24.9,3,2,2,16
1,21,159,83.0,12.8,5,1,-8,10
0,58,194,69.5,20.3,4,2,4,7
1,54,172,51.3,19.6,5,0,0,9
1,25,155,83.8,13.0,4,2,5,13
1,56,169,91.7,11.8,5,2,4,7
0,43,157,55.4,14.8,2,1,-6,13
1,33,158,58.6,22.1,5,2,5,9
0,53,169,86.7,0.0,3,1,-4,15
0,59,155,59.0,23.8,5,1,-8,8
0,39,175,68.5,0.0,1,1,-2,5
0,24,157,85.0,12.3,2,1,-4,8
1,36,153,72.9,26.8,4,2,2,5
0,29,186,109.3,10.2,2,2,6,4
0,42,165,72.1,21.0,5,0,0,9
1,60,199,63.5,14.6,5,2,5,11
0,26,154,75.1,0.0,2,1,-6,4
0,42,191,61.7,21.5,5,1,-8,4
0,40,168,100.8,24.1,3,1,-6,9
0,51,184,53.5,22.9,1,1,-2,12
1,59,160,58.0,26.1,5,2,3,9
1,27,150,91.8,25.0,1,1,-3,11
1,57,164,80.1,25.2,3,2,3,4
0,48,183,53.5,0.0,1,0,0,6
0,45,189,61.8,14.3,4,2,4,7
1,31,177,83.0,10.2,3,1,-8,13
1,25,177,94.0,20.8,4,2,2,15
1,28,187,70.3,0.0,2,0,0,8
1,27,154,58.3,21.2,5,1,-2,6
1,59,187,101.6,22.5,4,2,5,11
0,50,151,67.0,14.4,4,1,-5,5
0,43,161,53.2,11.8,4,0,0,16
0,41,155,78.0,26.1,2,1,-6,12
1,51,185,92.9,28.6,2,2,4,10
1,47,161,79.7,18.1,5,1,-4,15
1,55,152,82.9,22.5,1,1,-3,12
0,27,162,58.6,13.7,5,0,0,10
0,23,189,94.0,11.4,3,0,0,4
0,60,187,89.3,0.0,1,2,3,16
0,32,190,65.8,17.8,4,0,0,16
1,38,191,50.7,10.7,2,0,0,4
0,56,161,79.9,22.0,3,0,0,5
1,47,157,99.7,24.9,4,2,7,5
0,55,151,82.9,18.0,2,0,0,7
1,59,186,107.6,23.6,3,0,0,8
1,19,166,62.1,24.2,5,2,3,6
0,34,190,76.8,29.9,4,2,2,16
0,42,178,109.8,14.0,3,0,0,8
1,29,186,96.9,10.8,1,0,0,7
1,46,183,103.9,28.1,3,0,0,13
0,26,165,73.8,29.0,2,2,3,7
1,53,163,99.9,21.1,4,2,4,4
0,45,185,65.4,24.5,3,1,-6,10
1,53,187,64.9,11.1,2,2,3,7
0,49,163,73.8,25.4,5,0,0,7
1,47,178,69.7,0.0,4,2,8,16
0,25,162,93.8,29.8,5,0,0,13
0,37,179,73.2,12.1,3,2,4,4
1,50,169,99.5,26.0,4,2,5,7
1,52,171,56.5,17.7,3,0,0,11
0,58,162,86.2,21.4,4,1,-8,8
0,55,163,101.4,23.2,2,2,7,4
0,38,166,72.7,10.4,5,0,0,15
0,23,158,74.0,26.9,1,0,0,10
0,40,199,74.0,29.2,5,0,0,9
0,36,153,65.4,0.0,1,0,0,10
0,18,173,62.2,13.6,2,0,0,10
0,25,191,68.9,21.4,5,2,5,4
0,47,171,88.9,28.2,5,2,3,9
1,18,159,51.0,0.0,1,2,5,5
1,49,165,71.9,21.0,2,2,5,14
1,55,189,106.4,26.3,5,1,-5,8
0,34,175,64.4,12.8,5,2,6,12
1,52,153,85.0,27.5,1,2,5,15
0,54,164,101.8,17.1,1,2,3,5
0,23,152,59.9,28.0,2,1,-3,11
0,41,155,53.3,26.5,5,1,-5,4
1,24,196,81.1,0.0,2,0,0,8
0,20,182,109.3,14.4,1,2,3,12
0,29,177,78.6,10.9,1,1,-3,12
0,27,195,66.6,23.9,2,2,4,8
0,47,190,68.3,12.6,4,1,-7,15
1,60,192,105.3,13.9,3,2,4,10
1,24,167,57.5,16.9,3,0,0,15
1,57,161,53.8,12.5,1,1,-6,14
1,41,161,103.9,13.9,4,1,-4,9
0,36,163,57.2,29.1,5,1,-7,7
0,50,190,86.4,21.4,1,1,-2,6
0,51,185,50.4,18.3,2,1,-4,8
1,19,151,81.7,13.2,2,1,-3,7
1,33,155,98.0,27.9,2,0,0,5
0,45,161,57.1,21.8,4,2,3,8
1,31,182,85.7,0.0,4,0,0,16
1,30,166,90.4,25.0,5,2,8,16
0,42,196,101.5,16.2,4,0,0,4
0,41,154,56.6,0.0,5,0,0,9
0,20,188,61.4,0.0,5,2,8,16
0,50,188,51.1,0.0,4,1,-5,8
1,34,178,68.1,19.1,5,0,0,11
0,38,166,77.3,19.2,2,1,-7,5
1,26,191,69.7,0.0,5,1,-3,15
1,51,152,69.2,0.0,5,0,0,11
1,50,189,50.5,24.4,3,0,0,15
1,54,157,52.1,15.3,1,1,-4,10
1,55,197,86.2,27.9,1,0,0,13
0,30,184,72.7,17.5,4,0,0,13
1,46,156,107.2,20.5,2,0,0,11
0,52,170,56.5,0.0,2,1,-2,7
0,57,183,102.5,13.4,5,1,-7,13
1,56,172,53.2,23.1,3,1,-4,13
1,21,198,63.8,18.8,1,1,-2,6
0,38,156,89.0,19.6,2,0,0,5
0,33,158,96.6,11.5,4,1,-5,11
1,59,159,77.2,28.2,5,0,0,8
0,19,187,97.4,29.7,3,2,7,5
1,26,162,87.3,12.2,1,1,-8,14
0,48,194,80.7,15.3,2,1,-6,15
0,51,196,56.8,15.5,1,1,-3,6
1,58,159,85.4,10.9,5,0,0,7
0,34,152,79.9,17.7,2,2,6,9
0,18,192,59.4,11.0,4,0,0,15
0,57,195,62.6,15.6,4,2,8,8
1,59,175,95.5,0.0,5,0,0,5
1,54,172,80.9,25.2,2,1,-2,5
0,51,165,96.0,25.9,5,0,0,12
1,38,169,89.9,25.1,4,1,-5,8
1,44,158,65.0,17.5,4,1,-3,13
0,47,198,97.8,18.3,3,1,-3,13
0,31,173,82.3,26.4,4,1,-4,4
0,33,173,65.6,0.0,1,2,2,8
1,57,197,96.1,26.0,2,1,-2,14
1,55,194,69.0,12.1,4,1,-2,14
0,51,159,67.4,13.3,5,0,0,14
0,49,194,75.6,25.7,3,1,-4,4
1,22,179,63.2,17.0,4,2,8,6
0,23,156,86.4,22.6,5,2,8,12
1,55,166,72.4,23.7,2,1,-5,4
1,41,178,50.6,11.7,4,1,-3,11
1,55,171,83.4,15.7,3,1,-6,13
0,59,183,102.2,24.0,2,1,-2,16
1,22,184,88.4,14.2,2,0,0,7
0,56,185,70.1,29.2,3,2,5,16
1,52,184,74.1,26.5,3,1,-8,6
0,41,152,67.2,11.1,4,2,5,9
0,42,183,78.4,11.5,3,0,0,9
1,30,177,72.3,21.8,5,1,-8,6
1,55,151,82.6,0.0,5,0,0,5
0,18,153,51.8,0.0,5,2,5,6
0,42,156,56.7,25.7,2,2,6,9
0,31,175,75.3,14.4,1,1,-5,16
0,20,187,80.3,15.4,3,2,2,16
1,45,155,99.2,12.5,3,1,-7,11
1,40,158,53.7,0.0,2,1,-4,9
1,41,178,95.3,22.5,3,1,-4,9
0,51,179,55.3,26.9,4,1,-3,8
0,57,177,88.1,24.3,3,0,0,8
0,37,180,60.4,16.7,2,2,7,4
1,39,194,83.6,0.0,5,1,-5,15
1,21,169,56.6,21.4,5,0,0,13
1,53,166,99.1,27.0,5,1,-3,7
1,18,192,85.0,20.4,2,0,0,6
0,31,181,107.7,13.4,2,1,-6,11
1,32,157,97.3,26.3,1,2,2,10
0,28,190,62.6,11.7,4,0,0,11
1,19,151,64.3,0.0,1,1,-2,12
0,19,185,99.1,17.7,2,0,0,16
0,56,195,66.5,27.1,4,0,0,6
1,40,188,103.5,29.9,4,2,3,12
1,30,171,82.4,24.0,1,0,0,14
1,25,187,103.9,25.3,2,2,5,8
0,57,158,75.6,19.3,1,2,4,15
1,33,154,79.8,0.0,4,2,7,14
0,59,150,76.8,25.7,2,0,0,10
0,34,173,57.4,0.0,1,1,-7,7
1,49,189,80.7,26.6,2,2,3,11
1,56,166,77.1,18.0,2,1,-3,6
0,53,185,97.3,13.5,5,1,-3,4
1,59,172,62.9,12.8,5,0,0,13
0,43,175,68.0,28.2,4,1,-7,13
1,31,186,103.5,22.7,1,2,4,16
0,55,156,104.9,29.7,3,2,2,16
1,45,157,52.7,11.7,4,2,5,10
0,60,159,81.3,27.7,2,1,-2,13
0,49,184,62.5,22.2,4,0,0,9
0,24,182,50.9,11.5,5,0,0,12
0,47,181,87.1,23.2,4,2,3,12
1,27,163,99.3,0.0,2,0,0,10
1,33,175,69.4,24.1,3,2,3,5
0,54,183,96.3,0.0,4,1,-5,10
0,29,166,101.3,23.6,2,0,0,6
1,50,157,76.8,27.7,1,0,0,15
1,18,155,95.8,23.5,4,1,-2,8
1,40,195,95.6,28.4,4,0,0,4
1,40,189,97.8,18.5,4,0,0,10
1,60,173,63.9,21.6,2,0,0,13
1,45,153,71.1,0.0,5,1,-8,14
1,50,186,103.3,25.7,5,1,-3,12
0,19,192,92.9,29.8,2,1,-8,9
0,53,197,70.4,22.4,2,2,6,6
0,50,179,101.1,19.0,3,1,-5,12
0,28,151,76.2,22.2,5,0,0,7
0,24,168,88.6,22.5,3,2,3,15
1,55,169,70.8,26.0,3,0,0,15
1,20,181,63.0,25.1,5,0,0,14
1,43,153,103.2,20.9,2,2,4,6
0,26,167,103.1,15.4,4,2,2,7
1,27,158,76.1,19.8,4,1,-4,9
1,35,169,59.1,21.8,5,0,0,12
1,28,179,66.6,16.6,5,1,-3,13
0,23,158,96.8,20.5,4,0,0,9
0,24,185,61.8,27.9,3,1,-5,12
0,19,174,98.3,11.7,1,0,0,6
0,22,185,94.3,0.0,4,2,6,13
1,44,181,70.0,0.0,4,2,6,7
1,40,172,54.0,23.5,2,0,0,9
1,22,189,86.9,0.0,3,2,5,12
0,25,171,63.2,21.4,5,2,6,6
1,43,171,83.9,22.3,4,0,0,8
0,47,162,65.6,24.3,3,2,8,13
1,36,151,91.4,27.1,3,1,-8,4
0,28,160,97.1,22.9,4,1,-6,9
0,55,172,92.7,25.3,4,1,-7,6
0,34,159,109.6,29.3,2,0,0,10
0,48,199,106.7,15.4,4,2,4,14
1,51,155,51.3,12.2,3,2,6,15
0,44,178,67.0,20.0,5,1,-2,12
0,48,165,98.6,28.3,2,1,-2,16
0,31,158,54.5,14.6,5,2,3,15
1,57,164,71.3,0.0,5,2,5,13
0,38,172,106.8,16.2,3,1,-4,16
1,31,150,55.3,0.0,1,2,6,7
0,27,176,86.6,14.7,5,2,8,15
0,38,188,64.8,0.0,3,2,2,9
0,28,198,83.5,13.2,4,2,2,12
1,58,167,66.0,24.9,4,2,7,7
1,26,192,55.3,13.3,2,0,0,6
1,34,197,50.2,13.3,2,2,8,4
0,42,169,62.2,15.4,2,2,2,5
1,57,167,53.4,15.7,1,2,2,9
1,54,156,60.6,21.9,3,2,2,6
1,33,193,63.5,0.0,3,2,7,8
1,35,151,82.5,26.4,2,1,-2,14
0,49,167,86.4,11.6,3,2,8,9
1,24,195,93.6,20.5,4,2,5,4
1,31,173,62.3,0.0,1,0,0,6
1,50,169,65.3,24.3,4,1,-2,10
1,32,195,66.2,17.9,4,2,5,9
0,35,198,81.5,0.0,2,2,8,12
1,45,167,106.2,22.9,1,1,-8,15
0,33,151,55.3,25.6,2,1,-4,13
1,57,179,83.6,22.2,1,2,7,7
0,56,174,53.2,16.2,3,1,-3,7
1,56,172,92.6,21.2,4,0,0,7
0,57,187,70.9,17.8,4,1,-4,5
0,33,177,107.7,19.8,4,1,-5,5
1,45,195,74.5,28.4,3,2,8,8
0,34,189,62.8,14.6,1,0,0,6
0,23,200,104.1,10.5,4,2,2,16
0,54,189,100.1,15.7,3,1,-8,11
0,54,196,64.3,17.7,4,1,-2,11
1,42,170,99.3,20.3,5,2,5,5
0,27,186,60.6,25.2,4,1,-2,15
1,38,158,73.0,21.4,1,1,-2,15
1,27,189,74.0,10.3,5,0,0,14
0,39,172,66.5,19.9,1,1,-5,7
1,44,189,99.0,22.9,1,0,0,4
0,41,165,82.8,19.7,2,1,-4,15
0,59,195,63.0,28.4,3,0,0,10
0,34,159,52.6,0.0,3,1,-7,6
1,60,197,51.5,18.3,5,0,0,16
1,20,164,72.2,13.4,5,1,-8,6
1,19,156,72.6,16.1,3,0,0,5
1,40,163,75.3,20.1,1,2,6,11
1,57,174,51.0,12.0,3,2,4,13
0,57,189,92.7,0.0,2,1,-4,7
1,42,186,70.2,16.6,4,2,7,6
0,50,155,64.5,25.4,5,1,-3,8
1,20,188,108.4,17.0,2,0,0,5
0,27,165,106.8,13.4,3,2,5,14
0,31,197,57.5,12.0,5,1,-4,10
0,29,168,68.7,18.5,2,1,-2,6
1,48,180,69.5,29.4,3,2,5,14
0,57,184,81.6,11.5,2,2,6,14
1,52,185,59.0,16.0,3,1,-6,13
1,26,182,59.2,19.3,3,0,0,14
0,25,200,103.9,22.7,4,1,-8,12
1,53,164,51.1,16.2,5,2,7,16
0,19,167,66.7,11.3,4,0,0,4
1,53,195,54.0,10.4,5,1,-4,14
1,47,189,52.1,21.8,1,1,-6,10
1,29,194,62.2,29.9,5,0,0,7
1,54,176,92.6,12.8,5,1,-3,8
1,25,186,89.1,16.4,5,2,6,4
1,50,153,108.7,23.6,4,2,7,6
0,32,174,82.0,27.2,5,2,7,7
1,32,156,97.8,28.2,4,1,-2,7
1,20,196,74.6,28.7,4,1,-2,8
1,58,168,87.4,17.5,5,1,-6,7
0,36,172,98.9,10.6,2,0,0,12
0,23,172,90.6,0.0,2,0,0,4
0,41,174,64.6,18.7,1,1,-8,14
1,25,163,100.8,22.5,3,2,2,5
1,58,168,101.5,0.0,2,1,-7,12
1,58,200,108.1,0.0,4,2,8,10
1,38,171,92.7,10.2,4,0,0,6
1,51,185,64.4,11.3,3,1,-6,9
1,37,178,57.9,0.0,4,1,-8,16
0,32,196,85.8,28.1,1,0,0,14
1,39,175,81.5,11.8,5,2,3,10
1,39,166,57.1,15.8,5,1,-4,7
0,38,153,69.5,20.9,3,0,0,14
0,45,154,72.8,15.6,3,0,0,16
1,36,170,81.3,20.7,1,1,-7,11
0,52,178,70.6,16.9,1,2,5,15
0,31,191,59.1,26.6,5,1,-8,6
1,25,182,106.1,21.2,2,2,7,14
0,58,195,55.3,15.9,1,2,4,15
0,43,164,67.0,0.0,4,2,7,4
1,44,153,55.1,28.4,3,2,4,11
0,27,164,74.8,0.0,1,0,0,6
0,39,196,97.6,21.2,5,1,-2,9
0,31,160,77.0,19.6,5,1,-3,14
0,44,168,104.5,27.5,4,1,-5,7
0,53,184,102.7,0.0,5,2,4,15
0,40,158,100.8,16.1,2,2,3,4
0,18,190,51.2,18.4,1,2,4,14
0,28,180,78.5,27.7,4,2,3,4
0,57,183,99.0,16.5,2,2,2,4
1,19,173,51.2,25.7,1,0,0,9
1,52,178,105.1,14.0,3,2,6,13
0,50,200,108.8,18.9,1,2,4,8
0,33,165,59.8,24.9,3,2,6,8
0,55,152,92.2,19.7,3,1,-4,13
1,31,183,88.2,20.8,1,1,-8,10
0,60,190,77.1,25.8,3,0,0,8
0,36,192,74.0,19.6,4,0,0,13
0,26,200,81.1,29.2,5,1,-3,4
1,52,180,53.9,23.6,1,2,6,11
0,31,163,106.5,28.2,1,2,4,8
0,51,164,66.4,18.2,5,2,2,9
0,50,169,60.4,18.0,1,1,-5,5
1,27,188,61.7,13.6,3,2,3,5
0,38,192,100.9,16.8,3,2,4,4
1,47,172,51.1,0.0,3,2,4,6
0,25,196,76.3,15.7,1,2,3,15
1,20,199,96.6,22.0,3,2,7,16
0,26,176,109.6,0.0,2,0,0,11
0,42,178,100.7,22.5,1,1,-5,4
1,60,183,69.9,22.3,2,0,0,16
1,37,200,53.5,26.0,2,0,0,15
1,56,175,97.4,26.2,4,1,-2,7
0,55,174,105.7,18.1,1,0,0,5
0,57,166,106.9,15.5,4,0,0,4
0,21,171,64.8,15.7,4,0,0,16
1,21,183,69.0,18.3,5,1,-3,8
1,55,183,97.6,26.3,1,2,2,4
1,37,164,108.4,14.4,3,0,0,14
1,32,157,98.5,22.1,2,2,2,8
1,29,167,53.6,22.2,5,1,-7,8
0,47,151,82.0,21.5,2,0,0,6
1,37,197,103.7,13.3,4,2,4,7
1,21,187,106.0,10.1,4,1,-4,8
1,37,158,52.3,0.0,3,0,0,8
1,58,196,89.5,29.3,5,2,7,5
0,39,185,65.4,24.2,2,2,7,16
0,40,169,80.4,16.3,1,0,0,10
0,50,190,79.8,0.0,5,0,0,4
0,60,182,74.8,14.5,3,0,0,7
0,30,191,86.1,20.1,3,1,-5,15
1,21,178,86.3,23.5,2,0,0,15
0,50,197,77.1,23.8,3,0,0,7
1,43,153,100.8,29.3,2,1,-4,11
0,43,177,86.9,15.8,2,2,3,13
1,18,162,88.1,20.5,2,2,2,13
1,53,167,70.1,16.1,2,0,0,7
1,35,177,84.6,29.1,3,1,-5,14
1,31,199,51.6,15.6,3,0,0,6
0,46,187,104.5,0.0,2,0,0,6
1,27,199,69.1,23.4,5,0,0,15
0,52,192,80.3,10.8,5,0,0,11
1,56,196,70.3,0.0,4,0,0,14
1,42,178,108.3,12.9,4,0,0,4
0,21,163,105.7,0.0,4,2,3,5
0,44,199,103.7,25.5,1,0,0,10
0,44,182,97.1,18.8,3,1,-5,8
1,52,160,80.5,0.0,2,1,-4,16
0,33,156,53.6,0.0,2,0,0,13
1,27,187,92.7,10.9,4,0,0,13
1,20,155,65.0,17.6,5,1,-8,8
0,33,165,85.6,14.2,1,1,-4,14
0,28,166,67.5,0.0,2,2,5,11
0,52,155,104.5,13.5,4,0,0,14
1,54,180,84.7,12.0,1,0,0,9
0,46,179,82.4,26.4,2,2,2,8
0,28,196,70.9,27.6,2,1,-8,13
0,47,185,65.0,10.8,1,2,4,4
0,48,197,51.5,11.7,5,2,5,15
1,55,175,98.1,22.5,5,2,5,12
0,25,189,81.5,0.0,1,2,3,5
1,46,180,82.3,14.3,3,0,0,8
1,51,199,87.6,19.0,3,1,-5,8
0,33,192,89.0,20.1,4,1,-3,6
0,46,199,78.0,13.0,2,0,0,12
1,47,154,90.3,20.0,5,1,-2,14
1,54,198,62.5,25.2,1,0,0,8
0,57,198,98.0,23.4,1,1,-7,5
1,49,165,82.4,0.0,4,1,-2,12
1,54,152,57.5,19.7,3,1,-6,13
1,19,189,98.2,16.9,5,2,5,14
1,19,173,100.5,27.2,5,2,3,7
1,18,175,95.9,13.1,5,2,6,5
1,25,168,101.7,27.7,3,2,2,15
0,38,178,109.7,23.8,1,2,6,15
1,18,178,74.2,26.6,4,0,0,5
0,26,200,66.3,26.3,5,0,0,7
0,34,193,52.3,18.6,3,2,4,15
1,18,172,103.2,17.7,2,2,2,5
1,30,166,82.8,20.3,2,2,4,10
1,56,161,97.5,22.7,2,0,0,8
0,53,150,63.9,16.3,3,0,0,11
1,38,154,68.1,13.3,4,1,-8,6
0,37,170,84.1,16.7,5,0,0,9
0,37,160,106.3,22.5,4,2,4,7
0,45,154,69.4,15.1,3,0,0,8
1,50,171,80.1,28.5,3,1,-2,5
0,52,168,69.5,16.2,5,2,5,16
1,51,169,109.3,0.0,1,0,0,9
0,58,183,80.8,25.5,2,2,5,4
0,58,158,71.3,10.3,2,0,0,15
0,30,196,53.1,13.2,1,1,-7,15
1,28,163,60.1,14.9,5,0,0,6
1,20,190,70.6,27.0,3,1,-5,11
1,33,175,94.1,12.1,5,2,5,6
1,37,171,53.9,16.8,2,2,7,4
0,47,170,61.7,18.5,2,2,8,15
1,40,186,94.5,0.0,2,0,0,16
1,22,150,65.7,29.8,5,1,-8,6
0,47,199,100.8,26.6,3,1,-2,13
0,49,160,60.4,16.7,2,1,-6,14
0,52,168,56.0,19.1,3,0,0,15
1,47,184,68.9,15.9,2,0,0,6
1,60,186,81.2,0.0,2,2,4,5
1,34,181,95.7,13.6,5,1,-4,13
1,25,164,89.1,12.6,1,0,0,12
0,57,174,101.5,0.0,1,0,0,7
1,19,197,63.9,0.0,1,2,7,15
1,31,188,107.1,16.7,4,0,0,4
0,39,185,51.0,22.4,2,0,0,7
1,24,154,62.0,13.4,5,0,0,7
1,26,197,107.9,29.5,5,0,0,11
0,36,171,58.2,18.2,3,1,-7,8
0,45,185,90.4,25.1,3,0,0,13
1,30,188,61.4,27.9,3,0,0,7
0,28,190,85.4,13.1,5,2,2,8
1,18,184,108.3,11.7,5,2,4,5
0,33,181,82.8,13.9,1,0,0,6
0,21,150,89.0,0.0,2,0,0,7
0,19,153,89.8,17.9,2,0,0,7
1,19,161,103.0,14.8,3,1,-5,8
0,51,189,89.1,20.2,2,1,-6,15
1,53,175,101.4,13.6,2,2,3,6
0,42,156,63.0,15.5,1,1,-5,16
0,43,181,90.4,29.8,1,1,-5,4
0,32,187,66.6,27.2,4,2,6,9
0,48,150,87.1,0.0,2,2,3,5
0,20,171,55.5,14.1,5,1,-7,4
1,40,190,87.7,13.5,4,2,2,12
1,51,163,61.7,17.2,2,2,5,14
1,54,160,100.4,24.9,3,0,0,13
1,46,178,75.3,25.5,1,0,0,6
0,32,175,104.7,26.8,2,0,0,6
0,50,194,105.1,11.8,2,2,4,7
1,28,178,96.3,12.6,5,1,-6,8
0,60,200,63.8,24.4,3,0,0,13
0,22,157,79.4,0.0,3,0,0,6
0,27,162,66.7,12.0,1,0,0,5
1,45,152,96.2,20.0,3,0,0,8
1,56,189,58.5,23.0,5,2,3,10
1,33,164,82.0,17.4,1,1,-8,8
0,42,198,82.1,22.1,5,0,0,6
1,42,179,101.8,0.0,4,2,7,14
1,25,194,80.7,12.8,1,0,0,10
0,53,194,64.4,19.5,2,2,3,9
0,45,194,88.6,24.8,2,0,0,13
0,48,188,87.7,23.2,2,0,0,15
0,45,200,86.5,0.0,2,0,0,16
1,59,187,69.4,19.3,2,1,-4,15
0,36,192,63.8,20.0,5,1,-8,7
1,26,197,87.2,27.6,4,0,0,14
0,33,174,74.8,27.2,1,0,0,16
0,44,177,59.0,28.0,3,0,0,11
1,35,163,93.6,12.2,4,1,-6,15
1,55,177,56.6,25.8,5,2,5,9
1,33,184,85.3,13.6,5,1,-3,6
1,26,178,102.2,0.0,2,0,0,13
0,42,155,100.2,19.1,4,0,0,8
1,39,200,76.3,16.5,5,2,8,14
0,35,153,71.4,29.6,1,0,0,9
0,47,172,97.8,16.5,5,1,-4,14
0,41,154,72.0,20.9,1,2,4,10
0,20,182,64.9,27.6,3,2,4,6
1,19,150,78.5,26.4,1,0,0,14
0,25,172,104.6,18.6,5,0,0,7
0,47,174,108.4,19.3,3,2,2,8
1,30,182,107.5,11.3,1,2,8,4
1,55,187,60.3,26.3,2,2,8,5
0,22,180,106.0,10.1,2,0,0,4
1,32,177,58.1,0.0,3,2,3,4
1,27,171,52.0,22.0,4,1,-3,7
1,60,165,95.3,21.0,3,1,-4,6
0,45,182,59.4,25.3,5,1,-4,10
1,24,171,73.5,12.8,3,2,4,10
0,51,198,64.2,14.7,5,2,5,13
0,41,187,106.0,15.8,5,2,4,6
1,29,195,92.5,17.3,2,1,-8,9
0,53,162,90.7,10.4,3,0,0,4
0,37,150,106.1,24.7,2,1,-3,15
0,34,156,69.5,20.6,2,2,6,10
0,28,173,101.8,15.2,2,2,3,8
1,55,173,92.6,23.9,2,2,3,4
0,34,197,79.8,23.5,5,1,-7,7
1,55,186,90.2,28.6,4,1,-7,5
1,19,183,50.8,27.1,3,2,3,10
1,35,179,60.1,19.3,3,2,6,11
0,50,196,109.0,28.5,4,0,0,10
0,53,176,76.5,11.8,5,0,0,8
1,52,197,100.0,28.6,1,1,-4,15
0,59,159,70.6,21.3,5,0,0,7
0,35,174,102.7,23.9,3,1,-3,13
1,40,196,64.8,26.3,3,0,0,8
0,36,181,56.4,25.8,3,0,0,8
1,22,196,83.7,24.8,3,1,-6,6
1,53,187,74.5,0.0,2,2,6,10
0,25,177,69.3,19.1,4,1,-6,7
0,55,179,67.8,19.3,4,0,0,9
0,57,162,58.5,17.4,2,2,5,6
1,45,187,104.7,0.0,3,0,0,8
1,48,171,104.1,26.9,5,1,-7,12
0,20,199,104.0,17.2,4,2,2,12
1,31,186,97.7,13.3,3,2,8,4
1,30,159,80.0,21.8,3,2,7,15
0,31,166,82.8,27.5,3,1,-3,12
1,49,170,83.5,0.0,2,0,0,6
0,54,159,60.7,15.3,5,0,0,11
1,19,155,103.9,15.7,5,2,2,4
1,59,162,75.7,18.9,1,2,4,8
0,50,178,91.3,0.0,3,2,4,13
1,42,160,60.8,10.4,4,0,0,13
0,33,175,58.8,27.7,3,0,0,16
1,33,150,62.4,15.1,5,2,7,16
1,26,170,91.9,11.2,2,0,0,10
0,20,164,86.9,12.5,1,1,-2,10
0,20,156,54.4,28.7,2,2,8,14
0,26,175,85.6,24.4,2,0,0,11
1,41,182,77.8,0.0,4,0,0,8
1,41,157,103.5,19.9,3,1,-2,7
0,26,172,97.7,10.2,4,1,-3,5
1,46,186,66.6,17.4,1,1,-5,7
1,41,192,99.9,24.3,1,1,-6,6
1,33,177,65.3,13.6,5,2,5,7
1,42,189,93.8,26.8,1,0,0,12
0,37,179,106.9,29.2,2,1,-7,11
1,44,172,95.3,23.0,4,0,0,12
1,52,200,71.2,16.7,4,0,0,4
0,45,195,69.7,11.2,2,2,3,11
0,24,153,60.6,21.3,5,1,-8,6
1,25,175,82.7,22.8,2,2,2,10
0,33,179,88.0,0.0,4,0,0,12
1,57,158,109.9,0.0,5,2,6,16
1,25,164,66.3,0.0,3,1,-4,12
0,40,167,67.4,14.2,5,1,-8,9
1,45,193,85.9,15.1,1,0,0,16
1,21,184,93.0,23.1,1,2,2,11
1,36,172,57.0,18.1,5,0,0,5
0,45,181,84.8,19.3,4,0,0,11
0,46,159,109.5,10.4,3,2,8,10
0,50,164,102.4,26.3,5,0,0,8
1,41,158,55.7,0.0,4,0,0,5
1,59,184,100.2,19.1,3,1,-8,8
1,57,171,62.2,12.7,5,2,2,4
1,47,198,106.4,26.9,2,0,0,6
0,55,200,64.1,15.1,4,1,-3,4
0,48,181,50.2,0.0,5,2,8,16
0,51,200,50.3,17.7,1,1,-7,13
0,37,157,74.4,20.5,3,2,3,4
0,48,191,86.1,22.5,2,2,2,9
1,54,150,100.7,16.5,3,0,0,11
1,18,155,79.6,15.2,1,1,-8,14
1,50,177,77.3,22.2,1,1,-7,4
1,30,169,74.4,11.4,5,1,-5,6
0,59,199,64.6,25.5,2,0,0,7
1,25,196,96.8,21.2,4,2,3,5
0,58,168,95.8,23.2,3,0,0,13
0,36,173,96.8,18.0,2,2,5,9
1,19,163,72.1,14.1,2,0,0,6
0,21,181,88.6,13.0,1,1,-6,12
1,55,173,53.2,23.4,5,1,-5,7
1,29,189,94.3,27.5,5,2,3,10
1,39,158,102.7,0.0,2,0,0,16
1,35,175,61.9,15.1,5,2,8,6
1,55,174,52.0,20.6,1,1,-6,11
0,55,198,65.2,11.4,3,2,5,7
0,19,169,96.3,12.2,3,2,3,15
1,32,155,57.2,10.0,5,2,7,13
0,28,168,55.4,14.9,2,1,-4,4
0,59,182,101.4,13.7,1,1,-5,12
1,53,189,70.3,0.0,4,0,0,6
1,59,167,70.6,0.0,4,2,2,16
1,51,157,60.7,0.0,1,0,0,15
0,36,196,67.8,23.9,1,2,7,15
0,56,182,69.4,13.9,5,0,0,5
0,58,179,104.6,20.6,1,0,0,13
1,44,150,109.3,23.2,1,2,5,12
0,33,179,87.0,0.0,5,1,-4,7
1,59,194,57.4,11.6,2,1,-2,8
1,31,172,82.8,12.3,5,0,0,10
0,53,194,64.6,28.2,3,0,0,12
0,18,153,54.0,10.6,4,1,-4,11
0,49,184,96.4,16.9,4,2,3,6
1,55,175,100.3,0.0,4,2,3,16
0,47,157,66.4,22.4,4,2,6,10
1,29,166,87.8,10.5,4,2,6,4
0,30,154,82.1,28.5,1,0,0,5
1,26,187,80.2,27.5,4,1,-7,16
1,47,159,79.7,18.7,1,0,0,4
0,30,186,62.0,26.6,1,0,0,14
1,47,172,96.1,12.2,2,2,4,11
1,28,162,98.3,14.4,4,1,-4,10
0,52,157,58.2,12.0,2,0,0,14
1,39,159,80.4,24.5,3,0,0,13
1,18,194,99.3,20.5,5,1,-8,12
0,40,187,54.8,10.3,2,1,-2,10
0,50,184,92.8,27.6,5,0,0,6
0,43,156,66.6,18.3,2,0,0,15
1,58,184,103.4,21.8,3,0,0,9
1,33,197,83.8,16.3,3,1,-7,9
1,51,167,96.2,15.8,4,0,0,8
0,42,155,64.1,28.7,1,2,7,4
1,41,177,75.5,13.0,2,2,5,13
0,29,173,69.6,24.2,5,2,2,15
0,19,178,107.8,18.1,3,0,0,16
0,60,174,89.2,0.0,1,0,0,6
1,20,169,63.6,20.7,5,1,-3,8
0,33,151,103.9,11.3,3,2,8,4
1,54,192,82.6,0.0,4,2,7,4
0,36,190,53.9,13.3,2,1,-4,5
0,49,172,100.3,19.0,2,0,0,5
1,29,165,105.2,10.6,2,1,-2,11
1,48,197,63.1,19.3,5,2,3,4
1,21,198,63.2,29.0,5,2,4,8
1,56,169,65.6,22.2,1,1,-5,8
0,35,173,94.7,25.6,1,1,-4,9
1,30,187,86.8,22.1,2,2,6,13
0,59,198,82.0,29.1,3,1,-4,6
0,51,150,95.0,19.3,1,0,0,15
1,22,177,58.7,27.5,3,1,-7,12
1,21,154,54.9,24.2,4,1,-4,6
1,41,198,73.3,12.7,5,1,-6,9
0,37,162,54.7,19.4,5,1,-6,12
0,39,177,71.7,11.6,4,2,5,10
0,24,190,103.3,0.0,5,0,0,10
1,50,197,87.8,27.4,3,1,-5,15
1,52,188,58.9,17.3,2,2,7,10
0,47,198,58.2,27.6,4,0,0,6
1,57,195,70.4,18.9,5,2,4,11
0,45,171,77.7,0.0,4,2,7,10
1,39,155,60.6,0.0,1,1,-7,15
1,39,196,70.4,24.6,5,0,0,8
1,50,185,78.4,15.9,3,1,-5,8
1,37,188,69.2,25.7,3,0,0,15
1,27,169,63.6,18.8,1,2,6,15
0,29,186,84.3,22.5,2,1,-4,15
1,41,167,103.0,10.2,5,2,4,13
1,19,163,108.7,25.6,1,2,8,4
1,35,162,101.5,28.5,4,1,-5,10
0,51,183,99.3,26.9,3,0,0,10
0,44,170,58.0,19.3,2,0,0,13
1,37,185,105.5,10.4,5,1,-8,14
1,32,198,59.0,29.7,5,0,0,14
1,43,175,50.2,18.0,3,2,4,6
0,28,179,74.6,29.2,2,0,0,12
1,46,174,60.0,0.0,1,0,0,11
1,36,163,107.0,23.9,1,0,0,12
1,59,162,105.1,24.5,1,1,-6,9
1,27,192,88.4,15.3,3,2,2,13
0,26,195,69.4,28.4,5,2,6,13
0,25,152,87.3,21.3,4,1,-3,11
0,21,200,77.3,11.7,2,0,0,8
1,40,167,53.6,0.0,3,1,-6,7
0,37,162,75.7,18.2,1,1,-3,6
0,35,200,65.1,13.6,2,0,0,14
0,44,175,54.1,25.8,3,0,0,13
1,33,193,64.4,27.0,1,0,0,6
0,45,193,63.8,11.0,5,0,0,9
0,56,151,67.7,25.7,4,2,7,10
1,42,157,55.9,21.8,1,0,0,10
1,41,181,61.2,22.6,4,1,-5,10
0,47,150,85.0,15.6,3,2,4,16
1,33,188,99.1,21.3,3,2,6,7
0,52,191,109.5,25.2,5,1,-7,6
0,58,151,54.4,13.2,1,0,0,7
0,58,193,68.6,12.0,2,2,5,5
1,28,172,97.1,26.2,3,0,0,13
1,29,174,87.5,24.8,4,1,-4,10
0,52,150,103.0,0.0,4,0,0,11
1,40,186,63.5,20.7,5,0,0,10
1,35,160,56.2,28.2,5,0,0,7
1,37,200,81.3,29.4,5,2,8,6
0,32,198,72.0,23.3,5,2,4,5
0,21,178,65.8,17.1,3,2,5,16
1,37,195,93.5,24.4,3,2,4,7
0,49,189,84.3,17.4,1,1,-8,12
1,32,187,54.6,15.5,1,0,0,10
0,18,187,75.3,25.4,3,0,0,8
0,49,167,69.0,12.8,4,1,-8,4
0,19,196,78.5,0.0,4,2,3,10
1,57,188,82.6,26.9,4,0,0,14
1,45,172,85.8,0.0,3,0,0,16
0,57,158,68.6,22.9,5,1,-6,15
0,35,194,99.6,17.2,3,2,3,13
0,42,196,87.9,10.6,3,1,-2,6
0,22,169,108.9,0.0,4,0,0,11
0,52,197,101.4,21.7,5,0,0,9
0,43,189,85.7,17.0,1,2,2,5
1,29,186,71.4,20.7,1,1,-8,16
0,39,150,86.6,0.0,5,0,0,15
1,39,192,52.1,12.1,5,0,0,16
1,58,159,52.2,25.3,1,0,0,4
0,18,186,56.4,12.9,2,0,0,4
1,36,161,66.4,18.0,4,2,6,12
1,25,151,73.8,0.0,3,0,0,6
1,26,162,51.1,20.0,1,2,3,16
0,30,180,91.2,22.7,2,1,-5,16
0,51,174,87.7,18.7,2,0,0,8
1,20,186,56.8,24.2,1,2,3,7
0,47,196,69.4,19.3,5,1,-2,12
0,58,189,101.4,18.9,2,1,-2,6
0,40,197,59.9,0.0,5,1,-5,14
1,42,194,77.0,10.5,5,0,0,8
0,42,151,65.1,13.6,3,2,7,4
0,40,199,76.7,28.2,5,2,3,9
1,54,153,89.1,0.0,3,2,8,8
1,23,189,59.8,11.8,5,0,0,16
0,19,155,79.5,10.1,4,1,-3,11
0,42,186,109.3,11.6,4,2,4,6
1,44,151,83.5,25.0,4,1,-3,10
0,23,177,76.8,13.4,2,2,3,14
0,54,187,54.1,0.0,1,2,7,4
1,45,192,79.5,20.6,3,0,0,15
1,34,186,54.0,11.7,3,0,0,8
1,46,180,59.0,0.0,4,2,8,9
1,57,158,54.5,27.1,3,1,-4,14
0,51,163,78.4,22.1,3,0,0,15
0,56,155,92.4,24.9,1,1,-3,10
0,18,199,94.7,25.0,4,1,-8,11
0,47,156,85.1,14.4,5,1,-6,12
1,50,169,101.0,27.4,5,2,7,14
0,52,165,84.4,17.3,5,0,0,13
1,50,157,83.2,0.0,4,2,8,8
0,28,182,105.8,16.7,4,2,3,5
0,36,156,54.9,18.8,5,0,0,14
1,39,194,76.4,0.0,4,0,0,13
1,31,167,84.3,29.3,1,0,0,5
1,45,178,54.3,28.6,3,1,-3,13
1,60,152,95.1,15.5,4,2,5,7
0,39,197,83.4,27.0,5,0,0,10
0,54,172,108.7,18.3,4,1,-7,8
1,30,182,101.7,16.4,1,1,-7,15
1,22,169,66.1,27.8,2,2,2,10
1,27,192,51.4,16.9,1,0,0,13
0,19,165,106.9,26.7,4,2,6,7
1,22,181,79.1,0.0,4,2,7,14
0,20,154,90.9,22.3,5,0,0,16
1,50,172,91.7,19.6,1,1,-7,12
0,27,165,86.7,0.0,4,1,-8,4
1,38,177,92.3,16.9,4,0,0,5
1,37,176,66.8,25.3,3,0,0,5
0,58,179,67.7,19.0,5,1,-8,16
1,49,189,93.8,17.4,2,2,7,15
1,21,151,105.9,29.7,3,0,0,4
0,59,174,51.2,18.0,3,0,0,14
0,34,150,101.7,28.0,2,1,-5,10
1,26,174,62.1,12.7,3,1,-7,15
0,32,187,68.3,0.0,4,2,4,12
0,50,157,86.4,0.0,2,2,4,13
0,60,157,60.0,17.3,4,0,0,10
1,31,184,68.4,11.7,2,1,-7,8
1,30,186,55.0,23.8,1,2,6,16
1,44,186,101.0,26.3,2,1,-3,10
1,23,193,105.3,13.2,3,0,0,16
0,35,151,74.8,17.5,3,1,-5,8
0,58,180,81.2,14.4,4,0,0,13
1,34,183,73.8,17.3,3,1,-3,14
1,50,193,97.5,19.2,2,2,5,12
0,19,191,94.3,16.0,2,2,3,16
0,45,176,91.2,20.6,4,0,0,4
0,40,188,97.2,22.6,2,0,0,16
0,55,164,73.6,29.4,1,0,0,10
1,47,153,77.2,16.4,5,0,0,16
1,52,170,73.7,14.6,1,1,-2,9
0,36,154,77.0,26.9,1,2,2,4
1,20,181,98.7,14.3,4,2,2,14
1,44,181,74.0,29.6,3,1,-2,6
0,53,191,75.2,10.2,2,1,-4,10
0,30,200,72.5,21.4,2,1,-5,15
1,47,152,55.5,11.7,2,2,4,15
1,54,199,54.7,20.1,5,0,0,8
1,47,168,90.0,11.5,3,1,-7,15
0,43,194,58.0,14.2,5,2,5,15
1,54,194,66.0,16.1,4,2,4,15
0,53,151,98.3,11.0,4,0,0,14
1,40,194,54.0,19.6,1,1,-5,7
1,36,158,99.6,19.4,4,1,-6,13
0,26,170,100.5,20.8,4,1,-3,5
1,55,198,52.9,15.0,5,1,-5,14
1,22,154,97.9,20.5,4,2,5,9
0,47,158,103.0,0.0,5,0,0,7
0,51,199,98.7,19.6,2,1,-7,13
0,50,180,55.0,0.0,1,0,0,8
0,59,171,99.9,16.2,2,0,0,16
0,38,188,107.6,0.0,3,0,0,10
0,23,171,91.9,25.1,1,1,-5,11
0,33,161,56.2,14.3,2,0,0,11
1,42,195,91.1,15.1,1,0,0,14
1,50,161,104.7,18.4,4,0,0,13
0,60,200,54.7,0.0,1,2,4,6
0,24,154,82.5,13.1,4,1,-3,15
1,47,183,54.3,11.5,2,0,0,10
0,48,188,97.8,19.5,2,1,-7,8
1,45,159,94.9,0.0,2,1,-8,5
1,23,181,83.3,0.0,2,2,2,10
1,43,188,62.2,28.8,3,1,-8,6
0,20,179,93.5,23.4,3,2,5,16
1,53,195,68.8,0.0,5,0,0,16
1,19,153,68.6,22.3,3,0,0,12
1,19,167,107.5,11.5,2,2,5,6
0,55,184,89.3,0.0,2,1,-4,4
1,53,183,76.7,21.5,2,0,0,11
1,20,183,92.3,19.8,2,1,-3,10
0,24,169,59.9,23.2,5,1,-3,12
1,23,169,108.6,19.2,5,1,-2,13
1,58,160,91.9,0.0,4,0,0,8
0,44,158,60.0,16.0,5,0,0,14
0,41,157,51.4,12.2,3,2,5,4
1,59,182,109.6,24.3,3,1,-5,14
0,49,172,58.9,0.0,1,0,0,13
1,60,188,85.8,10.3,5,1,-4,11
1,47,180,76.8,15.5,1,0,0,12
1,51,157,66.4,0.0,5,1,-5,11
0,48,197,74.7,20.7,1,1,-6,5
0,51,189,104.7,19.6,5,1,-7,9
0,41,181,61.2,23.2,3,0,0,7
1,41,197,72.0,20.5,3,0,0,6
1,50,193,59.3,23.5,1,2,3,4
0,34,198,103.1,27.8,1,2,2,14
1,28,170,72.8,0.0,4,2,6,13
1,43,175,50.2,25.5,5,1,-3,7
0,32,173,89.0,26.2,5,0,0,9
0,29,184,98.9,10.4,2,0,0,6
1,41,183,68.1,14.3,5,0,0,14
1,37,157,55.5,13.0,3,2,5,16
1,30,195,89.5,12.0,2,1,-4,14
1,44,171,54.1,14.5,3,2,5,13
0,38,183,67.0,21.2,5,0,0,4
1,19,165,83.2,14.9,2,0,0,14
1,53,171,60.7,28.6,1,2,5,11
0,18,199,66.7,18.3,2,2,6,11
0,40,186,80.6,18.7,3,0,0,16
1,34,158,77.3,11.9,2,2,7,13
1,56,163,108.6,28.6,3,0,0,8
1,19,159,102.2,10.3,3,2,3,4
1,24,197,60.1,26.7,1,2,8,7
0,19,189,52.9,27.3,1,1,-5,9
1,60,180,68.8,25.5,2,0,0,13
0,37,192,108.6,19.4,3,1,-7,4
0,58,170,76.5,20.5,5,1,-7,13
0,60,188,63.7,29.6,2,0,0,11
0,36,166,70.0,23.9,1,0,0,10
0,53,159,95.1,16.3,1,1,-8,8
1,60,170,51.7,0.0,4,0,0,10
0,35,170,67.9,24.1,2,2,7,13
1,34,184,87.9,15.0,1,1,-8,15
1,50,169,92.4,22.6,1,2,6,6
0,21,175,70.8,21.7,5,1,-3,8
1,40,169,64.1,20.3,5,0,0,14
0,51,191,101.3,27.2,3,2,8,10
0,18,155,109.2,29.3,2,2,3,12
0,57,181,84.1,0.0,4,2,5,5
1,58,195,76.7,18.0,3,2,3,12
0,29,172,105.1,13.7,5,0,0,15
0,21,150,109.5,10.9,3,1,-7,14
1,28,198,96.9,23.5,1,0,0,14
0,50,163,75.4,23.8,2,2,3,5
0,41,158,66.4,0.0,4,2,8,9
1,60,186,100.8,11.2,2,2,4,15
1,56,164,99.7,24.0,1,1,-5,10
1,39,183,92.6,24.7,5,1,-6,11
1,51,180,62.0,13.0,3,1,-7,11
1,34,191,68.9,0.0,3,1,-2,15
1,26,160,64.0,27.2,1,0,0,15
0,54,160,105.7,24.0,4,2,2,13
1,58,173,54.7,14.0,2,2,8,14
1,35,188,109.2,0.0,1,0,0,4
0,60,194,75.2,16.1,2,2,8,14
1,40,171,84.9,0.0,5,2,3,8
1,21,150,76.4,23.0,5,1,-8,4
1,39,176,57.6,18.8,2,2,3,14
0,32,157,85.1,20.3,1,1,-5,4
1,37,190,106.1,11.6,4,2,4,14
0,31,153,94.7,29.6,4,2,2,6
1,57,166,86.1,10.4,1,1,-4,7
0,18,193,82.7,16.6,4,1,-5,6
0,21,179,73.2,24.2,1,2,5,15
1,27,182,88.0,25.7,4,2,8,14
1,39,193,60.7,25.2,4,2,8,12
0,55,191,70.6,19.5,1,0,0,12
0,18,155,79.7,24.8,4,0,0,13
0,42,154,99.3,17.9,3,0,0,16
0,45,174,95.8,11.9,2,1,-8,16
1,40,167,96.0,17.1,4,1,-3,4
1,55,200,101.7,11.1,3,1,-8,8
1,49,188,78.5,29.5,2,2,7,4
1,37,171,109.1,23.0,3,1,-2,7
1,56,164,58.4,27.6,3,1,-2,7
0,45,150,107.4,13.0,1,2,8,5
1,51,169,97.4,12.8,2,2,8,6
1,39,159,84.9,20.4,5,2,2,13
0,54,183,69.1,0.0,2,2,3,8
1,46,181,108.0,0.0,3,1,-8,15
1,42,161,65.3,22.6,5,1,-4,12
0,53,184,74.1,10.3,1,0,0,8
0,38,182,64.6,28.3,5,2,4,5
0,35,180,99.2,24.8,3,2,2,10
0,53,167,97.2,27.6,3,1,-5,5
0,54,161,74.6,0.0,4,1,-2,13
0,38,189,90.8,24.8,4,2,2,9
1,32,186,93.0,15.2,5,2,3,12
1,21,189,67.7,23.1,3,0,0,12
1,57,154,104.0,20.5,3,2,3,14
1,40,194,80.3,0.0,4,0,0,11
1,56,162,104.6,0.0,1,0,0,14
0,18,159,55.5,10.1,3,1,-4,16
1,33,160,95.6,0.0,1,0,0,4
0,37,157,84.9,11.7,1,2,4,16
0,29,167,82.0,22.3,3,0,0,10
1,38,168,55.1,0.0,5,1,-4,14
0,31,191,69.0,0.0,2,2,3,16
1,22,175,92.4,24.8,1,2,4,16
1,51,158,53.4,19.9,5,2,5,10
1,43,174,83.9,0.0,3,2,8,11
1,40,179,83.9,0.0,3,0,0,6
1,20,199,79.6,15.2,5,2,3,13
0,20,158,86.4,13.9,4,1,-6,13
1,38,199,87.2,0.0,4,1,-8,15
0,44,162,68.8,20.7,1,1,-7,10
0,36,158,97.9,25.6,1,1,-8,15
0,52,165,53.2,26.0,1,0,0,12
0,23,174,73.7,19.2,1,1,-6,6
0,60,184,109.0,28.4,1,1,-3,8
1,47,158,85.8,28.5,1,1,-6,6
1,35,185,76.8,26.3,1,1,-2,16
1,46,191,62.5,29.5,5,2,8,5
0,34,182,81.9,22.4,5,1,-2,9
0,23,180,103.4,22.1,3,0,0,16
0,21,195,91.6,19.6,3,2,2,10
0,48,173,66.4,0.0,4,1,-6,6
0,44,158,69.9,26.5,1,1,-4,8
1,38,181,88.5,0.0,2,0,0,14
1,43,152,96.1,0.0,5,0,0,6
1,55,196,87.4,29.6,3,0,0,4
0,24,186,55.3,0.0,5,1,-5,14
0,26,192,66.4,29.7,1,0,0,5
1,20,169,62.6,19.5,4,0,0,14
0,47,192,53.8,18.2,4,1,-2,16
1,45,167,71.6,14.4,4,1,-5,13
0,56,153,68.1,26.2,5,0,0,7
1,44,169,94.9,18.3,1,1,-2,10
1,58,159,91.7,30.0,1,0,0,14
0,22,157,108.6,12.3,2,2,3,12
1,20,174,81.9,29.6,5,0,0,11
0,56,192,80.3,14.2,5,2,8,13
1,33,199,69.6,12.3,2,2,2,11
1,51,152,66.9,20.9,1,1,-8,9
0,43,197,88.4,14.7,5,0,0,8
0,32,168,67.3,20.5,3,2,7,13
0,55,177,79.4,23.5,5,2,8,14
0,21,152,53.7,22.2,5,2,5,14
0,43,187,83.1,17.1,2,0,0,9
0,33,172,66.8,28.0,4,0,0,6
0,46,175,55.9,22.6,4,0,0,15
0,54,197,108.9,27.9,3,2,5,12
1,20,162,97.6,27.1,4,0,0,7
1,23,150,85.4,29.4,4,2,7,6
1,54,153,85.8,24.1,1,0,0,5
0,55,162,51.5,0.0,5,1,-2,15
0,36,198,65.4,12.0,2,1,-7,6
0,32,188,107.4,0.0,5,1,-3,16
0,31,190,100.9,26.9,1,2,8,8
0,29,159,69.3,18.7,2,1,-6,9
1,51,178,59.1,18.5,5,1,-2,6
1,49,200,79.2,16.2,4,2,5,8
1,30,195,75.2,23.4,1,1,-6,12
0,34,193,87.1,11.2,5,0,0,8
0,25,191,62.2,10.2,2,2,5,13
1,30,198,78.4,16.2,2,1,-4,12
1,21,174,97.8,12.6,1,2,6,7
1,38,200,103.8,0.0,5,1,-7,5
1,45,160,66.4,28.1,4,2,8,4
1,39,186,78.8,19.7,5,0,0,9
0,19,187,104.6,25.2,4,0,0,5
1,52,182,85.1,16.6,2,0,0,10
1,26,161,56.0,10.8,1,0,0,15
1,36,164,80.6,15.7,5,2,5,4
1,20,166,77.6,24.0,4,2,3,4
0,46,167,60.7,10.4,1,1,-4,12
0,41,182,54.5,26.4,1,2,8,10
1,21,161,82.6,25.2,2,0,0,16
1,35,161,57.3,10.5,5,2,4,16
1,41,183,68.0,26.1,1,2,4,4
0,58,155,79.8,16.9,4,1,-2,8
0,46,177,55.8,15.1,4,1,-6,9
0,47,194,81.1,19.4,4,1,-4,15
0,23,160,62.9,27.4,3,2,2,4
1,48,153,94.6,20.8,2,2,2,14
1,60,163,69.1,11.7,2,1,-2,12
1,22,187,78.4,24.6,4,2,3,8
1,59,185,53.0,26.8,2,0,0,9
0,26,195,91.9,0.0,2,2,2,9
1,22,177,71.7,20.9,3,0,0,10
0,45,196,73.5,28.1,2,0,0,7
0,59,200,74.8,28.3,2,0,0,8
1,21,182,80.4,13.7,3,2,3,8
1,42,191,107.2,0.0,1,0,0,13
0,58,196,56.2,24.4,2,1,-8,11
0,47,152,81.4,20.0,1,0,0,5
0,20,162,53.0,29.6,5,1,-8,5
0,20,192,85.5,25.5,2,1,-7,6
1,48,175,70.9,20.2,5,0,0,16
0,28,195,95.5,10.3,2,1,-7,15
1,23,174,68.8,22.6,2,2,5,14
1,42,179,70.8,12.1,5,1,-3,14
1,26,178,84.2,14.0,4,2,6,12
0,49,184,96.7,29.6,4,1,-4,11
0,51,164,86.0,20.1,1,0,0,5
1,48,176,57.0,17.3,2,2,7,8
0,53,180,55.7,24.0,2,2,8,12
0,23,180,93.6,24.8,3,1,-3,11
1,59,182,64.6,0.0,2,2,8,4
1,56,179,75.8,14.9,3,0,0,5
1,36,160,66.1,16.0,5,0,0,13
0,21,159,74.5,14.3,3,2,8,12
1,34,173,53.1,17.5,2,2,4,14
0,51,185,91.3,27.3,2,1,-6,7
0,59,196,89.9,10.5,1,2,6,4
1,28,173,53.2,0.0,5,2,5,5
1,30,194,106.3,15.8,5,0,0,14
0,36,161,84.6,12.6,3,2,4,8
0,59,154,70.7,13.4,1,2,5,11
1,21,195,57.2,24.4,3,1,-7,7
0,51,156,87.4,23.0,3,0,0,15
1,33,193,72.0,23.0,3,1,-5,11
1,59,197,65.8,26.7,3,0,0,13
0,52,179,64.4,10.0,4,2,4,9
1,57,154,82.0,0.0,2,2,8,12
0,24,183,100.1,11.5,2,0,0,7
1,55,179,97.4,0.0,1,2,4,11
1,23,184,53.1,16.7,1,0,0,9
1,51,173,59.1,0.0,2,0,0,4
1,20,169,67.6,23.8,2,2,4,15
0,19,153,73.9,0.0,1,0,0,12
1,34,156,103.3,27.9,5,1,-3,12
0,58,185,79.7,17.6,3,0,0,16
0,34,162,87.9,0.0,5,2,3,4
0,44,183,75.8,0.0,2,1,-6,14
0,50,163,94.4,0.0,4,2,3,12
1,55,200,78.8,23.6,5,0,0,12
0,49,189,110.0,21.5,1,1,-5,8
0,56,174,89.7,17.8,4,1,-2,14
1,41,151,80.8,16.5,2,2,2,5
0,27,156,73.2,0.0,2,2,7,4
1,32,177,79.9,27.7,2,0,0,12
1,39,174,70.9,14.4,1,0,0,14
0,23,160,67.4,18.2,1,1,-8,4
0,49,186,64.7,26.0,2,1,-6,5
0,47,157,97.6,0.0,1,0,0,7
1,28,193,62.4,0.0,4,2,7,8
0,19,194,94.7,26.6,2,2,5,13
1,53,171,66.0,0.0,3,2,8,14
0,27,168,108.9,0.0,5,2,4,10
1,52,180,58.4,18.6,5,1,-6,12
1,26,199,91.8,0.0,4,1,-2,5
0,48,199,109.7,0.0,1,1,-4,12
1,20,152,92.6,25.5,4,2,3,14
0,39,153,75.4,27.8,4,2,4,8
0,51,173,75.6,10.8,5,1,-8,15
0,24,194,89.5,0.0,4,0,0,6
0,22,159,108.5,26.4,1,2,8,16
1,31,172,54.2,15.5,4,2,8,12
0,32,161,107.8,28.9,1,0,0,6
1,29,152,55.5,20.5,4,2,8,10
1,51,196,64.8,27.8,4,0,0,6
0,30,195,57.1,22.2,4,1,-3,11
0,58,153,89.0,0.0,3,2,6,12
0,35,196,76.7,0.0,4,1,-8,12
1,56,184,79.8,19.1,2,2,3,11
0,21,162,73.0,10.9,2,0,0,9
1,52,164,100.2,28.2,1,1,-8,5
1,40,170,82.0,23.3,5,1,-3,10
0,41,191,102.0,25.8,2,0,0,8
0,43,190,54.3,21.2,2,2,6,6
0,30,180,71.1,22.6,3,2,7,5
1,27,171,61.1,0.0,1,2,6,12
0,31,187,59.9,27.5,3,0,0,12
0,46,179,99.1,0.0,1,1,-7,13
1,23,196,96.3,12.6,4,0,0,14
1,48,185,97.7,15.9,5,2,8,16
0,47,153,86.7,29.3,5,2,3,16
1,45,186,58.7,16.8,2,0,0,10
1,24,188,97.1,14.0,2,1,-5,4
1,22,175,78.5,18.4,3,2,8,14
1,21,157,53.9,23.3,1,2,4,15
1,57,174,60.7,0.0,3,0,0,16
0,58,195,52.9,25.2,4,2,2,4
1,58,178,79.7,29.6,4,2,5,13
0,41,171,80.9,0.0,2,0,0,12
0,23,156,95.2,26.3,2,2,2,7
0,27,175,89.0,24.7,2,0,0,7
0,39,183,99.9,25.8,5,0,0,10
0,40,157,83.6,0.0,4,2,8,4
1,22,194,104.0,25.0,1,2,8,9
1,24,162,84.5,0.0,5,0,0,8
0,29,176,72.6,0.0,2,1,-2,13
1,21,167,52.6,0.0,1,0,0,13
1,38,164,72.4,27.0,2,1,-4,6
0,30,194,52.6,10.1,4,0,0,7
1,31,184,97.1,0.0,4,0,0,9
0,49,164,61.9,27.5,2,0,0,9
0,27,150,77.8,22.5,5,0,0,7
0,58,157,53.0,23.1,4,1,-5,9
1,48,189,70.3,12.5,1,1,-2,4
0,43,162,91.7,24.6,3,2,8,9
0,29,190,72.5,20.1,1,0,0,13
1,48,159,86.8,17.8,2,1,-5,5
1,59,175,60.8,25.2,3,2,5,12
1,18,178,101.2,16.1,5,2,2,14
1,29,188,89.9,16.5,2,1,-7,14
1,39,184,51.6,10.7,4,2,4,16
1,51,172,92.2,0.0,3,1,-3,14
0,26,151,102.3,23.8,4,1,-6,10
0,31,192,104.0,15.6,3,1,-4,6
1,44,163,53.0,0.0,4,0,0,10
1,26,198,101.3,14.1,4,1,-7,15
0,43,169,54.7,18.8,5,1,-5,8
1,59,176,59.3,10.8,2,1,-3,12
1,49,197,92.1,18.6,2,2,2,8
1,40,173,53.3,0.0,3,1,-6,9
0,43,156,58.9,16.9,5,1,-2,5
1,34,189,62.8,17.4,2,2,5,7
0,54,170,96.8,24.6,4,0,0,4
1,40,191,102.5,28.8,4,2,8,15
1,38,196,106.8,13.7,1,2,8,14
0,28,170,69.3,25.6,3,2,7,8
1,34,177,66.6,29.7,4,1,-8,4
0,60,176,52.5,28.2,4,0,0,6
0,35,176,71.4,28.1,1,0,0,10
1,19,156,58.5,0.0,2,0,0,13
1,28,156,85.5,15.8,2,0,0,12
1,32,197,82.7,13.7,5,2,5,10
0,46,157,91.7,14.1,4,2,7,14
0,60,195,103.4,27.6,5,2,5,6
0,44,154,51.1,17.4,1,0,0,6
0,31,154,72.8,26.3,3,0,0,4
1,50,178,75.9,12.5,2,1,-6,13
0,51,184,73.5,20.3,2,1,-2,13
0,48,176,65.2,10.1,2,1,-2,5
0,42,183,64.9,16.3,4,1,-7,10
1,56,165,62.2,26.5,5,2,2,14
1,18,179,90.8,16.5,5,1,-2,10
0,36,164,88.9,25.1,3,0,0,11
1,50,152,93.8,27.5,4,1,-5,6
0,18,184,90.8,16.3,1,0,0,9
0,56,161,66.8,22.4,1,0,0,14
1,52,184,54.0,0.0,2,2,2,4
0,59,181,80.2,16.5,2,0,0,11
0,45,172,98.4,29.1,2,1,-5,7
1,24,172,93.8,0.0,4,2,4,15
0,39,178,62.6,28.4,5,1,-7,8
1,41,187,60.1,28.1,1,2,8,14
1,35,181,106.9,17.3,2,1,-2,6
0,20,180,76.7,0.0,1,1,-2,8
0,43,166,58.4,23.0,3,0,0,14
0,34,171,107.7,29.4,5,0,0,4
0,24,182,78.9,0.0,3,1,-4,11
0,30,199,88.2,10.4,1,2,3,14
1,60,184,89.7,11.6,2,2,3,9
1,48,151,97.0,20.0,1,0,0,12
0,27,199,79.4,27.2,1,2,5,14
0,56,158,65.1,25.3,3,0,0,15
0,52,180,84.7,10.5,5,1,-4,6
0,43,152,97.2,14.0,2,0,0,14
1,60,181,57.1,10.9,2,2,2,5
0,28,181,50.4,27.8,4,0,0,10
1,41,160,94.5,24.6,5,2,2,10
0,41,178,105.3,12.6,3,1,-6,12
1,50,164,58.1,25.7,4,0,0,15
0,33,176,88.5,19.6,3,0,0,12
0,45,184,67.4,23.5,3,0,0,14
1,59,152,87.2,16.1,2,0,0,14
0,34,182,87.2,25.0,2,0,0,10
0,25,160,64.8,0.0,5,0,0,5
1,54,197,100.6,29.8,2,2,6,9
0,52,181,61.2,25.1,2,0,0,12
0,37,180,82.9,16.6,2,1,-6,4
0,41,178,52.1,18.3,5,1,-5,12
1,43,190,57.6,0.0,2,1,-8,15
0,49,199,68.4,0.0,3,2,3,12
0,58,193,83.0,0.0,4,1,-6,15
0,19,154,87.0,15.7,2,0,0,7
0,23,162,59.0,12.2,1,0,0,9
0,58,192,64.1,0.0,4,2,2,11
0,23,164,97.8,21.1,4,2,2,11
0,40,165,68.2,23.1,3,2,2,9
0,55,161,83.7,25.3,5,0,0,12
1,52,178,84.7,20.6,4,1,-3,14
1,46,150,93.1,0.0,3,2,2,10
0,52,174,71.6,0.0,4,0,0,8
0,26,177,74.5,17.1,3,0,0,12
0,32,189,93.1,28.9,4,0,0,13
0,32,172,96.2,10.1,5,0,0,4
1,29,181,89.8,11.2,1,0,0,9
0,43,176,104.0,21.8,5,1,-4,11
0,53,191,88.2,0.0,2,2,5,16
0,56,193,64.1,0.0,4,0,0,14
0,38,196,105.4,26.6,1,2,3,11
0,21,172,91.2,24.0,4,0,0,4
1,60,167,60.0,14.2,1,2,6,5
0,45,198,80.2,20.9,4,1,-2,6
0,44,174,75.0,11.8,2,1,-7,13
1,27,153,72.3,13.3,5,0,0,11
1,40,184,79.0,22.9,3,2,6,15
1,53,189,93.5,15.9,5,0,0,4
0,34,162,71.7,10.2,3,0,0,13
0,29,175,108.7,26.1,4,1,-3,9
1,18,180,93.6,25.8,2,0,0,13
0,30,190,103.2,27.2,4,2,6,15
0,49,188,61.1,22.7,3,1,-4,16
1,47,156,79.1,22.7,2,0,0,16
1,24,175,67.0,18.3,2,0,0,14
1,56,152,97.6,0.0,1,1,-6,9
0,26,196,78.6,28.1,1,2,2,8
0,42,174,77.3,27.8,2,0,0,9
0,59,168,54.7,21.6,3,2,6,11
1,32,163,53.0,24.2,2,2,5,16
1,34,197,85.1,16.3,5,2,4,9
1,21,151,98.3,22.2,4,0,0,10
0,50,182,68.4,13.2,1,1,-7,4
0,23,161,82.5,24.5,4,2,6,16
1,36,178,92.9,17.5,2,2,7,9
0,50,169,96.2,12.6,4,2,2,8
1,56,188,107.4,29.4,2,1,-2,6
1,38,191,65.7,19.1,3,2,2,6
1,50,184,91.4,21.1,1,1,-6,4
0,37,180,92.7,0.0,1,0,0,9
1,43,162,55.4,28.8,2,0,0,13
1,43,159,74.7,25.7,3,2,2,10
1,60,198,97.3,11.6,1,2,3,7
1,44,150,78.0,28.7,4,0,0,14
1,42,157,94.8,13.7,5,0,0,8
1,37,153,62.5,19.4,5,0,0,12
0,47,151,86.4,25.6,5,0,0,4
0,26,182,74.7,28.9,2,1,-2,15
0,60,194,104.0,23.4,3,2,2,14
1,41,165,57.0,28.9,1,2,4,16
0,27,186,50.5,29.3,5,1,-3,11
1,57,154,93.6,11.7,3,1,-4,4
0,58,177,70.1,17.6,1,2,5,15
1,30,166,55.2,21.1,1,2,7,10
1,31,195,62.6,15.3,1,1,-6,7
0,20,195,70.0,10.2,5,2,6,16
0,59,169,62.7,14.4,2,0,0,9
1,22,178,95.9,21.7,2,0,0,10
0,49,177,70.7,25.1,1,2,3,13
0,27,196,105.8,14.6,1,2,8,6
0,38,200,53.2,16.4,3,2,8,4
1,32,170,70.6,25.3,5,0,0,7
1,29,180,74.4,19.7,5,0,0,7
1,36,150,86.6,16.5,1,2,2,7
1,30,153,67.0,18.7,5,0,0,13
1,40,150,91.0,28.9,1,0,0,14
1,46,183,57.3,10.5,4,2,4,11
0,46,171,87.2,17.8,5,1,-5,8
0,41,168,101.1,28.8,1,0,0,13
1,27,150,96.3,11.6,5,2,6,13
1,26,171,92.8,23.7,3,0,0,11
0,39,165,81.9,24.0,3,0,0,15
1,41,165,101.3,13.1,5,2,4,12
0,55,198,92.4,0.0,2,1,-8,6
1,38,195,78.6,28.9,2,2,8,5
0,26,198,101.0,27.7,4,1,-2,15
0,57,165,66.3,0.0,5,1,-4,5
0,57,170,60.0,17.0,1,0,0,16
1,20,178,83.5,20.5,3,0,0,10
0,44,151,76.1,28.1,2,1,-4,13
1,55,183,95.3,27.2,3,2,7,11
0,40,174,102.6,18.1,5,2,6,7
1,21,194,64.4,12.0,4,2,4,12
0,30,175,90.4,10.5,3,0,0,4
0,35,185,74.4,27.4,4,2,4,6
1,36,156,54.3,10.3,4,2,3,15
0,41,173,102.4,18.0,3,0,0,4
0,41,163,58.4,12.0,1,0,0,6
1,30,169,66.1,24.7,3,0,0,7
1,26,171,97.3,15.9,5,1,-2,7
1,56,182,63.0,22.5,2,0,0,9
1,36,196,95.1,27.1,2,2,6,14
1,60,174,98.3,0.0,3,2,2,14
1,37,156,106.9,11.9,3,1,-2,5
0,46,172,88.6,25.6,1,0,0,9
1,58,197,57.0,15.0,4,1,-6,6
0,52,150,109.7,16.7,2,1,-4,8
0,33,182,93.4,14.8,2,2,4,10
0,54,188,92.9,25.7,3,2,8,8
0,26,154,102.5,16.7,3,2,4,8
1,32,159,50.0,0.0,3,0,0,16
1,38,177,78.5,25.7,3,1,-3,15
1,34,182,53.9,22.6,2,1,-2,6
1,24,150,105.2,27.6,2,0,0,11
1,47,154,86.7,28.0,4,1,-2,13
1,47,170,56.1,24.6,1,2,4,13
0,56,187,54.6,11.2,5,1,-5,4
0,28,190,102.3,18.8,1,2,2,8
1,40,199,51.7,22.6,1,1,-7,7
1,58,192,101.7,28.4,5,0,0,11
0,37,185,100.5,17.2,3,0,0,5
1,29,161,95.5,12.3,3,2,6,11
1,36,156,89.8,13.2,1,1,-3,14
0,25,168,83.3,20.7,3,0,0,4
1,27,188,65.4,0.0,4,2,5,6
0,26,172,70.5,16.0,3,1,-3,16
0,23,168,100.1,28.5,3,1,-2,10
0,29,172,61.4,11.4,1,0,0,6
1,32,195,65.7,29.6,3,2,8,16
1,38,164,99.5,0.0,2,1,-4,7
0,28,193,93.7,14.8,4,0,0,16
1,26,171,94.8,23.3,4,1,-7,10
1,55,191,88.3,26.4,5,2,8,13
1,20,187,81.2,29.3,2,0,0,8
0,33,161,55.8,28.2,2,1,-2,15
0,51,150,57.0,0.0,2,0,0,5
0,42,187,81.2,15.4,4,2,6,9
0,35,180,65.2,18.0,3,2,8,6
0,41,160,60.9,20.4,5,1,-2,8
1,32,199,83.7,29.3,3,1,-5,15
0,56,170,55.4,10.4,5,1,-6,7
1,60,175,80.0,28.6,2,0,0,14
0,48,186,82.4,18.9,1,1,-8,15
1,46,150,87.3,19.8,3,2,5,14
1,54,177,70.3,15.7,2,2,6,4
1,24,164,67.6,17.9,3,0,0,12
0,33,193,66.3,0.0,5,1,-6,12
0,60,194,78.1,25.8,3,2,5,13
0,19,154,92.6,24.3,5,2,8,12
1,55,186,52.6,0.0,3,0,0,8
1,30,193,87.2,19.3,5,1,-7,14
0,19,151,105.7,16.5,4,2,6,10
0,41,150,90.8,0.0,5,0,0,5
0,34,162,75.9,21.3,5,0,0,6
1,45,186,62.4,12.4,1,0,0,16
0,33,199,68.0,21.0,5,1,-6,6
0,52,193,69.0,14.9,3,1,-8,6
1,54,192,77.5,17.0,5,2,4,11
1,42,152,75.0,25.6,2,1,-6,8
0,57,158,66.1,17.3,5,2,6,11
1,23,156,63.2,12.7,4,1,-8,4
1,39,189,64.7,11.1,4,1,-3,8
0,34,159,77.0,0.0,4,1,-3,6
1,43,186,57.6,13.4,3,2,2,6
1,24,173,66.7,16.2,5,0,0,16
1,35,154,84.2,23.0,4,2,2,14
1,20,159,99.0,29.2,3,0,0,15
1,50,187,54.3,0.0,1,0,0,4
0,18,175,54.7,13.7,1,2,7,11
0,57,152,104.0,27.1,4,2,5,5
0,45,175,87.0,18.8,3,0,0,13
0,19,166,74.8,0.0,2,2,2,5
0,46,152,52.1,23.4,3,0,0,4
0,18,179,87.5,24.0,3,2,3,7
0,23,186,72.8,16.3,2,2,4,15
1,45,173,106.6,19.8,5,2,2,6
0,34,157,55.4,25.4,2,2,4,16
0,43,194,84.2,21.0,4,1,-8,11
1,25,179,64.8,23.2,3,1,-4,10
1,31,152,64.0,22.4,2,2,6,14
1,37,180,55.4,12.0,3,0,0,15
0,32,198,66.3,0.0,4,1,-5,7
1,44,180,107.7,25.6,5,0,0,13
0,51,182,105.1,13.7,1,0,0,7
1,31,179,78.6,0.0,3,0,0,10
0,44,162,54.7,25.2,3,0,0,4
1,43,171,95.2,0.0,4,0,0,13
1,47,163,57.6,11.4,1,1,-7,8
1,20,192,57.2,0.0,3,2,2,12
0,45,172,103.0,0.0,2,2,2,6
1,48,179,73.5,29.6,1,0,0,15
1,35,158,94.1,0.0,4,1,-7,6
0,44,196,97.1,24.7,2,0,0,16
0,46,160,70.1,12.6,3,0,0,10
1,18,165,54.8,27.1,2,2,2,4
0,26,158,104.6,0.0,1,0,0,6
1,46,150,53.5,28.9,5,1,-5,7
0,19,151,74.7,17.8,1,2,2,6
0,22,170,57.7,21.8,4,1,-5,11
1,38,185,77.1,20.1,3,0,0,6
1,28,182,75.4,22.7,1,0,0,13
1,50,176,75.6,26.1,1,1,-7,16
1,25,186,54.3,16.6,5,0,0,11
0,48,150,92.3,18.3,4,2,2,11
0,42,153,104.4,27.0,2,2,6,10
1,25,150,105.4,15.0,4,1,-6,9
0,44,174,51.3,0.0,1,2,3,12
0,31,198,57.6,14.5,5,2,7,15
0,44,154,77.3,27.5,5,0,0,14
1,60,152,108.0,20.7,1,0,0,15
1,51,182,79.0,24.3,1,1,-2,4
1,26,153,61.4,20.5,2,1,-2,16
1,39,162,92.8,19.0,1,0,0,9
1,40,161,70.4,29.4,2,2,5,16
0,50,169,61.4,17.8,2,1,-8,5
0,29,175,79.6,27.8,3,1,-7,15
1,27,176,60.3,13.9,2,2,2,14
0,18,195,52.0,14.5,1,1,-3,7
1,37,172,106.7,13.3,1,0,0,7
0,34,160,85.3,26.7,3,1,-8,7
0,57,152,102.2,21.0,4,1,-3,10
1,38,160,108.2,17.2,3,0,0,14
1,52,162,109.7,22.9,3,2,7,9
1,30,168,61.2,16.6,5,2,6,4
0,28,188,103.3,24.0,3,2,7,5
1,21,179,65.0,0.0,3,0,0,14
0,43,171,103.3,14.1,2,2,3,15
1,45,178,69.1,14.0,2,2,6,10
1,25,178,68.5,11.5,5,0,0,5
1,41,170,61.1,18.5,4,2,4,11
1,59,160,104.6,29.1,5,0,0,13
0,53,188,91.0,15.8,3,0,0,9
1,19,153,73.0,14.8,5,0,0,15
0,46,196,92.0,19.7,2,0,0,5
0,31,194,85.2,0.0,1,0,0,10
1,19,184,64.2,27.2,5,0,0,10
1,59,173,51.9,23.1,1,1,-3,10
1,22,195,80.9,29.9,3,0,0,9
0,41,173,86.7,14.3,4,2,7,8
0,52,157,90.7,24.8,2,1,-7,11
0,44,176,80.3,26.0,2,2,2,7
0,50,194,90.5,0.0,5,2,2,14
1,52,191,56.2,24.0,4,2,3,14
1,39,173,59.9,0.0,5,2,6,9
0,39,185,65.9,19.5,3,0,0,13
1,32,184,66.5,0.0,2,2,5,16
0,57,170,106.6,21.9,1,2,8,11
0,29,160,79.6,22.7,2,0,0,10
0,54,155,89.3,13.7,2,0,0,14
0,22,190,100.0,0.0,4,0,0,12
1,37,183,74.7,12.2,1,2,2,14
0,42,179,59.9,12.0,4,2,8,16
1,46,156,68.5,16.0,5,1,-3,15
1,50,166,51.6,10.3,5,1,-4,4
1,47,180,89.8,28.4,3,0,0,14
1,45,154,71.2,21.8,1,1,-7,6
0,24,180,97.5,20.0,4,0,0,5
0,44,182,71.9,21.0,3,1,-4,8
0,20,183,75.7,14.9,4,0,0,9
0,38,191,71.7,23.0,5,2,7,11
0,48,193,104.2,10.6,2,2,8,15
1,36,160,105.3,16.9,2,2,7,12
1,54,195,79.4,12.1,1,2,3,5
1,26,173,93.5,23.0,4,2,5,6
0,36,154,97.6,19.6,4,2,4,12
0,18,151,69.6,13.5,3,0,0,13
1,36,162,86.0,29.6,2,0,0,10
0,59,158,88.4,27.0,2,2,6,10
1,54,182,99.0,25.7,4,0,0,9
0,23,170,84.4,20.4,3,0,0,10
1,23,162,85.4,0.0,1,0,0,12
0,24,182,76.9,0.0,5,0,0,9
0,27,169,101.2,14.2,5,2,8,14
0,45,171,74.3,19.0,3,1,-6,14
1,24,191,54.3,21.7,4,1,-6,9
1,29,172,102.6,20.2,5,0,0,14
0,51,187,76.4,18.7,3,2,4,14
0,29,162,93.6,12.8,5,1,-7,4
0,18,181,71.4,26.1,4,1,-3,15
1,32,171,82.1,16.9,2,0,0,16
0,44,174,74.4,23.2,1,0,0,11
1,49,198,85.0,29.5,5,2,5,12
0,50,151,92.1,29.3,3,2,4,14
1,56,185,105.4,24.5,1,0,0,15
0,54,188,101.7,10.4,1,2,3,10
0,21,192,91.1,30.0,4,0,0,9
0,52,179,78.7,13.2,4,0,0,6
1,58,185,103.2,20.1,4,2,7,16
0,21,182,57.8,20.3,2,2,6,8
1,35,178,70.8,0.0,5,2,6,9
1,31,187,107.1,17.0,2,2,6,10
1,60,150,66.3,23.8,5,0,0,13
1,57,152,79.8,15.8,3,1,-3,8
1,45,196,56.1,0.0,5,1,-8,12
1,37,194,63.2,13.7,3,0,0,6
1,59,165,85.4,19.3,3,0,0,9
1,56,166,109.9,0.0,2,0,0,16
0,26,182,52.5,14.2,1,1,-7,15
1,59,153,95.8,22.0,1,2,7,8
1,42,177,77.6,14.5,3,2,6,16
0,32,190,79.5,29.8,3,1,-3,12
0,29,174,86.2,28.9,5,1,-5,7
1,58,164,62.9,0.0,2,1,-8,8
1,19,178,53.3,27.0,5,1,-4,6
0,57,182,64.6,18.1,2,1,-4,10
0,47,175,106.4,17.9,2,1,-2,14
1,49,173,74.1,0.0,3,1,-8,7
0,48,156,63.9,27.3,4,2,3,9
1,40,156,91.8,17.5,4,1,-7,15
1,50,164,72.6,22.1,4,2,6,6
0,48,179,75.6,0.0,3,1,-4,15
0,36,199,53.0,14.1,1,1,-3,10
0,39,177,94.4,18.0,2,1,-3,15
1,51,188,56.4,21.1,2,0,0,16
0,18,176,84.0,21.3,3,0,0,4
0,51,151,63.5,16.1,1,2,5,8
1,47,173,64.1,25.7,5,1,-7,4
0,29,200,51.7,0.0,3,0,0,13
0,23,165,86.6,15.1,4,2,3,5
1,23,163,79.5,12.0,4,0,0,15
1,24,189,98.2,16.1,2,2,8,4
0,41,168,52.0,28.6,3,2,8,9
0,57,173,70.4,15.9,2,0,0,7
0,42,162,107.9,28.5,4,2,4,5
1,51,156,66.2,28.5,3,2,7,7
1,52,190,57.1,25.2,4,0,0,14
0,39,190,100.8,11.5,3,0,0,4
1,18,151,104.2,27.4,3,1,-4,10
0,60,173,90.2,0.0,3,1,-4,6
0,51,175,60.3,18.4,5,2,2,13
0,55,198,92.4,12.3,1,0,0,9
0,39,162,54.1,16.9,1,1,-8,5
0,26,162,77.4,26.1,4,0,0,5
1,26,171,72.5,24.1,1,2,3,8
0,27,161,105.1,0.0,5,1,-2,16
0,38,180,72.6,0.0,3,0,0,4
0,20,172,94.4,15.1,3,0,0,11
1,28,156,95.6,22.0,3,2,4,7
1,34,160,79.4,21.1,3,1,-8,5
1,37,153,101.8,21.8,5,2,3,4
0,32,160,64.5,11.2,4,2,2,11
0,42,182,104.4,11.6,2,1,-7,8
0,33,165,95.0,25.4,2,1,-4,8
0,34,159,56.0,28.1,5,2,2,11
1,27,152,97.8,16.4,3,1,-7,5
1,24,164,59.1,14.8,5,2,7,4
1,29,174,108.1,15.6,5,2,7,13
1,23,172,67.2,12.7,5,2,5,11
0,30,166,83.2,16.7,3,0,0,10
1,59,193,84.2,29.2,3,2,8,8
1,32,200,76.8,15.2,1,0,0,8
1,52,168,108.6,15.4,3,0,0,7
0,24,176,98.0,26.7,3,1,-8,9
1,31,163,52.2,19.2,5,1,-4,13
0,51,152,96.2,17.9,4,1,-8,12
0,29,194,52.4,25.9,1,1,-2,7
1,53,163,109.3,23.8,1,2,4,10
1,54,197,103.2,0.0,2,0,0,14
1,42,172,89.3,0.0,2,0,0,7
1,47,177,58.8,23.1,2,1,-2,7
0,37,151,89.6,23.0,2,2,5,8
0,46,178,60.4,16.7,3,2,2,13
1,50,192,54.4,0.0,2,0,0,4
1,37,161,65.8,19.8,4,2,8,16
0,21,173,59.5,15.7,4,0,0,5
1,18,155,57.9,28.4,2,1,-6,14
1,59,194,76.1,19.6,1,1,-7,16
0,43,169,81.9,13.7,4,2,2,4
1,24,200,88.1,0.0,4,0,0,10
0,22,187,50.8,14.8,2,0,0,16
1,46,181,68.7,14.7,3,1,-2,15
0,39,196,95.1,12.7,2,1,-7,5
1,27,164,96.8,25.6,2,1,-5,5
0,56,178,91.0,19.5,1,0,0,10
0,49,188,58.8,24.8,5,1,-7,12
1,46,169,90.7,10.5,2,2,4,16
1,55,175,52.7,21.8,2,1,-2,6
0,26,169,67.3,16.6,3,1,-7,11
0,38,195,73.7,20.3,1,0,0,12
1,43,152,52.4,10.8,4,2,7,5
0,57,188,78.8,0.0,5,0,0,11
0,41,152,79.3,15.4,4,2,3,15
0,25,167,103.0,17.7,5,2,2,11
1,44,182,108.5,23.1,5,2,6,7
0,21,152,86.4,22.2,3,1,-8,8
1,52,162,108.6,11.1,4,0,0,14
0,47,175,101.5,28.6,4,2,8,15
0,36,181,87.1,29.7,2,1,-6,4
0,41,187,85.1,26.4,3,0,0,13
0,45,156,97.7,23.4,4,2,6,7
1,51,185,60.9,16.5,1,1,-2,15
1,43,158,69.9,26.0,2,1,-4,4
0,29,181,96.6,0.0,2,1,-2,16
0,39,159,83.1,18.7,1,2,3,9
1,36,152,81.8,14.1,4,0,0,8
1,20,189,72.9,15.1,2,0,0,7
1,32,189,90.5,19.2,2,1,-3,4
1,43,182,72.0,0.0,5,1,-8,13
1,26,161,96.8,25.7,1,1,-7,11
0,25,190,108.7,26.7,2,2,2,13
1,39,169,79.5,16.0,5,1,-2,5
0,31,151,99.8,16.1,1,0,0,11
1,47,150,51.3,26.6,2,1,-7,14
0,25,198,103.9,14.9,3,0,0,15
0,30,173,57.0,28.6,4,1,-2,8
1,53,181,81.4,13.7,2,0,0,10
1,31,193,71.9,19.5,3,0,0,9
1,36,181,80.3,24.0,3,0,0,13
1,44,169,104.2,0.0,2,0,0,12
0,46,156,102.7,22.6,5,0,0,14
0,21,185,82.9,19.8,5,1,-2,16
0,42,159,67.6,0.0,4,1,-8,16
1,40,170,71.3,10.3,5,2,7,14
1,19,197,97.6,0.0,5,0,0,13
0,19,152,50.1,23.9,5,1,-8,11
1,46,192,93.2,25.9,4,0,0,14
0,43,154,75.0,19.0,1,2,8,5
0,47,163,76.3,17.8,2,2,7,8
1,32,187,90.1,18.6,4,2,8,4
0,38,154,59.8,19.7,5,0,0,9
1,38,191,57.9,0.0,2,0,0,5
1,34,200,99.4,10.4,2,0,0,12
0,47,151,63.9,17.3,1,0,0,5
0,55,155,71.6,21.5,1,2,2,16
0,56,171,50.5,15.9,2,0,0,6
1,45,166,92.3,27.7,4,2,3,14
0,35,190,62.2,11.5,3,1,-4,15
1,28,185,91.4,0.0,4,1,-5,8
1,50,199,57.6,25.5,5,0,0,6
1,45,165,104.0,23.5,2,1,-2,5
0,55,184,100.2,20.0,1,1,-3,4
1,23,156,57.2,15.9,5,0,0,5
1,34,177,97.9,23.9,5,1,-6,13
0,38,199,71.6,28.8,1,0,0,16
0,46,195,95.3,20.0,2,2,4,15
0,43,173,96.6,0.0,2,2,6,8
1,22,173,108.0,23.6,4,1,-6,7
1,26,181,72.1,0.0,3,2,3,8
0,29,152,103.9,11.2,4,2,3,9
0,26,195,83.7,24.6,5,2,6,14
1,56,185,64.1,18.7,5,2,7,12
1,44,180,103.5,17.3,2,0,0,12
1,27,186,59.3,22.9,5,2,4,5
1,35,190,54.9,16.2,1,0,0,10
0,41,182,90.1,28.6,3,1,-6,14
0,18,194,52.3,15.5,5,2,6,8
0,34,154,93.6,22.3,3,0,0,7
0,29,171,69.9,29.8,1,0,0,16
1,51,162,73.8,12.1,1,2,7,10
1,54,181,81.6,18.0,1,2,5,10
1,52,197,51.9,18.5,5,2,7,13
0,39,150,109.0,0.0,5,1,-4,10
1,42,190,94.3,17.3,5,2,7,16
0,37,165,59.0,0.0,4,0,0,13
1,27,198,75.5,23.8,2,0,0,10
0,45,180,74.8,11.0,2,0,0,16
0,22,193,67.3,25.6,1,0,0,9
0,24,183,94.7,0.0,3,2,8,15
1,25,159,87.0,19.5,3,2,6,5
1,47,176,51.8,0.0,1,2,7,8
1,43,154,60.0,0.0,3,1,-4,15
0,45,162,89.9,16.1,2,0,0,7
0,42,182,61.1,0.0,5,0,0,8
0,44,197,66.3,0.0,4,0,0,16
0,28,171,72.8,13.8,1,2,8,11
0,48,158,88.5,12.3,1,1,-8,7
0,44,176,65.3,25.3,2,0,0,16
0,58,153,69.7,21.4,5,1,-8,16
0,37,200,55.5,23.5,2,0,0,12
1,41,174,50.0,21.2,4,0,0,10
0,29,179,82.4,25.6,2,2,5,7
0,37,178,107.4,20.2,5,2,8,15
1,29,187,109.9,27.5,4,2,4,10
1,60,154,106.5,12.9,3,0,0,8
1,37,194,83.0,27.1,5,2,7,12
0,39,174,104.7,21.9,2,0,0,6
0,41,193,60.8,0.0,5,1,-4,4
1,53,183,109.4,11.5,1,2,5,8
0,37,198,63.5,0.0,2,0,0,10
1,26,181,86.4,0.0,5,1,-5,12
0,44,165,93.1,24.4,5,1,-2,4
0,51,198,107.1,27.2,4,0,0,13
0,42,156,63.7,0.0,4,1,-8,5
0,23,187,80.4,26.2,2,0,0,4
1,22,189,53.9,15.0,2,0,0,11
1,58,171,98.5,10.4,4,0,0,13
0,47,190,51.0,26.9,1,0,0,10
1,52,161,70.6,12.9,5,2,8,5
0,35,161,90.7,18.4,4,2,6,6
0,59,172,59.9,15.0,2,1,-5,14
0,36,163,50.5,13.3,5,2,7,13
1,56,164,85.9,11.7,4,1,-8,8
1,26,177,58.8,26.6,1,2,3,9
0,25,154,104.2,26.3,4,0,0,8
1,54,170,53.4,11.2,5,2,5,12
1,32,199,83.8,22.1,5,0,0,14
0,57,155,81.1,13.6,1,0,0,13
0,38,175,105.9,29.2,2,1,-4,10
1,49,193,69.7,18.1,3,1,-2,14
0,38,193,91.7,15.8,1,1,-8,6
1,25,181,106.0,0.0,3,2,6,12
0,30,190,60.5,24.2,1,2,8,14
1,60,162,93.9,27.2,3,2,4,9
1,22,177,85.6,11.4,1,2,5,4
1,30,167,64.5,0.0,1,0,0,15
0,53,186,92.1,22.0,5,1,-3,12
0,39,175,109.9,16.4,5,1,-2,13
0,53,153,50.3,22.6,1,2,2,11
0,22,180,94.2,0.0,4,2,4,11
1,35,184,107.7,19.0,2,1,-4,9
0,19,165,72.0,0.0,4,1,-4,9
0,29,198,51.0,16.0,4,1,-7,14
1,30,164,62.5,21.0,3,0,0,10
1,34,164,56.8,29.9,2,2,8,11
0,36,169,107.0,25.9,3,2,7,16
1,25,158,93.3,12.2,2,0,0,4
1,22,187,87.8,21.7,2,0,0,8
0,20,176,82.4,19.6,1,2,8,6
1,41,190,83.3,0.0,3,0,0,12
1,24,154,109.5,13.9,1,2,5,5
1,42,159,78.5,23.1,1,2,2,13
1,39,165,71.2,18.1,1,0,0,15
1,52,199,50.0,14.0,5,2,8,16
1,35,198,57.9,28.9,4,2,6,8
1,38,175,98.1,0.0,4,1,-3,14
1,56,196,71.6,0.0,4,1,-7,7
0,56,165,74.8,19.8,1,0,0,15
1,36,191,83.8,25.3,5,2,5,14
1,32,164,104.5,22.1,5,2,7,15
0,50,160,107.4,10.4,3,0,0,15
1,22,170,89.1,14.8,4,2,8,11
0,44,184,89.0,28.6,5,1,-3,13
1,48,199,76.8,0.0,1,0,0,8
0,50,178,81.8,10.9,5,1,-2,10
0,19,192,88.3,11.7,2,0,0,8
0,38,160,103.9,14.8,1,0,0,12
1,52,180,67.0,18.5,5,1,-3,12
0,47,157,78.0,20.5,5,0,0,16
1,19,167,109.9,0.0,2,1,-8,11
1,55,184,50.3,25.0,4,1,-2,13
0,46,178,53.6,17.6,2,1,-4,8
1,55,174,102.3,12.8,1,1,-3,7
0,37,172,78.4,13.2,4,1,-5,12
0,41,151,50.0,13.4,1,0,0,4
0,43,187,86.5,11.3,2,1,-2,12
0,26,178,52.9,12.0,4,1,-3,8
0,20,168,107.0,18.0,4,2,3,10
0,38,189,89.1,18.5,1,2,4,14
0,39,198,105.4,26.2,1,1,-3,4
1,47,195,70.1,29.6,5,0,0,13
0,48,169,82.4,20.4,4,1,-6,12
1,60,193,108.5,16.7,1,2,4,7
0,23,197,85.3,25.9,3,2,7,12
0,28,163,81.3,11.9,1,0,0,5
0,33,168,96.1,0.0,5,1,-8,6
0,24,178,84.6,29.6,1,2,2,5
0,46,151,104.4,0.0,4,2,2,10
0,44,185,83.2,20.4,3,0,0,8
0,60,166,99.4,0.0,4,0,0,10
1,51,199,70.5,22.7,2,1,-4,6
1,35,172,97.5,20.6,2,2,4,11
1,33,184,65.2,22.3,3,0,0,15
1,58,154,102.6,0.0,4,2,6,7
1,57,193,83.7,29.3,5,2,6,15
1,57,158,100.2,19.0,3,0,0,13
1,47,180,71.9,29.8,4,2,3,12
1,57,200,84.7,12.4,1,2,6,11
0,54,184,109.5,16.2,3,1,-6,5
1,52,151,96.7,24.3,5,1,-6,11
0,50,155,63.0,14.1,1,2,3,11
1,52,172,97.1,24.8,4,2,2,5
1,30,167,63.8,0.0,4,1,-8,16
1,23,162,58.7,10.5,4,2,3,9
0,20,168,91.3,27.7,1,1,-8,9
1,36,155,57.4,24.6,3,0,0,8
1,18,196,53.2,0.0,3,2,2,13
0,24,155,80.5,18.7,5,2,2,9
1,55,178,92.6,0.0,3,0,0,5
1,20,173,55.4,14.9,3,2,5,8
0,34,176,100.5,17.0,5,0,0,8
1,45,188,81.9,27.8,4,2,2,4
1,52,154,75.6,12.1,5,2,7,16
1,39,178,80.2,0.0,5,0,0,15
1,36,188,106.3,0.0,3,0,0,16
1,22,181,64.7,12.8,3,0,0,5
1,38,161,88.5,17.6,5,1,-2,8
1,20,150,57.5,22.3,1,0,0,6
1,30,198,72.2,21.6,1,0,0,10
1,47,161,109.5,0.0,3,1,-7,10
1,44,197,96.1,22.4,3,0,0,9
1,48,179,75.7,18.2,2,0,0,10
1,18,183,70.7,21.0,2,1,-7,8
0,50,188,98.0,19.8,2,2,4,11
1,36,171,104.7,24.0,4,2,5,15
1,45,174,55.8,29.9,5,0,0,9
1,47,191,78.2,26.3,4,2,3,15
0,19,168,94.6,24.3,5,1,-4,8
0,32,195,83.6,21.8,1,2,7,11
1,43,164,61.0,14.8,3,1,-6,14
0,38,181,53.4,18.7,5,0,0,8
0,44,166,92.7,0.0,4,1,-2,14
0,42,190,60.2,17.0,1,0,0,13
1,23,174,80.2,26.6,5,1,-2,8
1,59,156,81.7,14.4,3,0,0,5
1,47,157,108.0,13.5,1,0,0,8
1,43,183,77.1,18.1,2,2,8,16
1,19,153,78.4,23.7,1,0,0,16
1,48,175,109.9,19.5,3,1,-8,6
1,22,185,83.3,11.0,2,1,-2,9
0,50,163,81.9,16.9,2,0,0,12
1,42,158,68.8,27.6,3,0,0,4
0,39,176,74.2,28.1,1,0,0,5
0,54,199,72.1,0.0,1,2,6,15
1,32,165,105.2,14.3,5,0,0,11
1,50,199,78.6,14.1,1,2,5,11
0,51,154,96.6,14.6,2,2,6,11
0,49,189,95.8,18.3,3,0,0,9
1,55,177,101.6,0.0,2,2,3,7
0,34,161,85.0,13.3,3,1,-5,6
0,29,177,86.8,0.0,1,1,-2,4
1,25,186,102.1,10.1,5,2,8,13
1,42,177,79.3,21.4,1,2,8,6
1,60,178,74.7,10.7,4,2,7,6
1,47,166,92.4,13.6,5,2,3,8
1,53,185,82.4,21.4,4,1,-5,12
0,57,178,59.5,16.6,1,0,0,9
1,47,151,98.7,25.2,4,2,4,5
0,20,193,67.8,16.1,5,1,-4,6
1,39,163,64.2,0.0,2,2,5,15
1,53,200,107.9,26.5,2,1,-3,15
0,49,171,61.0,10.4,2,0,0,6
0,35,159,75.3,15.3,1,2,3,7
1,29,154,50.8,18.8,3,0,0,10
1,48,182,54.4,24.8,5,2,6,4
1,60,150,50.5,21.0,2,2,3,10
1,40,191,71.5,0.0,3,2,5,6
0,59,180,105.2,15.3,2,0,0,10
0,43,187,69.0,25.1,5,2,5,15
1,51,168,79.1,0.0,2,1,-7,15
1,54,161,66.9,17.1,1,2,7,5
1,54,179,75.2,27.4,2,2,5,13
1,37,154,93.6,14.9,5,0,0,4
0,59,152,109.4,25.3,1,2,6,13
0,51,182,74.4,12.4,3,2,2,5
1,39,152,109.7,28.6,3,0,0,13
0,22,165,105.0,15.1,5,0,0,8
0,59,169,107.7,25.7,5,1,-7,4
1,29,179,60.2,20.8,1,0,0,8
1,20,182,108.1,0.0,2,1,-8,11
0,21,174,80.7,0.0,5,1,-8,4
0,57,176,66.0,27.9,2,2,5,9
0,39,193,58.4,27.4,2,0,0,12
1,25,191,60.7,20.2,2,1,-5,13
0,40,176,95.7,0.0,5,2,6,10
0,30,162,72.0,0.0,5,1,-8,16
0,27,151,105.9,14.6,5,0,0,10
1,33,198,100.3,22.2,2,1,-8,11
0,27,175,97.4,14.4,1,2,6,4
0,50,199,95.4,15.8,5,2,4,8
0,60,188,82.3,14.9,1,0,0,15
1,45,153,53.5,29.9,1,1,-4,10
1,40,164,58.6,11.5,1,0,0,5
0,23,156,60.3,20.8,1,0,0,5
1,53,160,59.8,20.2,5,1,-8,12
1,27,153,63.7,10.1,2,1,-6,8
1,35,161,85.2,29.4,5,1,-6,9
0,22,181,56.3,14.2,5,0,0,16
0,20,156,55.3,27.3,4,1,-6,9
0,60,151,74.4,19.3,5,0,0,9
0,18,174,88.8,20.4,4,1,-3,7
0,37,193,65.8,29.1,2,1,-8,5
0,41,163,54.8,12.8,4,1,-8,5
0,36,193,70.2,22.2,5,1,-4,14
0,49,182,84.9,21.1,4,0,0,10
0,42,158,62.7,21.1,1,2,3,16
1,60,161,67.7,14.7,4,0,0,11
1,48,188,67.5,27.1,1,0,0,7
0,36,186,75.3,28.7,3,1,-4,12
0,36,167,61.6,0.0,4,2,6,4
1,27,197,90.1,17.9,4,0,0,13
0,51,192,92.6,27.3,1,2,8,16
0,53,157,51.0,21.7,5,2,3,5
1,46,165,66.9,25.2,1,1,-8,7
0,22,161,69.4,0.0,5,0,0,11
0,39,168,104.1,19.1,5,0,0,10
0,42,172,67.4,26.7,5,1,-6,6
1,41,182,62.0,13.2,3,2,6,11
1,41,182,88.3,28.5,4,1,-3,7
0,40,170,90.7,14.9,1,2,6,5
0,60,152,106.3,21.9,2,1,-5,16
1,34,189,53.2,13.8,2,1,-5,4
1,36,191,53.5,12.5,1,2,2,16
1,50,181,72.1,19.2,4,1,-5,4
1,36,189,101.1,26.1,4,0,0,11
1,28,155,84.3,0.0,1,0,0,6
1,29,193,64.7,16.2,4,1,-4,9
0,25,188,97.6,11.9,3,0,0,5
1,49,170,55.6,17.5,3,0,0,7
1,23,150,107.0,20.3,2,1,-3,13
0,28,168,79.1,16.7,5,2,3,11
0,38,182,51.3,25.2,2,2,6,16
0,43,160,70.8,28.8,1,2,7,9
1,46,154,93.1,28.3,4,1,-3,11
0,21,155,66.1,29.4,2,2,5,16
1,37,173,93.0,18.2,1,0,0,16
1,53,170,87.3,26.4,1,1,-6,11
1,19,197,56.7,19.1,3,2,7,16
0,41,183,90.3,24.0,3,1,-3,6
1,32,157,103.3,29.4,1,0,0,7
1,27,160,107.9,27.5,2,1,-2,4
1,42,157,75.3,0.0,4,2,2,10
0,34,178,77.8,16.4,1,2,8,5
0,56,184,50.0,10.1,1,1,-6,7
1,59,175,104.5,26.0,3,0,0,10
0,58,197,70.1,19.6,1,2,3,6
0,45,183,76.2,21.5,3,1,-5,9
1,59,169,55.1,28.1,3,0,0,9
0,23,176,92.4,13.5,5,2,8,7
0,22,173,71.8,29.1,5,2,3,14
1,40,177,87.5,0.0,2,1,-3,15
1,25,169,78.9,11.1,1,2,5,5
1,37,199,82.4,18.0,4,0,0,4
0,39,151,81.8,18.0,1,2,5,10
0,34,199,105.9,27.4,4,2,4,5
1,56,152,106.9,22.6,2,2,7,11
1,41,159,90.8,27.3,1,0,0,13
1,54,152,108.3,17.2,1,0,0,10
0,22,156,106.1,0.0,5,1,-6,12
0,48,154,51.0,15.4,2,0,0,16
0,59,150,74.6,16.2,5,2,4,10
1,37,191,57.2,15.4,5,1,-6,5
1,53,153,68.5,0.0,3,1,-7,6
0,40,178,82.6,22.4,3,2,4,16
0,33,178,69.7,10.4,3,0,0,13
0,22,168,57.5,0.0,1,0,0,5
1,19,183,89.3,0.0,2,0,0,7
0,25,179,97.5,22.0,5,2,6,4
1,44,182,87.6,29.8,5,1,-5,16
0,29,168,99.7,0.0,5,1,-5,16
0,47,150,61.5,20.6,1,1,-8,9
0,37,178,93.5,0.0,5,0,0,12
1,28,163,60.9,16.1,3,2,2,9
1,55,196,62.7,14.3,4,2,3,16
0,25,152,71.6,10.2,1,2,3,9
1,30,156,79.3,0.0,4,0,0,8
1,33,191,64.4,15.0,1,2,6,5
0,41,170,78.7,25.6,2,0,0,5
1,50,152,88.0,24.1,5,0,0,8
0,19,180,75.0,0.0,3,1,-5,8
1,28,172,110.0,29.2,5,1,-8,9
1,55,150,84.4,25.5,1,0,0,13
0,47,189,95.5,20.9,5,1,-8,13
0,57,155,52.4,0.0,1,0,0,12
0,37,158,81.7,0.0,4,0,0,15
0,25,196,77.3,13.8,4,1,-3,15
1,39,195,62.1,26.1,3,0,0,9
1,25,155,51.5,0.0,5,0,0,7
0,22,166,86.0,12.2,2,2,4,4
0,54,188,97.3,17.6,3,2,4,14
1,31,199,55.8,0.0,2,1,-7,13
0,43,189,65.9,0.0,4,1,-8,7
0,54,190,72.2,17.9,1,1,-3,6
0,54,194,62.8,18.8,3,2,6,13
0,53,198,82.6,18.7,2,1,-2,10
1,42,187,109.8,27.5,3,2,3,8
1,38,189,68.7,25.4,1,1,-5,15
0,40,191,106.1,10.2,1,2,5,12
1,47,198,71.0,10.9,5,0,0,4
1,22,187,84.3,19.1,2,2,6,7
0,51,199,67.8,14.8,4,2,8,6
1,22,190,96.1,20.5,4,2,3,8
1,47,188,72.8,24.4,3,2,6,13
0,24,160,78.7,0.0,5,0,0,13
0,58,185,68.3,0.0,2,0,0,4
1,43,174,107.1,28.8,3,0,0,4
1,52,174,72.0,13.8,3,0,0,4
0,59,184,109.8,26.8,2,1,-7,5
1,39,181,106.3,0.0,2,2,8,6
1,58,184,72.4,16.0,2,0,0,6
0,34,174,99.7,23.3,4,0,0,13
0,37,198,70.0,27.9,3,2,8,8
0,22,154,105.7,27.5,5,2,6,5
1,29,196,86.8,27.5,4,0,0,5
0,20,177,61.6,22.9,4,1,-3,6
1,20,159,57.4,12.7,4,1,-4,14
1,31,172,79.2,15.8,1,2,7,7
0,25,177,102.3,24.8,4,2,3,7
1,43,181,66.7,22.1,2,1,-3,5
0,60,170,64.0,0.0,4,2,7,11
1,53,179,61.1,18.4,4,1,-6,16
0,58,177,56.8,29.3,3,1,-7,15
0,34,175,100.8,18.4,1,0,0,14
1,51,158,109.6,14.8,2,1,-3,6
1,31,155,104.9,16.4,3,2,2,16
1,28,180,107.9,28.4,2,1,-5,4
1,25,192,76.1,29.6,4,2,3,16
0,47,164,80.3,19.8,3,2,5,7
0,37,186,70.3,23.5,5,2,5,9
0,47,151,72.8,22.1,2,1,-5,7
0,43,172,106.5,12.2,5,2,4,14
1,55,182,82.0,12.5,3,0,0,14
0,54,163,84.3,0.0,3,0,0,7
0,58,167,82.3,18.5,3,0,0,4
0,31,192,65.2,21.9,2,1,-8,14
1,36,150,60.3,13.9,1,1,-6,4
1,39,155,103.3,22.8,3,0,0,10
0,26,159,53.0,18.5,5,2,5,12
0,58,157,77.4,11.3,3,1,-6,14
1,20,150,101.6,23.7,1,0,0,15
1,50,197,109.9,22.5,3,2,3,6
0,33,193,75.2,24.6,3,2,4,8
1,32,182,95.5,28.5,1,2,8,15
0,31,160,103.9,24.0,2,0,0,15
0,23,169,52.5,13.8,3,2,6,16
0,59,158,103.5,24.7,4,1,-2,6
1,50,176,99.3,27.3,1,0,0,16
0,25,166,104.3,0.0,5,2,7,11
1,60,186,77.3,11.6,3,0,0,11
1,22,182,108.5,26.6,5,0,0,14
0,26,151,62.7,18.2,4,0,0,12
1,44,188,77.6,11.4,1,0,0,6
1,60,182,70.8,28.8,3,0,0,16
1,20,178,51.3,0.0,2,0,0,8
0,43,186,76.4,12.7,5,0,0,11
1,38,158,76.9,12.3,1,0,0,12
1,48,171,80.3,25.1,4,1,-2,9
1,38,163,108.0,14.4,4,0,0,5
0,26,186,89.4,19.7,1,0,0,9
1,22,165,105.5,11.8,1,0,0,5
0,29,193,59.3,13.7,1,1,-3,7
1,19,188,99.1,28.8,5,1,-8,15
0,24,154,87.5,18.9,4,1,-5,9
1,39,190,56.7,21.7,3,1,-5,11
0,59,154,62.8,21.1,5,1,-4,6
0,19,153,77.6,18.2,2,0,0,12
0,47,200,72.7,0.0,1,1,-3,10
0,50,176,63.7,25.8,1,1,-7,13
1,32,194,67.0,11.5,5,0,0,16
0,60,193,64.0,22.9,5,1,-3,11
1,26,164,71.7,0.0,3,0,0,7
1,43,200,54.3,16.5,5,1,-4,9
0,59,167,64.0,10.1,1,1,-3,11
1,57,159,97.5,29.8,4,1,-6,8
1,50,197,52.5,13.5,3,1,-6,10
1,18,171,85.3,25.5,1,2,4,8
0,34,172,91.3,17.0,5,0,0,13
0,40,156,108.2,26.6,4,0,0,7
0,40,173,81.5,19.0,5,0,0,5
0,34,186,83.3,28.3,1,0,0,15
1,50,151,67.6,19.0,1,2,2,9
0,60,169,80.4,0.0,3,1,-5,13
0,60,199,55.1,16.3,4,2,2,5
1,20,174,103.5,12.2,2,0,0,15
1,60,195,71.2,0.0,4,0,0,7
0,50,189,105.4,13.7,5,2,3,10
0,23,177,97.0,15.6,2,0,0,14
1,43,195,61.4,27.7,2,0,0,9
0,22,190,97.7,27.4,2,0,0,9
1,49,194,101.3,10.5,5,1,-8,13
0,23,164,82.4,25.5,3,1,-4,12
0,44,194,109.6,19.2,1,1,-3,6
0,37,195,106.1,23.5,4,2,5,4
1,42,192,73.3,26.0,4,0,0,9
1,22,150,102.7,10.4,4,2,2,6
1,33,186,75.5,29.3,1,1,-3,11
0,24,192,100.5,0.0,5,1,-4,7
1,36,182,74.3,18.8,4,0,0,14
0,45,198,79.0,17.0,4,0,0,12
0,50,156,84.0,27.7,3,1,-3,14
1,48,167,57.6,29.9,5,2,7,9
0,42,173,103.3,25.8,1,2,6,16
1,21,181,57.9,23.8,4,2,4,8
1,43,184,89.5,19.8,4,1,-4,11
0,58,197,77.3,12.4,4,2,5,12
1,29,160,51.2,18.6,4,2,8,16
0,26,175,80.8,25.1,4,0,0,7
1,52,158,88.4,25.3,4,2,6,15
1,31,191,54.3,29.1,2,2,5,6
0,60,179,61.8,0.0,5,2,7,8
0,20,194,78.1,16.7,4,1,-6,13
1,23,153,87.4,17.2,5,1,-2,5
0,19,190,72.5,17.0,2,2,5,5
1,45,171,74.3,11.4,1,2,5,13
1,51,157,67.4,11.7,3,1,-8,7
1,49,154,79.7,17.3,1,2,2,11
0,37,158,85.0,0.0,4,1,-7,13
0,46,168,105.2,0.0,2,0,0,12
1,56,181,60.1,23.7,1,1,-7,12
1,57,160,109.6,15.2,1,2,2,8
0,20,188,50.7,0.0,2,2,8,11
1,56,184,103.7,21.8,4,0,0,8
1,46,162,73.1,0.0,2,2,2,16
1,51,182,70.8,21.0,3,1,-4,5
0,20,200,76.4,27.9,1,0,0,10
0,29,162,69.1,12.2,4,1,-3,8
1,27,174,90.1,16.1,3,2,5,11
1,49,169,57.8,19.9,2,2,3,6
0,24,183,67.1,18.5,4,1,-4,9
1,51,188,56.2,17.7,5,2,5,5
0,42,196,103.2,24.1,3,0,0,13
1,39,156,70.2,28.6,1,1,-5,7
1,57,166,54.7,16.2,4,2,2,12
1,29,168,84.0,24.8,3,2,4,11
0,51,189,95.3,23.1,4,2,2,7
0,27,189,86.7,15.7,5,0,0,4
1,41,173,100.6,0.0,1,2,6,9
1,47,163,51.2,29.1,4,0,0,5
1,21,161,62.4,19.0,1,0,0,13
0,44,155,99.9,27.8,2,0,0,9
1,56,150,57.2,21.2,1,2,7,15
1,44,185,88.0,17.2,3,0,0,6
1,57,163,59.0,14.7,3,0,0,6
1,35,181,59.3,27.9,5,0,0,7
1,48,171,69.4,26.3,3,2,2,10
1,36,161,71.2,28.1,3,1,-6,10
1,59,157,60.9,26.2,4,1,-5,9
0,55,161,80.2,22.6,5,1,-7,11
1,18,174,97.8,21.7,2,2,7,10
1,40,198,56.5,16.8,1,2,7,5
1,38,181,100.6,13.7,2,0,0,16
1,38,154,93.3,24.4,2,1,-7,7
1,46,163,67.0,0.0,4,1,-5,15
1,58,198,82.8,24.8,1,1,-2,5
1,48,174,83.3,11.2,5,2,7,5
1,29,183,104.5,0.0,5,0,0,16
0,47,188,99.0,10.7,2,1,-8,7
1,31,195,92.5,28.8,2,1,-8,16
0,28,169,57.8,29.9,1,2,6,16
0,59,196,91.1,14.0,2,2,4,9
1,44,193,99.0,23.6,2,1,-2,15
1,43,150,101.6,16.9,4,1,-2,15
1,20,152,95.4,22.9,3,2,5,5
1,31,186,100.0,29.5,1,1,-3,16
1,27,166,94.6,0.0,1,1,-8,10
0,36,161,54.7,21.7,4,0,0,11
1,44,170,100.7,11.1,5,2,8,5
1,26,191,106.9,19.3,3,0,0,16
1,20,153,55.8,28.2,2,1,-2,7
1,54,188,55.8,27.3,2,2,2,14
0,52,166,71.1,19.0,2,1,-7,16
1,44,154,103.8,24.2,5,1,-4,10
1,45,198,80.8,0.0,1,2,3,6
1,35,181,96.4,28.1,5,2,2,6
0,52,161,87.7,0.0,2,0,0,8
0,60,153,70.9,22.3,5,2,5,16
0,52,156,82.4,0.0,2,0,0,8
1,46,164,53.3,14.9,5,2,4,4
1,43,192,70.5,17.3,3,1,-6,10
0,60,164,54.1,28.4,3,2,4,13
1,52,182,108.0,0.0,2,1,-2,9
1,60,177,99.7,16.5,5,0,0,6
1,30,164,73.2,0.0,5,2,4,10
0,47,166,106.3,20.8,2,1,-6,14
0,24,185,58.2,10.0,5,2,8,12
0,31,153,103.0,29.8,4,2,2,12
1,60,195,73.9,27.8,5,1,-8,9
1,26,174,98.1,13.6,2,2,8,5
1,24,166,94.1,28.8,5,2,3,10
0,40,186,64.8,26.0,5,2,5,11
0,35,178,82.0,12.7,3,1,-3,12
0,22,197,99.8,16.5,1,1,-8,13
0,51,198,57.6,28.0,5,1,-7,5
1,51,157,61.0,22.0,2,0,0,6
1,25,186,50.1,21.1,2,0,0,6
0,53,166,108.7,11.0,5,0,0,9
0,47,151,100.9,26.8,5,0,0,5
0,29,160,70.7,28.3,3,1,-7,11
0,28,186,72.7,29.8,1,1,-6,11
0,26,160,109.2,17.4,2,0,0,9
0,45,198,74.0,26.5,2,0,0,10
1,27,200,79.2,22.1,5,2,2,8
0,43,177,94.0,15.3,5,1,-5,4
1,34,197,86.1,14.3,3,0,0,12
0,59,193,66.6,18.5,5,1,-6,6
0,46,151,67.3,20.6,3,2,3,8
0,53,174,81.8,24.4,3,2,7,8
1,33,200,101.4,19.3,4,1,-5,9
0,34,152,98.6,13.9,2,1,-4,13
1,55,154,100.9,29.4,3,1,-7,7
0,21,151,51.9,14.2,2,0,0,6
0,39,197,101.7,19.9,4,2,2,12
0,35,191,63.9,29.7,2,1,-2,12
0,25,183,81.5,25.0,1,0,0,10
0,39,163,79.2,11.1,1,2,8,15
1,25,152,71.3,28.3,3,2,6,14
0,19,198,94.1,10.9,3,2,4,14
0,34,197,82.3,0.0,4,1,-3,16
0,44,178,101.2,13.5,4,1,-3,10
0,42,173,87.4,26.3,3,0,0,14
1,48,168,79.7,28.1,2,2,6,6
0,41,188,106.1,0.0,3,1,-8,15
1,48,182,51.6,19.0,2,0,0,9
0,58,158,99.0,24.1,4,0,0,11
1,45,154,69.0,24.9,4,2,3,4
0,43,197,100.2,13.9,3,0,0,4
0,37,187,95.0,19.9,2,0,0,8
0,37,171,73.6,28.7,1,2,5,8
1,29,176,93.5,21.7,5,1,-2,9
0,44,188,90.1,18.3,4,1,-6,9
0,27,194,105.9,10.3,3,1,-3,10
0,47,166,107.8,11.2,2,1,-5,16
0,59,161,77.4,0.0,4,1,-5,4
0,60,164,102.5,10.2,1,1,-6,12
1,28,163,50.2,10.5,3,0,0,7
1,38,166,72.8,19.5,5,2,7,16
0,47,187,105.6,13.8,5,2,4,7
1,42,187,62.5,0.0,5,2,6,11
1,54,152,86.3,16.4,4,1,-3,12
1,38,150,62.7,28.4,2,1,-7,11
1,55,150,50.1,18.6,1,1,-2,14
0,48,173,67.8,22.6,5,1,-4,12
0,48,168,71.1,25.5,1,1,-4,14
0,29,170,75.9,26.6,4,2,7,15
0,39,160,77.2,0.0,1,1,-8,6
1,19,197,54.3,17.5,2,2,2,15
1,28,164,109.4,27.5,3,0,0,13
1,60,190,109.5,26.7,5,0,0,4
0,49,176,83.8,23.7,4,0,0,13
0,37,190,60.1,16.1,2,0,0,9
1,22,172,60.3,13.6,1,0,0,15
1,52,161,101.0,0.0,3,0,0,6
1,36,194,67.8,27.1,5,0,0,11
0,47,161,70.4,12.5,4,2,8,10
1,23,184,57.0,19.9,2,2,5,9
1,19,185,50.1,15.2,2,0,0,14
0,49,167,54.0,17.4,3,0,0,6
0,57,186,88.7,23.3,2,1,-4,10
0,49,155,77.7,11.8,2,1,-5,7
1,43,172,68.8,13.8,2,1,-5,15
1,54,152,58.2,25.7,1,0,0,16
0,49,183,67.0,20.9,5,0,0,11
0,45,188,86.1,0.0,1,0,0,16
1,22,155,82.9,0.0,5,0,0,13
0,24,196,96.4,17.2,4,1,-5,7
1,18,172,103.8,27.4,4,1,-8,12
1,26,163,89.3,23.4,4,2,3,16
0,50,182,64.6,0.0,1,2,5,6
0,39,175,100.4,29.7,3,0,0,16
0,34,191,61.5,16.6,1,1,-6,16
1,27,175,88.4,0.0,4,1,-5,14
0,39,165,59.5,28.0,2,1,-2,6
1,54,182,101.2,0.0,1,1,-6,10
1,59,182,78.6,13.2,5,0,0,14
0,40,172,55.9,0.0,1,2,5,10
0,43,178,97.2,15.0,4,1,-5,16
1,25,187,96.1,0.0,5,2,4,9
0,40,166,60.9,18.7,3,2,2,9
1,48,168,50.5,28.0,3,2,8,10
0,41,158,79.7,0.0,1,2,5,5
1,38,153,96.5,24.1,3,1,-2,14
1,37,188,67.9,25.8,5,2,8,16
0,53,170,64.0,26.2,2,0,0,9
1,43,188,87.7,10.3,1,1,-8,8
1,23,167,83.8,26.2,4,1,-8,13
0,49,196,92.1,13.7,4,1,-6,7
1,24,182,51.2,13.9,2,1,-4,14
1,47,161,91.2,13.1,1,2,3,4
0,33,173,60.1,22.3,5,0,0,14
0,53,165,100.1,14.6,1,0,0,12
1,51,191,71.0,0.0,5,1,-8,8
0,34,187,51.6,23.8,3,0,0,5
1,52,179,73.2,23.8,1,2,7,5
0,22,156,91.5,12.9,5,1,-2,4
0,54,167,78.8,22.9,3,0,0,4
1,34,161,98.9,17.0,5,2,8,4
1,52,197,98.4,12.2,3,1,-6,12
0,51,180,68.1,0.0,3,2,7,13
1,46,156,69.2,21.3,5,0,0,5
0,39,174,98.7,16.2,5,1,-7,7
1,23,199,77.6,0.0,4,1,-4,4
0,55,191,75.9,12.1,5,0,0,11
1,60,152,97.2,27.8,5,1,-6,15
1,20,168,90.3,20.5,1,0,0,8
1,55,174,53.2,22.2,2,1,-6,15
1,55,161,57.8,12.3,4,0,0,4
1,54,180,106.8,0.0,4,1,-2,16
1,53,193,76.6,19.6,4,1,-5,6
0,50,156,91.8,14.1,1,1,-5,11
1,29,155,67.5,17.3,3,0,0,11
0,22,177,58.9,22.9,4,0,0,11
1,41,185,92.9,13.1,4,1,-2,6
0,19,192,67.7,23.6,1,1,-2,16
0,43,185,53.4,11.7,4,0,0,7
0,24,199,75.7,0.0,5,1,-2,7
1,39,165,90.6,12.1,5,1,-3,4
0,58,193,69.7,11.4,4,0,0,9
0,18,182,91.1,0.0,1,0,0,13
1,22,197,93.3,18.8,2,0,0,7
0,38,199,106.1,30.0,4,0,0,5
1,47,193,53.5,27.1,3,1,-6,6
0,23,177,102.9,26.7,4,2,7,8
0,28,169,75.2,25.0,1,1,-7,9
0,39,175,52.0,11.8,3,0,0,13
1,48,199,73.1,21.6,3,2,3,8
1,52,180,54.7,19.1,1,0,0,16
1,31,165,77.7,27.8,1,0,0,7
1,48,189,80.8,21.5,5,2,2,6
1,34,160,51.0,29.8,4,2,4,15
1,30,196,89.2,13.9,2,2,6,10
1,35,152,80.4,18.4,2,0,0,14
1,25,159,56.2,0.0,5,1,-2,6
0,51,165,72.7,0.0,4,1,-7,14
0,34,185,64.7,0.0,2,0,0,7
1,52,168,55.9,23.8,3,0,0,9
1,26,175,99.1,12.6,3,0,0,16
1,36,184,75.6,16.2,2,0,0,9
0,56,160,100.1,12.0,5,2,3,5
0,45,176,74.5,27.6,4,2,7,16
0,52,161,109.2,11.5,5,1,-4,14
0,52,182,99.4,14.3,2,2,2,4
1,34,194,71.9,21.8,4,0,0,16
1,44,193,103.9,20.2,4,2,5,16
0,22,168,57.3,18.0,3,1,-6,5
1,45,150,109.5,0.0,2,0,0,12
0,35,197,82.5,11.6,1,2,2,16
0,57,189,109.5,16.4,4,2,3,12
0,28,182,84.8,14.5,4,1,-3,11
1,48,171,79.1,18.6,4,0,0,7
0,56,194,72.0,19.9,1,2,6,12
0,56,179,86.0,10.5,3,1,-3,10
0,37,189,56.2,15.0,3,1,-3,10
1,20,181,107.1,21.2,1,0,0,12
0,57,155,102.8,13.3,3,1,-7,6
1,29,189,73.9,27.3,4,2,3,10
0,56,197,102.5,21.1,3,0,0,12
1,51,172,51.6,29.7,5,2,8,5
1,19,154,65.2,23.6,3,2,8,15
0,23,157,68.0,27.0,4,2,7,13
1,19,181,68.2,22.7,1,1,-4,12
1,44,172,99.8,0.0,4,1,-6,8
1,49,200,67.0,17.3,4,0,0,13
0,38,199,93.5,0.0,2,2,6,9
0,27,153,76.1,23.7,4,2,2,12
1,28,158,80.4,25.8,5,0,0,5
0,39,172,92.3,16.3,1,2,7,4
0,50,189,92.3,0.0,4,1,-3,5
0,22,185,81.7,29.2,1,0,0,7
1,37,153,68.0,18.7,5,1,-7,11
1,42,154,74.6,17.4,3,2,5,8
1,37,153,107.6,0.0,5,0,0,12
0,45,171,77.4,0.0,4,2,7,14
0,58,168,90.1,19.7,5,1,-5,13
0,36,162,96.2,14.4,5,1,-8,10
1,40,152,105.6,10.3,2,2,3,4
0,19,195,106.8,17.6,2,0,0,13
1,23,164,56.5,27.0,2,0,0,5
1,53,180,98.6,10.7,4,2,7,11
1,27,191,108.4,28.1,5,1,-3,12
1,40,190,98.8,16.4,5,0,0,16
0,59,181,84.8,22.9,5,1,-6,16
0,18,170,92.3,20.3,3,1,-4,7
1,31,173,67.7,19.7,2,1,-4,11
1,26,186,54.6,12.1,4,0,0,13
0,38,189,70.4,22.7,4,1,-7,4
1,38,171,89.1,24.2,1,2,2,12
0,33,157,66.8,0.0,1,2,5,15
1,23,197,53.4,14.4,5,0,0,12
0,41,177,97.3,27.1,3,2,7,9
0,54,162,81.2,14.3,1,0,0,5
0,58,191,91.8,12.3,3,2,3,11
0,50,168,84.1,0.0,2,1,-7,15
0,36,162,65.8,23.2,1,1,-6,12
0,44,184,50.4,19.9,2,0,0,11
0,27,194,103.4,24.1,1,0,0,6
1,21,164,76.2,27.0,2,2,8,4
0,21,177,99.7,0.0,4,1,-4,5
0,20,172,97.8,10.1,1,0,0,9
1,37,185,91.5,24.0,4,0,0,14
0,38,192,64.0,22.3,1,1,-3,14
0,39,155,71.0,14.6,3,0,0,6
0,18,171,101.1,22.0,3,1,-7,11
0,43,195,55.6,21.0,3,1,-3,7
1,42,195,89.8,15.0,3,1,-7,8
1,34,179,91.1,20.4,5,0,0,4
1,60,188,54.1,22.2,2,1,-5,13
1,29,182,104.7,16.6,2,0,0,11
0,23,155,57.3,27.6,5,1,-7,9
1,60,157,51.6,23.5,5,0,0,13
1,53,187,88.6,0.0,2,1,-5,7
0,60,154,84.2,14.8,5,1,-5,16
1,22,190,52.6,17.7,5,1,-5,7
1,27,187,88.1,28.3,2,2,3,15
1,38,160,53.6,14.9,1,0,0,16
1,38,163,82.2,14.0,5,0,0,8
1,36,155,69.3,12.0,2,0,0,7
1,59,158,85.2,24.8,1,2,6,12
0,60,180,101.7,19.8,2,2,7,10
0,39,196,84.4,12.7,4,0,0,11
0,26,152,56.8,14.8,5,0,0,5
1,34,200,76.5,10.5,4,1,-8,12
1,52,171,62.1,22.5,5,0,0,12
0,20,200,94.2,24.9,4,1,-3,8
0,26,172,107.1,23.2,2,2,3,7
0,30,173,90.8,16.6,3,2,8,12
1,54,196,75.0,18.0,5,1,-8,14
0,42,170,92.9,0.0,3,2,2,15
1,57,187,52.4,11.7,1,0,0,15
1,45,158,89.1,24.0,5,2,8,16
1,60,197,70.3,0.0,1,2,5,6
1,44,198,82.9,24.4,1,2,3,12
1,42,189,105.7,14.2,3,2,2,13
1,34,196,64.3,25.0,4,0,0,4
1,42,159,104.2,16.2,5,2,6,11
1,23,190,63.1,23.2,3,0,0,12
1,20,158,95.0,0.0,5,2,3,5
0,58,174,66.7,16.1,5,2,4,7
0,23,167,66.0,29.6,1,0,0,7
0,27,180,82.9,23.6,3,0,0,6
1,39,158,97.6,26.6,1,0,0,9
0,21,155,104.1,0.0,5,0,0,13
0,24,173,72.7,28.1,1,0,0,13
1,23,185,67.8,0.0,4,1,-4,11
1,55,188,71.1,18.2,2,2,5,16
1,49,170,87.8,0.0,2,1,-2,15
1,31,176,79.3,0.0,4,2,4,8
1,38,194,64.8,28.1,3,0,0,4
1,27,165,99.2,26.3,5,1,-8,16
0,18,182,50.2,25.7,2,1,-7,12
1,19,176,107.1,0.0,4,0,0,15
0,55,163,94.2,20.9,1,0,0,12
0,58,178,83.1,11.0,1,1,-8,9
1,26,170,59.4,26.3,2,1,-2,15
1,35,175,79.7,14.8,2,1,-5,9
0,43,181,57.3,13.4,4,0,0,10
0,42,160,107.1,21.8,2,1,-8,8
0,21,155,90.6,19.0,5,1,-7,14
0,18,191,62.6,23.3,4,1,-8,10
1,41,187,70.3,29.0,3,0,0,10
1,47,167,96.1,25.4,1,1,-7,9
1,26,188,79.4,28.6,5,0,0,14
0,53,181,91.7,19.3,2,2,6,9
1,54,159,61.3,19.2,4,0,0,10
0,43,184,59.2,22.9,2,2,4,6
1,25,168,51.9,0.0,5,1,-5,11
1,58,193,91.8,0.0,5,1,-2,13
0,58,199,58.2,20.0,3,0,0,11
0,44,186,77.6,15.7,3,0,0,12
1,24,177,98.3,13.6,3,1,-2,11
1,36,198,84.9,27.6,2,2,7,8
1,24,160,73.1,0.0,5,2,3,9
1,44,198,63.8,14.4,3,1,-3,8
0,54,178,103.1,28.6,3,2,8,9
1,29,194,106.9,11.2,5,1,-4,14
0,18,178,52.5,12.1,5,0,0,16
0,25,198,80.6,0.0,2,1,-2,9
0,21,189,80.9,0.0,4,1,-7,14
1,50,166,107.8,17.6,4,2,6,13
1,45,159,55.6,16.4,5,2,2,5
0,34,178,86.1,0.0,5,1,-4,10
1,44,157,62.3,12.2,5,2,5,8
1,50,174,63.2,18.4,2,0,0,16
0,25,179,88.2,21.0,1,0,0,13
0,48,181,104.8,23.2,3,2,5,12
0,18,192,73.7,23.9,4,0,0,7
1,60,171,57.1,27.7,1,0,0,6
1,39,150,65.3,20.5,3,0,0,13
0,52,173,51.2,21.7,4,0,0,7
1,49,189,54.1,16.3,3,0,0,10
0,30,154,78.1,23.8,5,0,0,6
1,40,162,76.7,19.2,4,2,4,11
1,56,170,82.4,19.4,2,1,-4,14
0,57,178,89.5,17.6,3,1,-2,12
1,22,154,54.2,28.7,2,0,0,8
0,18,154,56.3,23.1,1,2,3,11
1,49,198,61.1,18.7,2,2,2,11
0,53,159,55.2,0.0,2,1,-2,9
1,56,154,105.8,23.9,2,0,0,14
0,56,188,79.7,29.5,4,1,-5,7
0,59,194,51.7,0.0,5,0,0,10
1,58,175,92.8,11.9,3,1,-8,14
0,36,188,57.4,21.0,1,0,0,12
1,40,169,73.6,25.8,2,1,-2,6
1,23,153,71.8,15.6,4,1,-5,4
0,53,165,69.1,18.6,1,2,3,4
0,32,176,97.9,23.2,3,1,-2,14
1,34,196,55.7,19.0,4,1,-8,4
1,43,153,56.0,28.0,5,0,0,11
0,20,182,96.2,23.0,1,1,-2,4
1,24,157,90.6,18.1,1,1,-7,16
0,46,154,94.3,0.0,5,1,-7,16
1,25,168,64.9,10.3,2,0,0,6
0,23,195,91.1,29.7,4,1,-5,6
0,51,183,79.5,14.1,5,2,3,7
1,54,192,51.4,25.7,2,1,-4,5
1,52,183,106.6,29.4,1,1,-6,4
1,55,181,101.5,29.2,4,1,-2,15
0,56,188,54.2,0.0,1,0,0,4
1,58,186,93.5,29.9,3,2,7,5
1,23,161,101.8,12.7,5,2,5,6
0,60,177,107.7,14.8,5,1,-4,6
0,38,157,53.1,17.3,3,2,7,9
1,18,150,88.6,13.8,3,2,4,10
1,43,200,73.8,27.4,5,1,-3,11
0,48,189,74.1,10.3,2,0,0,15
0,45,153,73.7,16.3,3,0,0,14
0,59,198,92.8,0.0,5,1,-8,11
0,50,200,95.8,29.2,3,2,4,16
0,39,168,102.0,28.7,2,0,0,13
0,34,174,109.2,24.7,3,0,0,15
1,24,182,98.4,27.4,3,2,6,9
1,20,176,67.6,26.2,5,2,4,16
0,26,186,102.3,23.0,5,0,0,9
1,59,150,93.2,16.4,2,1,-3,15
0,38,165,94.5,15.2,2,2,4,16
0,22,179,92.3,0.0,3,2,7,14
0,50,171,72.4,18.7,1,2,7,15
1,51,193,88.3,24.3,4,2,3,4
1,24,170,104.2,29.8,4,2,6,14
1,22,194,102.9,18.4,1,1,-7,10
1,22,194,62.7,25.2,4,1,-4,5
1,22,154,95.7,18.5,3,0,0,8
1,34,162,53.3,16.0,4,1,-7,7
1,56,175,61.5,16.1,4,0,0,16
1,57,162,67.2,13.8,2,2,6,10
0,46,185,98.5,17.3,1,0,0,14
1,31,166,62.2,18.6,3,0,0,7
0,52,170,70.2,0.0,5,0,0,15
0,19,200,96.2,24.9,5,0,0,5
0,58,172,88.3,11.7,4,2,2,15
1,32,191,106.3,23.3,2,2,8,13
1,56,191,103.9,20.4,3,2,3,15
0,48,200,62.6,24.6,3,2,3,14
1,50,194,64.2,22.6,5,0,0,12
0,37,181,63.3,16.0,3,0,0,4
1,42,166,58.3,15.5,4,0,0,4
1,18,190,107.7,20.5,3,2,7,15
0,31,157,51.0,17.5,3,1,-5,9
1,35,174,95.2,26.9,3,1,-5,9
1,29,194,102.6,29.2,5,2,8,4
1,49,177,81.5,14.7,5,0,0,7
1,49,200,101.0,20.2,4,0,0,15
0,28,165,64.9,23.5,1,1,-3,13
0,38,159,94.0,22.6,1,2,7,8
1,31,182,86.8,12.4,3,2,2,16
0,27,189,61.7,28.3,5,0,0,13
0,50,198,64.7,23.1,1,0,0,8
0,60,150,76.5,26.3,5,1,-4,16
0,34,171,73.6,12.2,1,1,-8,8
1,21,174,75.4,0.0,3,2,2,10
1,40,186,58.8,29.4,3,2,7,13
0,40,157,98.9,23.5,4,0,0,13
0,19,152,87.0,18.1,5,1,-2,7
1,47,162,80.2,0.0,2,2,5,15
0,37,191,91.0,23.5,1,1,-7,7
0,48,163,93.7,21.1,2,2,6,16
0,33,191,82.6,0.0,2,2,6,16
1,55,191,61.7,25.0,4,0,0,10
0,49,174,100.4,25.5,2,1,-6,12
0,52,178,98.3,0.0,5,1,-6,15
1,55,155,75.1,0.0,4,2,4,7
0,20,172,74.9,23.8,5,0,0,15
1,56,169,91.0,23.1,2,1,-7,6
0,31,166,74.4,0.0,1,1,-4,14
1,40,184,72.2,29.8,5,1,-8,10
1,58,165,89.3,0.0,5,1,-5,16
0,54,191,77.0,18.1,4,2,6,8
1,27,170,54.5,10.7,1,0,0,14
0,22,170,83.5,26.1,5,2,4,16
0,30,175,80.9,20.5,4,0,0,9
1,40,159,74.5,20.6,2,0,0,16
1,48,193,94.6,22.8,1,0,0,5
1,49,191,91.5,0.0,5,2,6,10
0,39,169,74.3,11.9,5,2,7,8
0,24,188,103.6,20.0,3,1,-2,8
0,55,190,65.1,22.8,4,1,-2,6
1,28,150,66.9,13.0,1,2,8,15
0,44,178,54.9,21.1,2,2,5,9
0,33,154,54.5,22.8,3,2,7,4
0,30,163,79.9,14.3,2,0,0,4
1,32,172,61.2,21.7,3,0,0,6
0,36,185,91.9,0.0,4,0,0,6
0,34,151,53.3,15.4,3,1,-5,12
0,52,194,94.6,0.0,4,1,-3,9
0,60,182,109.7,27.8,4,1,-3,7
1,40,166,106.8,19.6,2,2,4,13
1,23,157,70.1,18.7,3,0,0,12
0,60,199,84.3,17.4,1,0,0,14
1,45,164,84.7,27.9,4,1,-8,14
0,24,186,108.3,20.7,2,1,-7,12
0,58,195,100.2,16.4,4,0,0,13
1,60,200,95.3,26.9,5,0,0,12
1,49,152,79.2,18.3,3,0,0,13
1,29,159,64.3,27.6,5,1,-4,11
0,52,184,57.8,17.2,3,2,4,4
0,28,194,66.9,18.2,4,1,-6,9
1,22,196,88.4,11.6,5,2,3,4
0,48,173,96.5,22.0,2,1,-8,6
0,21,152,105.6,15.7,5,0,0,5
0,25,200,54.4,24.6,5,2,3,4
0,42,177,108.1,12.1,2,1,-7,6
1,52,156,83.4,22.1,1,1,-5,7
1,23,198,69.3,17.4,3,2,2,14
0,54,177,52.6,15.2,1,0,0,7
0,37,175,52.0,14.6,3,2,3,15
0,58,158,74.0,25.3,4,2,4,5
0,32,197,103.5,14.6,3,2,3,10
1,26,176,99.2,29.9,2,0,0,5
1,19,196,74.3,10.2,3,2,6,11
1,51,180,94.1,18.3,4,2,8,12
0,30,181,103.5,27.3,3,2,3,13
1,58,186,105.6,11.2,5,0,0,14
1,55,169,62.6,0.0,5,0,0,11
0,58,154,55.9,23.4,1,2,6,9
0,31,158,87.2,28.9,5,2,7,15
0,59,200,100.3,12.4,1,0,0,11
0,33,155,51.4,24.7,4,0,0,14
1,54,194,91.4,28.6,5,0,0,10
0,44,178,84.8,0.0,4,1,-3,13
1,45,160,94.9,10.1,5,2,8,6
0,43,166,94.6,26.4,4,2,4,15
1,58,196,68.7,27.3,3,2,5,16
0,45,176,107.4,17.8,3,0,0,12
1,35,199,72.1,27.8,4,1,-4,11
1,30,174,63.8,16.2,3,2,5,9
0,41,189,109.9,27.3,4,1,-2,7
0,49,186,82.7,10.9,5,2,5,11
0,48,152,55.8,16.8,5,2,6,14
0,54,186,79.8,14.8,3,2,8,7
0,48,171,67.8,0.0,3,2,3,16
1,60,177,80.4,25.3,1,2,2,6
1,42,153,94.6,11.8,4,2,4,10
0,51,187,63.4,16.1,3,0,0,14
0,40,187,81.2,14.6,4,2,2,4
0,44,171,63.5,24.6,2,1,-5,14
0,40,166,88.7,10.3,5,1,-8,4
1,36,182,57.5,26.3,3,1,-6,16
1,49,171,84.8,24.4,1,1,-2,14
1,33,158,97.9,14.3,3,0,0,16
0,46,187,56.9,27.0,2,0,0,8
1,45,158,70.0,28.9,3,1,-5,12
1,33,192,100.8,17.0,2,1,-5,14
0,57,152,78.3,21.1,2,1,-3,12
0,48,171,92.7,29.3,2,2,4,13
0,60,184,53.9,12.0,5,1,-5,8
0,49,191,50.7,29.6,2,0,0,15
1,30,157,83.2,19.3,2,1,-4,16
0,38,176,101.6,19.3,5,2,8,8
1,21,194,70.1,25.4,2,2,3,10
0,35,156,63.8,10.1,5,2,6,15
1,24,172,80.8,23.2,4,2,2,8
0,30,162,106.6,14.3,1,1,-7,7
1,49,153,95.6,12.9,3,0,0,5
0,44,191,73.5,25.3,1,0,0,10
0,43,157,79.3,15.9,1,1,-2,4
1,25,183,81.2,0.0,4,0,0,15
1,24,195,62.2,16.6,4,1,-4,16
0,44,197,99.1,26.6,3,0,0,16
0,22,190,74.1,13.7,5,2,8,9
0,36,189,50.5,24.9,2,1,-2,9
0,18,194,94.4,15.3,5,0,0,8
0,52,191,75.7,23.0,2,2,6,13
0,45,166,61.4,19.8,3,1,-7,12
0,53,190,54.5,29.0,5,1,-2,11
1,45,183,79.8,23.3,5,2,5,6
1,54,190,71.6,0.0,3,2,5,12
0,51,196,68.3,24.4,3,2,5,8
1,44,181,69.8,0.0,2,1,-6,9
1,56,161,64.5,28.6,2,1,-3,16
1,35,159,85.1,21.3,1,2,4,6
1,60,195,73.3,11.5,1,2,2,5
0,49,155,62.8,19.5,5,2,2,11
1,36,150,66.0,10.4,5,0,0,7
0,51,184,96.3,27.3,1,1,-3,16
0,19,151,53.7,10.7,1,2,4,5
0,51,199,53.5,10.9,1,2,4,16
1,46,191,99.2,27.1,5,2,4,13
0,38,151,106.0,10.3,1,1,-4,5
1,24,186,108.9,17.0,5,0,0,4
0,43,177,52.6,26.3,4,0,0,16
1,53,192,84.0,0.0,1,1,-7,9
0,18,199,51.8,26.4,1,0,0,7
1,30,183,89.1,16.4,5,1,-5,11
1,19,180,92.4,27.2,5,1,-7,5
1,37,180,70.2,14.8,5,2,7,6
1,46,180,81.8,12.1,4,2,5,15
0,35,197,76.6,13.9,3,1,-7,8
0,59,193,106.9,11.7,3,0,0,13
1,20,163,66.2,22.6,4,2,5,9
1,55,176,52.8,0.0,2,2,8,8
1,32,181,89.9,17.2,1,1,-6,15
1,27,158,50.0,13.8,1,2,7,14
1,30,166,86.2,13.5,4,0,0,16
0,38,161,51.1,0.0,5,2,2,7
1,35,193,109.5,10.3,1,2,4,7
1,18,185,101.3,24.5,2,0,0,5
1,30,192,55.4,23.8,1,0,0,5
0,58,190,108.1,25.9,2,0,0,15
1,60,189,68.9,13.6,5,0,0,15
1,58,182,98.0,18.8,2,0,0,8
1,47,153,107.8,0.0,3,2,4,13
1,51,198,92.0,28.6,5,0,0,4
0,49,190,83.5,17.4,4,0,0,11
1,23,153,78.1,19.3,1,2,8,14
0,19,182,59.7,16.1,1,2,8,15
1,21,178,54.0,19.4,5,2,6,5
1,27,188,106.5,15.8,1,2,4,12
1,42,198,52.8,22.2,4,1,-8,9
0,36,185,101.3,14.9,2,1,-3,11
0,31,166,56.6,21.0,3,1,-4,5
1,32,170,81.4,10.9,3,0,0,11
0,60,175,93.2,29.7,3,1,-7,15
1,43,171,106.7,16.2,3,0,0,7
0,53,199,63.2,16.6,1,2,2,9
0,37,194,62.7,14.2,2,0,0,5
1,27,152,66.7,27.8,1,2,8,6
1,45,151,74.2,20.7,1,2,4,13
1,44,169,59.4,11.9,4,2,3,10
0,39,191,99.5,22.4,4,0,0,10
1,47,197,83.1,21.5,1,1,-3,5
0,53,157,51.8,18.7,4,2,5,5
0,39,194,68.3,22.7,5,2,6,15
0,34,150,92.7,29.5,2,0,0,11
1,28,156,81.4,29.8,4,0,0,4
1,40,193,84.5,0.0,1,2,8,9
1,46,192,73.2,28.8,3,2,7,9
0,52,189,79.3,16.4,4,1,-2,15
0,37,176,52.8,13.5,1,1,-6,4
1,31,158,84.7,16.1,5,2,2,14
1,51,150,63.9,10.6,3,0,0,16
0,53,175,89.4,21.0,2,0,0,7
1,25,190,87.9,28.9,4,2,7,11
1,24,150,74.8,22.6,2,1,-7,11
1,53,197,80.8,20.7,4,2,8,12
0,55,179,82.7,21.8,3,1,-4,13
0,31,166,62.5,18.0,3,0,0,9
1,46,157,58.5,11.5,1,0,0,4
0,34,198,52.7,14.2,3,0,0,15
1,27,199,81.7,0.0,5,1,-3,16
0,29,162,65.4,20.2,2,0,0,5
1,44,151,62.9,0.0,1,2,8,16
1,41,162,105.4,26.5,3,1,-8,6
1,43,184,83.0,20.8,3,1,-4,15
0,51,150,86.9,27.4,2,0,0,4
1,34,183,73.3,18.6,3,1,-8,7
1,36,180,89.1,19.6,5,2,5,4
0,48,173,52.3,25.2,4,1,-3,13
1,32,180,98.5,0.0,3,0,0,9
1,52,199,57.6,14.3,1,2,8,9
0,30,170,98.0,26.3,2,2,8,15
1,30,154,102.7,11.3,3,0,0,9
1,55,167,71.5,16.0,5,0,0,7
0,32,187,73.1,27.7,1,2,5,12
1,38,189,107.3,0.0,4,0,0,4
0,23,172,51.4,0.0,4,0,0,8
1,49,159,76.6,16.0,5,1,-5,10
0,47,159,83.4,0.0,1,0,0,15
1,24,168,92.3,29.4,3,1,-2,15
1,52,186,83.5,16.7,1,1,-2,8
0,46,163,60.7,23.8,3,0,0,16
0,55,197,97.3,25.6,5,2,4,10
0,58,193,63.8,17.0,2,2,3,6
0,59,165,63.2,21.1,2,2,8,4
0,60,156,108.8,15.3,1,2,4,10
1,28,187,77.0,16.7,2,0,0,14
1,28,182,61.1,0.0,1,0,0,9
0,48,176,94.4,11.6,3,0,0,11
1,44,172,55.8,12.1,5,0,0,5
1,38,186,55.4,28.9,3,2,7,8
0,56,200,65.3,17.1,1,2,3,13
1,49,161,84.3,24.2,2,2,6,8
0,35,168,69.0,15.7,4,2,7,5
1,54,186,75.1,21.2,2,1,-3,6
1,21,185,106.1,20.2,1,0,0,4
1,59,196,93.7,29.5,4,0,0,16
1,31,172,70.3,17.2,3,0,0,12
0,40,162,51.0,11.6,2,1,-8,13
0,31,157,95.4,12.7,2,1,-6,4
0,54,185,64.9,0.0,2,1,-4,14
0,44,191,99.9,28.4,3,1,-7,15
0,26,157,62.8,17.1,1,2,7,6
1,42,189,55.4,10.9,3,0,0,12
0,54,165,100.1,0.0,1,0,0,11
0,43,177,66.6,19.2,4,2,4,4
0,55,170,50.5,25.8,5,2,3,10
1,25,168,89.5,24.6,5,1,-7,13
0,40,160,70.3,10.4,5,0,0,7
1,25,190,89.9,26.8,4,2,3,13
0,28,185,83.8,16.1,4,1,-7,15
1,54,183,99.0,22.3,4,0,0,14
1,37,177,60.5,14.7,1,1,-4,5
1,25,167,87.2,0.0,2,2,4,6
1,45,174,55.9,11.1,5,1,-6,5
1,35,156,75.3,14.8,1,1,-7,13
1,42,190,104.5,19.5,2,1,-3,16
1,41,180,106.5,0.0,3,1,-4,16
1,36,162,84.7,15.8,1,0,0,4
0,33,198,52.7,28.2,1,2,5,11
1,25,186,82.9,26.1,3,0,0,7
0,51,157,65.3,15.3,4,1,-2,9
0,36,179,98.5,11.1,4,1,-4,6
0,42,157,58.5,0.0,2,1,-5,6
1,53,177,67.0,0.0,2,2,4,13
0,26,181,74.4,18.3,3,1,-6,4
1,40,179,62.7,26.8,2,0,0,9
1,36,199,103.3,15.9,2,1,-2,14
1,38,184,105.1,16.2,3,0,0,10
1,41,177,87.4,20.9,3,0,0,6
1,52,159,73.8,0.0,1,2,2,14
0,23,164,83.4,15.3,5,1,-2,14
0,55,169,76.3,0.0,2,0,0,4
0,56,177,80.4,23.4,1,1,-7,15
1,21,186,74.9,26.9,3,1,-6,11
0,21,197,91.2,0.0,5,2,8,6
1,53,184,70.5,18.8,4,1,-4,15
0,47,198,82.1,15.2,5,2,4,8
1,58,185,56.4,23.2,2,1,-5,16
1,33,173,77.3,0.0,4,0,0,13
0,56,190,96.6,19.9,5,0,0,4
0,48,194,95.8,25.7,4,2,3,10
0,18,180,96.8,18.2,4,1,-6,10
1,38,154,92.1,12.8,4,2,3,14
1,56,192,64.1,27.0,5,2,4,15
0,26,188,89.3,11.2,5,2,3,5
0,51,161,81.5,21.5,4,0,0,15
1,32,191,91.0,14.5,4,1,-5,6
0,20,198,55.9,0.0,1,1,-7,7
1,22,197,51.1,19.0,3,1,-5,10
0,25,188,100.8,19.7,4,2,7,8
1,55,155,59.4,12.2,4,2,2,4
1,34,197,93.2,19.5,4,2,6,10
0,28,182,66.2,21.4,1,1,-8,11
0,54,199,52.5,15.5,1,1,-5,12
0,36,181,55.3,22.8,2,1,-6,14
1,31,161,51.7,15.8,1,0,0,13
1,44,175,68.5,17.7,3,1,-5,15
0,38,177,101.6,0.0,1,0,0,6
1,49,164,82.0,10.2,1,2,3,7
1,30,194,102.3,10.2,1,2,3,8
0,22,176,59.2,20.7,5,2,6,16
1,46,179,63.4,22.4,4,1,-3,16
0,51,176,54.2,21.5,4,1,-4,14
1,39,191,76.0,27.6,3,2,2,16
1,47,192,54.2,11.1,4,2,7,7
0,60,179,105.6,26.7,2,2,6,15
0,34,200,82.8,19.9,1,0,0,10
0,57,187,100.2,23.3,1,0,0,10
1,43,181,100.7,11.3,1,2,6,13
0,34,188,67.6,26.7,2,1,-8,16
0,20,152,54.4,28.6,1,2,5,13
0,30,185,72.9,24.9,3,2,5,13
1,39,151,95.1,13.3,5,2,4,13
1,38,172,81.9,0.0,1,0,0,9
1,46,153,88.0,20.9,5,1,-4,12
0,24,186,104.1,21.3,2,0,0,8
0,45,188,102.3,25.2,4,0,0,13
1,20,151,99.1,0.0,3,0,0,8
0,26,178,101.2,27.5,2,0,0,8
1,24,180,81.4,29.8,4,1,-7,9
1,32,156,52.7,14.0,2,0,0,16
0,37,163,86.1,17.5,2,2,3,8
1,28,168,95.0,22.1,5,0,0,9
0,30,177,52.4,0.0,4,2,6,12
1,32,156,69.7,10.7,3,0,0,14
1,34,163,84.0,22.1,2,2,5,10
1,43,196,87.9,23.0,1,2,3,10
0,49,165,80.4,0.0,5,0,0,7
1,22,150,84.6,26.3,1,2,8,8
0,56,180,87.3,0.0,5,0,0,4
0,46,183,54.9,13.6,1,2,6,12
0,26,168,90.5,19.1,1,1,-2,15
1,21,184,90.6,25.9,1,0,0,4
1,22,158,76.7,14.0,4,0,0,4
0,55,184,102.7,0.0,3,0,0,11
0,38,194,55.3,0.0,4,2,6,12
0,46,185,82.1,16.4,2,1,-5,7
0,50,157,53.4,11.3,3,2,3,12
0,56,185,78.0,28.9,4,0,0,5
1,51,154,70.1,15.9,1,2,6,16
0,28,182,55.3,0.0,4,1,-7,7
1,24,172,98.7,24.2,4,1,-4,8
0,50,192,109.6,25.9,1,0,0,10
1,20,165,74.0,0.0,2,0,0,15
1,51,188,96.5,21.0,3,2,4,15
1,50,158,105.7,15.2,4,0,0,13
1,31,195,66.7,0.0,3,1,-4,10
0,27,198,65.0,28.5,1,1,-2,12
0,47,156,78.9,0.0,3,1,-8,6
0,53,180,83.4,23.2,3,2,5,16
1,18,173,80.6,23.5,1,1,-3,16
0,57,157,83.0,13.5,2,2,8,8
0,54,198,50.8,24.7,2,0,0,9
0,40,189,52.9,0.0,1,1,-3,4
1,21,158,106.0,0.0,1,1,-4,12
1,51,154,90.6,10.6,5,0,0,10
0,36,164,76.7,24.2,4,1,-5,7
0,31,156,68.7,12.1,5,1,-2,4
1,20,188,98.6,10.5,1,0,0,5
0,52,184,85.3,18.7,4,0,0,10
0,34,189,99.5,19.0,4,2,5,6
1,48,184,101.5,0.0,2,2,8,12
0,37,165,101.2,21.0,4,0,0,14
0,35,151,105.2,20.1,4,1,-5,12
0,21,191,102.1,12.4,2,2,4,14
0,57,200,70.4,10.3,1,0,0,6
0,36,151,98.9,18.8,4,2,5,16
0,31,162,80.2,17.3,2,2,5,6
0,51,183,98.5,14.9,2,0,0,13
1,25,161,79.4,15.3,4,0,0,7
0,43,182,104.0,17.0,5,0,0,7
1,43,173,65.5,16.0,3,2,4,11
0,60,154,82.9,23.5,4,0,0,5
0,25,188,71.2,10.7,5,2,7,5
1,40,163,79.0,17.6,2,2,6,11
0,41,184,84.1,14.2,1,2,3,5
0,27,154,108.2,30.0,4,1,-6,8
1,52,161,77.8,23.5,4,0,0,11
1,32,200,80.8,13.2,2,1,-6,14
0,19,155,100.9,27.0,5,2,8,12
0,18,152,104.4,18.2,3,2,6,15
1,19,170,105.0,19.2,1,0,0,7
0,58,161,75.2,24.5,3,2,2,15
1,25,157,77.5,10.0,5,0,0,10
0,28,157,79.2,13.0,4,1,-7,4
0,44,156,108.9,28.6,3,2,6,4
0,54,156,62.4,0.0,1,0,0,16
0,27,178,70.7,14.3,1,2,6,7
1,52,156,79.7,11.5,5,0,0,9
1,55,166,102.4,0.0,5,0,0,14
0,52,161,89.6,28.5,1,0,0,9
1,21,198,62.4,22.7,5,1,-3,16
0,33,156,78.7,17.0,5,1,-6,11
0,19,178,82.0,26.4,2,1,-8,14
1,31,191,71.9,13.3,3,1,-6,13
1,42,180,99.1,10.5,2,1,-3,6
1,23,199,70.9,0.0,1,0,0,7
0,47,189,79.3,13.1,5,1,-4,5
1,59,198,96.6,18.3,4,1,-4,15
0,59,174,92.6,17.4,4,1,-2,13
1,54,187,91.4,24.3,4,1,-2,4
1,60,166,89.0,26.1,3,0,0,16
0,46,200,98.3,20.4,3,0,0,4
0,58,157,60.2,11.0,3,0,0,5
0,37,184,99.2,19.5,5,0,0,15
0,42,171,69.9,20.9,2,0,0,5
1,43,167,54.2,16.5,5,1,-5,5
1,34,171,84.6,0.0,5,1,-7,12
0,26,170,62.9,11.0,2,2,5,14
1,27,164,106.1,13.1,2,2,3,10
1,58,181,58.1,14.1,2,1,-6,12
1,19,180,96.7,11.0,4,1,-7,5
0,48,198,106.1,0.0,4,2,8,4
1,58,186,78.6,26.9,4,0,0,9
1,54,189,61.2,28.2,4,0,0,16
0,44,172,87.8,17.5,3,0,0,7
1,30,192,89.0,26.9,3,0,0,8
0,58,153,74.6,10.2,1,0,0,13
0,33,178,82.4,27.2,2,2,8,6
0,45,177,70.6,27.3,3,1,-2,4
1,30,185,102.3,21.1,5,0,0,12
0,56,185,64.2,17.5,1,1,-5,14
1,35,188,102.7,29.7,3,1,-4,11
1,55,181,108.8,0.0,2,2,3,8
1,48,198,108.7,13.8,4,0,0,6
0,52,183,79.2,21.5,3,1,-7,14
1,58,158,65.6,17.5,4,2,6,15
1,32,158,80.4,12.7,2,2,7,7
0,55,199,72.4,29.4,2,0,0,16
0,58,167,100.0,10.7,4,2,6,7
1,29,192,85.7,16.7,3,0,0,15
0,25,175,58.1,26.9,3,0,0,10
1,30,164,79.4,16.6,3,1,-3,8
0,18,184,61.7,20.4,2,0,0,11
1,19,187,66.7,16.2,1,2,5,10
0,39,175,94.5,26.2,5,1,-8,16
1,51,189,69.2,20.1,5,0,0,8
0,39,200,60.7,13.6,5,1,-7,14
0,56,153,59.3,12.9,4,1,-8,6
1,26,167,91.1,18.6,5,0,0,7
1,30,163,99.4,22.9,1,2,2,4
1,33,184,53.5,20.6,1,0,0,11
1,38,189,99.6,19.8,2,0,0,15
1,41,195,96.0,23.1,2,2,5,7
1,21,150,99.4,20.1,3,2,8,6
1,34,173,96.1,18.7,4,1,-2,11
0,32,153,86.6,23.9,2,1,-3,7
1,42,195,52.0,0.0,5,1,-8,7
1,28,163,73.0,27.3,1,0,0,15
1,49,187,58.2,12.7,4,2,4,5
1,54,196,108.5,28.0,2,1,-3,5
0,27,164,52.0,20.7,5,1,-3,4
1,55,182,62.8,17.2,4,1,-6,7
1,20,155,67.0,18.2,1,2,8,4
0,51,172,88.7,22.2,2,1,-4,7
0,50,157,66.0,19.5,5,0,0,16
0,21,163,103.3,13.9,2,1,-5,10
1,53,182,63.3,11.1,4,1,-5,4
0,38,170,102.4,19.9,4,2,2,11
1,55,170,94.3,21.4,3,2,4,15
0,46,180,58.3,11.9,2,0,0,8
0,33,162,73.3,21.3,2,2,7,5
1,33,192,85.0,15.1,3,2,6,4
0,19,199,68.5,28.7,3,1,-7,10
1,55,172,95.5,23.7,1,1,-7,9
0,23,196,55.1,17.9,3,0,0,15
0,45,196,59.5,17.4,5,2,6,13
1,23,153,60.9,13.8,4,0,0,10
1,58,199,92.8,14.2,1,1,-8,5
1,44,195,74.8,29.4,5,2,7,9
1,34,161,50.9,18.1,4,1,-3,16
1,30,194,79.7,17.0,4,0,0,8
0,23,165,108.1,22.8,5,2,8,15
1,54,159,52.9,19.4,1,0,0,4
1,53,181,72.7,20.3,4,2,8,12
0,57,178,65.3,27.0,5,2,8,4
0,43,150,84.9,14.1,5,2,3,16
1,20,185,85.9,28.2,2,0,0,5
1,22,151,97.0,13.6,4,2,6,16
1,46,177,69.7,10.6,5,2,4,11
1,53,194,103.5,22.5,4,2,2,16
1,50,178,99.8,17.8,5,0,0,5
1,19,199,89.2,23.6,1,1,-8,10
0,38,150,88.3,0.0,3,1,-2,10
1,39,167,57.7,0.0,2,0,0,7
1,45,183,52.9,27.7,5,0,0,6
0,33,172,63.3,29.4,4,1,-7,6
0,39,187,108.3,12.4,1,2,4,13
1,26,152,93.4,22.5,1,2,4,9
0,26,151,85.5,24.7,3,0,0,11
1,27,196,54.2,17.5,4,1,-2,7
0,27,163,59.8,0.0,3,0,0,10
0,18,180,53.5,15.0,3,0,0,5
1,35,168,52.9,29.3,1,0,0,16
0,45,167,85.9,22.6,5,2,2,7
0,24,179,108.5,11.8,5,2,6,8
0,37,155,52.5,14.1,2,2,2,16
0,48,195,109.6,27.6,3,0,0,15
0,35,191,69.2,15.0,3,1,-7,15
0,54,173,75.7,16.0,5,2,2,16
0,59,181,53.8,10.7,3,0,0,4
0,26,167,92.9,0.0,2,2,8,14
0,59,195,98.0,0.0,1,2,6,8
0,21,156,50.5,11.1,2,2,2,14
0,50,168,90.4,24.9,1,1,-4,12
0,58,174,108.9,29.1,4,0,0,15
0,54,171,74.6,16.9,1,1,-2,7
1,55,166,56.9,12.8,4,2,8,6
1,36,175,89.3,26.8,1,0,0,4
1,57,180,52.1,24.0,1,0,0,7
1,26,178,101.4,28.7,5,0,0,9
0,34,191,107.4,0.0,2,0,0,14
1,33,162,60.9,19.4,4,2,7,16
0,21,171,108.4,16.3,5,0,0,6
1,18,173,62.9,24.8,1,0,0,7
0,27,176,55.8,20.7,5,0,0,11
1,24,164,99.7,26.2,1,1,-3,10
1,29,196,80.5,17.1,1,2,6,12
0,30,188,83.6,24.4,5,0,0,10
0,54,194,77.8,28.0,5,2,3,15
1,31,177,89.4,0.0,5,1,-2,12
1,22,171,65.7,0.0,4,1,-3,11
1,21,180,84.8,10.5,3,0,0,6
0,44,164,78.3,10.7,4,1,-8,13
0,22,176,54.0,13.2,1,2,8,10
1,31,161,92.5,0.0,2,1,-7,6
1,20,177,65.6,25.1,4,0,0,13
0,33,192,91.8,17.9,1,0,0,4
0,41,180,55.8,12.2,4,1,-5,14
1,48,190,99.3,0.0,3,2,4,5
0,27,161,108.5,0.0,4,0,0,7
1,28,198,109.8,10.8,2,1,-7,8
0,56,197,61.6,25.3,5,0,0,16
1,43,191,94.0,28.0,4,2,6,14
0,50,196,56.3,0.0,1,1,-2,10
1,20,158,84.1,17.9,5,1,-8,8
0,37,153,78.2,14.8,3,2,5,6
0,41,192,62.2,0.0,1,1,-5,15
1,42,176,90.8,24.7,2,2,3,6
1,49,176,66.4,18.7,3,2,8,11
1,18,164,80.1,14.5,1,2,8,9
1,60,158,101.0,15.7,2,2,6,6
0,40,176,98.1,20.7,4,0,0,8
0,38,175,73.3,20.1,1,0,0,16
0,28,172,89.0,23.3,3,1,-5,8
1,28,181,89.9,15.1,1,0,0,6
1,53,199,76.5,0.0,1,0,0,12
1,35,157,65.1,21.3,1,0,0,10
1,36,195,89.7,18.9,2,1,-5,7
1,43,186,94.1,24.1,3,0,0,8
0,40,175,70.7,23.5,4,1,-2,10
0,35,182,55.4,27.1,4,2,8,5
0,29,177,70.1,10.7,3,1,-7,14
1,52,167,106.2,29.8,4,0,0,10
0,32,173,60.8,11.8,5,0,0,16
0,51,174,74.6,15.1,3,1,-8,13
0,18,160,100.4,0.0,2,1,-4,6
1,34,167,60.2,13.0,2,1,-5,11
0,55,194,102.2,13.9,3,2,5,12
1,46,171,71.2,11.7,5,0,0,14
0,29,174,67.4,14.7,3,0,0,14
0,23,165,101.3,25.2,4,0,0,15
0,52,151,91.7,15.6,4,2,7,16
0,19,160,107.6,29.4,5,0,0,11
0,51,185,96.9,0.0,5,0,0,4
0,51,151,69.2,23.5,4,0,0,9
1,24,164,77.4,19.1,2,2,4,10
0,47,170,63.3,14.4,2,2,6,11
1,27,180,77.3,17.7,5,2,5,12
1,46,184,99.5,15.5,3,0,0,14
1,39,161,58.2,29.0,3,1,-3,13
0,53,179,81.1,0.0,5,2,3,5
1,47,181,96.7,27.8,1,2,4,4
1,45,182,65.6,25.2,1,0,0,13
1,56,186,86.2,23.1,4,0,0,14
1,24,192,96.6,13.7,5,2,3,8
1,28,197,95.6,21.1,3,1,-6,15
0,58,194,55.5,20.0,1,0,0,14
0,58,165,51.6,21.3,2,2,2,11
0,33,167,71.6,15.5,2,1,-8,14
1,60,165,86.4,19.9,4,1,-5,10
0,49,180,70.2,18.6,2,0,0,12
0,34,171,68.7,17.7,4,0,0,7
0,44,172,80.0,27.4,1,2,3,4
1,24,151,65.3,12.4,4,2,3,10
1,24,172,62.4,22.8,4,1,-2,7
0,57,188,62.1,0.0,3,1,-2,4
1,32,159,100.9,30.0,2,1,-2,11
0,32,193,62.6,22.1,5,1,-3,4
1,41,198,64.7,28.6,1,2,4,7
0,34,156,65.0,17.7,4,1,-5,16
0,56,164,100.7,24.3,3,0,0,11
1,23,180,71.5,29.7,1,1,-3,4
0,52,188,64.1,0.0,4,2,8,7
1,48,194,63.3,23.2,5,1,-7,15
1,42,180,80.7,19.6,4,1,-5,13
0,22,153,59.6,20.4,5,0,0,11
1,32,155,95.2,16.9,4,2,5,12
1,60,194,68.4,0.0,2,0,0,6
0,59,164,63.2,25.1,1,0,0,13
0,38,156,65.1,10.0,1,0,0,14
0,31,193,109.6,25.2,4,2,3,13
0,32,166,75.7,10.5,1,2,8,4
0,40,173,60.4,17.0,2,0,0,11
0,58,150,68.2,13.8,4,0,0,11
1,42,196,83.2,16.2,1,2,2,10
1,38,157,64.0,12.3,5,2,5,6
1,38,192,70.7,28.3,5,0,0,16
0,39,199,91.9,15.6,4,2,7,15
0,31,191,61.8,16.7,1,0,0,5
0,41,188,104.8,15.9,2,1,-5,10
0,40,172,52.1,24.3,1,2,5,5
1,56,157,63.9,11.7,2,2,6,12
1,21,183,106.7,26.4,1,1,-4,15
1,49,163,95.5,0.0,5,2,2,5
1,53,176,66.4,24.9,4,2,6,7
1,60,169,85.7,26.1,2,1,-8,8
1,47,165,76.8,27.7,1,0,0,12
0,32,191,93.0,22.3,5,1,-8,14
0,19,150,67.4,0.0,1,1,-7,4
0,44,175,83.1,21.7,1,0,0,5
1,48,194,61.2,18.5,5,2,8,15
1,58,196,62.0,0.0,1,1,-2,10
1,54,178,98.4,19.2,3,0,0,14
1,48,171,53.9,0.0,3,1,-8,13
1,41,172,70.6,15.6,5,2,8,12
1,55,180,54.0,15.9,3,2,7,16
1,59,196,91.1,0.0,1,0,0,10
0,52,178,54.6,10.4,1,1,-7,8
0,40,185,55.1,28.4,1,0,0,7
1,38,191,69.4,21.1,3,1,-7,16
1,27,185,67.6,0.0,2,2,6,10
0,28,190,59.3,27.4,1,1,-8,11
1,18,152,89.1,23.5,1,0,0,4
0,51,155,57.2,26.7,3,0,0,4
0,52,175,51.4,13.5,1,1,-6,13
0,51,177,104.2,0.0,1,1,-3,8
1,32,197,94.5,11.6,4,2,8,4
1,29,150,75.5,15.5,5,2,4,6
0,42,157,98.7,21.2,1,0,0,13
0,60,160,96.0,12.7,1,2,7,9
0,51,170,73.5,25.8,4,2,8,9
1,58,169,86.8,27.9,5,2,3,16
1,43,200,51.0,0.0,2,1,-8,11
1,48,175,53.4,22.2,4,1,-6,13
1,57,188,78.0,12.5,2,1,-2,13
1,18,197,54.1,21.7,1,2,6,12
0,60,181,85.7,21.7,5,1,-7,11
0,21,155,71.8,22.4,1,1,-3,16
1,50,153,97.8,22.1,1,2,4,6
0,59,155,77.5,25.9,1,0,0,15
1,41,166,72.6,14.3,4,0,0,10
0,21,188,52.8,16.4,4,0,0,11
1,44,157,84.5,16.9,5,2,5,12
0,39,167,86.9,10.6,1,0,0,7
1,41,175,100.7,14.7,2,0,0,14
0,42,154,56.4,18.9,3,2,5,14
0,32,156,91.9,0.0,4,2,3,14
1,48,174,100.8,28.0,5,0,0,9
1,53,166,90.1,12.0,2,1,-6,12
0,58,199,56.9,15.0,1,1,-4,14
0,57,196,71.6,13.2,1,0,0,13
1,25,160,79.6,18.0,3,2,5,6
0,27,156,81.1,23.3,1,2,4,12
0,18,200,87.6,19.7,2,1,-2,8
1,57,185,80.0,26.1,1,0,0,11
1,60,174,74.2,23.9,1,1,-6,4
1,28,154,50.4,23.6,5,1,-6,5
0,51,190,62.8,14.7,1,1,-2,11
1,30,199,78.5,19.5,5,1,-5,10
0,40,154,64.4,18.6,1,1,-2,15
0,22,176,75.0,25.9,3,0,0,15
0,47,156,65.7,25.3,2,1,-5,6
1,30,174,103.1,17.7,5,0,0,16
0,52,177,83.7,0.0,1,2,2,4
1,28,182,79.5,15.4,3,0,0,11
0,57,175,79.3,0.0,3,0,0,5
0,28,169,65.9,0.0,1,0,0,15
1,39,189,102.4,18.0,1,1,-6,16
0,46,158,51.3,0.0,1,2,7,7
1,35,180,59.4,12.5,2,0,0,13
0,57,184,97.9,28.1,3,0,0,4
0,36,162,109.2,20.6,5,2,5,4
1,39,179,85.8,24.3,1,0,0,12
1,27,161,75.2,10.6,5,0,0,15
0,36,152,109.2,19.1,5,0,0,12
1,41,181,73.6,23.3,5,0,0,9
0,28,187,61.6,14.5,5,0,0,14
0,19,184,52.7,24.3,1,1,-6,11
0,21,156,63.2,11.3,3,1,-2,4
0,23,175,63.1,17.6,4,1,-5,10
0,37,194,107.0,25.0,5,0,0,13
1,42,167,98.0,10.2,1,2,5,14
0,18,152,99.3,17.7,5,0,0,12
0,30,189,88.7,13.2,1,0,0,10
1,60,179,90.7,0.0,4,0,0,5
0,40,185,65.6,15.9,5,1,-3,8
1,40,158,99.6,14.2,1,0,0,13
0,48,171,99.6,17.8,5,1,-8,7
0,51,157,76.9,15.1,1,2,4,5
1,39,158,97.7,0.0,1,0,0,8
0,38,160,54.0,28.2,3,2,4,13
1,56,166,86.5,26.8,1,1,-5,12
1,30,165,99.0,24.2,1,1,-8,6
1,21,163,89.5,17.7,2,2,7,13
1,23,175,94.6,15.0,1,2,4,9
0,37,151,106.3,22.5,1,1,-4,14
0,50,150,50.3,17.2,2,0,0,4
1,47,168,58.2,14.2,2,1,-3,13
1,38,163,58.4,0.0,2,2,5,5
1,31,159,100.8,15.7,2,0,0,11
0,36,171,73.3,20.4,3,2,7,4
0,22,194,91.6,21.8,4,1,-6,6
1,26,164,109.8,16.5,3,2,2,6
1,49,168,65.4,17.9,3,2,5,15
1,43,198,53.2,11.5,2,2,6,10
1,43,186,77.0,26.6,1,2,3,14
0,45,190,95.9,0.0,1,0,0,14
0,27,176,66.7,18.7,5,1,-8,8
0,50,175,67.6,27.8,3,0,0,12
1,39,162,73.6,26.1,4,2,5,16
0,42,198,84.0,0.0,2,0,0,16
0,48,192,84.9,16.5,1,2,3,16
0,48,197,97.5,29.8,1,2,4,13
1,54,181,97.0,11.9,5,1,-4,4
1,27,157,90.1,19.8,5,2,6,15
1,45,175,51.8,20.0,1,0,0,15
1,40,157,87.2,22.1,2,2,3,12
1,37,191,67.0,0.0,3,1,-3,12
1,58,155,51.8,10.3,3,2,6,12
1,38,154,96.0,16.1,4,1,-5,12
0,59,153,86.9,21.8,2,2,3,15
0,24,160,72.2,11.5,5,0,0,9
0,53,180,69.2,26.3,3,1,-8,11
1,24,191,99.7,18.0,2,2,4,13
1,26,154,77.9,14.0,4,0,0,15
0,39,197,91.4,17.5,5,1,-7,10
0,43,169,99.1,19.3,3,2,7,12
1,32,189,106.0,10.1,1,2,5,16
1,33,158,66.4,0.0,2,0,0,10
1,52,178,80.8,26.4,2,1,-5,16
1,26,155,91.0,21.9,1,1,-6,11
0,35,155,85.1,17.0,4,0,0,15
1,26,153,78.3,0.0,1,2,6,15
0,20,153,96.2,16.5,3,0,0,12
1,39,200,81.3,21.5,5,1,-8,5
1,55,186,106.5,26.3,2,0,0,6
1,19,169,58.0,27.9,1,2,5,12
1,32,161,82.0,15.8,1,2,5,11
0,49,178,87.8,10.2,5,1,-2,10
1,28,167,94.2,14.2,5,1,-5,11
1,19,195,103.1,0.0,5,2,4,10
0,38,171,88.3,27.8,4,0,0,14
0,45,196,101.4,26.5,3,1,-3,8
0,54,158,65.3,28.5,2,0,0,6
1,26,166,92.2,17.2,3,1,-6,13
1,50,188,74.7,25.2,5,1,-7,15
1,53,157,101.1,0.0,1,0,0,7
1,22,185,106.3,10.3,2,1,-2,15
1,59,165,74.2,19.1,2,1,-4,15
0,21,150,67.1,12.8,1,2,5,8
0,56,174,96.6,28.6,4,2,8,4
0,58,178,102.9,21.8,5,0,0,7
0,30,177,59.1,0.0,4,2,8,6
1,18,162,88.4,20.6,3,1,-6,16
1,49,189,96.6,20.4,1,1,-6,11
1,29,199,65.8,28.7,1,0,0,4
0,55,175,93.7,15.7,1,1,-7,14
1,30,192,61.3,22.4,2,1,-4,12
0,51,176,98.9,19.2,1,0,0,9
1,22,162,98.1,25.2,2,2,5,16
1,59,180,68.5,21.1,3,0,0,16
1,42,164,90.0,23.9,5,1,-2,8
0,60,163,95.6,14.4,4,1,-2,6
0,41,195,72.1,13.9,2,1,-7,16
0,56,186,91.8,0.0,4,2,8,9
0,43,173,60.1,22.9,5,1,-3,11
1,42,174,94.3,24.7,5,0,0,10
0,60,175,59.8,10.8,1,1,-5,4
0,45,157,81.3,19.9,2,2,5,12
1,47,188,90.4,15.3,1,2,4,10
1,31,180,93.9,25.2,2,0,0,16
1,52,169,99.9,13.7,5,0,0,11
0,51,176,53.6,0.0,3,2,3,7
1,20,171,78.8,28.4,4,1,-5,10
1,41,167,103.7,21.5,3,2,8,5
0,28,173,56.7,18.5,4,0,0,12
0,20,186,84.2,11.2,5,1,-4,9
0,48,155,104.1,12.7,1,0,0,9
0,25,184,88.8,14.3,2,1,-3,8
0,48,193,59.6,26.7,1,0,0,14
1,33,185,57.8,16.2,4,0,0,7
1,43,168,106.7,26.4,5,2,6,15
1,31,171,63.5,28.0,1,1,-6,12
1,43,167,73.3,14.1,5,0,0,9
0,36,193,99.1,0.0,1,1,-7,11
0,47,153,78.5,15.6,2,1,-6,8
0,49,152,61.0,27.0,4,2,5,12
0,26,188,108.0,13.6,3,1,-7,15
0,42,168,85.6,22.4,4,1,-5,4
1,50,189,55.8,0.0,4,1,-6,7
1,22,151,84.1,19.9,5,2,2,5
1,35,190,84.2,12.8,1,0,0,13
1,42,155,58.5,14.1,4,1,-4,7
0,48,198,83.6,0.0,2,2,3,11
1,42,169,74.1,16.8,4,2,4,7
1,52,163,79.1,29.7,4,0,0,12
1,46,182,67.5,11.4,2,2,3,9
0,32,188,57.6,15.1,1,2,2,8
1,46,159,54.9,28.3,3,0,0,4
0,58,157,85.0,14.1,1,2,4,7
0,38,198,52.9,29.9,3,1,-2,13
0,32,158,97.6,0.0,1,1,-3,9
1,33,190,83.2,21.4,3,0,0,14
1,48,160,63.7,20.0,4,2,7,11
0,43,197,55.2,28.1,3,0,0,4
1,38,191,65.5,0.0,4,0,0,15
1,59,161,59.3,15.9,5,1,-8,8
1,44,172,51.8,13.1,3,2,7,7
0,47,166,57.1,10.4,1,2,5,15
0,48,177,108.8,20.1,3,0,0,4
0,57,189,50.5,19.2,5,0,0,5
0,22,157,94.6,0.0,3,1,-6,13
0,51,186,78.3,28.0,4,1,-6,9
0,33,152,65.2,10.1,4,0,0,15
0,58,172,52.1,16.6,5,1,-6,16
0,23,194,77.4,18.0,3,1,-5,16
1,30,156,90.2,14.7,2,2,7,12
1,30,158,100.5,19.1,2,1,-7,5
0,29,152,73.4,0.0,2,1,-2,16
0,46,183,50.6,15.4,1,0,0,6
0,34,166,86.9,24.6,2,2,8,5
0,21,164,108.4,0.0,3,2,6,11
1,29,152,90.8,23.0,3,1,-5,9
1,24,199,90.5,20.5,4,0,0,5
1,33,172,82.3,12.8,4,1,-6,14
1,51,176,51.7,22.0,5,2,7,16
1,23,179,61.1,0.0,5,2,4,16
1,42,189,71.5,21.4,2,2,3,16
1,36,181,94.5,24.2,4,0,0,4
0,59,177,59.0,29.7,2,1,-8,6
1,45,194,89.3,0.0,2,1,-3,9
1,59,165,64.2,27.7,5,1,-3,11
0,50,150,66.3,20.2,3,2,7,15
0,27,166,68.4,19.6,3,1,-5,14
0,49,164,109.4,0.0,5,2,5,10
1,26,197,74.2,10.7,5,2,5,5
1,60,194,58.2,27.9,3,1,-6,10
0,32,182,93.6,27.8,1,0,0,8
0,45,164,105.8,23.9,4,0,0,8
0,35,174,82.3,17.4,3,1,-6,15
0,30,162,51.9,16.9,1,0,0,6
0,29,184,107.7,23.3,2,0,0,11
0,41,155,98.0,16.4,1,0,0,15
0,40,170,54.9,11.7,3,1,-5,11
1,51,152,83.3,28.6,3,1,-8,5
1,52,187,61.5,11.4,2,2,4,11
1,36,189,51.8,0.0,1,0,0,15
0,60,175,52.9,18.6,5,0,0,15
1,33,168,66.8,24.3,3,0,0,7
1,54,167,52.3,27.6,3,1,-3,13
0,31,186,104.5,24.6,2,0,0,8
1,24,154,105.8,24.6,3,2,8,4
1,38,151,95.7,22.0,5,2,5,14
1,39,158,96.2,15.0,2,2,5,14
1,21,188,98.3,20.3,2,1,-6,13
0,31,156,82.5,22.9,1,2,4,13
0,36,150,67.3,19.9,3,2,2,15
1,21,161,77.9,25.6,2,2,2,14
0,42,194,50.9,0.0,5,0,0,14
0,38,174,69.3,14.1,1,2,8,16
1,41,183,58.9,0.0,3,2,6,16
1,19,150,103.3,11.9,1,0,0,14
0,18,160,100.9,22.7,1,0,0,12
1,57,165,55.8,15.9,5,0,0,14
0,39,194,81.4,14.9,5,1,-3,7
0,48,156,109.9,26.6,4,2,6,13
1,57,157,82.1,14.9,4,2,5,7
0,30,150,86.7,29.1,4,0,0,9
1,40,182,69.0,22.6,1,0,0,15
0,28,176,68.4,22.5,5,1,-6,15
0,52,159,73.0,27.1,5,1,-5,9
1,41,188,71.9,10.5,5,2,8,8
0,21,183,65.6,19.1,1,1,-7,10
0,40,185,59.0,12.9,2,1,-2,11
1,26,164,64.5,14.9,4,1,-2,12
0,38,156,98.0,11.6,3,2,8,5
0,22,162,68.2,24.5,4,2,7,10
1,33,153,70.5,19.5,4,0,0,4
0,49,183,100.8,0.0,1,2,5,7
0,52,168,107.5,0.0,4,0,0,9
0,48,165,72.1,21.5,3,1,-7,10
0,49,200,92.5,29.5,1,0,0,5
0,35,153,100.4,20.5,1,2,3,9
1,27,151,67.5,19.3,5,1,-2,5
1,58,199,76.9,11.4,2,2,7,13
0,49,172,76.7,18.4,3,2,6,6
0,36,184,79.2,27.3,3,1,-6,5
1,49,180,85.7,21.5,2,1,-4,10
1,26,182,101.4,16.2,1,1,-6,9
1,60,177,108.2,18.3,2,0,0,10
1,55,158,99.1,24.8,3,2,3,4
0,28,182,57.2,14.2,2,0,0,14
0,53,189,78.6,25.9,3,0,0,12
1,59,178,52.6,19.4,4,1,-7,15
1,57,191,100.4,25.5,4,1,-7,6
0,34,179,64.7,26.5,5,0,0,5
1,54,151,55.8,24.1,3,0,0,4
1,49,182,69.7,14.9,2,0,0,4
1,37,161,80.3,0.0,3,2,4,12
0,39,155,53.7,21.4,1,1,-7,12
0,23,150,92.8,19.4,2,2,7,14
1,35,157,77.0,18.1,1,0,0,12
0,43,190,89.9,29.4,3,1,-5,14
0,41,152,61.6,12.0,5,1,-4,14
1,55,189,50.4,19.2,1,0,0,13
1,39,191,53.3,18.1,1,0,0,8
0,25,153,108.5,21.3,2,1,-6,12
0,22,156,85.4,17.4,5,0,0,8
0,57,187,105.1,20.9,2,1,-8,10
1,49,170,65.3,16.3,2,2,7,13
1,43,172,97.6,0.0,5,1,-7,16
0,39,152,93.3,10.7,1,2,2,10
0,55,160,75.2,23.0,3,1,-4,15
0,34,193,102.7,23.8,3,2,6,4
0,29,196,57.3,0.0,5,2,5,4
0,57,159,105.6,29.4,4,0,0,15
0,49,180,57.4,28.7,5,2,8,14
0,51,186,75.1,0.0,4,1,-5,8
0,38,184,77.7,26.0,1,2,8,16
1,22,155,63.6,29.4,1,1,-8,16
1,18,178,107.6,20.1,1,2,5,7
1,30,157,50.1,21.3,4,2,4,15
1,38,171,63.3,0.0,2,0,0,4
0,20,194,85.3,22.0,5,2,6,10
0,34,156,61.8,27.0,5,0,0,4
0,40,151,69.2,12.3,4,1,-6,13
1,26,191,104.8,0.0,1,1,-8,14
1,30,192,59.7,28.1,2,0,0,12
0,48,157,82.9,27.5,2,0,0,9
1,41,159,90.4,13.4,3,2,3,12
0,52,159,93.8,11.8,3,2,5,4
1,21,183,65.8,0.0,2,2,6,11
0,22,170,84.1,24.6,1,1,-6,6
1,23,180,76.3,12.7,2,1,-3,9
1,44,193,73.5,26.9,3,0,0,4
1,28,194,67.3,26.4,5,2,7,14
1,21,166,63.1,24.2,4,2,7,12
1,22,161,72.4,10.8,5,0,0,9
1,29,183,74.2,25.0,5,0,0,14
1,47,175,66.7,0.0,2,0,0,12
1,27,154,57.6,17.3,2,2,8,12
1,45,152,107.1,12.6,2,0,0,15
1,30,161,50.9,13.9,3,2,6,9
1,27,180,71.2,24.1,5,0,0,16
1,23,175,57.5,13.3,3,0,0,13
1,41,184,57.4,12.3,2,0,0,8
0,23,193,86.8,27.1,1,2,2,10
1,57,172,102.0,19.7,4,2,6,14
0,44,192,92.3,23.5,1,2,8,16
1,54,156,54.9,13.7,4,1,-7,9
1,59,161,56.4,29.2,3,2,3,12
1,41,199,108.3,28.7,4,1,-6,15
1,28,158,91.2,0.0,4,1,-4,6
1,53,156,95.1,14.8,4,0,0,10
1,33,187,51.4,20.4,5,1,-4,9
1,44,189,77.5,16.2,2,2,4,13
1,18,188,57.1,12.2,5,1,-8,8
1,60,188,84.1,16.3,1,2,3,9
1,50,173,108.5,0.0,2,0,0,14
0,26,178,86.1,17.5,1,0,0,5
0,27,166,80.7,0.0,4,2,7,9
1,46,181,75.5,27.5,4,1,-5,15
0,52,161,78.6,23.4,3,1,-2,4
1,40,178,105.2,12.3,4,2,7,8
0,19,196,55.9,18.3,3,0,0,10
0,54,191,72.9,10.0,5,0,0,8
0,43,169,94.5,21.0,1,1,-3,8
1,22,165,72.1,0.0,5,0,0,14
0,44,173,57.8,0.0,5,2,2,4
1,33,162,61.9,18.3,2,0,0,8
1,57,182,73.5,0.0,1,1,-7,7
1,27,169,105.9,12.2,5,0,0,16
1,45,186,90.7,22.6,4,2,4,9
0,22,171,80.7,11.5,2,2,5,8
0,42,178,88.3,18.2,1,2,5,4
1,28,179,58.4,17.5,3,0,0,9
0,21,174,79.1,0.0,5,2,6,4
1,22,187,60.2,19.5,4,1,-3,7
1,49,187,77.5,24.3,3,0,0,11
1,32,166,89.5,0.0,1,1,-8,14
1,47,176,51.6,10.0,4,0,0,14
1,59,179,57.8,0.0,1,0,0,14
1,36,175,78.0,13.0,1,2,8,10
0,43,177,75.4,0.0,5,0,0,12
0,60,162,82.4,27.3,2,0,0,13
1,34,181,98.2,15.0,3,1,-8,4
1,34,166,64.1,19.0,4,2,2,5
1,60,170,56.9,21.4,4,1,-2,4
0,60,185,75.8,23.1,2,0,0,10
0,31,162,68.7,0.0,2,1,-4,11
1,54,163,71.5,13.6,4,1,-3,11
0,37,173,67.7,21.6,3,0,0,8
0,42,155,76.3,28.0,1,1,-8,15
0,18,152,94.3,0.0,2,1,-7,14
0,51,194,55.6,19.7,5,2,2,13
1,38,167,88.9,18.5,3,1,-3,13
1,25,161,88.5,16.0,5,1,-3,7
0,48,150,87.5,11.6,3,1,-5,8
0,56,188,59.3,25.5,3,1,-6,16
0,48,175,91.7,27.2,4,2,3,8
1,20,184,78.3,29.3,3,0,0,6
1,32,168,62.5,20.6,5,1,-8,13
1,39,157,50.1,18.5,3,0,0,12
0,41,180,86.8,12.4,4,2,4,8
0,34,173,107.4,15.0,2,2,7,14
0,45,179,72.3,26.9,4,0,0,5
1,24,161,102.7,14.8,1,0,0,11
1,56,198,98.1,15.0,2,2,2,5
0,46,181,75.5,14.6,1,1,-4,15
0,30,164,64.6,10.5,1,2,3,11
1,58,162,60.0,27.5,3,0,0,4
1,57,198,57.0,14.2,1,2,5,14
1,54,162,63.9,0.0,2,0,0,11
0,41,189,69.8,28.2,2,2,8,9
0,23,196,57.2,23.5,5,0,0,16
1,30,170,77.1,23.7,4,1,-3,13
0,31,171,89.0,27.8,1,1,-2,6
0,29,179,99.2,23.1,3,2,6,15
0,24,184,94.9,11.2,2,2,3,12
0,19,169,100.2,21.7,5,2,5,5
1,52,184,78.9,27.2,4,2,7,7
1,30,168,79.6,10.6,3,0,0,4
1,20,177,61.9,0.0,5,1,-5,11
1,28,187,53.1,15.4,4,0,0,6
0,18,150,54.8,17.9,5,2,3,14
0,18,192,66.9,25.5,4,0,0,13
0,39,189,66.8,27.1,3,2,6,16
1,44,160,75.6,18.3,4,1,-8,5
0,47,152,77.0,24.3,3,1,-6,13
1,35,170,76.6,17.3,2,2,5,8
1,52,174,75.8,26.4,3,1,-2,6
1,40,174,74.8,10.5,1,0,0,10
1,57,157,101.5,10.8,1,1,-8,13
1,34,163,84.9,10.5,5,1,-7,4
0,48,167,94.6,22.4,3,1,-8,12
1,19,200,83.8,23.2,4,0,0,14
0,19,195,99.0,15.5,4,0,0,15
0,46,161,105.9,14.0,5,0,0,11
0,44,197,106.2,23.0,2,0,0,7
1,39,197,74.8,28.4,3,0,0,6
1,39,161,77.5,0.0,2,2,5,9
0,48,170,80.9,23.1,1,1,-7,9
1,59,158,66.5,22.6,5,1,-5,6
0,52,177,89.1,17.9,5,2,3,16
0,36,189,77.6,17.6,4,1,-4,5
1,42,175,75.8,10.4,2,2,6,7
1,50,169,95.6,14.3,2,0,0,6
1,32,170,90.9,14.5,2,2,5,16
1,39,161,66.8,11.5,4,2,6,11
1,34,174,109.2,16.4,5,1,-3,14
0,19,197,106.9,24.0,1,2,4,13
1,60,200,50.9,0.0,3,0,0,15
0,58,163,88.0,14.3,2,1,-3,5
0,37,158,109.3,18.3,3,1,-7,10
1,18,179,59.5,11.8,3,1,-4,4
0,48,159,82.6,0.0,3,0,0,10
1,46,194,66.7,11.1,3,2,6,12
0,56,154,109.2,15.4,1,0,0,11
1,28,185,104.8,0.0,2,2,8,8
1,23,169,50.2,29.9,3,1,-2,16
0,47,157,96.9,11.4,1,2,6,4
0,28,198,61.9,16.0,4,2,7,8
0,33,199,101.0,16.8,4,0,0,14
0,49,166,72.7,0.0,2,1,-8,11
1,28,166,99.7,16.2,3,2,5,15
0,48,164,62.3,27.2,5,1,-4,5
0,24,150,68.3,29.7,3,2,6,16
1,58,168,74.5,12.3,1,0,0,13
1,48,172,109.0,14.9,3,1,-6,8
1,25,197,80.6,16.7,2,2,3,6
0,53,159,50.8,16.8,5,2,3,16
0,29,191,100.5,17.8,5,2,8,16
1,31,158,96.2,14.1,3,2,2,5
1,38,159,103.4,19.3,3,0,0,14
0,40,173,52.3,23.8,5,2,4,13
1,48,183,54.6,12.5,5,2,2,4
0,35,195,79.9,0.0,4,1,-7,5
1,56,191,50.3,21.1,5,2,6,13
1,40,152,74.0,25.0,5,1,-8,5
1,24,167,90.2,28.0,4,0,0,8
1,53,173,91.6,25.7,5,0,0,14
1,45,186,51.7,13.4,2,1,-4,16
0,48,156,101.1,22.7,4,2,3,5
0,53,180,104.9,20.5,4,0,0,12
1,51,193,74.3,12.9,3,1,-4,9
1,25,198,51.7,13.2,4,1,-8,8
0,18,153,93.4,25.2,4,2,5,5
0,40,166,57.5,0.0,3,1,-6,15
0,19,167,97.4,14.5,2,1,-4,10
0,54,180,66.7,0.0,4,0,0,11
1,19,180,94.7,0.0,1,0,0,10
0,22,192,64.6,23.7,5,1,-4,8
1,29,170,74.3,22.3,3,1,-4,9
0,34,173,74.2,27.2,1,0,0,9
0,54,199,76.5,0.0,4,2,5,9
0,38,180,57.8,10.8,2,0,0,7
1,51,191,71.9,21.9,2,1,-6,5
0,28,173,94.4,28.7,5,0,0,11
0,52,181,53.7,0.0,1,0,0,12
1,28,195,73.1,23.9,3,0,0,11
1,33,158,57.2,20.7,5,1,-5,12
0,43,171,70.3,0.0,1,2,5,5
1,44,177,83.9,0.0,2,2,3,8
1,51,174,88.3,25.9,4,2,2,11
0,58,189,56.7,28.2,2,2,7,15
0,59,161,83.9,14.8,5,2,8,7
1,38,151,109.2,18.9,2,2,5,16
0,22,150,108.7,10.8,2,1,-8,6
0,52,190,102.4,0.0,1,0,0,7
1,19,184,90.6,0.0,3,2,3,6
0,31,182,58.6,20.8,5,0,0,4
0,34,176,100.3,0.0,2,0,0,13
1,39,185,53.1,15.2,3,1,-5,10
0,49,180,75.3,19.7,2,2,2,9
0,21,186,109.7,0.0,3,2,4,10
1,21,164,94.1,14.9,1,2,7,11
1,38,168,85.4,24.2,4,1,-7,16
1,48,150,86.1,14.0,2,0,0,9
1,58,188,109.9,18.2,5,2,7,6
0,23,153,53.3,0.0,5,2,8,10
0,31,189,88.8,21.5,4,0,0,7
0,39,197,51.8,30.0,5,1,-3,16
1,37,180,90.0,28.8,3,2,7,15
1,42,159,93.9,25.5,2,0,0,4
0,38,185,109.4,18.9,2,0,0,16
1,21,152,77.8,0.0,3,2,8,11
0,50,152,96.3,17.6,3,2,7,4
0,36,155,104.3,29.1,5,1,-7,11
0,24,153,56.1,15.5,5,0,0,6
0,48,181,76.9,10.5,4,1,-4,7
0,49,177,62.1,18.9,5,2,5,16
1,36,176,107.1,15.0,1,1,-7,16
1,20,189,87.0,21.1,5,0,0,12
0,20,159,86.8,24.5,5,0,0,5
0,24,165,59.2,16.8,3,0,0,5
1,18,185,72.3,13.2,3,1,-6,16
0,35,150,93.3,0.0,2,2,7,15
0,34,154,101.0,17.0,5,2,7,7
0,23,187,84.9,12.1,1,1,-7,7
1,26,174,79.2,29.5,5,2,7,16
0,35,200,75.0,18.8,3,1,-3,9
0,36,192,83.7,18.2,1,0,0,15
1,44,155,75.5,12.7,3,1,-7,8
0,28,159,100.4,28.6,3,0,0,12
1,36,182,80.7,27.2,5,2,8,5
1,21,172,83.6,0.0,2,2,3,8
1,32,154,83.3,21.6,4,1,-3,7
0,60,193,58.0,23.6,3,0,0,9
1,45,188,74.8,16.1,4,2,7,7
1,41,153,94.3,23.6,4,2,2,14
0,53,160,98.4,24.8,1,0,0,13
0,30,180,70.6,28.6,1,0,0,9
1,31,165,65.2,0.0,5,1,-4,13
0,31,164,103.2,0.0,3,2,3,16
1,44,200,88.1,19.1,1,2,4,4
0,53,183,71.7,24.8,3,2,8,13
0,47,184,109.4,0.0,3,2,2,4
1,43,175,53.0,18.0,3,2,6,6
0,27,171,98.2,13.4,3,2,3,11
1,22,185,55.6,18.7,5,2,5,13
1,43,177,90.5,17.5,3,0,0,16
0,34,150,93.5,0.0,1,1,-7,11
1,52,198,92.3,0.0,4,0,0,13
0,20,155,63.6,28.4,2,0,0,15
1,28,180,108.0,24.7,3,2,2,10
0,41,177,91.1,20.3,4,0,0,8
1,20,197,61.2,22.8,4,1,-6,14
1,38,170,54.2,26.4,2,2,8,5
0,26,184,97.0,16.6,4,0,0,6
0,43,194,107.7,23.1,5,2,2,10
1,44,150,53.5,13.1,1,0,0,6
1,35,159,80.1,12.6,2,1,-5,9
1,29,164,93.3,11.9,1,1,-6,15
1,18,170,104.0,29.3,1,0,0,15
0,26,191,59.6,0.0,3,1,-4,6
0,38,197,63.6,18.4,3,0,0,11
0,27,176,61.3,13.8,1,2,4,7
0,53,182,78.8,21.1,1,0,0,8
0,29,184,99.4,16.5,1,0,0,16
1,53,176,90.3,19.9,5,1,-5,10
0,45,199,93.2,20.6,2,0,0,5
1,53,187,79.1,17.8,3,2,2,10
1,20,165,70.9,28.5,5,0,0,9
0,52,191,89.8,18.6,3,2,3,13
1,57,178,73.7,24.6,4,1,-3,11
0,35,191,97.6,26.5,1,1,-2,5
0,35,178,85.0,14.6,5,1,-6,16
0,39,159,62.6,24.9,2,1,-8,5
1,20,185,56.5,17.4,5,2,3,4
0,59,156,57.9,0.0,4,0,0,15
0,43,150,85.9,17.4,5,0,0,8
1,22,188,61.0,16.0,2,0,0,9
0,22,157,59.6,0.0,2,0,0,10
1,52,158,61.4,0.0,1,1,-7,12
1,53,179,89.8,17.9,3,2,6,8
1,24,199,87.7,20.2,4,1,-2,16
1,21,162,106.1,0.0,4,1,-3,5
1,35,175,105.0,21.6,4,2,4,4
1,36,181,64.5,15.0,5,1,-7,11
1,47,171,71.0,0.0,3,1,-3,5
0,52,186,62.7,24.9,1,0,0,5
0,44,198,75.6,21.2,2,0,0,12
0,51,163,73.1,20.4,2,2,6,15
0,46,164,89.1,20.3,2,1,-3,12
1,27,151,104.3,17.0,3,0,0,9
0,41,151,82.2,26.5,4,0,0,7
1,30,158,105.9,0.0,2,2,8,15
1,38,150,54.9,21.3,5,0,0,8
0,30,152,70.9,18.2,1,2,7,16
0,58,164,85.5,0.0,4,2,5,4
0,53,193,102.6,17.8,5,2,3,11
1,22,200,85.9,0.0,3,1,-5,4
1,49,189,50.8,24.8,5,0,0,10
1,35,181,84.0,18.0,3,2,3,6
0,56,192,85.0,0.0,4,0,0,4
0,49,163,73.4,25.8,3,1,-2,11
0,35,189,96.2,19.3,3,2,6,15
1,41,150,65.0,14.1,1,2,3,16
1,37,172,53.3,21.2,3,0,0,6
1,45,156,86.0,13.9,3,2,7,10
0,56,178,80.3,13.8,3,0,0,6
1,30,156,88.6,17.5,2,0,0,16
1,33,164,89.0,17.5,2,2,8,11
1,26,179,100.8,25.7,2,1,-4,11
0,30,184,76.4,19.4,5,2,5,10
0,48,187,98.5,21.1,3,0,0,12
1,43,186,63.0,25.3,3,1,-5,7
1,57,175,51.2,12.6,2,1,-2,14
1,26,175,102.2,0.0,4,1,-3,12
0,26,178,60.5,10.1,5,1,-6,13
1,35,154,106.1,0.0,4,2,2,5
1,34,189,50.2,23.5,3,0,0,5
1,38,179,108.2,10.5,3,1,-4,4
0,44,190,77.2,23.7,4,0,0,13
1,19,189,76.4,15.5,4,1,-7,7
0,25,172,79.0,20.3,3,1,-8,13
0,36,171,61.3,10.6,2,0,0,7
1,22,177,108.8,0.0,3,0,0,10
0,28,166,98.6,15.5,5,0,0,4
1,42,170,54.6,10.0,5,0,0,11
0,40,196,57.4,0.0,1,2,6,6
0,22,152,65.6,23.9,3,2,7,10
0,50,186,56.1,0.0,2,1,-4,13
0,36,197,76.9,19.5,1,2,4,11
0,54,156,54.0,10.3,1,0,0,11
0,43,182,100.2,0.0,4,1,-7,15
0,45,182,78.4,29.4,2,2,8,16
0,57,162,89.3,0.0,2,1,-7,4
1,40,193,59.8,23.6,1,0,0,7
1,52,153,58.1,26.0,3,2,2,14
0,24,161,57.9,11.6,2,1,-5,15
0,51,154,69.5,12.7,4,1,-5,5
1,47,169,89.7,26.0,5,2,5,13
1,50,168,95.3,26.2,1,1,-8,7
1,57,152,89.7,22.9,4,2,5,13
0,52,162,72.7,0.0,5,2,7,12
0,35,167,101.0,17.3,2,1,-8,6
0,50,170,55.3,0.0,3,2,6,11
1,18,177,68.5,17.3,2,1,-2,12
1,22,179,70.8,15.4,4,0,0,11
0,21,178,77.5,21.1,4,0,0,14
1,54,167,58.2,23.5,5,1,-7,5
1,37,150,107.2,12.2,5,1,-3,6
1,39,180,56.8,29.0,5,2,6,13
0,18,184,88.7,29.6,4,0,0,8
1,43,193,103.4,0.0,1,0,0,14
0,19,172,59.4,16.7,4,1,-2,5
1,46,198,52.0,16.3,5,1,-4,15
0,43,184,65.7,0.0,4,1,-3,14
0,48,173,56.0,12.3,4,0,0,5
0,53,172,88.0,10.9,2,0,0,15
1,57,169,90.7,0.0,1,0,0,9
0,52,178,83.9,18.1,1,0,0,7
1,52,168,101.1,10.8,3,1,-5,7
0,25,192,98.5,28.7,1,1,-7,16
1,54,196,57.9,23.8,4,0,0,12
1,22,198,108.8,19.9,3,2,7,10
0,31,195,95.7,18.5,5,1,-5,14
0,39,171,62.3,21.6,3,0,0,6
0,51,167,73.3,0.0,2,1,-6,12
1,25,196,53.2,27.6,2,2,6,6
1,21,156,84.3,28.8,5,1,-4,6
0,24,182,78.3,0.0,4,0,0,8
0,35,150,58.7,10.4,2,1,-5,16
1,43,167,79.1,0.0,1,2,6,11
1,54,155,63.4,27.7,5,0,0,16
1,33,164,106.9,29.2,1,0,0,4
1,18,162,58.7,14.3,5,2,7,12
1,22,152,65.2,29.9,2,0,0,8
0,35,166,78.0,26.3,5,0,0,9
1,35,157,94.5,18.7,1,0,0,4
1,29,174,66.0,16.5,1,0,0,15
0,51,187,50.7,25.9,1,1,-4,9
0,28,173,90.2,29.7,3,1,-7,8
0,34,153,69.1,10.8,4,2,2,15
0,50,190,87.5,0.0,4,1,-6,15
1,40,162,94.4,16.0,2,1,-7,13
1,43,156,52.7,29.5,3,1,-4,4
0,45,171,99.4,13.7,1,1,-7,5
0,42,187,103.6,29.9,5,0,0,6
1,49,190,88.0,23.3,4,2,2,8
1,21,185,103.5,0.0,2,1,-5,16
0,32,169,98.9,15.8,4,2,4,13
0,38,172,56.4,24.0,2,1,-2,12
1,47,197,67.0,0.0,1,1,-6,10
1,31,166,94.2,0.0,2,0,0,4
1,52,175,71.8,25.3,3,0,0,15
0,53,176,67.6,0.0,1,0,0,14
0,20,180,98.9,11.6,2,1,-4,15
1,27,187,100.4,17.5,4,0,0,12
1,49,160,82.8,13.6,5,2,5,4
1,29,179,72.2,26.1,5,0,0,10
0,50,156,107.2,21.2,5,2,7,12
1,28,172,82.5,25.4,1,2,2,9
0,58,164,82.8,16.2,3,2,4,11
0,46,173,84.2,11.3,2,2,8,6
1,45,197,62.4,27.5,1,1,-7,9
1,35,164,96.0,0.0,1,0,0,9
1,55,158,91.4,14.6,4,0,0,7
1,48,199,59.9,29.0,4,1,-3,10
0,18,153,87.4,19.4,1,0,0,13
1,24,160,109.2,14.4,5,1,-3,15
1,32,197,66.6,0.0,4,0,0,7
0,51,155,63.9,15.2,3,1,-4,8
0,24,168,75.6,28.7,3,0,0,12
0,58,171,86.0,23.4,1,2,8,5
0,40,178,98.5,20.3,3,2,2,6
1,55,193,90.3,19.4,5,0,0,12
0,51,196,69.3,21.3,4,2,7,4
0,39,178,65.8,24.9,2,2,4,14
1,45,158,76.9,0.0,3,1,-6,16
1,54,171,96.4,27.2,5,1,-6,16
0,20,151,93.6,0.0,5,0,0,12
1,47,180,60.0,23.2,4,1,-5,8
0,37,156,61.7,18.1,5,0,0,9
1,25,174,83.7,16.8,3,2,4,12
1,40,194,74.8,20.2,5,0,0,8
0,45,169,79.1,19.4,2,0,0,16
0,27,173,51.3,15.5,1,2,8,13
0,42,200,103.2,21.1,3,1,-5,16
0,20,157,83.5,13.6,5,2,7,12
0,21,178,65.4,22.0,1,1,-3,4
1,19,195,80.7,24.5,4,2,2,5
0,36,151,105.4,27.9,4,1,-3,5
1,45,183,93.3,18.9,4,0,0,10
0,38,154,90.5,27.6,3,2,4,5
1,44,171,57.6,23.4,4,2,5,4
1,57,177,50.6,0.0,2,1,-3,15
1,18,199,91.5,25.7,4,2,5,14
1,24,173,96.1,25.8,5,0,0,6
1,44,198,78.2,13.3,5,1,-4,10
0,30,164,56.8,14.4,5,0,0,4
0,35,163,55.3,11.3,5,0,0,7
0,39,189,85.5,0.0,5,0,0,10
0,37,170,61.9,19.0,3,0,0,12
0,19,167,74.9,20.2,3,0,0,10
1,19,164,83.3,19.8,4,1,-4,8
1,49,171,92.8,17.4,2,0,0,14
1,29,170,73.9,14.3,3,0,0,4
1,43,198,82.5,0.0,2,1,-2,4
1,41,177,105.1,25.5,1,1,-4,5
1,22,168,71.8,11.8,3,2,5,5
1,42,160,87.6,0.0,2,2,4,4
1,52,188,75.3,0.0,5,1,-2,12
1,52,194,73.7,26.9,3,0,0,14
0,36,167,81.3,23.1,2,0,0,4
0,38,155,106.2,20.4,2,1,-5,16
0,29,197,56.9,11.2,1,1,-4,10
1,40,171,96.9,27.2,2,0,0,4
1,33,152,90.8,12.0,5,1,-5,14
0,42,158,72.1,12.3,2,0,0,4
1,20,176,95.6,27.3,5,0,0,11
1,55,169,91.7,21.4,4,1,-3,5
0,18,192,84.2,11.0,2,0,0,6
0,50,188,60.1,21.2,4,1,-3,4
0,47,164,87.4,26.1,1,1,-6,13
0,23,166,58.8,27.3,4,1,-7,7
0,47,195,97.4,25.2,2,1,-3,10
0,24,159,74.5,16.1,2,0,0,14
0,20,153,64.0,0.0,5,1,-8,13
1,23,199,105.2,13.4,2,1,-2,10
1,48,155,73.6,20.1,5,0,0,15
0,36,186,103.6,16.8,3,0,0,12
1,22,169,61.3,18.5,5,0,0,11
0,20,192,57.6,12.1,3,0,0,6
0,40,158,74.9,17.1,2,2,4,8
1,41,170,84.4,11.0,4,1,-8,11
1,25,199,64.9,13.2,1,2,2,10
0,20,196,86.9,18.1,2,2,7,8
1,49,159,80.3,13.1,2,2,4,7
1,56,162,50.7,25.8,5,1,-7,14
0,32,180,68.3,18.1,1,1,-5,8
1,19,176,84.4,14.7,4,0,0,5
1,34,197,85.6,26.3,2,1,-2,7
1,32,159,57.3,17.3,5,0,0,13
0,22,185,98.0,0.0,4,0,0,8
1,35,188,100.5,22.7,4,1,-2,9
0,33,176,82.2,23.2,3,0,0,15
1,54,195,60.0,15.4,3,0,0,8
1,34,191,52.8,24.8,2,1,-7,11
0,19,189,69.8,13.5,5,0,0,10
1,60,153,81.4,0.0,4,1,-8,5
0,47,198,105.8,11.8,4,0,0,6
0,55,173,73.4,0.0,5,1,-3,5
0,18,182,90.8,13.3,4,0,0,6
0,28,176,59.6,0.0,3,0,0,7
0,44,175,57.2,14.7,2,2,8,15
1,38,152,102.1,26.2,1,1,-2,15
0,22,160,104.0,26.3,4,2,6,7
0,33,182,84.5,28.3,2,2,5,10
0,44,193,52.7,10.2,4,0,0,6
0,44,174,72.1,18.5,2,0,0,15
1,32,164,58.9,0.0,1,0,0,11
0,43,191,98.5,22.3,2,0,0,9
1,25,178,77.4,28.2,1,1,-8,9
1,26,161,103.6,18.5,4,1,-8,16
0,26,179,61.2,22.9,5,0,0,5
1,37,179,103.6,16.1,2,2,8,4
0,24,169,65.4,0.0,5,2,6,16
0,37,160,99.8,15.3,1,1,-3,4
1,31,185,70.7,25.4,5,2,6,6
0,28,180,58.3,10.1,3,0,0,6
1,53,167,65.6,22.9,5,2,7,16
0,47,180,96.1,29.8,2,2,3,10
0,27,185,51.4,12.1,4,1,-5,6
1,24,181,65.6,14.5,2,2,8,12
0,27,162,90.6,23.7,1,2,8,11
0,32,152,102.6,21.8,5,1,-5,14
1,53,197,81.4,28.0,5,1,-7,13
0,52,193,103.8,0.0,4,0,0,13
1,28,163,105.3,14.5,4,0,0,8
1,24,175,93.5,19.8,2,1,-6,6
1,26,193,104.7,25.1,5,0,0,15
0,23,177,80.2,21.5,2,0,0,9
0,30,152,77.0,29.0,4,0,0,9
0,32,186,93.4,25.4,1,0,0,14
1,26,173,98.0,19.7,1,0,0,13
1,53,168,72.5,27.4,1,0,0,10
0,56,171,108.2,26.4,2,2,8,13
1,18,177,72.7,16.1,1,1,-2,4
1,33,150,82.0,23.2,5,2,5,8
1,59,165,79.5,29.4,5,1,-6,12
1,43,155,56.5,10.2,3,1,-2,16
0,54,164,59.5,25.6,4,1,-7,14
0,55,162,76.8,17.2,1,2,4,10
1,21,194,101.1,0.0,4,2,6,8
0,55,159,108.4,15.5,1,0,0,13
1,21,192,88.6,0.0,5,0,0,12
1,37,156,73.2,0.0,3,0,0,4
0,36,157,64.3,21.7,3,0,0,8
0,20,183,50.4,15.1,2,1,-5,10
1,59,160,97.4,20.3,1,0,0,7
1,22,182,80.8,27.8,3,2,8,15
1,19,176,74.3,0.0,1,2,6,6
0,48,185,51.7,21.9,3,0,0,7
0,28,160,68.9,28.4,3,0,0,15
0,55,157,80.5,21.2,2,0,0,16
0,42,180,106.5,19.2,1,2,7,9
1,54,178,79.4,0.0,1,1,-6,11
1,43,193,107.6,22.1,5,0,0,13
0,54,164,107.6,19.5,3,0,0,8
1,44,156,61.7,28.0,1,1,-8,4
1,28,156,106.6,0.0,1,1,-8,16
1,55,165,105.8,17.8,1,2,8,9
1,19,171,74.3,24.6,4,2,5,8
1,53,153,71.1,29.3,1,2,3,15
1,54,189,92.6,20.3,2,0,0,5
1,19,152,103.0,25.7,5,2,4,5
1,18,177,100.5,20.6,1,2,5,10
1,49,175,60.1,17.3,5,1,-5,16
1,56,154,68.8,15.8,2,2,7,13
1,18,154,56.5,0.0,2,1,-6,7
1,57,174,69.6,22.9,3,2,3,15
0,57,200,92.9,11.6,5,0,0,13
0,30,159,56.5,13.3,3,1,-2,7
0,58,167,90.8,26.2,5,2,3,13
1,33,184,85.4,22.5,2,2,6,15
0,37,152,51.5,0.0,2,2,2,9
1,53,163,53.6,26.8,2,1,-6,8
0,24,176,81.0,16.9,5,2,2,16
1,29,154,89.2,0.0,4,1,-8,11
1,57,187,51.4,20.6,4,1,-4,8
0,46,183,81.1,21.7,5,0,0,12
0,23,182,78.7,14.0,3,2,3,7
1,39,170,77.1,0.0,4,1,-2,16
1,54,172,57.5,0.0,2,1,-2,8
0,45,177,67.7,26.6,3,2,4,16
1,55,176,110.0,14.5,4,1,-2,5
0,50,188,65.9,0.0,4,1,-8,14
1,48,170,53.4,0.0,2,0,0,14
1,27,177,64.1,12.9,3,1,-3,6
0,47,176,84.7,21.9,4,0,0,14
0,43,172,83.0,12.9,1,2,3,12
0,25,195,60.1,26.4,5,1,-6,6
0,55,191,64.0,16.1,1,1,-8,16
0,23,176,105.4,13.7,1,0,0,13
0,50,172,69.2,11.1,4,1,-5,7
1,39,189,109.9,19.3,1,0,0,10
0,47,180,78.7,16.1,3,0,0,6
0,46,165,101.1,15.6,3,1,-7,10
1,56,158,68.8,0.0,4,0,0,14
1,44,192,77.7,23.7,2,0,0,14
0,54,153,61.5,20.5,4,0,0,10
0,27,163,107.4,25.8,5,1,-8,14
0,51,197,73.8,21.4,5,1,-6,12
1,48,165,97.2,0.0,1,2,2,8
1,25,196,74.9,20.7,5,1,-6,13
1,23,156,102.0,12.6,3,2,8,12
1,48,168,52.5,24.9,1,2,7,5
0,48,167,106.8,11.8,3,1,-6,16
1,45,171,78.0,13.0,3,0,0,9
0,59,198,79.6,23.2,5,1,-6,4
1,58,200,93.7,10.9,4,0,0,13
0,25,171,103.6,11.5,4,2,7,6
1,47,192,87.7,12.4,4,0,0,11
1,45,176,50.2,16.2,5,2,3,9
1,59,186,70.0,12.1,5,1,-6,5
0,42,183,78.5,25.6,2,2,5,13
1,53,153,67.4,0.0,5,0,0,12
0,22,152,109.4,30.0,4,2,5,10
0,43,154,51.2,14.7,4,0,0,5
1,58,161,51.8,0.0,1,1,-8,4
1,44,191,68.8,10.1,5,1,-8,6
0,22,194,94.1,16.5,3,1,-8,8
1,37,180,97.7,0.0,1,2,3,13
0,31,156,70.0,19.2,2,1,-2,4
1,52,199,93.8,14.2,1,1,-2,16
0,51,155,84.0,13.4,4,0,0,10
1,21,176,85.5,13.6,3,1,-2,8
0,49,155,60.1,21.2,2,0,0,15
0,52,156,83.5,0.0,3,2,3,5
1,48,154,53.9,29.8,3,2,2,16
0,52,164,92.2,21.2,3,1,-3,13
1,26,169,96.5,0.0,3,1,-7,5
0,27,164,78.7,0.0,2,0,0,10
1,52,193,105.8,27.0,2,1,-2,16
0,27,154,61.3,22.2,2,0,0,14
0,20,163,69.3,15.0,4,1,-4,13
1,60,151,55.3,27.2,3,0,0,6
1,43,152,71.3,17.0,1,1,-3,8
1,18,196,71.7,27.4,4,2,4,9
1,59,150,105.2,14.3,5,1,-8,9
1,49,186,58.9,23.3,2,2,5,10
0,31,159,91.0,25.5,3,2,5,15
0,57,187,105.8,15.9,3,2,4,7
1,48,166,75.8,20.6,4,1,-3,6
1,33,168,77.5,16.7,3,1,-3,13
1,32,152,78.5,23.9,5,0,0,9
0,27,155,63.9,10.9,2,2,8,15
1,40,179,66.1,0.0,3,1,-4,7
1,42,191,61.4,13.6,5,1,-5,14
0,57,169,64.8,20.8,5,2,3,5
0,18,153,106.5,11.5,4,1,-8,7
1,44,151,75.0,14.5,1,1,-8,4
1,23,171,79.5,25.9,4,2,7,10
0,24,160,69.7,23.6,3,2,8,15
1,50,155,94.4,10.3,3,2,8,9
0,29,179,89.7,13.8,4,1,-4,12
1,55,181,95.4,15.3,3,1,-5,4
1,25,154,71.1,14.2,2,2,8,12
1,29,190,66.4,14.9,1,1,-4,7
0,56,152,79.8,21.3,1,2,3,16
0,27,190,60.8,16.1,1,2,7,14
1,37,185,57.0,20.3,4,0,0,15
0,56,176,89.2,16.8,1,0,0,12
1,33,157,67.0,23.6,1,0,0,14
1,52,165,90.3,19.4,5,1,-7,11
0,47,163,98.2,16.4,4,1,-2,10
1,34,182,79.7,22.4,1,0,0,16
0,50,156,109.7,17.8,3,0,0,11
1,54,186,59.5,0.0,4,2,8,15
0,29,196,109.9,18.2,3,0,0,9
0,52,176,85.6,26.6,5,0,0,11
0,50,200,73.5,23.5,2,0,0,6
1,19,187,91.4,28.6,5,2,6,16
1,31,192,95.3,18.6,5,0,0,14
1,30,191,97.3,27.8,4,2,3,9
0,33,150,58.3,17.0,5,0,0,16
0,20,184,69.0,0.0,1,2,5,11
0,28,189,95.0,24.2,4,1,-5,8
0,53,179,60.3,24.7,1,2,7,15
0,21,179,96.1,10.5,3,0,0,15
1,40,180,86.0,28.3,5,2,8,9
0,54,171,104.9,14.0,5,1,-7,9
0,37,200,88.8,0.0,4,1,-3,9
0,30,197,55.8,23.8,1,2,7,11
0,40,171,71.2,15.4,1,2,6,14
0,19,160,105.3,20.5,3,2,7,8
0,27,163,53.1,16.2,3,1,-3,11
1,48,168,93.9,0.0,3,1,-6,9
1,48,196,103.5,22.3,1,2,4,7
0,21,163,92.7,25.3,3,2,7,8
1,27,191,63.0,12.8,4,2,4,10
1,24,174,102.2,0.0,4,1,-5,8
0,52,150,97.4,21.9,5,2,6,15
1,54,200,76.1,0.0,3,2,7,13
1,19,185,59.2,10.7,2,2,5,6
0,41,167,86.8,23.1,5,0,0,5
1,50,181,51.0,16.6,4,0,0,6
0,25,151,102.1,27.6,4,0,0,4
1,46,184,71.9,18.6,4,1,-6,7
0,24,178,96.3,26.0,3,2,7,14
1,24,198,55.6,15.2,1,2,8,15
0,38,191,52.5,21.8,2,0,0,16
1,46,157,84.8,11.3,5,1,-3,13
1,28,178,79.5,0.0,4,2,2,8
0,56,189,53.9,14.7,3,1,-4,10
0,21,164,93.5,19.2,1,0,0,14
0,43,164,76.4,22.2,4,0,0,4
0,37,170,56.7,11.2,3,2,5,5
0,50,197,55.2,23.7,2,2,7,5
0,34,171,107.9,22.9,3,2,5,16
0,46,192,54.9,28.8,1,0,0,11
0,33,156,103.6,12.8,4,0,0,6
1,42,188,109.6,21.2,1,0,0,7
1,24,157,53.3,26.5,3,1,-4,10
0,43,154,55.7,13.1,3,0,0,10
0,41,173,90.6,0.0,5,2,3,4
0,49,182,94.2,11.6,3,1,-5,9
1,38,186,104.0,27.8,5,1,-7,12
0,22,177,81.6,0.0,4,2,5,14
1,59,150,81.4,28.5,3,0,0,12
1,59,153,108.4,18.9,3,2,6,7
0,43,194,54.7,23.5,4,2,8,12
0,53,171,104.3,24.4,3,1,-3,15
0,48,171,91.0,0.0,4,0,0,12
0,18,198,96.5,21.2,3,0,0,7
0,49,160,104.1,10.8,1,1,-4,16
1,60,196,89.0,17.6,2,2,3,6
1,49,158,50.6,21.1,2,1,-2,13
1,46,200,99.2,0.0,2,2,3,16
0,21,190,56.8,27.9,4,1,-6,12
1,23,168,100.7,0.0,3,0,0,9
0,33,195,61.8,21.9,2,0,0,14
1,56,165,94.3,29.9,5,0,0,10
0,22,181,71.4,13.9,2,1,-3,10
1,56,163,81.0,28.5,5,0,0,10
0,39,198,62.3,10.1,5,0,0,11
0,39,181,50.6,0.0,3,1,-4,12
1,21,152,69.0,17.7,4,0,0,10
0,58,181,60.5,11.8,4,0,0,6
0,26,153,62.3,23.3,3,0,0,7
0,50,150,94.8,12.5,2,1,-8,12
0,41,170,102.0,29.9,4,2,3,5
0,48,171,109.8,10.1,3,2,6,12
1,39,154,80.7,25.7,5,0,0,12
1,27,178,89.3,23.0,1,2,6,9
1,57,178,55.7,29.5,4,2,5,12
0,26,182,57.1,10.8,5,0,0,6
1,40,181,66.0,27.7,1,0,0,12
1,37,192,70.5,14.6,1,0,0,5
1,51,179,104.9,13.1,1,2,6,12
0,32,166,64.7,16.2,1,1,-5,10
0,35,160,105.1,18.7,3,0,0,7
0,32,195,88.3,26.9,1,1,-4,9
1,42,173,52.8,26.0,1,2,2,14
1,45,175,55.8,25.9,3,2,4,5
1,40,176,72.3,0.0,3,2,2,10
1,52,150,85.3,27.6,1,1,-8,16
0,28,195,90.4,22.2,1,2,8,8
1,34,172,102.2,24.0,5,2,2,10
0,33,150,77.7,14.9,1,2,5,6
1,27,190,89.3,0.0,5,1,-8,12
1,57,172,63.5,0.0,3,1,-8,15
0,42,177,97.1,23.9,1,1,-7,16
0,18,180,79.2,11.2,2,2,8,9
1,48,167,98.1,18.1,5,2,3,8
1,43,154,96.1,24.7,5,2,7,10
1,41,196,73.8,0.0,5,1,-3,16
0,23,151,110.0,18.8,3,1,-7,15
0,56,175,67.4,10.2,1,0,0,12
0,24,162,64.2,15.4,1,0,0,11
0,30,177,75.1,23.9,2,0,0,4
0,53,153,61.6,17.3,2,0,0,4
1,24,190,68.5,21.2,2,0,0,11
0,22,170,77.2,15.3,1,2,6,15
1,22,199,79.0,11.8,5,2,7,5
0,51,180,73.3,29.4,1,1,-2,6
0,50,159,104.1,26.3,3,1,-6,7
0,40,152,98.7,29.1,1,2,4,12
1,36,172,94.5,24.5,2,0,0,16
0,48,154,103.6,24.5,1,2,3,13
1,42,187,56.4,10.8,5,1,-3,4
1,43,169,75.7,12.2,2,1,-6,9
0,25,163,63.1,14.1,4,2,5,7
0,19,182,70.8,23.0,2,2,2,7
0,19,191,103.5,11.1,2,2,7,7
1,27,188,77.1,0.0,4,0,0,4
1,50,191,65.1,12.1,1,2,8,11
1,20,175,94.6,25.8,3,0,0,6
1,50,154,86.8,14.6,5,2,8,13
0,26,156,55.0,20.0,4,2,6,14
0,55,160,59.6,21.0,1,0,0,11
0,36,159,97.0,0.0,5,0,0,10
1,28,155,66.8,0.0,3,1,-4,5
0,41,175,54.3,10.5,5,1,-7,10
1,42,160,106.9,14.2,1,1,-5,11
0,46,163,102.8,28.2,2,1,-6,15
1,56,162,101.2,24.7,5,2,3,4
0,28,168,92.4,16.7,4,0,0,10
0,27,167,67.5,23.0,1,1,-8,8
0,45,192,61.3,16.8,5,0,0,5
0,56,156,54.7,22.2,4,1,-3,6
0,23,156,89.1,17.9,1,1,-3,14
1,56,159,55.8,28.7,3,1,-8,11
0,18,165,68.9,14.9,1,2,5,6
0,40,154,51.4,29.6,4,2,3,15
0,35,162,50.5,17.4,1,2,5,5
1,55,150,57.1,12.9,2,2,4,9
1,30,186,74.5,16.3,4,0,0,12
1,25,166,90.4,27.2,1,2,4,15
0,45,179,57.1,10.0,5,0,0,15
1,37,198,70.8,14.9,4,1,-2,13
1,23,169,64.1,10.4,1,1,-8,11
1,47,153,93.1,26.7,5,0,0,9
1,23,177,107.3,11.9,3,1,-6,8
0,26,170,94.0,19.9,1,0,0,13
0,27,196,81.6,19.3,4,0,0,16
0,46,198,59.0,19.9,1,0,0,6
0,56,167,96.9,15.0,1,1,-4,11
0,54,182,106.0,19.9,1,2,7,9
1,39,196,92.7,0.0,3,1,-8,11
1,53,199,90.6,24.2,3,0,0,5
1,27,161,88.1,15.3,3,0,0,11
1,56,168,72.9,0.0,1,1,-6,8
1,23,159,52.7,28.4,1,2,3,4
1,36,170,86.4,28.1,4,0,0,15
0,57,193,91.2,17.9,1,2,4,10
0,22,173,83.2,0.0,1,2,7,10
0,40,153,85.9,28.2,5,0,0,5
1,56,178,71.6,29.8,4,1,-2,9
1,57,151,74.1,0.0,3,2,6,15
0,58,194,67.1,24.7,3,0,0,15
0,36,181,77.3,21.2,2,2,4,4
1,18,198,50.8,15.6,4,2,2,7
0,51,167,72.7,16.3,2,2,7,8
0,57,186,76.9,11.2,4,2,7,8
1,18,178,70.5,21.9,5,0,0,11
0,37,153,102.1,15.8,4,1,-5,8
1,20,178,80.0,18.6,5,2,8,7
0,23,163,95.4,27.4,4,1,-8,13
1,19,183,108.5,18.1,5,1,-3,15
0,52,168,104.4,15.9,4,2,7,8
1,31,154,88.9,0.0,3,0,0,14
1,24,162,90.8,22.0,5,0,0,16
1,30,177,96.2,28.7,4,1,-7,9
0,23,178,65.4,21.4,1,2,8,9
1,49,150,107.4,20.9,1,1,-4,13
1,39,172,68.1,16.8,3,2,3,10
0,36,152,85.3,25.4,5,0,0,5
0,19,168,106.2,25.2,5,0,0,11
0,33,190,92.1,21.3,3,1,-3,8
1,57,174,106.9,27.7,4,1,-3,16
1,51,155,71.7,21.5,4,2,8,11
1,27,182,65.3,10.6,5,0,0,8
1,51,163,82.8,22.8,1,2,5,10
1,25,173,67.3,21.6,4,0,0,7
0,49,159,94.3,24.3,5,1,-7,15
1,33,161,84.2,0.0,5,0,0,16
1,40,179,71.7,0.0,4,0,0,16
0,60,151,90.6,24.6,4,1,-7,5
1,27,159,73.0,25.5,4,2,7,14
1,45,199,102.3,28.0,2,2,6,5
0,55,182,67.8,18.8,5,2,8,8
1,28,197,68.3,14.2,2,0,0,6
0,52,197,72.5,17.5,2,0,0,12
1,50,161,84.9,0.0,5,2,6,4
1,47,150,80.3,13.4,2,2,2,8
1,30,189,55.5,17.0,2,1,-8,9
0,18,155,81.9,17.9,2,1,-7,10
1,53,188,52.8,29.1,1,1,-2,9
1,22,181,59.5,26.9,5,1,-6,6
1,23,176,101.3,16.6,4,0,0,9
0,37,172,91.5,17.3,2,2,6,6
0,19,177,52.9,13.7,5,2,3,6
0,29,155,97.6,23.5,3,1,-3,13
0,39,169,105.1,22.5,1,0,0,16
1,34,189,60.9,20.0,3,2,2,15
1,44,191,66.2,16.4,5,1,-6,5
1,56,158,95.5,13.2,3,2,5,14
1,35,196,102.0,10.5,1,2,4,15
0,42,182,66.7,17.0,5,0,0,12
0,26,180,76.6,12.8,2,2,3,4
0,60,162,81.6,21.4,5,2,7,10
1,50,157,50.5,20.6,1,1,-7,5
0,25,198,85.0,11.0,5,0,0,7
1,43,177,82.7,14.8,5,2,2,5
0,52,186,53.6,22.0,3,0,0,12
1,44,170,56.7,19.6,1,1,-4,7
0,50,182,62.3,15.4,1,1,-7,15
0,24,172,60.1,25.2,5,0,0,4
0,51,158,64.8,15.2,3,0,0,15
0,40,151,75.2,22.3,1,2,8,13
0,31,191,79.5,24.7,4,0,0,4
0,50,200,108.8,25.3,3,1,-3,12
0,45,197,88.8,29.9,2,0,0,7
0,19,164,107.9,18.9,1,2,2,15
1,22,199,90.4,18.0,1,0,0,10
0,47,174,84.3,17.4,5,0,0,9
1,54,191,54.4,24.8,2,0,0,11
1,20,158,65.3,12.8,4,1,-7,13
1,31,184,93.9,21.8,2,2,4,6
0,18,193,98.8,23.8,1,1,-3,9
0,26,151,78.3,25.9,1,0,0,9
1,57,152,50.8,0.0,4,0,0,4
1,36,171,94.1,20.1,2,0,0,14
0,37,195,55.2,15.2,5,0,0,14
0,39,152,72.8,0.0,4,1,-5,5
0,47,158,91.3,29.0,4,1,-4,9
1,38,166,99.7,21.6,1,1,-2,7
0,26,197,88.7,24.6,1,0,0,16
1,18,163,77.4,24.3,1,1,-6,11
0,52,189,73.5,20.9,4,0,0,4
1,46,196,62.4,0.0,5,0,0,13
0,58,188,64.7,0.0,2,2,2,11
0,22,200,108.2,18.8,5,2,7,11
1,24,154,67.8,15.8,1,2,5,6
0,42,183,100.3,20.8,2,1,-4,8
0,20,195,59.1,11.9,1,2,6,15
0,32,195,85.2,28.6,1,0,0,14
1,54,183,77.5,0.0,4,1,-8,10
0,48,166,86.4,15.7,5,1,-3,16
1,57,171,51.5,11.5,4,2,5,14
1,48,172,105.4,26.4,3,2,2,12
0,26,171,94.1,25.6,5,1,-6,11
0,37,164,93.4,25.6,3,2,7,14
1,33,199,59.9,0.0,1,2,7,15
1,28,183,54.8,20.3,2,2,6,8
0,30,161,97.5,23.6,5,2,5,10
1,42,161,88.8,22.8,1,2,8,14
1,53,152,88.3,15.8,2,0,0,15
1,18,156,102.1,24.1,5,1,-6,9
1,45,177,104.8,25.4,5,1,-6,14
0,51,163,91.2,27.5,3,1,-5,8
1,31,176,69.5,22.8,1,0,0,7
1,48,200,58.0,14.3,1,0,0,5
0,20,152,66.4,17.0,3,2,6,5
1,24,183,64.3,0.0,3,1,-7,4
1,55,178,79.0,23.5,1,1,-5,6
1,34,198,100.5,13.7,2,2,6,13
1,55,166,74.8,24.2,3,1,-6,6
1,53,163,75.1,0.0,5,1,-8,5
0,35,197,92.8,0.0,3,1,-7,9
0,19,191,88.8,0.0,4,2,2,14
1,50,183,106.0,21.2,4,1,-7,14
1,24,193,75.0,0.0,1,2,8,6
1,46,165,96.1,0.0,2,1,-5,10
1,34,174,55.1,13.6,2,1,-2,6
1,30,187,81.9,22.3,2,0,0,5
1,41,160,90.7,14.4,3,1,-8,10
0,44,175,70.1,26.5,4,2,3,5
1,38,161,52.1,20.4,1,2,5,12
0,19,196,67.2,17.9,5,0,0,16
0,24,174,96.9,27.1,1,0,0,7
1,36,154,61.0,24.1,5,1,-3,8
0,53,160,62.9,12.4,1,0,0,4
1,45,159,94.3,17.5,2,0,0,12
0,55,165,92.9,26.9,1,2,8,13
1,18,167,81.3,12.8,4,2,2,7
0,58,180,84.6,24.0,3,1,-7,12
1,34,156,99.2,12.4,2,2,3,16
0,44,176,103.9,26.6,2,2,7,8
1,55,157,105.9,15.9,2,2,8,13
1,57,156,66.1,28.2,4,2,7,4
0,54,187,87.7,18.9,4,1,-2,11
1,50,193,68.3,28.4,1,1,-5,9
0,48,193,58.8,19.4,3,1,-6,15
1,42,154,102.8,20.9,5,1,-4,4
0,52,175,97.6,11.6,5,1,-7,11
1,33,158,105.0,22.4,5,0,0,12
1,34,195,92.9,16.0,2,2,4,4
0,50,172,84.2,27.9,5,1,-5,14
0,41,200,108.8,22.8,3,1,-2,12
0,54,197,95.7,15.9,3,2,4,11
0,54,171,81.1,11.2,1,2,7,9
0,39,151,97.0,10.7,3,0,0,16
1,24,198,51.8,25.7,1,0,0,13
1,34,184,54.4,19.2,1,1,-3,5
1,55,185,58.6,28.2,2,0,0,15
0,54,171,102.6,20.7,1,0,0,5
0,21,178,83.4,17.1,5,2,8,15
0,59,189,109.8,18.8,1,2,5,15
1,36,198,54.0,13.6,4,1,-3,10
0,60,195,101.2,23.0,2,2,4,5
0,53,159,102.9,0.0,5,1,-7,13
1,31,198,77.8,28.0,4,2,3,15
1,31,179,84.9,25.3,2,0,0,5
1,45,184,108.9,20.1,4,0,0,6
1,38,173,105.5,15.3,5,2,4,13
0,22,160,105.0,26.1,4,2,7,10
1,28,188,74.1,23.6,2,1,-2,7
0,60,184,68.6,18.4,4,1,-8,5
1,20,173,52.7,29.3,4,0,0,12
1,19,193,70.1,24.8,5,2,5,4
1,26,183,90.4,13.4,5,2,8,14
0,56,200,98.0,29.7,4,2,2,4
0,32,163,77.8,27.4,3,2,5,14
0,44,197,60.5,20.4,5,2,6,10
1,34,178,67.8,14.1,1,2,2,7
1,34,158,60.4,16.2,5,2,5,13
1,53,199,50.3,21.9,1,1,-3,6
0,50,175,91.6,15.1,2,0,0,4
0,53,182,109.5,10.8,1,1,-8,16
1,36,154,103.6,19.4,3,1,-4,13
1,52,171,99.8,12.6,3,1,-2,4
1,29,159,82.6,20.5,2,2,4,8
0,47,177,93.2,12.1,3,0,0,15
1,18,190,73.1,24.8,3,1,-2,5
1,47,171,81.4,14.2,1,1,-8,13
0,18,198,87.7,23.1,2,2,4,8
0,60,151,75.0,0.0,5,2,5,9
0,44,168,87.0,26.3,4,0,0,11
0,32,180,76.0,0.0,2,1,-3,11
1,19,181,103.0,20.5,2,2,6,6
1,40,195,101.0,24.6,2,0,0,13
0,43,179,66.7,19.1,1,2,7,12
1,31,169,99.3,23.7,2,2,5,10
1,47,152,82.1,14.6,4,0,0,16
1,55,178,97.1,12.0,3,1,-7,4
1,49,198,76.7,14.9,1,2,4,10
1,57,196,99.9,27.4,5,0,0,5
1,60,197,99.5,16.8,1,2,6,10
1,41,159,70.2,18.9,5,2,2,12
1,55,169,86.9,18.0,5,1,-5,8
0,58,171,74.9,16.3,1,1,-2,4
1,30,161,109.2,24.2,4,2,6,9
1,26,182,66.7,24.7,2,1,-5,4
1,47,170,62.1,16.4,5,2,5,10
0,43,187,94.5,27.4,5,0,0,14
0,45,174,102.1,16.7,4,0,0,9
1,37,156,94.8,0.0,5,0,0,4
0,24,179,87.2,12.9,1,2,7,14
1,51,171,53.2,25.8,4,1,-5,11
0,54,155,65.4,24.9,1,1,-5,6
1,19,165,88.8,0.0,4,2,2,12
0,53,196,75.4,20.3,2,0,0,10
0,57,167,98.5,0.0,4,1,-5,16
0,21,161,67.7,11.8,1,1,-7,14
0,57,169,87.6,15.1,3,1,-8,12
1,58,194,108.1,21.4,2,1,-5,10
0,25,173,104.2,28.7,4,2,2,13
1,20,156,66.7,0.0,3,0,0,15
1,33,164,90.9,26.8,4,0,0,7
0,38,158,56.5,13.9,3,0,0,4
0,47,181,78.4,25.1,1,1,-3,6
1,39,197,73.0,22.2,3,0,0,11
1,45,176,101.0,12.7,2,2,3,6
0,21,151,50.3,23.9,3,2,6,5
0,41,178,103.1,12.3,2,1,-3,16
0,48,173,76.3,28.3,4,1,-4,9
0,18,177,67.0,14.7,5,2,5,14
1,43,183,93.8,11.9,2,2,2,5
1,27,184,106.7,0.0,2,0,0,13
1,38,167,97.6,24.7,2,0,0,12
0,19,195,51.0,16.0,1,0,0,4
0,46,165,77.6,24.7,4,2,6,7
1,39,199,76.3,14.1,4,0,0,5
1,39,185,52.6,0.0,5,0,0,14
0,36,165,94.9,12.9,1,2,4,10
0,36,170,88.6,14.4,1,2,4,10
1,59,154,58.4,29.9,3,2,5,7
1,44,194,88.2,12.6,5,0,0,9
1,47,199,94.5,0.0,4,2,4,14
0,36,157,87.9,21.9,4,1,-6,16
1,55,183,85.2,28.3,2,0,0,15
1,22,185,102.6,21.2,1,2,5,14
0,47,196,81.4,12.2,3,0,0,7
1,43,176,80.0,13.2,2,0,0,11
0,23,179,83.4,11.2,3,1,-7,7
0,57,177,88.9,24.9,1,2,6,11
1,29,163,68.5,0.0,1,2,2,7
1,20,193,78.5,0.0,5,2,7,15
0,36,150,57.0,16.0,5,2,8,12
1,26,180,95.0,0.0,1,2,7,11
0,21,175,97.9,15.9,1,2,7,9
0,56,162,58.3,12.4,5,0,0,7
1,51,186,94.3,11.3,1,1,-5,15
1,24,188,94.9,14.0,5,2,4,12
1,25,167,61.5,0.0,4,0,0,11
0,28,157,64.3,25.2,1,1,-7,16
1,47,177,60.0,26.1,1,0,0,7
0,27,194,57.1,19.2,3,2,5,11
1,37,150,80.4,25.2,2,1,-6,13
0,34,157,76.8,12.8,4,0,0,11
1,39,157,88.5,28.5,1,0,0,12
0,60,194,61.3,26.2,5,1,-3,13
0,49,154,66.0,15.4,2,0,0,12
0,30,160,85.4,12.5,2,1,-2,4
1,38,161,100.9,16.2,4,0,0,4
0,27,177,80.9,29.6,1,0,0,4
1,46,161,54.5,18.2,4,1,-6,7
0,45,157,98.7,18.8,1,2,4,7
1,29,173,106.0,20.8,2,0,0,4
0,54,156,84.3,25.9,3,1,-7,10
1,31,155,53.1,0.0,2,0,0,16
0,48,177,56.9,14.2,4,0,0,7
0,36,192,77.0,25.8,3,1,-6,9
1,33,155,90.4,22.5,4,0,0,11
1,33,151,53.0,21.4,5,2,3,12
1,20,195,96.6,0.0,1,1,-8,4
0,18,189,107.8,0.0,2,1,-2,8
0,28,200,75.9,0.0,1,1,-2,4
0,22,176,102.6,27.5,1,0,0,12
0,38,156,104.7,0.0,1,1,-3,4
1,35,150,97.5,20.5,5,1,-8,7
1,22,193,82.6,15.4,1,0,0,10
1,32,164,82.2,20.1,1,0,0,7
1,24,166,96.6,13.6,3,0,0,16
0,23,187,82.3,0.0,3,2,6,13
1,25,188,57.2,11.5,1,2,8,13
0,26,197,52.9,12.0,1,2,5,16
0,48,200,89.5,24.1,2,1,-5,13
0,57,183,51.7,11.5,5,0,0,5
0,59,161,100.2,10.6,1,1,-3,11
0,50,171,59.8,16.4,3,1,-2,6
1,39,175,98.0,0.0,1,2,5,15
0,37,155,88.0,0.0,3,0,0,14
1,58,186,58.1,13.7,3,0,0,11
0,34,186,63.4,15.9,4,0,0,9
1,31,187,54.4,14.1,3,2,3,13
0,32,180,95.9,16.2,2,0,0,12
0,20,181,85.7,12.7,2,2,6,14
0,33,195,93.8,27.3,4,2,2,15
1,28,158,57.7,10.9,4,2,5,14
1,51,199,87.8,15.7,4,0,0,12
0,55,168,109.9,18.6,1,0,0,7
0,52,182,65.3,26.2,4,0,0,10
1,53,177,101.3,13.1,4,0,0,13
1,59,174,85.1,0.0,1,2,7,7
0,56,197,66.7,20.1,1,0,0,4
0,58,194,105.3,25.7,5,2,4,8
1,31,190,87.8,10.3,3,2,8,14
1,56,171,109.5,18.6,3,2,3,10
0,40,199,80.1,0.0,5,1,-7,5
1,22,159,96.7,15.3,2,0,0,5
0,37,163,68.3,22.8,5,2,4,11
1,30,170,61.3,12.8,5,0,0,9
0,18,168,52.4,0.0,3,0,0,4
1,53,158,64.8,20.0,2,2,2,16
1,27,180,72.6,14.7,2,2,4,9
1,19,173,62.2,24.8,4,2,5,16
1,34,168,83.5,0.0,3,2,2,9
1,52,199,60.4,29.8,5,0,0,9
0,41,155,56.7,11.8,4,1,-5,11
0,53,183,86.3,12.8,2,2,8,9
1,51,157,64.5,28.2,1,1,-8,11
1,47,150,104.3,0.0,5,1,-4,12
0,44,162,74.2,26.6,2,1,-4,9
1,50,195,64.8,27.2,5,1,-8,10
0,21,155,75.1,20.9,5,2,7,5
1,18,155,54.6,0.0,5,1,-3,11
1,47,189,74.4,11.3,3,2,4,14
0,32,200,89.6,0.0,2,1,-2,15
0,46,157,108.9,28.2,3,2,6,6
1,41,166,64.0,0.0,2,2,4,10
0,38,150,84.6,20.1,3,2,4,10
1,43,162,92.0,18.5,1,2,6,10
1,21,172,64.9,28.6,3,0,0,10
0,58,175,103.7,30.0,2,0,0,7
1,55,195,78.2,23.7,2,1,-6,9
1,38,156,54.4,27.0,4,0,0,12
1,56,162,94.9,24.2,4,0,0,13
1,36,179,103.1,22.0,1,1,-2,11
1,47,184,57.1,0.0,1,2,6,8
1,32,167,105.4,16.5,5,2,4,9
1,40,187,88.3,16.3,2,2,7,14
0,57,182,52.0,14.4,3,2,3,5
1,48,184,73.2,0.0,4,1,-4,11
0,31,179,79.4,0.0,4,0,0,10
0,30,159,95.9,27.4,1,1,-5,9
0,38,183,72.1,0.0,5,1,-5,5
0,59,176,55.7,19.8,2,0,0,4
1,54,151,94.2,26.9,2,2,5,13
0,58,196,71.2,17.9,3,1,-2,7
0,43,185,81.5,16.8,3,2,4,9
0,45,153,101.9,0.0,3,2,2,9
1,56,182,102.8,17.9,4,2,2,7
1,50,158,88.0,21.5,3,2,6,14
1,43,166,75.9,19.1,1,2,8,4
0,50,163,85.0,28.4,3,1,-2,5
1,41,190,93.7,12.8,3,0,0,14
0,34,182,82.8,24.1,5,2,7,4
0,46,169,102.3,11.1,4,0,0,11
1,43,200,98.6,28.9,1,0,0,15
0,24,169,94.5,23.4,3,2,5,7
0,42,184,65.5,26.5,1,2,2,7
0,59,155,91.3,0.0,2,0,0,12
0,22,159,53.0,20.0,2,1,-2,12
0,25,155,70.9,24.8,1,2,5,13
1,32,189,80.2,21.6,2,2,8,14
0,43,171,66.2,20.0,3,1,-3,7
1,35,171,89.9,16.6,1,0,0,9
0,41,195,67.5,10.7,3,2,6,16
0,50,198,96.5,0.0,5,1,-6,11
1,48,176,88.3,28.2,2,2,8,7
1,31,150,67.0,27.5,1,0,0,16
1,51,178,52.4,0.0,1,0,0,6
1,25,185,107.9,23.6,2,1,-5,4
1,29,181,98.1,12.5,1,0,0,10
0,47,182,80.8,28.0,1,0,0,8
1,21,183,88.2,15.3,3,0,0,4
1,52,180,73.9,22.2,3,0,0,11
0,58,169,104.5,21.7,2,1,-6,15
1,19,200,94.0,28.1,1,0,0,9
1,23,188,69.0,0.0,4,1,-7,11
1,35,190,107.5,15.3,2,1,-3,12
1,27,186,104.9,16.8,3,0,0,13
1,22,193,50.7,16.5,2,0,0,4
1,23,171,92.9,0.0,5,1,-2,4
0,49,176,86.0,24.6,4,2,7,9
0,25,159,71.3,23.7,4,2,5,4
1,56,182,80.4,15.7,4,1,-5,14
1,20,172,97.7,27.3,3,2,7,8
0,25,154,89.0,0.0,2,1,-3,12
0,22,167,86.0,27.6,2,2,3,7
0,23,152,108.2,15.9,3,0,0,7
1,49,152,52.9,12.7,3,0,0,8
1,39,159,67.9,28.9,4,1,-2,4
1,21,196,87.6,16.5,5,1,-4,4
1,49,199,109.1,24.9,5,0,0,16
1,28,192,57.7,17.1,1,0,0,13
0,39,195,94.5,13.1,4,0,0,16
1,45,183,109.1,28.1,5,1,-8,5
1,55,174,76.2,12.3,3,0,0,11
1,34,180,63.4,10.7,1,0,0,14
0,32,183,98.5,12.9,5,2,8,10
0,33,153,50.1,14.4,3,2,4,8
0,39,186,52.7,23.3,5,0,0,7
0,39,175,52.9,18.7,1,2,8,15
1,29,200,104.5,24.9,4,2,5,14
1,39,185,50.4,29.5,3,0,0,5
1,20,153,87.4,0.0,2,1,-6,12
0,23,191,75.3,18.5,1,0,0,7
1,37,154,76.6,15.4,4,1,-7,6
1,26,189,95.7,15.7,5,2,5,13
1,31,175,94.4,0.0,1,2,5,10
0,34,178,100.1,27.5,5,1,-3,6
1,43,167,109.7,19.6,4,1,-4,14
0,47,187,51.8,25.8,2,2,5,6
0,47,153,54.9,16.4,2,1,-5,6
0,51,198,71.8,15.2,3,1,-5,9
0,36,198,85.4,11.3,1,0,0,15
1,36,189,74.1,16.3,1,2,5,8
0,47,153,50.0,18.6,1,2,4,9
1,43,151,73.1,0.0,5,0,0,10
1,53,190,81.2,11.2,4,0,0,11
1,49,163,82.0,0.0,4,1,-3,10
1,21,182,72.6,20.5,4,0,0,13
0,39,182,109.7,21.9,5,2,5,9
1,50,187,61.4,21.2,3,1,-6,13
0,60,192,66.6,10.3,2,0,0,6
1,40,167,60.8,18.2,3,0,0,8
1,36,187,59.0,0.0,4,0,0,5
1,57,183,101.7,25.9,1,1,-4,14
1,41,174,76.7,16.3,4,2,3,11
1,50,181,80.4,10.4,5,0,0,11
1,40,179,81.2,0.0,4,1,-7,16
0,48,195,70.3,19.7,5,1,-6,8
1,44,156,64.9,28.5,4,0,0,9
0,25,192,102.9,23.6,4,0,0,10
1,52,200,92.1,28.5,3,0,0,11
1,25,191,58.8,13.0,1,0,0,5
0,45,163,88.7,12.4,3,2,6,6
1,40,153,71.8,12.1,2,1,-7,8
1,45,176,51.9,22.8,3,2,2,8
1,26,183,89.8,29.8,5,2,8,10
1,49,156,61.0,0.0,4,1,-8,14
0,42,173,68.4,19.4,4,1,-2,7
0,20,199,105.6,19.6,3,0,0,9
1,32,181,101.4,23.3,3,1,-8,16
1,19,185,62.6,17.8,5,1,-7,14
0,21,151,68.2,0.0,5,1,-2,9
1,60,176,83.0,16.7,4,1,-4,10
0,36,183,100.5,26.3,5,0,0,9
1,29,163,57.0,29.6,1,2,4,10
0,44,154,82.5,24.1,5,1,-5,13
1,49,162,72.2,15.2,1,0,0,6
1,54,190,105.6,14.5,5,2,3,12
0,50,170,81.0,21.5,5,2,5,4
1,57,164,84.2,19.5,5,0,0,9
0,42,175,70.0,0.0,5,2,3,5
0,51,172,90.1,13.1,5,2,3,13
1,35,194,75.6,0.0,5,1,-3,12
1,21,172,95.5,13.9,4,1,-6,6
0,26,172,93.8,10.2,2,1,-2,6
0,49,194,55.0,11.7,4,0,0,5
1,33,170,55.0,19.0,1,0,0,15
0,25,175,64.1,0.0,4,0,0,10
1,31,162,58.9,19.6,3,1,-5,16
0,44,177,108.7,21.8,5,1,-5,12
1,27,161,61.1,17.2,3,1,-5,15
1,54,178,97.5,28.7,4,2,8,5
1,53,176,103.5,0.0,1,1,-7,14
0,22,186,104.5,17.2,2,1,-6,7
0,52,160,98.9,10.3,2,1,-8,14
1,45,183,81.5,21.9,4,1,-2,7
1,21,157,63.2,26.0,3,2,4,7
1,59,158,92.0,13.4,2,1,-7,16
0,47,170,91.6,13.2,1,1,-7,4
1,49,160,79.3,13.3,2,1,-6,5
1,29,191,93.4,16.6,2,1,-6,10
0,56,162,101.6,15.6,1,0,0,15
0,45,172,88.0,14.6,3,2,2,9
0,47,179,50.6,25.0,3,2,8,15
1,31,165,56.0,13.0,5,1,-8,6
1,41,190,82.8,12.3,2,2,8,7
0,18,198,68.1,21.9,5,1,-8,8
0,59,187,84.5,0.0,3,0,0,10
0,42,175,66.5,21.9,3,0,0,10
1,34,166,51.6,0.0,2,1,-7,6
1,34,199,100.9,26.3,3,1,-3,7
1,59,192,105.7,29.4,4,2,4,8
1,34,172,91.9,21.5,4,0,0,11
1,31,181,87.2,0.0,5,0,0,6
0,40,185,74.6,0.0,5,1,-4,6
1,49,183,51.8,27.4,2,2,8,15
1,46,152,96.0,14.4,2,2,6,16
1,22,167,72.6,20.2,5,0,0,9
1,48,185,58.4,19.2,2,1,-2,6
1,49,190,107.1,24.3,1,2,5,7
1,47,171,88.5,19.7,5,2,5,15
0,25,181,95.6,20.3,3,2,6,16
1,33,169,73.7,22.9,5,2,7,9
1,20,187,80.9,17.6,3,0,0,7
0,19,194,72.1,14.4,4,2,2,14
1,40,165,70.1,14.5,1,2,3,16
1,52,157,109.1,20.2,3,0,0,8
1,20,153,106.6,15.5,3,1,-3,15
1,22,190,101.1,0.0,1,1,-5,15
0,30,157,91.5,17.8,5,2,5,13
1,50,160,96.4,0.0,1,2,6,12
0,41,184,85.3,26.2,2,2,3,6
1,24,195,109.6,17.9,5,0,0,7
0,31,165,67.3,19.3,1,2,6,7
1,30,194,79.7,13.8,3,1,-7,14
0,21,174,92.7,13.1,1,2,4,15
0,30,159,53.3,27.0,1,1,-6,5
0,60,192,69.0,25.2,4,2,7,13
0,23,166,52.9,26.3,4,1,-6,7
0,40,167,50.1,26.7,2,2,5,9
0,44,150,85.7,29.9,4,1,-4,6
0,52,158,103.1,17.8,1,2,3,5
1,24,170,95.4,21.9,2,1,-5,9
0,51,162,54.7,11.4,2,2,5,6
1,29,168,57.6,19.5,2,2,2,14
1,22,156,65.8,29.0,2,1,-4,7
1,39,177,59.0,29.7,5,2,7,9
0,55,167,93.6,29.8,2,1,-4,12
1,18,176,102.1,19.9,1,0,0,9
0,41,194,56.7,0.0,5,1,-7,11
0,35,200,68.7,29.0,5,1,-5,10
0,43,172,89.7,27.5,2,1,-3,14
1,39,191,108.4,0.0,3,1,-8,6
0,39,158,105.1,0.0,3,0,0,11
1,27,152,90.8,23.1,5,0,0,7
1,34,175,55.5,24.5,3,0,0,8
1,43,192,67.2,0.0,3,0,0,7
0,21,182,82.4,20.2,3,0,0,16
0,49,170,94.0,19.1,3,1,-2,15
1,58,164,82.1,24.7,1,1,-5,15
0,46,169,102.8,24.2,5,1,-4,5
0,44,182,95.8,12.1,5,2,3,8
0,21,164,57.9,24.3,2,1,-4,10
0,55,185,89.1,16.5,3,2,8,15
0,50,162,97.7,28.5,5,0,0,11
1,60,168,69.4,10.6,4,0,0,7
0,48,162,76.0,19.0,3,1,-4,7
1,20,153,58.3,28.4,1,2,6,9
1,45,177,51.2,24.0,5,1,-6,6
1,40,191,93.6,0.0,1,1,-5,11
1,20,184,86.0,16.1,3,0,0,9
1,28,169,81.8,20.8,5,0,0,6
0,32,194,62.3,24.1,5,1,-7,11
1,53,182,50.6,28.3,3,0,0,14
1,45,184,58.1,14.7,5,2,8,16
0,50,195,94.0,13.2,1,0,0,11
1,51,187,95.2,25.5,1,2,3,12
1,36,156,69.3,16.2,1,1,-5,10
0,22,175,53.4,16.1,5,1,-2,11
0,50,184,85.0,20.6,4,1,-2,4
0,31,163,65.6,0.0,2,0,0,14
1,41,158,51.8,11.1,4,0,0,10
1,53,151,57.6,12.6,4,0,0,9
0,29,195,93.2,12.3,3,0,0,13
0,43,152,84.9,13.6,3,2,7,12
0,58,184,54.7,19.2,2,2,4,13
0,40,189,77.6,17.8,2,2,3,10
1,58,157,65.9,20.8,3,0,0,7
0,41,151,62.8,19.6,1,2,2,9
0,19,185,109.9,26.0,5,2,8,5
0,26,180,80.7,12.0,1,0,0,13
0,42,167,53.3,13.5,1,1,-8,6
1,23,196,80.3,0.0,1,0,0,13
1,32,184,53.8,0.0,2,0,0,8
0,43,150,83.7,19.0,1,0,0,15
0,53,199,75.5,25.3,1,0,0,11
0,40,183,94.3,21.1,5,1,-3,10
0,45,197,81.7,29.2,2,2,6,15
0,25,175,86.5,22.8,2,0,0,6
1,55,164,77.9,10.5,2,1,-7,16
0,35,174,83.9,22.8,5,1,-7,7
0,31,154,97.4,0.0,3,2,8,16
1,41,197,109.9,14.0,4,2,4,11
0,48,182,67.1,18.7,4,1,-4,12
1,43,161,102.4,18.2,5,0,0,4
1,29,198,74.1,11.7,1,1,-7,7
1,54,168,74.8,0.0,1,2,8,14
1,41,184,83.3,17.7,4,0,0,4
0,37,167,71.7,21.7,4,1,-4,6
0,37,160,93.2,0.0,3,1,-4,5
0,53,197,60.3,16.1,5,2,2,15
0,41,170,105.9,15.1,5,2,8,4
1,60,170,61.8,25.8,1,2,6,6
1,40,195,83.8,10.6,1,2,4,9
0,20,170,55.3,26.5,5,2,3,4
0,34,199,61.0,0.0,3,0,0,4
1,36,172,69.3,0.0,4,0,0,5
0,55,151,54.4,11.8,4,1,-5,11
1,34,196,83.2,12.3,1,2,8,11
0,52,177,73.2,25.1,5,1,-2,5
1,60,178,109.1,16.3,1,1,-7,12
0,39,159,97.4,21.9,1,2,7,15
1,60,161,76.0,0.0,3,0,0,4
1,39,189,60.3,10.7,2,0,0,6
0,50,187,107.6,0.0,5,1,-7,4
1,23,193,99.1,17.9,4,0,0,12
1,40,166,83.2,0.0,5,0,0,4
0,54,161,99.0,22.4,5,1,-6,7
1,49,168,80.1,26.0,2,0,0,13
0,18,177,97.5,21.6,1,1,-5,10
1,45,171,68.0,0.0,3,2,3,5
1,37,177,77.6,14.0,1,0,0,8
0,59,196,102.0,26.6,5,1,-8,5
1,60,162,62.7,13.4,5,1,-3,9
0,34,181,64.9,26.6,3,1,-7,13
0,31,172,80.4,23.9,4,2,3,15
1,43,176,63.1,0.0,2,0,0,15
1,43,188,69.6,0.0,2,2,2,13
1,47,157,87.0,14.1,2,0,0,4
1,55,181,64.2,24.6,5,2,7,6
1,48,165,82.7,22.1,2,2,3,10
1,35,176,60.4,21.7,4,0,0,7
1,26,181,105.2,12.1,2,1,-4,14
1,30,187,61.4,11.8,4,0,0,12
1,33,187,72.0,16.4,4,2,4,9
0,37,177,107.5,18.3,1,2,6,8
0,50,175,104.9,17.6,2,1,-2,14
0,19,182,94.4,24.8,2,0,0,9
1,51,180,67.4,17.8,1,2,2,10
0,58,167,75.7,20.6,2,0,0,4
0,22,193,82.5,23.7,2,2,4,6
0,38,169,88.5,17.6,1,2,2,12
1,25,162,95.8,17.3,4,2,5,12
0,22,152,60.4,27.3,3,1,-6,14
0,44,177,106.2,15.3,2,0,0,6
1,43,195,75.5,28.8,4,0,0,4
0,38,181,93.7,0.0,1,1,-4,9
1,57,175,91.0,0.0,1,1,-8,15
1,38,188,89.2,19.9,2,1,-2,13
1,36,169,53.7,15.3,3,1,-7,15
0,57,177,65.8,0.0,3,2,3,13
0,44,198,103.1,28.9,2,0,0,9
0,48,181,84.1,0.0,4,0,0,16
1,28,166,96.1,21.2,3,2,7,11
1,43,189,82.7,26.2,4,2,7,13
1,57,181,56.0,0.0,3,0,0,8
0,55,189,65.9,14.4,3,1,-4,9
1,53,185,73.8,0.0,1,1,-2,8
1,26,196,85.5,19.4,1,2,8,9
1,20,159,100.5,21.6,5,1,-8,4
1,60,150,62.3,19.7,2,2,5,14
0,55,189,52.9,0.0,5,1,-2,13
0,48,178,56.5,13.5,2,2,2,13
0,39,153,87.8,19.6,5,0,0,10
0,30,172,61.4,26.0,3,0,0,10
1,30,195,94.7,19.6,5,0,0,6
0,38,188,67.7,21.9,1,0,0,12
1,60,155,77.4,17.4,4,0,0,12
0,28,199,102.9,16.2,5,1,-3,11
1,57,188,67.9,23.0,2,1,-8,16
1,35,178,88.8,29.1,2,1,-8,13
1,32,164,105.7,10.5,4,2,4,10
0,46,180,57.2,25.0,3,1,-3,8
0,50,199,89.8,27.3,5,1,-5,13
1,20,160,84.0,26.6,4,1,-2,6
1,49,176,82.5,25.2,5,0,0,13
1,43,154,91.9,26.2,4,1,-3,12
1,24,192,91.1,19.4,2,1,-7,15
1,58,153,82.9,22.6,5,0,0,5
0,29,183,108.6,19.8,4,1,-8,5
1,31,161,65.8,19.8,3,2,7,12
1,43,159,64.0,16.9,5,1,-3,5
1,25,200,54.6,23.4,1,1,-4,8
1,44,151,107.7,11.0,4,1,-4,10
0,46,158,101.4,14.9,4,2,7,5
0,18,188,77.0,23.0,3,2,3,14
0,20,180,97.5,13.6,2,0,0,6
1,58,186,101.0,22.7,2,0,0,16
0,38,150,82.7,0.0,3,1,-7,13
0,38,160,83.3,19.4,1,1,-5,12
1,23,173,99.0,23.5,2,2,8,15
1,58,150,95.8,27.3,3,2,8,13
0,57,155,74.4,0.0,1,2,7,14
1,20,171,63.1,13.0,5,2,5,8
1,57,168,69.2,15.8,4,1,-3,7
0,23,176,51.5,24.4,5,2,3,15
0,22,179,54.0,18.9,4,1,-2,6
0,50,177,81.6,28.3,5,1,-3,12
0,45,151,68.0,27.5,4,0,0,9
0,23,163,60.0,14.1,3,2,8,15
1,37,150,89.1,22.0,3,0,0,16
1,33,167,89.5,13.6,1,2,8,8
0,48,176,61.1,14.2,2,1,-8,6
0,52,199,52.8,16.4,2,0,0,13
1,18,189,84.0,14.6,2,1,-4,4
0,40,184,95.5,20.1,1,0,0,16
1,38,186,87.9,10.5,2,0,0,11
0,43,161,96.9,10.8,1,1,-4,12
0,46,173,98.2,19.5,5,2,2,16
1,53,196,108.3,29.4,5,0,0,12
0,34,176,54.3,24.7,3,2,3,10
1,54,185,50.7,14.4,5,1,-3,4
1,31,183,99.7,15.3,3,2,4,11
1,18,186,71.6,27.1,2,0,0,14
0,19,155,75.1,28.1,2,0,0,12
1,36,156,89.4,19.7,1,0,0,5
0,59,156,65.0,12.6,2,2,8,16
1,48,177,85.6,17.6,3,0,0,16
0,44,176,63.8,19.3,4,1,-2,15
0,49,200,78.3,12.7,1,0,0,14
0,26,197,69.8,16.9,3,1,-4,15
1,36,190,101.8,0.0,5,1,-6,13
1,53,154,85.6,0.0,2,0,0,6
1,33,155,65.9,21.5,2,0,0,12
1,43,190,86.0,28.1,5,2,6,8
0,41,152,62.9,18.2,5,1,-2,8
0,56,156,66.2,13.2,1,0,0,14
1,28,165,89.5,0.0,5,1,-7,4
1,56,170,109.6,16.8,3,0,0,9
0,53,167,89.5,17.4,2,1,-8,7
0,24,195,61.6,10.7,1,0,0,16
0,24,200,71.8,14.0,3,2,2,5
0,49,151,109.0,10.1,4,1,-8,15
0,36,185,96.1,14.2,2,2,5,15
1,39,153,66.9,20.6,3,2,8,8
1,59,189,50.8,11.6,1,2,6,14
0,32,161,82.1,14.1,5,1,-4,14
1,48,178,60.0,0.0,5,0,0,13
1,42,181,54.1,0.0,4,1,-6,13
0,20,160,93.9,26.4,5,0,0,10
1,27,188,101.2,24.5,2,2,2,4
1,24,186,99.6,18.2,3,1,-8,10
1,37,197,63.0,24.5,5,0,0,10
0,29,186,57.2,18.5,1,1,-2,6
0,51,172,99.6,28.3,5,2,2,9
1,23,170,54.5,0.0,1,0,0,8
0,55,155,93.5,25.5,4,1,-7,7
1,31,180,72.6,11.6,1,0,0,11
0,24,172,73.2,21.9,5,0,0,6
1,48,151,63.7,0.0,3,0,0,6
1,37,153,52.4,22.1,2,2,5,15
1,47,200,63.7,11.4,5,0,0,5
0,48,154,109.4,0.0,5,1,-6,10
0,27,166,105.0,22.4,2,2,5,6
0,25,196,67.5,0.0,2,2,7,15
0,59,191,95.9,12.1,3,1,-8,11
0,47,164,51.3,0.0,5,0,0,11
0,41,162,71.9,0.0,1,2,3,12
1,40,165,58.6,0.0,1,1,-2,16
1,38,191,83.8,23.3,5,2,7,16
1,47,154,100.1,17.3,4,0,0,12
0,20,151,101.8,29.0,5,0,0,9
0,35,175,57.6,25.7,3,1,-6,8
1,38,187,109.1,18.9,4,2,4,13
1,54,184,52.1,24.8,2,1,-5,4
1,35,190,75.3,23.1,2,1,-3,11
1,22,164,69.1,0.0,2,1,-8,4
1,45,181,88.9,25.4,4,1,-5,16
1,28,166,92.9,12.8,2,0,0,10
0,59,176,106.2,22.2,1,2,7,12
0,58,172,60.2,26.2,3,0,0,12
0,25,171,103.9,24.8,2,1,-2,9
1,53,184,66.1,24.6,3,2,4,10
0,22,193,90.9,20.8,4,2,6,5
1,51,166,62.5,0.0,3,1,-8,9
0,34,153,75.4,10.9,4,2,5,4
1,38,150,95.8,27.4,5,2,8,6
0,34,177,92.0,20.2,4,1,-7,6
0,51,167,94.5,10.8,2,0,0,15
0,48,186,107.5,19.7,1,2,8,8
0,54,177,61.1,23.9,2,1,-2,5
0,48,200,100.6,0.0,2,2,7,13
1,53,183,62.1,16.2,5,0,0,9
0,34,160,106.6,28.2,5,2,8,8
0,19,185,82.7,0.0,5,2,3,13
1,22,180,52.7,11.0,3,1,-8,10
0,20,173,61.8,10.6,1,0,0,11
0,46,181,86.2,24.8,3,0,0,13
0,53,167,73.7,13.4,2,0,0,8
0,55,164,75.2,0.0,1,0,0,16
0,59,194,108.4,21.9,3,0,0,13
1,52,172,69.1,20.0,5,2,5,13
0,54,176,50.3,18.3,4,0,0,14
1,50,191,76.9,15.1,5,1,-8,11
1,57,150,98.8,21.5,4,0,0,12
1,39,162,98.1,24.1,2,2,5,8
1,19,182,87.0,12.9,2,0,0,10
1,32,182,68.0,11.3,4,0,0,9
0,56,174,85.2,24.9,5,1,-4,6
0,45,197,102.0,26.0,2,0,0,5
1,28,176,51.1,17.0,1,1,-7,13
0,31,164,99.4,13.5,3,0,0,9
0,19,166,104.1,17.3,1,1,-3,7
0,39,167,79.3,22.3,2,2,8,10
0,38,175,56.1,16.8,3,2,2,6
1,29,166,72.0,21.3,2,2,7,14
0,36,173,87.7,17.5,1,2,2,16
1,22,188,68.6,14.9,5,0,0,15
0,44,160,107.6,14.4,3,2,8,7
0,54,162,84.9,20.6,1,0,0,9
0,59,187,106.6,16.6,5,1,-5,10
0,60,153,64.8,23.0,3,2,7,12
0,44,151,66.5,29.5,4,0,0,5
1,31,171,103.1,21.8,5,2,2,10
1,36,188,93.4,23.0,4,2,3,12
0,31,169,88.8,20.0,4,2,7,9
1,42,198,63.0,11.5,4,2,7,6
1,31,161,76.5,10.4,1,2,8,6
1,39,173,67.8,29.0,5,2,3,6
1,58,184,50.6,13.5,1,1,-6,16
1,22,175,93.3,22.7,3,2,2,7
0,54,197,85.8,23.3,3,1,-5,8
1,55,189,70.3,23.2,4,2,2,11
1,45,190,54.3,28.8,1,1,-7,14
1,36,152,93.1,23.9,1,0,0,6
1,34,174,84.4,27.7,2,0,0,8
1,23,191,77.3,21.4,2,1,-7,14
0,34,157,92.7,12.7,4,0,0,11
1,42,159,91.4,17.2,5,0,0,16
0,54,150,109.0,10.3,1,0,0,8
0,57,157,55.9,26.0,4,1,-7,5
0,23,163,91.2,0.0,3,1,-3,10
1,38,198,75.0,20.8,5,1,-7,5
0,31,166,53.3,23.0,4,0,0,14
1,46,199,91.7,17.9,2,2,5,11
0,20,191,87.7,20.7,3,0,0,16
1,60,150,83.9,13.9,1,1,-7,11
0,54,191,91.6,12.3,1,2,7,15
0,41,164,87.6,24.0,3,1,-2,8
1,46,151,83.4,24.6,1,2,8,10
1,29,189,87.2,12.3,3,2,4,8
1,34,154,98.8,13.3,4,0,0,10
1,37,152,59.8,0.0,4,0,0,13
0,38,164,87.1,14.7,2,2,3,5
1,53,153,79.5,11.6,5,1,-3,12
1,48,159,76.8,11.9,4,0,0,12
0,60,159,81.4,25.3,5,2,3,12
1,37,162,109.1,20.0,2,2,5,16
0,19,196,64.9,28.5,5,2,4,8
0,28,165,88.7,20.1,2,2,8,16
0,19,185,59.6,23.3,3,0,0,6
0,37,185,84.9,18.8,3,1,-2,5
0,54,167,87.2,28.5,5,2,2,6
0,30,160,89.0,25.9,1,2,8,5
1,41,171,104.3,27.1,1,2,7,6
0,40,173,95.7,22.0,5,2,8,9
0,52,173,94.1,0.0,1,0,0,15
1,29,169,100.0,23.4,5,1,-3,14
1,45,155,58.3,0.0,5,2,7,7
1,49,168,50.9,26.8,1,1,-8,15
0,36,165,66.6,14.0,1,1,-8,10
0,38,177,59.1,12.8,1,1,-4,15
0,31,195,78.4,0.0,2,1,-6,5
1,58,152,81.2,25.6,1,1,-2,8
1,18,199,107.8,0.0,5,1,-3,7
0,57,172,76.7,22.0,2,1,-2,10
1,44,200,98.8,13.2,5,2,3,12
0,34,188,60.3,11.3,5,0,0,10
1,49,164,71.4,28.8,5,2,5,7
0,46,165,106.0,11.8,2,2,4,4
1,36,186,80.4,11.8,1,2,8,4
1,41,182,63.6,0.0,5,1,-5,7
0,34,177,74.1,20.7,2,2,2,8
0,25,177,96.9,10.5,5,1,-4,7
0,53,174,81.6,22.9,1,1,-7,6
1,54,171,55.1,12.9,3,0,0,10
0,34,173,87.6,29.0,3,0,0,12
0,18,193,106.1,0.0,2,2,5,8
1,32,182,57.3,0.0,5,1,-4,13
0,41,200,52.8,19.9,5,2,6,5
1,33,185,76.1,22.1,4,0,0,16
1,57,182,70.5,10.5,1,2,5,4
1,57,164,110.0,13.1,2,2,8,8
1,28,173,63.9,12.2,4,2,7,12
1,39,198,95.7,17.4,3,0,0,9
1,34,163,56.3,0.0,5,0,0,14
0,54,155,107.4,20.7,2,0,0,4
0,47,175,79.1,0.0,2,0,0,11
0,41,157,77.6,20.3,2,1,-7,7
0,42,156,56.0,20.1,1,2,7,13
1,42,156,72.5,12.0,2,1,-6,15
0,38,181,89.3,0.0,3,0,0,10
1,53,190,56.6,24.4,5,0,0,11
1,33,163,51.3,27.4,4,0,0,13
1,26,167,66.3,10.9,5,0,0,7
0,46,199,61.9,17.1,2,1,-5,12
1,46,189,67.5,12.4,1,1,-6,7
0,34,157,97.0,17.1,4,2,4,11
1,41,200,64.8,25.1,1,0,0,4
0,21,197,72.3,14.3,4,0,0,10
1,42,165,107.4,29.5,2,1,-2,16
1,54,194,61.4,13.7,1,1,-3,14
0,38,157,56.8,0.0,3,2,7,4
1,60,169,96.2,20.2,3,0,0,4
0,42,154,82.3,29.4,3,2,5,13
1,34,187,80.1,25.2,5,0,0,16
1,57,155,61.3,23.4,5,2,7,11
1,21,183,54.9,12.9,1,2,4,15
1,55,151,68.4,13.1,1,1,-4,5
0,57,180,103.7,19.3,5,0,0,5
0,21,185,101.8,11.2,3,2,4,14
0,40,182,61.7,27.3,5,2,4,6
0,26,181,72.5,28.7,5,0,0,8
0,44,200,53.4,16.8,1,2,3,13
0,52,184,64.7,20.9,5,1,-8,12
0,49,181,60.5,12.4,3,1,-3,4
0,24,200,107.0,18.0,5,1,-6,13
1,58,180,80.2,11.6,5,2,7,4
0,45,183,72.9,29.5,5,1,-3,14
0,20,170,54.6,27.6,4,2,4,10
1,26,183,78.4,25.1,4,1,-2,4
1,36,161,72.8,14.7,1,1,-7,6
1,60,163,101.3,0.0,3,2,7,13
1,22,197,79.6,10.6,1,1,-5,4
1,29,169,84.1,24.3,4,1,-3,13
1,59,181,88.7,13.4,3,2,4,9
1,60,158,52.9,0.0,4,2,5,11
1,21,191,102.0,14.6,4,0,0,14
1,59,153,61.2,0.0,5,0,0,15
1,31,160,53.9,23.2,1,2,5,11
1,27,197,99.5,22.5,5,1,-3,10
0,20,183,72.4,0.0,4,1,-4,11
0,59,165,88.7,15.7,1,2,4,11
0,38,161,91.3,15.8,1,2,2,7
0,52,154,94.4,0.0,2,0,0,12
1,48,179,85.4,23.6,1,2,5,12
1,22,161,97.6,0.0,2,2,8,13
0,40,165,86.4,20.1,4,0,0,4
1,52,169,54.3,28.1,4,0,0,4
0,35,187,89.3,22.3,4,0,0,7
1,46,200,75.3,0.0,5,2,7,6
1,25,167,82.1,17.9,1,0,0,4
1,49,169,107.2,22.0,1,1,-5,8
0,27,172,77.2,22.4,4,2,3,14
1,30,173,95.9,27.0,4,1,-2,4
0,29,151,67.3,24.2,5,2,4,5
1,53,179,90.7,17.7,2,2,3,8
1,44,161,97.9,20.0,3,1,-7,15
0,54,191,101.4,20.6,2,0,0,4
0,19,186,99.9,10.2,1,2,6,12
0,31,154,75.8,14.2,5,2,8,15
0,29,162,99.3,11.9,4,2,6,14
1,21,173,62.0,0.0,1,1,-4,10
1,49,197,71.8,24.1,5,1,-3,8
0,29,183,107.1,16.1,2,2,8,11
0,33,173,77.7,11.7,3,1,-5,7
1,32,168,83.3,13.6,3,0,0,14
0,37,197,56.1,25.3,5,0,0,5
1,55,169,95.1,0.0,4,1,-4,15
0,48,178,109.6,23.1,4,1,-3,16
1,44,200,89.3,24.5,2,1,-2,12
1,31,152,62.4,24.0,4,1,-5,10
0,27,175,102.7,12.7,2,2,3,14
0,28,166,80.0,20.6,1,0,0,15
1,49,197,86.3,11.0,1,0,0,8
0,30,194,96.6,13.7,4,2,3,4
0,31,162,59.1,0.0,5,2,3,12
0,26,192,96.4,0.0,5,0,0,11
0,32,150,92.3,0.0,3,0,0,12
0,35,199,97.9,18.8,5,2,6,16
1,28,174,77.3,17.6,1,1,-4,15
0,34,192,68.1,23.0,4,1,-5,11
0,42,200,87.9,18.9,4,2,4,8
1,38,177,55.4,29.8,4,1,-3,5
0,18,168,100.9,21.8,4,0,0,9
1,35,153,60.2,19.2,2,1,-4,15
1,52,199,52.6,12.0,1,0,0,5
0,31,174,61.8,0.0,3,1,-7,14
0,28,158,90.2,29.1,1,2,7,6
1,41,194,61.8,0.0,3,1,-7,15
0,46,162,95.4,0.0,3,2,2,11
0,39,173,90.5,26.4,5,1,-4,8
1,37,155,92.4,29.4,5,1,-2,4
0,44,200,53.1,0.0,1,0,0,5
0,39,174,79.2,28.1,1,0,0,15
1,30,167,59.9,16.9,5,1,-4,6
1,44,153,57.8,25.2,2,0,0,6
1,60,195,104.7,28.6,1,1,-7,9
0,47,177,58.9,16.6,1,1,-8,11
1,34,163,58.9,10.9,5,0,0,6
1,39,167,61.6,12.9,1,1,-2,5
1,21,160,67.3,15.2,5,0,0,6
1,41,176,88.6,29.1,2,2,3,13
1,60,200,82.7,11.4,5,0,0,12
1,36,169,51.9,20.7,2,1,-3,8
0,36,199,105.8,22.6,5,1,-3,13
0,52,171,87.4,25.1,1,0,0,16
1,24,197,57.0,0.0,5,2,8,9
1,21,162,63.1,14.5,4,1,-4,7
1,38,169,60.9,23.7,5,0,0,7
1,46,189,108.4,12.1,2,1,-2,10
0,51,180,52.3,14.9,5,0,0,11
1,46,170,106.2,16.7,1,1,-5,9
1,34,158,65.3,11.3,3,1,-8,10
0,60,178,86.6,0.0,3,2,4,16
1,24,165,66.6,0.0,3,0,0,13
1,36,178,60.1,12.0,5,0,0,9
1,54,194,73.6,18.4,5,0,0,13
0,23,200,99.9,24.0,4,0,0,7
1,43,199,54.7,0.0,4,2,3,16
1,40,195,85.2,14.8,3,0,0,13
0,28,163,69.8,10.9,4,2,5,12
0,57,163,98.0,29.0,1,1,-6,14
1,55,189,87.8,19.3,2,1,-6,6
1,45,199,70.1,0.0,4,2,5,6
1,19,152,105.5,14.1,3,1,-6,10
0,56,178,108.0,12.5,1,0,0,10
1,27,191,71.7,19.0,3,2,5,13
0,19,156,88.8,0.0,2,2,7,6
1,20,189,107.4,24.5,4,0,0,14
0,33,157,87.4,0.0,5,0,0,4
1,20,162,60.0,29.7,3,1,-2,14
1,58,167,93.9,23.9,3,2,5,11
0,51,177,89.9,10.5,5,0,0,5
1,19,166,94.0,20.9,3,1,-7,6
0,58,174,73.4,16.2,4,0,0,7
0,42,197,60.2,14.5,2,1,-7,7
1,34,199,90.4,15.4,2,2,4,9
0,25,191,68.3,29.2,2,0,0,14
1,23,182,65.9,0.0,4,1,-2,10
0,59,153,108.9,12.7,2,1,-3,11
0,53,159,101.2,12.0,2,1,-8,10
0,48,171,74.8,20.3,4,1,-6,7
1,59,198,79.6,15.1,2,2,6,9
1,44,181,62.1,23.5,4,2,2,4
0,26,179,95.6,20.7,2,2,8,10
0,31,165,67.1,14.7,2,2,4,12
0,57,197,94.9,23.0,1,0,0,9
0,21,174,81.4,28.9,5,1,-4,8
1,40,161,82.8,18.0,2,1,-8,5
1,18,172,71.6,0.0,1,1,-2,16
0,26,171,51.1,14.8,1,1,-2,14
0,52,164,70.9,0.0,4,2,6,16
0,24,178,57.9,17.5,3,0,0,14
1,37,150,72.9,11.0,5,1,-3,13
1,53,150,105.2,13.4,2,2,3,5
0,26,185,104.5,18.0,4,1,-7,11
1,39,152,59.7,19.7,3,1,-3,6
1,31,171,78.7,18.2,5,0,0,7
0,28,187,110.0,0.0,1,0,0,14
1,21,187,68.2,13.5,1,2,3,5
1,25,170,97.3,23.3,2,2,2,11
1,55,172,64.9,16.1,4,1,-6,4
0,59,185,64.5,28.5,4,2,2,5
1,49,156,101.2,17.6,3,1,-3,8
1,60,184,79.0,15.5,1,1,-6,6
0,60,157,51.1,28.3,5,0,0,8
0,39,185,52.6,18.0,1,0,0,16
1,60,191,65.7,19.1,1,0,0,5
1,22,200,101.3,24.8,1,2,7,5
0,34,195,77.8,18.3,2,0,0,8
1,18,157,74.4,12.5,4,1,-3,9
1,46,198,89.4,29.4,1,2,6,8
1,26,162,74.8,20.2,4,0,0,16
0,60,162,102.6,16.9,4,2,4,10
0,19,171,56.0,19.9,4,0,0,8
1,58,184,56.7,11.8,4,2,6,12
1,18,193,96.5,17.9,5,2,6,11
0,19,177,56.7,24.3,2,2,7,14
1,18,158,62.1,0.0,1,2,6,6
0,35,198,101.1,18.2,1,0,0,16
1,54,155,53.9,16.2,5,2,3,13
1,23,175,51.8,18.4,5,0,0,11
0,31,152,66.0,16.8,5,2,3,5
1,30,192,59.6,27.6,5,1,-8,15
1,31,195,86.7,11.4,2,0,0,10
1,51,155,99.6,11.6,2,1,-3,12
0,48,175,73.4,19.2,2,2,4,10
1,57,173,85.6,0.0,3,2,4,13
0,42,162,96.4,0.0,2,0,0,6
1,43,162,86.4,0.0,2,1,-3,8
1,33,181,72.3,19.4,3,0,0,9
0,53,167,56.0,17.8,1,0,0,10
0,24,195,61.7,0.0,1,1,-3,11
0,35,197,68.4,13.6,3,2,5,5
0,26,185,54.9,24.6,4,2,2,8
1,35,158,94.9,19.4,1,2,5,11
0,33,150,79.1,15.2,5,1,-5,7
1,54,159,72.9,13.8,2,0,0,12
0,35,157,67.3,15.2,5,1,-8,12
1,47,183,71.3,20.1,1,2,8,4
0,47,160,59.1,24.4,2,1,-4,9
1,56,189,89.2,0.0,3,1,-7,13
1,55,158,101.0,17.4,5,0,0,7
0,26,152,98.4,19.5,1,1,-3,5
0,28,173,77.8,22.7,4,2,5,16
1,40,154,65.1,26.5,5,0,0,15
0,31,173,76.9,0.0,4,0,0,16
1,37,161,90.0,0.0,1,1,-5,11
1,28,191,74.0,13.1,4,1,-3,16
1,33,188,50.0,12.5,1,1,-6,6
0,36,184,106.5,28.8,5,2,5,14
0,21,178,108.6,0.0,3,2,2,14
1,23,160,105.2,19.2,3,0,0,9
0,46,166,90.1,28.1,1,2,4,14
1,58,158,86.8,19.8,5,1,-6,16
1,48,195,84.5,21.2,4,1,-3,13
1,50,160,56.5,25.2,3,0,0,7
0,29,183,80.4,12.0,5,1,-7,5
1,22,192,95.9,13.3,1,1,-7,7
0,58,162,54.0,15.1,4,1,-8,9
1,47,162,90.8,23.3,3,2,8,9
0,30,199,89.9,19.7,4,1,-8,16
1,38,196,78.0,21.2,2,1,-4,12
0,38,184,93.9,10.6,5,0,0,5
0,60,189,81.7,18.1,3,1,-6,9
1,36,177,51.3,16.8,1,0,0,6
0,52,168,105.4,28.4,5,0,0,13
1,34,174,51.1,25.0,4,1,-6,10
1,23,196,51.2,0.0,2,0,0,13
1,33,199,84.4,25.5,2,1,-2,5
1,29,185,74.2,10.7,3,0,0,11
1,40,194,107.8,14.5,3,0,0,7
1,34,193,108.9,0.0,3,0,0,15
0,44,180,83.1,14.4,5,1,-8,4
1,27,159,83.4,0.0,2,1,-2,8
0,22,194,62.1,0.0,5,1,-5,15
0,56,154,77.4,15.8,3,1,-8,12
0,33,164,64.7,10.2,1,2,5,4
0,19,150,62.1,27.2,3,2,6,14
0,20,155,101.5,27.1,5,0,0,14
0,39,186,68.9,16.7,3,1,-8,14
1,57,191,61.5,12.4,5,0,0,8
1,19,173,78.8,26.1,4,0,0,12
1,29,177,62.1,20.8,3,1,-4,13
1,53,191,86.4,17.0,5,1,-6,10
1,55,184,69.7,14.3,1,1,-7,7
1,36,178,51.4,0.0,3,2,8,7
1,28,182,59.4,17.0,1,2,5,6
1,57,191,104.0,21.4,1,2,7,9
0,44,156,82.6,0.0,5,0,0,4
0,33,153,101.8,24.3,4,0,0,7
0,34,197,66.7,22.3,3,0,0,14
1,26,179,85.1,16.4,4,0,0,14
0,38,167,87.5,11.1,4,2,4,12
0,26,186,86.2,0.0,4,0,0,8
0,57,159,54.1,0.0,4,1,-8,6
0,24,163,66.7,22.8,4,1,-7,4
0,58,199,81.7,15.2,5,1,-4,9
1,46,186,104.6,14.7,1,2,7,5
1,33,185,57.8,28.9,2,0,0,7
0,21,192,88.1,23.9,2,1,-6,4
0,50,158,78.6,22.5,4,2,6,4
0,44,154,96.9,14.8,3,0,0,12
1,24,170,68.3,11.4,3,0,0,14
0,25,184,83.0,13.2,4,1,-3,15
1,22,193,109.1,16.8,5,0,0,5
1,30,174,70.4,0.0,5,0,0,9
1,50,194,90.7,11.6,3,0,0,14
1,57,186,73.6,12.5,1,2,7,11
0,49,184,107.9,12.8,1,0,0,7
1,45,157,92.7,0.0,3,1,-4,5
1,29,173,104.3,18.6,2,0,0,13
1,53,172,90.7,23.6,2,2,3,7
0,57,182,104.1,22.0,3,0,0,16
1,39,187,99.1,26.1,2,0,0,7
1,48,159,89.6,19.0,4,0,0,7
0,44,184,52.1,24.0,3,2,8,16
0,24,160,90.8,11.3,4,2,6,6
0,56,160,93.5,11.5,3,0,0,6
1,41,197,109.0,20.0,1,0,0,7
1,52,162,59.2,22.9,3,0,0,13
1,54,186,61.6,18.0,2,0,0,13
0,26,185,95.0,13.3,2,2,5,15
0,18,184,74.9,18.4,3,1,-2,14
1,55,169,99.3,14.7,4,2,3,9
1,60,166,99.4,11.1,2,1,-6,8
1,36,171,62.3,21.9,3,2,3,4
0,34,172,85.8,0.0,4,2,4,16
1,39,166,89.4,19.0,5,0,0,5
1,54,159,68.3,0.0,2,1,-8,13
1,18,190,64.7,12.1,1,2,7,11
0,30,151,58.3,0.0,1,0,0,14
0,50,193,73.1,19.5,4,0,0,13
1,53,151,56.8,27.4,2,2,3,4
1,24,186,84.7,27.5,2,0,0,6
1,22,194,105.3,19.9,4,2,6,16
0,32,166,93.8,24.6,3,0,0,14
0,50,198,60.3,12.0,1,0,0,8
1,20,184,76.5,22.2,2,1,-2,10
1,27,176,54.5,16.0,1,2,6,7
0,42,177,55.3,16.0,5,1,-2,12
0,56,168,68.1,0.0,1,2,4,12
1,54,161,73.8,26.9,3,0,0,6
1,21,176,74.8,17.2,1,1,-5,11
1,21,181,108.5,21.5,4,1,-3,10
0,57,151,107.0,0.0,5,0,0,7
1,30,188,73.4,0.0,1,0,0,8
0,47,161,55.2,15.9,5,1,-2,12
1,49,182,73.2,14.4,5,0,0,11
1,42,190,98.8,18.8,4,1,-7,10
0,51,157,76.5,28.1,3,1,-8,4
1,45,175,57.9,19.0,4,2,7,7
0,46,192,88.8,10.9,3,0,0,15
1,35,198,51.2,20.4,1,1,-6,15
0,56,188,93.7,29.2,3,1,-6,7
0,50,171,70.8,26.4,5,0,0,14
0,27,190,83.9,19.6,1,2,2,11
1,40,172,85.2,25.5,1,2,4,4
0,30,185,58.6,16.9,3,2,6,9
0,19,196,102.9,11.3,5,2,8,5
0,23,192,102.6,27.9,4,0,0,12
1,23,184,97.5,15.2,2,1,-2,6
0,31,169,73.8,0.0,1,1,-3,4
1,57,158,79.3,18.1,3,0,0,9
1,44,159,52.2,0.0,3,0,0,13
0,32,199,53.4,24.9,3,0,0,8
0,45,196,55.4,15.6,1,2,3,6
0,49,171,92.8,24.4,5,2,8,15
0,53,188,94.8,12.5,4,0,0,10
0,52,195,63.9,19.5,3,2,7,11
0,50,199,93.4,0.0,1,1,-8,12
0,18,170,76.3,17.5,4,1,-3,7
1,22,184,76.2,16.6,5,2,5,14
1,59,186,53.7,0.0,3,2,7,16
1,47,184,100.1,0.0,5,0,0,8
1,46,196,94.1,18.9,5,2,7,12
0,46,179,99.0,14.3,5,1,-8,10
1,26,196,60.5,18.5,3,0,0,15
0,38,182,108.8,10.7,1,2,3,11
0,33,177,107.0,11.1,3,1,-8,11
1,50,199,94.0,28.7,5,0,0,6
1,19,194,77.0,14.0,4,1,-3,6
0,34,171,97.3,12.6,2,2,5,6
0,40,194,60.8,15.1,5,0,0,5
0,35,169,84.5,29.8,2,2,4,7
0,41,155,85.1,16.7,3,0,0,14
1,18,186,93.2,18.7,2,1,-3,11
0,33,166,103.8,26.7,1,0,0,5
0,50,184,106.3,19.4,3,2,7,12
1,21,188,65.1,15.3,2,2,3,7
1,47,186,70.2,26.3,4,2,2,13
1,56,158,104.1,19.1,5,1,-6,7
0,24,180,67.0,16.7,5,2,7,5
0,29,192,80.7,18.7,4,1,-2,8
1,25,152,88.4,17.7,3,2,6,7
0,53,159,66.7,0.0,5,2,2,6
1,19,179,80.1,20.7,5,0,0,12
0,22,196,94.3,19.9,4,0,0,14
1,58,194,63.8,13.4,5,0,0,10
0,19,166,76.3,14.7,2,1,-4,7
1,60,179,69.2,0.0,5,2,3,13
1,22,197,67.4,14.0,1,1,-8,10
0,33,151,106.4,22.4,3,0,0,16
1,52,172,98.2,14.7,2,0,0,10
0,35,166,55.4,18.2,5,2,7,14
0,28,189,94.6,12.8,2,2,7,5
0,47,162,54.5,15.8,2,0,0,5
0,56,184,95.9,0.0,5,0,0,8
0,36,191,107.4,13.5,4,1,-8,4
0,18,187,66.4,24.1,3,2,6,10
0,45,186,86.5,18.2,2,2,3,4
0,53,175,59.9,0.0,4,0,0,8
0,40,192,51.5,27.8,2,2,3,9
0,22,178,63.9,16.3,1,2,2,5
0,46,159,83.6,29.7,4,0,0,8
0,43,197,54.5,19.9,3,2,6,6
1,33,177,67.1,0.0,3,0,0,9
0,47,172,51.9,19.2,4,0,0,8
0,58,161,54.6,23.4,2,1,-2,9
0,53,191,67.4,0.0,2,1,-2,4
0,24,189,84.1,24.8,5,1,-4,9
1,26,200,108.2,10.5,3,2,7,11
1,60,169,94.3,13.0,1,0,0,14
0,54,169,102.8,23.3,3,0,0,12
0,46,175,88.4,14.4,5,0,0,6
1,37,190,96.8,16.1,3,2,5,7
0,39,195,87.6,0.0,4,2,8,10
1,32,189,51.9,22.2,1,2,8,15
1,18,196,78.8,19.1,1,0,0,9
0,53,181,100.2,13.0,4,0,0,13
1,18,167,91.2,22.1,4,1,-3,7
0,19,162,53.0,20.3,1,2,2,16
0,56,194,76.9,0.0,2,0,0,10
1,52,155,106.0,0.0,5,0,0,12
0,25,192,72.6,0.0,2,1,-2,5
1,24,193,109.8,10.7,4,2,3,9
1,44,186,71.4,15.5,3,0,0,16
0,33,154,95.4,19.8,5,0,0,9
1,40,193,80.1,11.0,4,1,-2,11
1,57,175,65.9,13.9,3,2,5,10
1,25,162,99.9,24.9,5,0,0,6
1,28,157,81.5,0.0,1,1,-8,14
0,49,186,84.1,0.0,2,1,-8,9
1,27,157,105.7,27.9,5,2,4,7
1,28,172,109.8,27.9,4,2,6,5
1,55,191,56.8,18.4,5,2,4,11
0,43,182,89.7,15.7,4,0,0,9
1,34,167,56.6,0.0,5,1,-7,15
1,35,172,109.1,28.5,4,2,5,15
0,27,165,100.5,20.5,3,2,3,10
0,20,187,72.0,29.1,5,0,0,8
0,35,189,94.0,12.3,2,1,-2,13
1,43,160,73.1,28.6,3,1,-7,15
0,54,164,97.6,15.9,1,0,0,6
1,18,161,92.3,20.6,2,2,6,8
1,34,175,71.7,24.6,2,1,-4,6
1,24,177,57.5,21.6,2,2,7,5
1,26,169,91.9,24.5,5,2,2,6
1,60,190,107.6,25.9,1,2,7,13
1,33,167,103.9,11.7,2,2,2,11
0,32,194,58.3,25.8,3,2,7,8
1,53,167,61.8,27.8,5,1,-6,13
1,52,175,55.5,0.0,1,1,-7,14
1,45,165,68.5,11.0,3,0,0,12
1,40,199,82.3,0.0,5,2,7,7
0,27,158,78.0,0.0,4,1,-5,5
0,35,174,100.5,26.3,4,1,-6,16
0,60,164,78.5,15.2,4,2,4,5
1,60,198,66.1,0.0,5,1,-6,7
0,22,155,80.4,22.3,2,2,8,9
0,24,150,81.4,20.6,2,0,0,12
0,32,161,63.7,0.0,3,0,0,15
0,56,186,56.0,20.9,5,1,-7,15
0,26,196,91.9,14.0,2,0,0,7
1,55,172,58.8,14.7,5,1,-6,10
0,35,193,53.0,0.0,5,1,-4,16
1,26,186,76.6,28.2,4,2,5,12
1,36,168,98.1,29.2,4,1,-4,16
0,20,180,54.7,0.0,5,0,0,4
1,59,160,87.6,28.4,4,2,2,14
0,48,174,76.2,14.0,2,1,-3,9
0,37,157,62.6,18.5,2,1,-3,13
1,37,187,54.5,23.4,4,1,-8,7
1,43,192,72.2,29.0,3,2,8,5
0,54,194,54.7,19.8,1,2,5,7
0,44,151,93.8,0.0,2,0,0,8
0,36,157,63.9,25.8,5,1,-7,16
0,18,175,93.4,24.7,3,1,-2,5
0,44,166,74.8,0.0,4,0,0,4
0,25,199,68.0,0.0,1,0,0,9
1,44,191,77.2,27.1,4,0,0,7
0,19,191,106.3,14.9,1,2,8,16
0,41,188,90.5,11.6,4,0,0,11
0,28,172,102.6,22.2,1,1,-2,15
1,43,188,98.6,0.0,5,0,0,7
0,45,181,98.6,16.7,3,0,0,5
0,55,173,81.3,25.2,3,0,0,5
0,59,171,61.8,24.5,4,0,0,11
1,19,181,88.5,19.3,5,1,-6,4
0,38,200,86.4,0.0,5,1,-4,12
1,22,175,92.5,22.1,4,1,-3,6
0,44,188,85.7,23.7,1,2,2,14
0,58,165,50.5,26.1,5,0,0,12
1,21,170,102.9,16.8,3,2,2,16
1,56,163,83.4,26.0,4,2,7,4
0,19,172,97.4,21.5,3,2,8,4
0,19,166,51.2,19.0,4,0,0,9
1,19,194,95.4,26.6,5,0,0,6
1,19,182,71.0,11.4,3,1,-3,9
0,46,180,89.5,28.7,1,2,4,10
1,19,180,97.1,17.3,1,1,-8,13
1,37,178,53.2,14.6,1,0,0,15
1,60,179,98.1,17.3,5,1,-7,14
0,20,182,95.4,17.7,2,1,-7,9
0,25,182,94.2,22.2,5,1,-3,7
1,38,164,77.6,16.7,1,2,7,14
1,45,176,95.7,12.7,2,2,8,6
0,27,163,105.9,26.6,3,1,-7,4
0,33,173,85.1,25.8,4,0,0,15
1,20,200,108.1,16.7,5,2,8,8
1,52,197,51.3,24.1,2,2,8,11
0,29,178,107.1,19.2,1,0,0,10
1,51,189,70.8,26.0,4,1,-5,10
0,33,180,52.6,24.2,5,2,4,11
1,47,193,70.5,11.7,2,2,4,6
0,47,163,56.4,13.9,4,2,6,15
1,39,195,50.5,29.7,2,0,0,5
0,25,199,88.8,19.6,2,1,-4,16
1,31,189,108.8,19.0,1,0,0,13
0,32,193,67.5,0.0,4,2,8,4
0,25,168,86.5,24.4,4,1,-4,10
0,40,188,63.9,13.0,4,1,-2,5
1,44,152,107.9,0.0,4,1,-6,8
1,50,155,89.5,28.2,2,1,-3,13
1,60,163,79.6,24.3,3,1,-3,9
0,48,167,61.1,13.0,1,1,-3,16
1,41,166,107.3,26.6,4,1,-3,4
0,38,193,103.7,25.4,3,1,-2,15
0,21,176,83.3,0.0,5,2,6,7
1,57,165,63.0,22.0,3,0,0,4
0,54,182,59.7,15.1,1,0,0,11
0,51,172,83.5,22.4,1,2,7,15
1,59,183,102.2,0.0,5,0,0,15
0,49,164,60.7,20.3,4,0,0,5
0,52,163,78.0,21.9,5,1,-7,7
0,18,159,107.0,18.8,1,1,-3,14
1,20,185,97.4,25.6,1,1,-7,7
0,30,194,65.6,20.6,1,0,0,11
1,56,152,108.4,24.4,3,2,5,12
1,43,200,50.1,23.5,4,0,0,7
0,18,192,66.8,18.2,2,1,-5,12
0,34,199,70.6,21.2,5,0,0,11
1,29,186,53.0,13.2,4,2,8,14
1,18,157,54.8,15.9,4,1,-2,15
1,20,170,69.8,25.4,4,2,2,12
0,38,174,104.1,0.0,5,1,-2,9
0,34,186,89.3,22.9,5,0,0,9
1,28,150,80.0,29.5,2,1,-7,6
1,33,158,69.7,17.7,2,2,3,15
1,19,183,74.9,24.3,5,0,0,16
0,23,170,106.9,15.5,5,2,4,13
0,49,188,100.7,10.8,5,2,2,11
1,57,171,107.3,26.7,5,1,-6,12
0,47,162,88.7,21.6,4,2,2,13
1,60,157,67.4,11.6,1,1,-4,14
1,57,167,90.0,24.2,2,1,-3,16
0,55,176,96.2,0.0,2,1,-7,7
1,28,174,63.5,27.4,2,2,4,10
1,59,171,99.8,16.7,1,0,0,4
1,20,163,106.8,12.8,5,2,6,13
0,36,174,87.3,24.1,3,1,-6,4
1,48,176,62.4,22.7,3,1,-8,9
1,31,152,79.0,29.8,4,2,4,8
0,41,168,74.2,29.9,5,2,8,8
1,56,185,106.2,26.5,2,2,4,12
0,59,165,87.9,12.6,5,0,0,5
1,34,175,60.8,22.0,2,0,0,6
0,44,165,96.2,0.0,4,1,-5,10
0,40,154,90.3,22.3,5,1,-3,8
1,24,199,86.3,14.1,5,1,-2,9
1,37,160,87.8,11.2,1,1,-3,8
1,52,191,84.6,10.8,1,1,-7,16
1,36,160,59.1,19.2,3,1,-5,15
1,53,157,72.6,11.1,1,1,-7,16
1,60,153,95.6,17.6,4,1,-3,5
0,47,189,79.4,0.0,4,0,0,4
0,28,166,83.7,24.1,1,1,-5,11
1,21,171,89.9,29.5,1,1,-3,13
1,29,159,107.8,0.0,3,2,6,10
0,41,159,86.2,12.4,5,0,0,6
0,57,166,104.4,29.1,3,2,8,7
1,32,170,68.8,23.3,1,2,2,8
0,34,158,102.3,28.6,1,1,-8,15
0,38,151,77.4,0.0,1,1,-7,5
0,27,162,97.2,17.4,5,0,0,6
0,60,155,68.6,13.9,3,0,0,16
1,29,150,93.0,0.0,5,2,5,9
1,35,154,60.9,14.7,3,2,6,12
1,54,154,74.3,20.4,5,2,2,13
1,50,178,50.1,14.8,5,1,-5,13
0,49,179,60.5,18.4,4,2,5,9
0,20,171,57.8,25.1,3,1,-5,5
0,43,163,103.9,26.3,2,0,0,7
1,58,172,53.7,30.0,4,2,4,6
0,36,168,82.5,16.4,2,0,0,12
0,57,166,71.5,10.6,3,0,0,12
1,35,192,100.1,27.5,4,2,8,4
0,24,167,96.5,0.0,5,0,0,6
0,22,158,53.7,12.0,4,2,7,13
1,28,178,61.9,23.2,1,1,-8,10
0,24,166,88.5,21.8,1,2,5,15
0,53,163,59.6,14.7,2,1,-8,13
0,27,197,73.3,15.8,1,1,-7,8
0,30,169,55.4,14.4,5,1,-3,6
1,20,188,101.6,10.1,1,2,3,5
1,27,186,94.3,26.8,4,0,0,16
0,53,192,100.2,0.0,4,2,6,5
0,49,183,67.8,0.0,4,1,-8,9
0,24,173,93.1,27.8,5,0,0,4
1,20,154,66.8,25.5,3,0,0,16
0,20,200,89.6,12.8,4,0,0,6
1,58,190,95.1,0.0,3,0,0,9
1,29,151,109.7,15.7,3,2,5,5
1,58,172,82.7,30.0,3,0,0,9
0,34,180,89.7,0.0,5,1,-3,9
1,33,163,85.6,27.5,3,0,0,15
0,49,151,93.8,28.9,5,2,2,7
0,36,162,94.7,18.9,5,1,-3,7
0,57,198,86.8,0.0,1,0,0,16
0,33,177,60.7,14.5,2,2,6,11
1,56,192,63.0,22.5,4,1,-2,9
0,42,169,60.7,17.8,2,2,5,10
1,57,161,98.2,22.5,2,1,-7,10
1,39,183,101.1,29.2,4,2,7,5
1,19,161,109.3,24.7,5,0,0,8
1,18,191,66.4,14.5,5,0,0,10
0,41,195,57.4,13.4,4,0,0,10
0,29,194,81.4,23.3,3,0,0,16
1,36,172,105.4,28.5,3,0,0,14
0,24,192,86.0,27.0,2,2,5,15
1,45,164,71.8,0.0,2,0,0,10
1,55,199,65.4,0.0,4,0,0,16
1,55,169,103.2,10.2,1,0,0,9
1,31,194,79.9,10.1,3,1,-5,10
0,46,172,64.1,18.4,4,1,-2,5
1,41,157,109.4,20.8,2,1,-8,14
1,42,186,51.5,0.0,3,0,0,16
0,30,198,61.0,29.4,1,2,7,7
1,25,196,103.2,0.0,1,2,4,6
1,52,180,109.5,10.2,1,1,-4,11
0,39,188,71.0,24.9,2,2,4,5
1,27,188,77.1,28.8,5,0,0,8
0,39,156,62.8,0.0,2,0,0,12
0,21,188,63.3,0.0,3,2,5,15
1,37,159,89.9,29.5,1,0,0,11
0,21,157,85.2,0.0,3,2,6,13
0,45,168,98.6,18.5,4,0,0,9
1,50,152,72.6,25.4,4,2,7,6
1,21,180,78.5,25.0,5,0,0,4
0,24,172,93.9,27.2,2,2,4,9
1,49,167,79.9,11.4,1,0,0,14
0,50,168,51.6,17.1,5,2,8,5
1,32,178,109.2,26.0,3,0,0,8
0,30,159,108.2,12.8,1,1,-4,7
0,53,176,50.7,22.4,1,1,-4,16
1,59,157,95.4,25.6,1,1,-7,16
0,59,179,84.3,0.0,3,2,8,7
1,27,176,83.9,13.8,2,2,3,14
1,44,167,86.8,17.0,5,2,2,4
1,34,187,92.6,17.5,1,0,0,15
1,58,155,102.4,0.0,1,1,-5,16
1,59,192,52.8,18.1,3,0,0,8
1,60,174,50.8,20.3,1,0,0,12
0,18,150,107.8,10.2,2,1,-7,14
1,60,174,96.9,0.0,2,1,-6,11
1,38,152,68.2,29.8,2,2,7,11
0,57,167,82.9,18.4,2,1,-7,13
1,38,184,100.2,25.3,4,1,-2,9
1,22,199,80.1,25.9,5,2,2,14
0,49,200,84.0,13.5,3,1,-5,14
0,55,163,60.8,0.0,1,0,0,5
1,58,170,91.1,29.0,1,1,-2,11
1,43,183,75.5,26.5,2,0,0,7
0,21,184,59.3,13.4,1,2,5,13
0,38,200,73.7,10.5,4,1,-4,12
0,35,167,69.0,17.9,2,1,-6,8
0,54,155,80.4,0.0,5,1,-4,7
0,36,183,85.6,10.8,2,1,-4,13
0,43,179,65.3,12.7,1,2,2,7
0,55,152,51.0,28.3,3,1,-3,6
0,49,165,95.0,19.3,4,2,2,9
0,24,178,107.5,27.1,2,0,0,5
0,51,196,95.7,12.6,3,0,0,12
0,58,166,50.9,29.8,5,1,-2,13
1,49,168,60.1,25.2,2,1,-4,16
1,54,174,86.8,20.7,2,2,8,13
1,60,157,73.9,28.3,2,1,-2,16
0,54,159,79.2,25.0,5,0,0,15
0,27,162,53.7,20.8,3,0,0,10
0,25,165,69.7,13.2,1,1,-6,4
1,46,165,56.4,0.0,2,2,7,15
0,46,180,83.4,15.8,2,0,0,6
0,58,176,80.8,21.5,2,1,-3,8
1,42,181,60.0,22.3,2,1,-7,5
1,48,184,86.7,0.0,3,2,7,6
0,43,166,83.4,20.8,1,0,0,15
1,51,193,85.0,17.3,5,1,-3,14
1,21,188,57.0,0.0,2,2,7,10
0,47,200,87.1,28.5,4,1,-4,8
1,52,172,85.4,0.0,2,2,4,6
0,53,151,58.4,19.0,3,2,5,9
0,52,176,93.1,0.0,5,1,-8,10
0,60,196,92.9,17.3,3,2,2,10
1,45,154,71.1,19.7,5,1,-4,13
0,47,165,64.4,20.2,2,0,0,7
0,26,153,97.3,0.0,2,2,3,16
0,28,169,75.1,11.0,5,1,-4,11
0,22,195,58.1,13.1,3,1,-4,9
1,44,193,53.9,23.6,4,0,0,6
0,44,169,80.3,29.4,3,2,7,9
1,19,180,64.6,11.3,1,2,8,15
0,39,175,64.8,25.6,4,0,0,12
0,21,163,64.3,20.9,2,2,2,12
0,38,200,84.5,0.0,4,2,5,14
1,42,194,58.1,23.1,1,1,-6,9
1,41,184,67.9,10.5,5,2,2,6
0,47,157,60.0,27.8,1,1,-3,12
0,50,176,99.0,11.6,1,2,3,8
0,26,163,80.3,21.6,5,2,6,15
1,25,152,82.0,15.2,1,0,0,5
0,29,199,87.0,24.5,4,0,0,11
1,28,162,63.5,14.7,5,2,6,4
1,23,185,74.8,18.9,3,0,0,8
0,54,159,83.6,19.9,4,0,0,7
0,27,200,53.7,24.2,3,1,-4,9
0,24,190,65.7,16.0,3,2,7,9
1,25,185,68.5,26.2,3,0,0,8
0,23,178,102.6,21.7,2,0,0,14
1,52,162,78.8,11.3,2,2,7,5
0,25,200,59.1,26.1,1,0,0,10
1,19,154,54.1,23.9,5,1,-3,14
1,19,188,103.1,26.8,1,0,0,9
1,56,199,50.9,0.0,2,2,3,13
1,28,179,58.1,0.0,3,2,3,5
1,52,186,54.9,10.1,2,1,-5,14
0,57,195,99.7,29.1,1,1,-4,6
0,47,184,101.3,10.2,3,0,0,16
0,49,155,91.8,19.1,5,2,4,11
0,51,153,93.1,11.6,2,2,3,4
0,44,173,52.8,0.0,2,0,0,15
1,59,176,53.8,21.7,1,0,0,5
0,51,162,87.5,12.1,4,2,5,6
1,47,179,105.9,17.3,5,1,-8,11
1,37,188,106.9,23.3,4,1,-8,6
0,49,168,81.2,20.2,3,2,8,10
0,37,197,56.4,24.2,1,0,0,12
0,19,188,57.7,21.6,5,0,0,13
0,51,180,102.7,13.8,1,1,-8,12
0,24,155,68.7,13.7,2,1,-4,7
1,54,189,50.9,26.6,1,0,0,16
0,33,196,86.4,16.8,3,0,0,11
0,20,187,59.9,11.9,4,2,4,7
1,18,186,103.4,19.7,5,2,4,5
0,34,192,52.1,0.0,4,0,0,16
0,34,185,62.8,22.1,3,2,7,9
1,57,183,96.0,27.0,4,2,4,6
1,19,192,69.7,26.6,1,0,0,7
0,23,179,62.9,29.4,4,1,-7,4
0,43,155,77.3,0.0,4,2,5,7
1,27,173,108.2,29.7,3,1,-2,14
0,45,165,72.4,12.1,2,1,-7,14
0,54,181,88.2,23.9,5,1,-7,8
1,31,157,96.2,0.0,1,0,0,13
0,23,170,64.6,0.0,1,0,0,16
1,36,182,84.4,0.0,4,2,3,13
0,21,180,56.1,11.3,4,0,0,8
0,33,180,104.7,15.7,1,2,3,10
1,34,181,51.1,17.5,4,1,-4,10
0,39,157,74.0,0.0,2,0,0,12
0,26,175,106.0,23.8,2,1,-4,10
1,24,182,82.6,14.6,4,1,-4,4
0,31,199,105.3,12.8,3,2,3,11
1,49,154,102.6,25.6,3,2,7,13
0,52,193,93.6,14.0,1,0,0,7
0,30,153,56.7,25.1,2,0,0,8
1,45,180,55.3,22.0,4,1,-7,7
1,20,165,106.2,29.4,5,2,6,7
0,34,171,80.7,0.0,5,2,5,5
1,46,176,56.6,14.1,5,0,0,16
0,54,158,101.7,14.3,4,1,-8,14
0,42,154,50.6,21.0,4,0,0,5
1,55,189,70.8,14.3,3,2,4,8
0,50,174,76.1,14.5,4,0,0,11
0,36,199,79.3,19.5,4,1,-5,4
0,47,195,61.6,11.1,5,2,7,16
0,34,193,96.2,28.5,2,2,2,10
0,19,161,61.4,16.9,4,0,0,9
0,37,180,80.1,0.0,1,1,-6,8
0,32,159,71.1,26.2,3,0,0,7
1,47,151,82.3,17.0,4,1,-8,6
1,52,157,97.1,13.3,2,2,7,11
1,41,188,104.9,0.0,2,0,0,5
1,19,176,61.3,28.0,2,2,2,12
0,52,156,99.9,12.7,1,2,8,4
1,31,167,55.4,24.3,4,1,-5,13
1,60,184,89.9,29.2,2,2,8,12
1,43,191,96.7,28.6,3,1,-3,16
0,51,150,86.3,10.8,3,0,0,6
0,58,165,78.9,0.0,1,2,5,11
1,46,192,98.4,27.0,1,0,0,7
1,46,162,93.0,19.1,5,0,0,4
0,25,171,67.6,11.9,3,1,-3,8
0,34,170,77.2,19.4,3,0,0,5
1,54,164,54.4,0.0,2,2,8,9
0,57,172,68.0,13.8,4,1,-4,12
1,50,156,61.7,0.0,2,0,0,9
0,58,158,76.4,14.5,2,1,-7,5
0,49,185,54.4,0.0,5,1,-6,11
1,40,188,98.5,26.4,1,2,4,4
1,18,152,95.9,0.0,1,0,0,14
0,55,168,62.9,12.6,3,2,4,12
0,32,171,78.7,27.6,2,0,0,13
0,35,153,97.8,27.2,1,1,-3,15
1,56,168,53.6,10.7,5,0,0,4
1,56,186,55.0,0.0,3,2,6,13
1,53,175,78.9,10.7,4,2,4,10
0,18,158,56.3,25.7,4,0,0,16
1,49,188,104.9,29.5,3,1,-7,12
0,60,160,99.2,14.5,3,1,-2,15
0,48,194,84.2,21.3,1,0,0,8
1,29,187,63.9,29.0,4,1,-2,6
0,34,161,88.9,0.0,2,0,0,12
0,51,198,97.9,22.3,4,0,0,14
1,44,185,88.0,10.6,2,0,0,13
1,40,174,73.3,17.5,5,0,0,5
1,48,192,55.3,29.6,1,2,5,10
1,30,167,108.5,21.9,5,1,-4,16
1,55,193,77.4,26.2,5,1,-5,5
0,47,168,61.2,26.9,1,1,-6,11
1,31,156,98.7,26.5,5,2,8,5
1,46,200,64.3,25.0,5,1,-4,9
1,18,188,71.3,0.0,5,2,6,12
0,58,182,106.8,27.0,2,0,0,6
0,32,185,87.6,14.4,1,0,0,13
0,45,192,61.8,0.0,3,2,6,6
1,50,174,62.9,29.5,2,0,0,6
1,18,170,88.2,20.1,3,2,7,7
1,27,183,96.1,27.7,3,0,0,6
1,31,151,109.7,19.2,5,2,3,7
1,35,191,56.6,13.5,5,2,2,9
0,33,196,50.7,29.8,2,2,8,11
1,32,154,74.5,0.0,5,0,0,9
0,32,177,55.4,19.1,5,0,0,16
1,53,155,62.8,12.5,2,0,0,7
0,47,189,76.5,26.0,2,2,7,5
0,33,170,93.9,26.1,4,1,-2,10
1,48,168,91.0,29.2,2,1,-6,12
1,47,183,66.5,0.0,1,0,0,9
0,24,159,62.4,15.3,1,2,8,15
0,40,179,86.6,14.0,3,0,0,5
1,59,170,102.5,14.6,5,2,6,9
1,51,171,90.2,29.8,1,0,0,11
1,41,174,85.4,0.0,3,2,5,11
1,42,155,65.6,24.6,2,1,-8,6
1,35,162,53.2,20.2,4,0,0,10
0,59,193,52.6,0.0,1,1,-5,5
0,46,189,76.4,23.7,3,2,8,11
1,34,168,82.4,20.9,1,2,4,13
1,19,180,87.0,14.9,5,0,0,9
1,54,173,93.9,18.4,5,0,0,4
0,45,190,106.1,25.2,1,0,0,7
0,31,193,97.5,0.0,3,1,-4,4
1,29,181,60.1,23.1,4,1,-6,15
1,52,196,64.2,0.0,2,0,0,6
1,19,164,98.4,28.2,5,2,7,15
0,35,157,67.7,27.4,5,2,3,11
0,39,187,83.0,15.9,5,2,6,10
0,32,190,69.5,20.9,3,2,4,15
0,25,161,105.2,27.7,2,2,5,11
1,39,197,53.2,24.0,2,0,0,11
0,52,186,59.6,15.0,3,2,4,13
0,37,177,84.5,12.6,3,0,0,15
0,52,154,88.6,22.2,2,1,-4,4
1,38,198,67.1,13.3,2,0,0,7
0,29,158,109.5,0.0,2,2,2,16
0,26,160,102.6,0.0,5,2,4,8
1,18,182,107.1,22.4,3,1,-6,12
0,59,183,93.9,26.5,3,0,0,5
0,50,176,108.5,27.7,3,2,6,4
1,41,193,72.9,26.1,1,2,5,7
0,31,167,76.5,20.0,5,1,-4,11
0,20,198,53.4,28.2,4,0,0,4
0,32,186,109.7,18.3,1,1,-8,15
0,29,157,107.1,24.5,4,2,3,13
0,36,195,96.4,29.1,2,1,-2,7
0,40,151,77.6,21.5,2,0,0,7
0,54,189,89.1,15.0,3,1,-2,6
0,50,157,107.9,16.7,4,1,-6,15
1,25,187,64.8,0.0,1,1,-8,7
0,18,200,96.8,0.0,1,1,-8,4
0,26,176,72.2,20.2,2,1,-5,15
0,59,180,108.9,27.8,1,0,0,6
1,27,189,82.2,26.3,4,0,0,11
0,57,155,60.2,27.9,3,1,-7,12
0,36,152,63.5,25.0,5,0,0,16
0,45,185,56.9,0.0,5,0,0,4
0,35,172,68.3,27.7,4,1,-7,14
1,24,150,102.7,26.9,1,2,5,4
0,22,161,73.2,21.8,4,0,0,7
1,53,187,57.1,11.5,5,2,8,15
0,57,200,106.3,23.7,5,0,0,9
1,48,179,69.0,0.0,3,2,8,4
1,40,167,94.7,25.2,5,0,0,7
0,40,196,96.7,20.7,1,1,-2,11
0,33,177,73.1,0.0,2,1,-7,11
1,51,185,54.6,10.6,1,2,5,5
0,54,172,85.7,23.7,4,0,0,8
1,26,182,78.1,14.4,1,1,-2,5
1,49,186,58.8,26.6,4,2,7,7
1,31,167,99.4,26.7,1,0,0,16
1,28,165,100.0,21.1,3,2,4,6
0,24,168,107.7,26.5,2,0,0,14
1,33,187,50.4,28.5,1,1,-8,11
0,42,170,53.2,21.3,2,0,0,7
1,26,159,67.2,10.4,5,2,6,16
1,52,182,75.4,0.0,2,1,-6,15
0,42,188,76.7,18.7,5,0,0,7
1,46,166,65.9,13.8,5,0,0,4
1,47,167,101.1,11.6,5,0,0,8
0,22,180,84.5,10.2,1,2,3,6
1,29,167,85.5,11.4,2,2,3,8
1,29,179,106.2,17.7,3,0,0,9
0,60,160,104.3,17.0,5,2,5,11
1,49,166,108.1,0.0,2,1,-8,14
1,53,194,67.5,18.7,1,2,5,7
1,33,170,76.5,25.7,3,2,4,6
1,55,151,108.3,21.9,1,1,-8,14
0,54,186,58.6,26.6,1,2,8,16
0,56,190,84.9,21.5,5,2,2,16
1,30,163,54.1,23.7,2,0,0,15
0,39,163,101.0,15.9,5,0,0,11
0,59,158,101.3,29.5,1,0,0,16
1,51,171,85.1,15.5,4,2,5,11
0,24,155,102.0,24.8,1,2,4,10
1,53,160,75.3,0.0,1,1,-3,6
1,37,184,70.6,29.2,3,2,6,13
1,24,178,90.3,29.3,4,2,5,7
1,21,169,53.4,0.0,4,2,8,9
1,24,199,64.0,11.6,4,2,8,15
0,58,190,91.5,18.5,4,1,-4,13
1,37,156,86.5,26.6,4,2,4,4
0,43,158,71.8,13.3,3,2,8,8
0,52,181,65.4,22.4,1,0,0,8
1,37,165,100.7,17.6,4,2,2,11
0,60,173,80.6,13.4,5,0,0,14
1,54,187,108.9,11.1,4,2,6,13
0,47,199,74.0,0.0,1,1,-2,5
1,52,179,88.5,17.8,3,1,-6,13
1,19,166,84.6,27.2,5,1,-7,11
1,37,170,56.5,18.5,3,1,-6,13
1,28,176,70.5,16.6,1,1,-6,6
0,37,185,75.9,11.1,1,0,0,8
0,18,192,93.5,28.5,5,0,0,7
0,41,188,102.0,29.0,1,2,6,11
1,50,173,89.5,19.1,2,2,4,16
0,42,175,87.2,15.9,5,1,-2,12
0,53,191,91.3,23.7,4,0,0,14
0,20,190,61.9,0.0,3,2,3,11
1,18,196,105.1,0.0,1,0,0,12
0,42,157,79.1,27.2,2,0,0,13
1,33,172,86.9,10.8,3,2,8,16
0,23,155,90.1,11.6,1,0,0,14
1,26,195,63.0,10.0,4,1,-4,8
1,48,158,75.1,20.0,1,2,5,4
1,43,200,92.3,0.0,3,2,2,13
0,39,154,103.8,14.3,5,0,0,10
0,41,152,84.5,24.6,1,1,-2,6
1,48,172,95.4,0.0,3,0,0,14
1,57,198,65.7,26.5,5,1,-2,8
1,26,181,99.4,18.1,1,2,6,5
1,54,178,106.1,22.3,2,1,-8,16
0,52,190,59.6,0.0,2,0,0,12
1,60,199,74.1,0.0,3,0,0,16
1,52,165,74.7,0.0,3,2,7,7
0,53,164,82.3,26.8,4,0,0,10
0,49,161,56.9,22.2,5,1,-5,8
0,24,192,74.8,27.4,1,1,-3,12
1,20,163,51.5,27.6,3,1,-3,11
0,49,158,59.3,24.5,3,0,0,16
1,56,182,62.2,24.4,2,2,7,16
1,24,194,81.3,13.1,3,1,-4,15
1,24,154,105.9,10.7,5,0,0,7
1,53,184,53.9,25.4,3,1,-8,10
1,23,160,104.7,17.9,1,1,-5,9
1,28,166,97.0,16.0,4,0,0,8
1,53,155,61.1,23.0,3,2,6,4
1,55,188,73.9,21.3,4,0,0,6
1,49,181,103.8,11.0,4,2,3,12
0,41,175,81.5,17.7,3,1,-6,7
0,23,172,59.0,17.8,4,1,-7,16
0,40,169,93.6,17.4,5,2,7,8
1,24,163,99.3,18.8,1,2,2,5
1,28,199,77.5,25.3,3,0,0,16
0,38,157,60.4,15.1,1,1,-8,13
0,19,161,57.4,21.3,5,2,8,8
1,38,172,53.2,18.7,3,0,0,11
1,41,183,80.8,16.8,1,2,6,6
1,60,162,95.2,0.0,1,1,-2,12
1,45,192,55.8,17.5,4,0,0,16
0,28,180,62.6,15.5,2,1,-2,9
0,46,160,108.2,27.8,2,2,6,15
1,59,172,105.9,22.6,2,0,0,11
1,26,180,91.2,22.7,5,1,-7,12
0,56,189,55.3,0.0,4,2,5,16
0,43,152,50.1,21.4,3,0,0,14
0,46,183,72.5,29.9,4,1,-3,15
1,24,193,55.6,26.0,1,0,0,4
0,18,159,85.2,18.1,4,2,5,7
0,39,161,96.3,17.2,5,0,0,4
1,58,153,96.5,23.5,3,1,-8,16
1,34,178,107.8,0.0,2,1,-6,9
0,38,191,70.5,16.6,2,1,-6,14
0,24,162,52.5,0.0,1,1,-2,16
0,60,167,98.9,19.0,2,1,-3,8
1,21,193,74.1,0.0,5,2,4,16
1,22,180,97.4,0.0,1,2,3,9
0,58,163,62.6,18.8,2,1,-8,15
0,28,194,56.9,17.4,4,2,4,13
1,39,162,54.8,20.5,1,2,6,6
1,58,159,101.8,0.0,4,2,6,11
1,55,196,89.5,22.6,1,0,0,15
0,53,191,55.4,26.0,2,0,0,9
1,25,151,64.4,26.7,4,0,0,14
1,37,190,50.5,29.6,4,2,2,8
0,37,194,93.3,28.7,2,1,-6,14
1,35,178,103.6,27.1,4,2,7,15
0,43,150,82.1,10.1,4,2,4,12
1,38,168,105.3,0.0,4,0,0,8
1,22,183,109.4,0.0,1,2,5,4
0,29,160,57.2,15.8,1,0,0,12
1,56,164,82.4,0.0,5,1,-7,15
1,58,199,106.5,13.7,4,0,0,12
1,41,159,99.7,18.5,5,2,3,9
1,24,195,94.2,15.4,2,0,0,4
0,49,164,52.5,29.2,5,1,-7,15
1,23,190,91.4,22.1,4,2,8,8
0,58,155,60.5,27.7,5,1,-2,6
0,34,192,59.1,15.3,4,1,-6,5
0,39,185,73.0,21.2,2,2,4,6
0,30,158,86.8,24.1,4,2,5,12
1,26,186,61.5,12.3,2,0,0,13
0,24,156,94.3,29.9,1,2,8,10
1,18,181,78.6,27.6,1,2,7,7
1,31,183,81.7,23.1,3,0,0,12
1,46,162,54.6,20.7,5,1,-7,15
1,58,195,91.0,17.7,5,2,4,9
1,41,162,95.1,20.8,5,0,0,7
1,48,178,59.9,21.3,3,2,5,12
1,34,159,67.8,21.1,2,2,7,8
1,19,193,57.5,15.5,1,0,0,4
1,28,187,108.9,26.3,2,0,0,10
0,18,169,92.5,10.6,2,0,0,7
1,34,194,74.2,23.4,2,0,0,12
0,50,155,92.7,28.2,1,0,0,14
0,42,165,80.7,11.4,5,2,2,7
1,33,157,109.0,23.0,3,1,-2,16
1,30,166,90.8,23.8,4,0,0,13
1,58,168,66.2,27.1,1,2,5,11
0,39,153,55.7,18.0,3,1,-7,14
1,48,198,91.3,27.1,2,1,-4,15
0,51,151,94.3,17.7,1,0,0,16
0,28,200,58.5,18.2,2,2,8,12
0,42,196,52.5,25.8,1,2,3,14
1,28,166,104.2,29.2,4,0,0,12
1,34,200,79.0,23.1,3,1,-5,7
1,47,191,70.6,15.0,5,1,-5,6
1,52,186,67.7,19.0,5,1,-5,4
0,24,155,68.8,19.2,4,0,0,4
1,25,168,91.9,25.0,1,2,8,12
0,51,188,106.8,15.3,5,1,-7,4
0,37,152,108.6,17.3,3,1,-3,10
0,57,163,78.3,27.6,3,2,2,6
0,40,172,50.6,25.8,4,2,3,13
1,21,171,92.2,0.0,1,1,-5,9
0,25,171,51.4,0.0,1,1,-6,5
1,23,187,74.8,22.4,1,1,-7,7
0,44,194,88.8,18.9,1,2,4,12
0,57,188,92.4,26.2,4,1,-8,12
1,26,152,85.3,26.2,3,2,8,7
0,55,174,88.7,20.5,1,0,0,6
1,38,165,84.3,30.0,3,2,5,10
1,42,171,71.1,16.3,4,2,3,10
0,31,192,106.4,17.3,3,0,0,14
1,56,175,55.3,18.9,2,2,2,7
1,56,157,57.9,20.3,3,2,3,16
1,35,155,81.7,16.9,1,2,8,5
0,49,166,69.2,0.0,3,0,0,12
1,36,194,53.6,13.5,5,1,-6,13
0,29,177,60.9,27.0,5,1,-2,10
1,21,196,92.6,13.1,5,2,6,8
0,25,174,60.6,11.9,4,1,-8,13
1,44,197,62.1,16.0,2,0,0,8
1,59,170,103.2,18.6,4,0,0,10
1,49,180,93.8,15.2,3,0,0,8
1,23,189,76.9,19.1,4,0,0,9
1,34,168,75.9,0.0,1,0,0,7
0,47,164,67.2,24.5,5,0,0,16
0,30,150,80.2,23.2,4,0,0,16
1,28,160,79.6,0.0,3,1,-6,10
0,37,160,60.7,22.9,4,2,2,7
0,60,187,105.5,28.1,1,1,-6,15
1,27,198,94.5,15.1,1,0,0,13
1,32,156,101.9,23.5,4,0,0,8
1,20,163,73.1,0.0,3,1,-8,11
1,55,151,55.2,17.6,2,0,0,8
1,50,192,71.1,22.1,1,0,0,12
1,38,168,90.4,13.1,5,0,0,7
1,38,183,70.5,19.3,4,1,-3,8
1,35,186,72.8,22.4,4,2,4,4
1,30,159,92.6,17.0,3,2,5,10
0,28,193,73.2,11.6,2,0,0,14
1,59,177,50.9,16.1,3,2,5,7
0,36,187,95.7,20.7,2,2,2,16
1,37,151,99.7,17.5,4,1,-7,14
1,22,181,85.5,0.0,5,1,-2,12
1,40,196,94.4,0.0,2,1,-3,11
0,27,182,57.2,25.8,4,1,-3,16
1,31,151,108.9,0.0,4,2,2,14
0,58,194,94.0,26.7,4,0,0,16
1,46,165,97.5,0.0,2,0,0,13
1,42,199,91.3,18.1,2,0,0,6
0,51,174,89.1,12.7,5,1,-7,5
1,59,193,89.7,10.0,3,1,-6,15
0,25,195,62.9,13.2,3,1,-3,4
1,34,192,101.8,21.1,4,0,0,14
0,36,178,93.0,0.0,5,0,0,16
0,44,169,80.4,0.0,4,0,0,7
0,57,166,79.4,24.2,5,0,0,12
0,50,177,95.9,0.0,2,0,0,4
0,47,185,89.1,10.5,4,0,0,16
1,51,184,64.9,22.8,3,2,6,16
1,47,177,89.0,18.5,1,2,5,9
1,38,189,106.1,27.0,2,2,6,10
0,54,160,98.4,20.1,4,1,-5,5
1,20,186,87.0,0.0,2,1,-5,7
1,22,160,67.8,10.1,5,2,6,7
1,27,168,88.5,26.0,3,1,-2,16
0,43,199,101.7,25.6,2,0,0,9
0,25,169,92.1,26.2,1,1,-7,16
1,51,155,99.0,17.3,3,2,8,13
1,33,154,93.6,12.5,1,2,6,16
0,53,167,96.5,24.9,2,2,2,4
1,44,155,55.0,26.4,5,1,-7,11
0,43,200,68.3,23.8,5,0,0,5
1,26,194,102.9,16.8,3,2,2,4
1,39,193,64.1,23.3,4,2,5,7
1,50,191,98.3,0.0,5,0,0,12
1,41,150,75.2,24.9,2,1,-7,14
1,58,197,68.4,13.7,4,0,0,6
0,29,163,52.3,0.0,2,1,-5,6
0,30,168,75.3,17.2,1,0,0,10
1,32,156,52.6,15.9,2,1,-7,15
1,42,162,79.0,21.8,5,1,-6,8
0,19,191,53.8,16.8,4,1,-8,13
1,45,195,67.1,12.2,4,1,-4,7
1,32,158,81.0,12.0,1,0,0,14
0,30,164,75.7,17.2,1,2,6,7
0,60,162,65.4,14.4,3,2,2,6
0,26,191,109.0,20.5,4,1,-2,12
1,59,156,53.0,0.0,3,2,3,7
1,20,184,105.0,20.2,3,1,-5,14
0,48,188,88.2,21.7,5,1,-6,13
0,18,187,51.1,17.6,2,2,8,7
0,51,176,108.8,0.0,3,0,0,11
1,57,173,84.2,0.0,4,2,5,15
1,51,162,65.6,19.2,3,1,-6,12
0,36,176,59.0,23.9,2,2,8,16
0,21,194,81.3,15.6,1,1,-6,4
1,58,157,99.7,18.3,5,2,4,8
0,28,173,90.6,19.7,1,2,3,6
0,29,174,106.9,17.8,1,1,-3,11
1,24,167,54.3,26.4,2,1,-2,12
0,19,177,85.4,22.4,5,2,5,7
1,39,164,61.6,27.2,2,0,0,9
1,39,169,51.6,25.9,1,1,-3,14
1,42,174,104.5,20.5,3,1,-3,11
0,19,169,92.8,26.1,2,2,4,16
0,27,153,71.0,24.5,1,1,-5,4
1,18,188,54.6,25.6,1,0,0,15
0,18,194,104.7,29.0,5,0,0,10
1,49,167,53.8,23.7,4,1,-2,7
0,40,182,69.0,21.8,5,0,0,9
0,53,199,87.0,21.5,5,0,0,8
0,26,158,62.8,29.7,5,1,-2,10
0,31,193,108.7,11.7,5,2,3,11
1,48,200,83.0,12.2,5,1,-5,4
1,31,165,107.4,12.5,3,0,0,12
0,36,193,103.9,25.5,1,1,-3,5
0,29,164,87.9,11.3,2,0,0,6
1,52,169,60.5,29.4,3,2,3,8
0,27,159,57.4,0.0,3,1,-3,15
0,23,181,56.0,17.4,4,0,0,12
1,31,177,109.3,21.3,4,0,0,16
0,28,197,92.6,19.3,3,0,0,13
1,45,185,62.1,28.4,5,2,2,4
1,29,191,88.2,17.2,3,1,-4,5
0,34,170,66.2,13.0,5,1,-6,12
1,35,155,61.1,12.4,3,0,0,15
0,58,169,81.1,24.4,1,0,0,12
0,39,158,64.4,12.2,2,1,-6,15
0,29,152,67.1,0.0,3,2,7,11
1,50,166,92.8,10.5,1,2,4,14
0,46,160,55.3,29.5,1,2,2,5
1,28,192,87.9,28.6,4,1,-7,9
1,56,184,61.7,28.2,2,1,-8,7
0,38,192,99.1,17.1,1,2,8,9
0,56,180,65.5,17.3,1,1,-5,6
1,53,155,54.8,24.6,2,0,0,4
0,51,186,99.4,11.3,2,1,-7,6
1,32,166,67.4,0.0,3,0,0,14
1,36,198,97.4,28.9,5,2,7,4
1,57,176,97.2,17.7,3,0,0,13
0,45,170,55.5,28.1,2,1,-4,4
1,37,163,97.8,17.4,3,1,-6,7
0,21,176,77.2,14.8,5,0,0,13
1,53,181,66.6,24.9,3,1,-4,5
0,50,157,62.3,14.2,1,2,3,12
0,30,182,52.9,17.8,5,1,-6,5
0,59,159,79.8,0.0,2,0,0,9
1,40,178,102.5,0.0,3,0,0,10
1,23,197,85.6,18.9,1,0,0,6
0,38,176,81.8,13.3,5,1,-6,4
1,21,168,99.8,23.5,3,0,0,9
0,21,170,90.8,14.5,2,2,6,6
0,30,180,80.2,11.6,1,1,-3,15
1,57,161,67.8,0.0,1,1,-7,16
1,55,199,51.7,16.3,3,1,-2,7
1,26,155,59.5,25.4,4,2,2,10
1,52,152,108.5,25.0,3,1,-7,14
0,27,152,53.1,0.0,4,0,0,7
0,39,191,52.1,27.9,1,2,2,8
0,32,181,96.2,28.1,5,1,-3,9
1,36,167,98.3,22.8,2,1,-5,5
1,48,150,71.7,17.5,2,2,3,6
1,44,164,85.8,17.3,3,1,-8,11
0,48,178,60.7,11.6,2,2,7,9
1,53,200,75.3,29.6,1,1,-7,8
0,33,168,74.9,17.5,2,2,3,8
0,21,192,86.1,12.0,4,1,-8,16
0,23,198,105.7,19.7,5,1,-2,5
1,23,151,79.3,17.6,4,2,4,11
1,35,171,57.4,11.7,4,0,0,6
0,49,177,95.2,26.6,4,1,-2,16
0,20,183,82.4,18.7,5,1,-5,13
1,59,200,56.0,15.4,1,0,0,14
1,37,191,80.0,22.5,5,2,5,16
0,56,179,105.3,0.0,5,1,-5,11
0,50,199,105.7,0.0,2,1,-4,7
0,39,196,83.4,17.2,2,2,3,5
1,25,165,101.9,18.6,5,2,8,5
0,42,198,99.7,13.5,4,1,-6,10
1,39,186,62.7,17.6,4,0,0,14
0,19,188,70.8,12.9,1,1,-5,5
0,29,178,80.1,0.0,2,2,2,6
0,18,161,103.8,19.5,3,1,-5,12
0,55,166,83.4,12.8,5,1,-2,12
1,41,157,82.0,0.0,5,1,-4,12
0,18,154,81.8,25.8,1,0,0,12
0,39,200,109.8,23.8,2,0,0,4
1,44,191,93.3,0.0,4,2,7,8
1,18,184,106.1,13.7,5,0,0,15
0,59,170,99.0,0.0,1,0,0,10
0,32,180,102.0,27.1,3,1,-8,4
0,29,155,65.1,18.0,1,1,-4,12
0,54,175,76.4,23.1,3,1,-4,7
1,46,177,52.0,0.0,4,2,8,15
1,26,200,83.1,24.2,2,1,-5,9
0,23,195,94.2,26.3,3,0,0,6
0,21,185,92.6,0.0,2,0,0,4
1,39,162,75.6,29.5,2,1,-6,4
1,42,193,55.7,12.2,4,1,-6,16
1,22,167,76.2,26.2,5,1,-6,14
1,50,171,56.0,29.5,3,0,0,10
1,23,183,75.1,29.6,2,0,0,14
0,43,198,64.2,0.0,4,0,0,14
1,38,171,64.8,0.0,4,0,0,7
0,53,200,60.5,14.8,4,0,0,10
0,55,192,55.0,10.4,4,2,6,13
1,26,180,79.3,12.3,2,2,6,6
1,36,157,89.9,0.0,4,0,0,15
0,26,168,67.5,25.6,5,1,-7,7
1,23,187,75.4,20.9,5,1,-4,14
1,48,171,96.3,14.2,3,1,-6,6
0,37,189,93.7,0.0,2,0,0,15
1,24,193,60.2,25.7,1,2,3,12
1,21,181,91.5,27.1,2,0,0,15
1,51,163,68.4,0.0,2,0,0,12
0,49,174,105.2,24.1,1,1,-2,11
0,40,194,65.3,18.7,4,1,-6,13
1,39,155,51.2,16.8,2,1,-3,8
0,31,174,68.8,15.3,2,2,6,15
0,49,197,83.3,20.2,1,0,0,9
0,18,177,53.2,21.3,5,2,2,7
1,60,174,98.5,0.0,3,2,4,12
1,21,184,61.3,29.8,3,2,3,13
0,53,189,63.0,16.4,1,1,-5,13
1,40,167,50.1,22.7,2,2,8,8
1,36,182,63.4,17.1,2,1,-7,13
0,38,164,54.0,18.8,5,2,6,11
1,55,176,65.8,17.4,4,0,0,11
1,45,172,92.3,28.7,5,2,5,16
0,39,193,58.8,0.0,1,1,-8,13
1,48,190,86.1,17.6,1,2,3,5
0,28,166,89.7,11.5,2,0,0,13
1,47,163,50.7,11.6,1,2,3,15
1,38,184,77.0,25.6,3,0,0,14
0,44,178,91.4,26.9,4,2,7,14
1,34,172,96.5,12.6,3,1,-2,9
1,44,186,65.4,10.2,4,1,-7,5
0,39,170,87.8,28.5,5,1,-5,11
1,49,170,84.7,20.9,3,1,-7,10
1,45,187,105.9,17.7,1,1,-5,15
1,21,165,62.2,25.3,4,0,0,16
1,40,170,94.3,13.3,1,1,-4,14
1,22,176,108.9,11.7,2,0,0,13
1,59,186,67.8,0.0,3,2,2,11
0,37,160,82.0,19.9,3,1,-5,7
0,19,173,60.1,0.0,5,2,5,13
0,32,167,105.4,27.6,2,0,0,11
0,48,161,87.6,24.1,5,1,-8,4
0,53,151,89.4,10.2,4,2,6,5
1,22,191,67.5,26.2,1,0,0,6
0,59,176,74.2,11.9,5,2,2,12
0,56,152,75.9,0.0,4,2,8,10
0,26,160,73.8,28.4,2,1,-4,8
1,51,160,108.7,19.6,4,1,-2,13
0,46,160,96.8,23.7,1,1,-5,8
0,54,179,91.9,23.0,2,1,-8,16
0,41,169,100.9,28.8,4,2,2,12
1,19,190,93.5,21.1,1,1,-3,8
1,47,171,77.0,25.1,2,0,0,13
1,57,157,100.7,22.9,4,1,-4,13
1,49,168,104.8,0.0,4,2,7,9
1,48,170,57.6,21.2,3,2,6,16
1,28,160,83.9,24.8,5,0,0,14
1,60,158,102.6,14.4,1,2,8,5
1,38,194,107.5,23.4,1,2,3,6
0,47,164,82.4,22.1,4,0,0,13
1,58,151,50.1,0.0,1,1,-4,9
1,30,183,95.6,26.6,1,2,2,6
0,23,150,54.4,10.4,1,1,-8,15
0,50,200,67.2,27.2,4,1,-6,11
0,51,152,91.4,17.2,4,0,0,11
0,22,197,86.9,26.2,2,1,-6,4
0,36,179,76.8,24.9,5,1,-5,9
1,18,182,108.4,0.0,1,1,-2,6
1,19,151,94.2,20.6,2,2,5,16
0,46,179,74.4,0.0,4,0,0,9
1,51,164,75.4,0.0,5,2,5,5
0,34,151,105.4,10.9,3,2,8,14
1,59,171,92.6,18.4,5,1,-4,15
0,33,187,59.0,12.0,5,1,-2,10
1,47,159,108.1,12.4,3,2,8,11
0,22,162,77.2,24.4,2,0,0,6
1,46,163,75.3,27.5,1,0,0,12
0,57,197,78.7,15.7,1,2,3,13
0,18,176,50.2,20.9,3,1,-6,12
0,18,161,57.4,23.1,1,2,5,13
0,35,183,64.6,24.5,1,1,-2,10
1,24,178,62.6,25.5,4,2,3,15
0,57,185,54.0,28.4,2,1,-7,4
0,51,189,63.7,29.5,1,0,0,13
1,26,182,68.4,27.5,5,1,-8,13
1,60,156,72.9,17.8,1,2,8,5
0,47,198,84.0,22.6,2,2,4,4
1,56,151,81.0,20.2,5,0,0,11
0,44,197,104.5,18.0,3,2,8,4
1,18,177,95.6,10.1,5,2,4,11
1,25,163,97.7,14.1,5,0,0,8
1,35,152,74.1,24.8,3,1,-4,9
0,21,160,75.0,10.1,3,0,0,16
0,57,176,52.6,0.0,4,0,0,16
0,32,196,60.3,25.3,5,2,8,4
1,42,186,73.9,13.7,2,0,0,6
0,44,198,96.0,0.0,1,1,-8,12
0,33,176,82.7,14.9,3,1,-5,16
1,31,160,104.0,29.7,3,0,0,10
1,45,162,87.7,15.1,3,1,-8,7
1,55,181,83.3,24.0,4,1,-7,6
0,52,191,92.1,19.2,4,2,3,4
0,18,166,95.5,20.2,3,2,8,11
1,27,172,83.8,13.1,2,1,-3,16
1,18,186,92.0,18.4,3,0,0,6
1,31,171,53.8,10.9,1,2,2,14
1,58,196,105.6,24.6,3,1,-8,9
1,56,171,59.1,14.4,2,1,-3,14
0,38,162,104.5,15.2,4,2,6,5
0,36,167,52.8,18.6,3,2,2,5
0,31,191,69.9,13.7,4,1,-8,6
0,53,191,56.2,18.0,5,0,0,13
1,33,183,73.8,23.3,4,1,-8,14
0,51,164,90.8,22.7,4,0,0,12
1,54,183,65.9,0.0,4,1,-8,9
0,55,192,107.2,12.9,2,1,-4,12
0,28,198,70.8,0.0,3,2,8,7
1,33,188,51.2,11.9,3,2,7,15
1,57,196,92.2,0.0,1,1,-2,11
0,51,190,79.4,10.7,2,1,-6,15
1,23,158,56.5,20.7,5,2,3,7
1,60,171,79.1,28.4,1,0,0,13
1,26,175,70.9,26.5,3,1,-3,5
1,23,200,52.9,25.5,3,1,-5,12
1,35,188,95.8,24.5,5,2,8,12
0,56,161,67.4,0.0,1,1,-7,10
1,22,191,61.4,25.1,2,1,-5,7
1,55,159,62.6,23.6,4,2,7,14
0,57,184,73.5,14.0,3,0,0,8
0,34,172,84.3,16.3,4,0,0,11
1,50,186,72.4,0.0,5,0,0,13
0,46,194,96.4,26.7,1,1,-2,6
1,27,183,73.0,10.5,1,2,5,6
1,28,188,82.6,29.2,5,2,7,9
0,29,194,95.9,20.2,3,1,-5,9
1,56,183,84.8,16.1,4,0,0,4
1,20,184,78.5,14.8,2,1,-8,14
0,58,171,59.9,21.5,5,0,0,6
0,26,172,104.3,16.9,2,1,-5,15
0,25,157,100.3,29.3,1,0,0,15
0,38,184,97.1,27.4,2,0,0,14
1,55,197,71.2,28.9,3,0,0,5
0,39,183,102.5,14.5,2,2,8,13
0,33,157,99.6,25.4,5,2,2,11
1,40,152,66.8,16.8,3,2,4,7
0,19,171,68.8,14.4,2,1,-6,14
1,24,190,78.7,26.2,1,0,0,6
0,25,197,57.1,0.0,3,0,0,12
0,32,170,54.2,21.8,1,0,0,8
1,20,170,101.5,11.1,4,0,0,4
1,60,164,55.3,23.7,3,2,4,9
0,31,167,103.2,19.5,3,0,0,7
0,48,161,101.2,17.6,2,1,-6,13
0,60,172,78.1,0.0,2,0,0,11
0,33,175,107.3,29.8,1,2,8,15
1,28,181,53.3,22.9,2,1,-8,14
0,38,173,97.7,23.0,2,2,8,16
0,49,180,69.1,28.0,3,2,7,16
0,55,175,52.4,11.4,1,0,0,8
0,46,164,95.1,20.2,5,1,-3,7
0,44,158,73.9,0.0,5,0,0,4
0,29,180,109.8,16.1,1,2,6,6
0,35,192,89.9,0.0,2,1,-4,6
0,55,176,97.9,0.0,2,0,0,16
0,59,186,58.3,25.2,4,1,-2,13
0,58,188,63.7,14.3,3,1,-4,6
1,51,172,68.9,12.7,5,2,4,12
1,23,185,69.8,0.0,3,0,0,16
0,36,157,94.0,16.7,4,0,0,12
0,32,183,80.8,27.8,1,0,0,10
0,42,185,104.0,18.4,3,1,-5,13
0,41,178,95.7,20.3,4,2,8,6
0,42,198,57.0,18.9,5,0,0,7
1,31,166,50.6,12.2,5,0,0,6
1,19,153,51.8,10.1,4,2,4,10
1,45,181,51.6,10.6,5,1,-7,6
0,22,200,88.1,15.4,4,2,5,12
1,36,154,78.3,20.4,3,2,8,14
1,45,197,107.3,16.0,2,2,2,8
0,53,193,109.1,11.5,1,0,0,5
0,18,199,67.8,29.1,1,0,0,10
0,32,186,74.5,21.1,4,1,-3,13
1,39,173,88.6,0.0,3,2,4,4
0,44,151,67.2,16.6,4,1,-6,7
1,41,171,73.0,16.8,5,0,0,6
1,53,177,81.5,23.4,5,2,7,4
1,59,169,86.0,23.0,1,1,-3,13
1,39,173,66.2,0.0,5,2,4,13
0,38,199,100.1,29.1,3,0,0,15
1,53,154,91.8,0.0,1,2,4,12
1,34,194,58.6,12.1,3,1,-2,8
0,35,188,93.2,19.1,4,0,0,13
0,20,178,56.0,25.3,5,0,0,4
1,47,186,64.9,17.5,4,1,-3,7
1,29,175,74.5,16.9,5,1,-3,12
0,23,178,73.2,27.7,2,1,-6,16
1,34,167,78.0,20.6,5,1,-2,11
0,32,190,61.8,28.3,2,2,8,16
1,57,163,108.2,17.2,5,1,-4,14
0,26,156,68.1,24.0,2,2,5,10
0,38,163,56.4,18.0,4,1,-4,8
0,55,179,56.5,12.2,4,2,5,9
0,59,176,90.8,20.9,3,2,7,4
0,57,194,84.9,24.6,5,0,0,14
0,46,161,63.8,16.5,2,2,2,5
1,22,158,65.5,26.9,4,0,0,10
0,31,150,77.9,0.0,2,0,0,12
0,29,153,85.6,18.0,5,1,-7,7
0,34,169,74.6,0.0,3,1,-3,15
0,47,151,56.1,13.9,3,0,0,11
0,53,182,89.1,16.2,1,0,0,15
1,36,161,85.1,19.8,5,0,0,4
1,38,152,96.1,24.8,3,2,7,9
1,28,153,78.2,12.6,4,1,-6,8
0,38,159,55.6,29.8,2,2,4,10
0,37,180,105.3,18.4,4,1,-6,10
0,55,156,106.9,0.0,5,0,0,5
1,43,199,76.5,24.0,2,0,0,7
0,33,199,75.8,19.9,5,2,4,9
1,57,173,106.7,22.0,1,0,0,5
0,39,151,80.9,14.6,1,0,0,8
1,40,151,66.9,18.2,4,2,3,11
0,52,165,92.5,12.5,2,1,-2,7
1,33,153,92.7,19.5,5,1,-4,8
1,19,177,55.9,13.3,5,2,3,12
1,47,185,103.6,17.9,1,2,6,15
0,44,160,91.9,21.0,4,2,7,4
0,45,159,72.5,0.0,4,0,0,7
0,29,164,73.9,16.4,4,2,2,10
1,55,182,108.9,24.5,1,2,8,5
1,51,176,69.8,23.6,5,1,-3,10
0,25,154,54.8,0.0,4,1,-5,11
0,26,189,88.6,14.7,5,2,5,13
0,19,159,63.8,0.0,2,2,4,6
0,20,185,80.5,0.0,1,2,2,12
0,39,186,95.3,18.4,4,0,0,5
1,28,192,99.0,28.4,2,2,2,9
1,55,168,57.6,19.8,5,2,4,11
1,51,181,89.7,20.2,4,2,5,6
1,57,167,91.8,15.2,4,1,-8,4
1,28,186,73.5,11.5,5,2,5,5
1,54,167,71.1,0.0,1,1,-7,5
1,35,158,95.4,18.0,5,0,0,5
1,30,195,87.0,15.3,2,1,-5,10
0,24,175,73.2,0.0,1,1,-6,7
1,33,191,69.5,25.6,3,2,3,4
1,31,161,98.9,10.8,3,2,4,9
0,60,161,88.6,16.0,3,2,8,15
0,57,177,85.4,20.2,5,2,8,7
0,35,162,104.2,26.8,4,0,0,14
0,30,189,108.3,10.8,3,1,-7,15
0,21,170,108.4,0.0,5,1,-2,11
1,54,198,89.4,26.5,3,1,-2,13
0,18,175,54.2,29.8,4,1,-5,6
1,25,185,93.7,25.9,5,2,6,12
0,55,196,106.7,29.0,4,0,0,13
0,30,164,59.6,10.9,4,1,-2,7
1,36,194,89.3,21.7,4,2,6,9
0,24,187,103.4,22.5,2,0,0,14
1,59,164,70.6,19.3,2,1,-5,8
1,48,190,77.7,24.0,4,0,0,4
1,23,153,96.9,19.6,3,1,-6,12
0,43,165,50.4,19.3,3,2,6,9
0,53,179,51.8,0.0,3,1,-2,6
1,59,161,88.8,0.0,5,2,8,10
0,19,183,103.0,0.0,2,2,5,15
1,59,153,64.9,24.8,4,0,0,14
0,18,162,55.0,18.2,1,1,-2,16
0,31,164,66.1,28.0,4,2,8,10
0,44,199,92.1,0.0,1,2,7,10
1,26,166,82.1,19.2,3,1,-8,11
1,19,155,94.1,17.3,4,0,0,13
1,22,161,77.5,22.3,2,0,0,6
0,44,169,68.4,14.0,5,2,2,10
0,46,162,94.1,19.9,3,2,8,14
1,54,159,57.8,25.2,2,0,0,5
1,33,167,72.4,20.8,5,1,-3,4
1,50,161,91.1,25.5,2,1,-2,7
1,47,155,99.6,19.7,2,2,5,11
1,54,173,89.3,21.6,3,0,0,13
0,47,187,65.6,22.4,1,0,0,15
1,32,189,109.1,0.0,2,0,0,6
1,25,167,84.3,24.0,1,0,0,7
0,48,166,92.5,21.8,4,1,-2,9
1,50,199,85.2,19.0,4,1,-2,14
1,41,175,77.7,17.0,1,1,-2,9
1,53,193,77.0,17.0,4,1,-6,12
1,59,178,78.2,20.7,5,0,0,12
1,24,200,89.0,17.3,3,1,-5,5
0,51,185,92.7,23.5,1,1,-5,8
0,30,159,55.1,16.7,3,1,-3,11
0,19,196,100.2,11.5,2,2,8,10
0,28,160,100.0,26.0,4,1,-2,11
1,37,172,57.8,0.0,5,0,0,12
1,36,177,67.6,19.5,3,1,-2,5
1,51,194,109.4,27.1,3,1,-2,6
0,19,195,106.5,24.9,5,0,0,7
0,26,159,61.7,18.8,1,1,-5,15
0,22,153,77.8,18.4,2,1,-2,14
0,41,159,52.4,0.0,4,0,0,4
0,59,200,99.2,13.6,1,2,8,10
0,49,164,51.1,20.1,3,1,-6,9
1,36,164,108.3,14.2,1,1,-2,16
1,33,164,103.9,28.0,2,1,-2,6
0,23,182,107.0,17.6,3,1,-6,16
0,46,150,53.1,0.0,3,0,0,7
1,55,170,54.7,0.0,4,0,0,15
0,28,155,70.2,11.0,2,2,2,13
0,34,170,77.3,25.4,4,1,-3,10
0,20,159,65.6,0.0,1,2,7,8
0,57,181,78.3,29.3,4,0,0,9
1,23,198,73.6,30.0,2,0,0,6
1,28,150,57.8,14.3,5,1,-6,7
1,34,150,84.2,15.6,2,0,0,14
0,24,187,58.8,16.5,1,2,4,7
1,19,196,74.2,27.2,5,0,0,7
1,60,152,64.1,16.9,3,1,-2,15
1,37,173,89.4,0.0,5,2,3,14
1,38,166,66.2,16.4,3,0,0,6
0,52,153,62.2,18.8,1,1,-3,16
1,41,175,72.1,24.4,2,1,-3,8
0,55,160,89.4,28.4,1,1,-5,11
0,23,190,55.9,0.0,3,2,5,13
1,34,153,89.3,0.0,1,1,-8,10
1,22,173,105.1,28.1,4,2,5,14
1,36,159,50.4,15.2,1,0,0,9
1,32,176,69.4,15.5,3,1,-8,5
1,36,197,55.2,10.5,1,0,0,13
1,26,188,95.9,11.9,3,1,-8,6
0,55,154,79.1,28.8,5,0,0,12
1,53,161,63.3,0.0,3,0,0,6
1,38,192,87.5,0.0,3,0,0,10
0,18,153,59.2,0.0,1,0,0,4
0,20,194,76.6,12.9,4,2,8,8
1,30,162,89.4,15.9,5,1,-7,12
0,60,161,99.3,28.3,2,0,0,6
1,38,181,65.5,24.1,2,0,0,11
0,32,156,74.4,12.8,5,0,0,14
1,27,169,52.9,0.0,5,1,-3,8
0,37,173,74.7,16.9,3,1,-6,15
1,24,194,101.8,11.5,2,0,0,14
0,29,186,101.1,29.2,2,1,-5,8
1,32,174,57.0,0.0,3,2,3,11
1,30,166,60.2,25.0,1,0,0,5
1,27,187,71.7,0.0,3,0,0,7
1,21,163,99.7,27.6,4,2,6,6
1,27,200,57.9,10.4,4,1,-7,9
1,53,183,98.8,0.0,2,1,-8,7
1,30,186,107.6,17.8,5,0,0,14
1,52,189,88.2,11.4,3,1,-8,16
1,34,177,55.8,15.7,5,2,7,5
0,43,170,93.5,23.6,5,1,-6,16
0,32,159,90.9,22.8,1,2,7,14
0,54,155,75.6,11.5,5,0,0,16
0,34,172,73.1,14.3,1,2,8,16
1,18,159,74.7,12.1,5,1,-2,15
1,31,179,67.7,26.4,3,1,-2,8
1,58,175,84.7,19.4,3,1,-6,6
1,31,164,101.7,20.7,5,1,-4,14
0,57,151,74.6,27.3,2,0,0,16
0,51,187,53.6,0.0,4,0,0,5
1,32,153,54.7,19.2,1,2,4,9
0,46,198,73.0,18.0,5,1,-8,4
1,34,187,101.4,19.8,5,2,8,12
1,38,182,57.6,29.0,2,2,5,11
0,21,187,71.3,0.0,4,0,0,9
0,25,192,62.2,26.3,2,0,0,7
0,36,191,84.9,22.0,1,0,0,11
1,44,188,96.3,24.7,3,2,6,15
1,30,170,72.7,28.0,5,0,0,5
1,35,157,108.0,22.7,2,0,0,5
1,39,199,66.5,29.4,1,0,0,8
0,44,198,50.8,29.3,3,2,5,10
0,57,173,59.8,29.6,5,2,5,5
1,42,158,86.0,0.0,4,0,0,5
0,44,154,50.7,0.0,2,1,-2,6
1,28,174,68.4,16.2,1,1,-7,4
0,50,175,61.8,14.7,5,1,-2,8
0,31,157,78.7,19.4,4,1,-2,8
1,24,159,109.4,16.7,2,2,3,4
1,42,191,93.4,10.1,2,2,4,15
0,25,187,110.0,0.0,3,1,-2,11
1,41,199,96.8,26.3,2,0,0,9
1,31,163,71.8,19.1,4,0,0,8
1,19,174,90.3,27.5,5,0,0,9
1,53,157,98.8,23.5,4,1,-5,13
1,33,189,94.3,22.5,3,1,-3,12
1,60,159,63.2,24.2,1,1,-2,5
1,56,190,53.4,0.0,2,2,8,12
1,36,157,92.6,15.6,1,0,0,8
1,35,150,59.4,13.0,2,1,-5,14
1,32,163,60.2,22.6,3,1,-8,5
0,60,158,57.0,13.1,3,0,0,7
1,49,191,109.6,21.7,2,0,0,11
0,42,174,76.7,10.3,1,2,8,12
0,40,162,102.4,14.0,1,1,-7,16
0,44,169,76.4,16.5,2,1,-4,16
1,25,158,62.2,16.1,3,1,-7,5
0,37,164,69.1,16.7,1,0,0,11
1,18,194,103.1,0.0,3,2,5,9
0,57,162,53.3,14.5,4,2,4,8
0,34,154,53.3,10.9,5,0,0,16
1,43,187,97.9,27.5,2,2,6,13
1,33,183,73.4,12.2,2,0,0,9
1,27,200,101.8,15.1,1,1,-2,12
0,27,200,102.9,13.0,5,0,0,7
1,51,158,87.4,0.0,1,0,0,14
1,45,192,87.8,16.6,3,1,-2,7
0,58,199,98.7,0.0,5,0,0,15
0,38,187,105.1,21.0,3,1,-7,14
1,57,163,103.1,18.5,1,1,-6,8
0,38,160,89.1,24.0,2,1,-8,13
1,41,154,67.4,0.0,5,2,3,5
0,43,199,79.2,0.0,4,1,-2,5
0,44,170,93.5,0.0,4,2,7,6
1,46,187,89.9,17.2,5,2,3,6
1,57,157,100.1,23.7,3,0,0,14
1,47,176,74.5,11.2,5,2,4,15
0,42,161,55.1,27.1,2,1,-5,5
0,53,168,75.3,16.6,2,0,0,9
1,27,200,80.5,0.0,5,0,0,10
0,26,159,51.9,15.9,1,1,-2,12
1,47,167,76.7,18.3,1,2,5,10
0,58,185,70.8,0.0,3,0,0,14
0,56,195,70.9,29.6,1,1,-3,10
1,25,196,82.0,0.0,2,2,5,5
0,27,189,71.6,13.5,3,1,-7,11
0,35,154,66.6,25.4,3,1,-4,5
0,56,185,108.0,0.0,1,1,-4,10
1,42,161,82.1,20.5,2,1,-2,4
0,43,185,107.6,15.0,3,1,-7,10
1,41,200,59.9,14.6,4,0,0,13
1,33,194,70.8,13.9,1,0,0,13
1,57,158,62.2,17.7,4,0,0,7
0,51,193,78.1,22.3,3,0,0,8
1,53,157,101.6,19.7,4,2,3,7
0,23,151,81.2,0.0,2,1,-8,14
1,45,174,76.2,0.0,1,0,0,9
0,37,195,51.1,13.2,4,2,6,13
0,26,199,57.2,22.6,3,2,3,16
0,20,175,82.9,11.4,1,1,-8,8
1,34,163,95.6,20.4,2,0,0,11
1,32,170,100.1,12.7,5,0,0,7
0,43,198,93.8,22.4,4,1,-8,14
1,27,197,101.9,12.5,3,0,0,13
1,19,164,66.4,26.1,4,0,0,4
1,57,176,109.6,13.8,3,2,4,6
0,48,186,80.2,25.3,3,1,-8,13
1,52,199,88.8,20.3,4,0,0,7
0,23,172,79.4,10.2,3,0,0,5
1,23,171,84.9,27.5,3,0,0,10
0,40,170,68.4,0.0,2,1,-4,14
0,57,184,71.4,15.1,4,1,-6,8
1,42,199,87.5,21.6,3,1,-7,4
1,31,172,98.8,26.5,1,1,-2,9
1,30,170,71.4,0.0,4,1,-8,9
1,37,159,65.1,20.2,3,0,0,8
0,59,166,97.8,23.1,3,1,-6,13
1,25,175,92.1,29.2,1,0,0,7
0,24,196,80.7,10.1,1,1,-3,5
0,60,185,79.3,17.7,2,0,0,13
1,28,192,87.0,23.4,1,1,-7,15
0,52,193,102.2,29.1,1,0,0,4
0,55,160,72.7,19.1,4,1,-7,4
1,37,176,64.3,23.2,1,1,-4,11
0,29,200,90.8,0.0,5,1,-5,16
1,49,172,77.1,0.0,2,1,-2,8
0,58,179,77.6,11.6,4,0,0,6
1,59,185,74.4,28.0,4,1,-5,5
0,56,153,69.4,0.0,2,1,-2,13
0,51,153,82.9,21.7,2,2,3,5
0,30,156,80.1,0.0,4,2,2,14
1,28,157,79.4,22.5,2,1,-3,4
1,37,188,75.0,0.0,1,2,7,12
0,40,156,61.1,16.6,1,0,0,16
0,32,183,78.6,22.3,3,1,-5,16
0,50,159,86.6,23.2,4,1,-3,12
1,24,161,86.7,0.0,3,2,2,5
0,55,182,71.6,16.6,4,1,-2,11
1,37,151,96.5,10.0,5,2,8,6
1,28,191,82.1,26.1,4,2,3,14
0,31,169,73.2,15.5,1,1,-2,9
1,32,180,91.3,15.8,2,2,3,10
0,58,165,83.3,0.0,5,1,-2,10
1,58,163,77.3,0.0,4,1,-8,13
1,41,196,92.0,11.7,3,0,0,7
0,55,196,106.6,14.9,3,0,0,5
0,47,167,60.7,27.4,1,0,0,4
0,29,196,60.5,24.8,5,2,6,16
0,51,151,88.3,28.8,1,1,-6,9
1,31,178,56.9,27.7,4,2,7,11
0,18,181,57.5,21.5,4,1,-7,5
1,25,154,98.8,15.0,4,1,-3,14
0,46,193,77.2,21.9,5,2,4,10
0,43,196,93.3,10.7,5,2,7,12
1,51,181,72.0,27.8,5,0,0,16
0,59,166,93.3,29.0,1,1,-8,5
0,44,184,101.3,21.1,4,2,8,10
1,57,164,87.9,27.7,2,0,0,6
0,36,198,97.3,29.9,3,2,4,13
1,59,197,105.1,17.2,3,2,4,5
1,59,177,85.1,15.3,2,2,8,5
1,29,150,69.9,29.9,5,2,5,15
0,27,160,103.7,28.1,1,2,5,13
0,56,192,63.3,0.0,1,1,-7,12
0,20,160,99.2,23.7,2,0,0,13
0,54,182,81.4,0.0,5,0,0,7
0,41,181,73.3,21.5,1,1,-6,8
1,41,152,60.9,27.5,3,1,-5,14
0,29,165,83.7,18.8,2,1,-2,4
1,35,189,67.1,13.0,5,0,0,15
1,52,191,101.8,14.9,2,2,4,15
1,24,152,88.5,10.3,5,1,-8,12
0,50,177,78.8,13.4,4,0,0,10
0,23,167,91.9,17.5,4,1,-8,10
0,27,172,109.1,28.1,3,0,0,12
0,50,178,107.2,29.5,4,1,-6,8
1,31,161,92.0,24.9,3,2,7,5
0,27,174,75.5,16.8,4,2,7,9
0,21,192,53.1,0.0,2,2,6,5
1,56,186,103.2,10.1,3,1,-6,9
0,23,158,63.6,0.0,4,0,0,14
1,52,187,89.4,0.0,1,1,-7,14
0,24,154,86.7,29.5,5,1,-6,6
0,19,158,80.7,25.8,2,0,0,8
0,54,200,108.4,15.1,4,1,-4,11
0,52,160,95.5,11.2,4,2,2,8
0,38,158,71.9,25.4,2,0,0,5
1,22,183,88.9,17.2,4,0,0,14
1,26,177,79.0,14.3,1,2,5,12
0,49,184,105.5,26.3,1,1,-4,15
1,54,183,52.2,29.7,1,2,2,10
1,40,198,99.6,28.6,4,0,0,14
1,23,174,51.5,0.0,4,1,-2,15
1,43,160,67.3,0.0,2,1,-4,4
1,48,165,98.5,27.0,1,0,0,6
0,32,197,106.0,11.8,2,2,8,13
1,25,156,52.4,15.7,4,2,3,11
1,32,173,105.9,23.1,2,0,0,12
0,23,169,84.9,0.0,1,1,-2,6
1,39,200,62.5,22.2,3,2,6,12
1,35,158,57.6,16.8,4,1,-2,6
1,23,183,67.3,0.0,5,1,-4,16
1,59,193,99.3,25.8,2,1,-6,11
1,50,150,62.4,0.0,3,1,-2,7
0,26,171,53.6,0.0,5,1,-5,6
0,50,200,93.5,16.2,4,2,3,7
0,49,197,69.6,14.9,1,2,2,14
0,55,171,90.6,26.9,3,2,4,7
1,47,197,62.1,25.4,3,1,-4,15
1,60,178,89.3,12.3,2,1,-5,15
0,32,158,76.8,0.0,4,1,-6,7
0,34,163,87.9,24.5,4,0,0,14
1,46,165,87.9,15.5,5,1,-4,5
1,26,171,70.2,21.5,3,2,6,14
1,44,200,89.3,0.0,2,1,-3,11
1,50,153,96.8,18.3,3,1,-7,13
1,23,196,77.0,24.5,4,1,-4,4
1,28,182,104.1,0.0,4,1,-3,16
0,25,150,91.6,18.7,5,0,0,5
1,42,189,71.6,13.4,2,0,0,8
1,26,167,84.2,13.1,2,1,-2,11
0,45,175,50.3,12.4,4,0,0,11
1,19,197,100.1,28.9,4,2,7,14
1,53,192,79.4,16.6,5,2,2,6
1,35,181,100.9,0.0,4,1,-6,16
0,27,183,102.9,12.5,3,2,5,15
0,50,185,92.4,18.2,5,2,4,10
0,38,199,89.8,11.3,5,2,3,12
0,21,179,95.2,24.0,2,1,-3,12
0,23,164,101.8,24.4,3,2,4,7
1,32,166,69.5,27.4,2,2,5,11
0,52,190,71.6,13.2,2,0,0,11
0,37,180,51.7,19.7,2,0,0,13
0,24,183,104.4,0.0,3,2,8,5
0,25,182,78.0,27.4,5,1,-7,7
0,18,168,109.6,20.1,5,0,0,6
0,32,184,93.0,25.4,4,2,3,6
1,20,193,72.9,10.5,3,1,-2,7
0,51,198,107.2,14.6,3,2,4,14
0,52,200,94.8,22.5,2,1,-4,14
1,49,162,89.2,20.4,4,0,0,12
1,35,177,91.0,21.4,2,0,0,4
0,40,195,98.8,12.9,1,0,0,4
1,33,185,102.0,0.0,4,1,-6,13
1,30,169,91.5,14.0,5,0,0,8
0,51,151,100.1,20.4,5,1,-6,5
1,49,156,73.2,19.8,5,0,0,4
1,21,184,61.6,12.3,2,1,-7,5
1,59,184,75.6,25.9,4,2,4,12
0,27,156,82.0,21.2,5,2,2,10
0,44,161,108.6,0.0,1,1,-8,12
0,41,183,73.0,26.0,3,0,0,9
1,36,151,100.8,0.0,3,0,0,6
1,26,178,94.5,17.3,4,2,7,10
0,24,155,90.2,11.5,1,1,-2,16
0,60,197,77.4,26.0,3,1,-6,13
0,49,172,54.4,10.1,2,2,6,11
0,48,196,96.2,29.4,4,0,0,6
1,45,179,108.9,0.0,4,2,6,6
1,30,155,67.9,14.5,2,0,0,4
1,18,184,88.3,26.9,5,1,-6,12
1,44,175,85.9,22.8,3,0,0,5
1,21,150,99.7,27.6,1,1,-8,6
0,60,179,68.8,25.3,4,0,0,9
1,29,181,96.2,0.0,4,1,-2,15
1,46,187,100.6,13.9,1,2,4,16
0,48,184,77.1,18.1,1,1,-5,10
1,21,193,68.7,19.4,1,2,5,10
0,30,182,53.8,24.1,2,0,0,4
1,26,169,57.3,23.5,4,1,-7,5
1,41,186,93.5,14.0,1,2,4,9
1,32,169,101.9,14.9,1,1,-4,14
0,21,184,86.0,0.0,5,0,0,4
1,44,173,91.4,17.6,1,0,0,4
0,53,196,82.8,24.0,3,2,3,6
0,19,168,95.7,23.1,2,1,-4,10
1,58,161,54.1,18.1,5,0,0,5
0,21,156,58.3,27.0,5,2,4,6
1,34,180,102.9,24.0,4,1,-8,11
1,34,186,87.2,18.4,3,1,-8,15
0,33,169,57.7,0.0,2,2,3,4
0,18,176,106.5,26.4,1,2,5,11
1,46,182,53.6,27.1,2,1,-8,10
0,21,151,101.2,23.6,5,1,-4,8
0,23,199,94.1,25.7,3,2,3,15
0,53,174,50.4,19.5,2,2,6,4
0,27,171,52.8,28.5,5,2,7,10
0,40,198,66.4,19.5,2,1,-3,4
1,22,157,70.9,0.0,5,0,0,8
1,49,153,73.3,19.0,2,2,2,12
1,23,199,87.0,17.1,1,0,0,4
1,38,172,101.2,22.1,4,0,0,11
1,59,186,107.1,14.7,1,0,0,5
1,40,156,108.1,25.0,1,1,-3,11
1,33,156,69.8,11.4,3,0,0,10
0,46,159,76.2,21.6,2,1,-6,13
0,26,163,74.9,21.4,2,0,0,7
1,27,162,70.5,29.9,3,0,0,8
1,40,166,84.1,28.1,4,1,-7,6
0,52,191,85.9,11.8,1,0,0,12
1,26,177,109.5,0.0,3,0,0,14
1,53,194,87.5,0.0,4,0,0,14
0,23,171,86.5,28.2,3,2,8,10
0,24,165,81.9,18.0,5,0,0,13
0,44,184,90.2,15.2,2,1,-2,10
0,45,162,100.6,23.0,2,2,3,7
0,37,164,73.8,13.5,2,1,-5,7
1,48,163,70.0,14.5,3,0,0,8
1,21,177,82.1,20.7,4,1,-6,11
1,54,177,54.6,14.1,2,1,-5,7
1,38,150,93.5,11.5,2,1,-4,9
0,48,183,106.8,12.0,1,1,-5,15
1,35,189,68.9,17.0,5,2,7,16
0,51,193,108.5,0.0,1,2,2,12
0,49,155,89.0,24.8,2,0,0,7
0,31,181,99.0,26.4,3,1,-3,9
0,30,197,73.7,0.0,4,0,0,10
0,34,170,78.3,21.4,3,0,0,13
0,18,160,58.2,0.0,5,0,0,10
0,45,161,79.2,26.4,2,0,0,5
1,55,191,62.5,11.7,5,2,8,9
0,20,151,71.4,24.1,3,2,8,13
0,38,197,92.9,22.0,2,0,0,16
0,22,190,58.8,19.7,1,2,4,5
1,58,173,67.9,29.9,5,0,0,16
0,34,173,66.0,14.4,2,2,2,7
0,53,198,56.1,22.1,4,0,0,6
0,40,182,50.7,0.0,1,2,2,15
0,51,168,52.9,29.3,5,1,-2,5
0,32,175,61.6,27.0,1,1,-6,10
0,60,162,51.1,0.0,2,0,0,5
1,23,187,89.9,0.0,5,1,-3,5
1,50,155,66.9,26.5,3,2,4,6
0,58,191,102.8,27.5,3,0,0,4
1,20,194,79.1,14.8,3,0,0,7
0,23,177,67.7,16.5,4,2,3,12
0,41,151,101.9,14.8,1,0,0,8
1,36,156,89.4,26.0,2,1,-3,9
1,47,195,66.1,27.0,2,2,5,12
0,60,152,84.5,11.0,4,1,-4,16
0,42,167,91.4,0.0,3,0,0,7
0,36,190,64.8,19.3,4,0,0,9
1,45,173,60.4,23.8,4,1,-4,12
0,50,191,72.9,21.2,5,1,-3,16
1,26,152,76.6,10.7,3,0,0,12
0,37,180,95.9,26.3,3,1,-4,5
1,52,192,53.5,25.5,5,2,8,14
0,28,152,100.7,11.9,4,2,2,11
0,39,157,86.5,12.5,5,2,6,15
1,54,199,64.2,21.0,4,2,2,12
1,18,154,89.3,26.7,5,2,8,8
1,37,181,80.2,0.0,5,1,-8,12
0,29,181,102.8,27.0,5,2,6,4
1,24,159,80.3,21.0,3,2,2,9
0,30,190,74.5,12.1,4,1,-3,15
0,41,192,58.8,18.4,3,1,-8,8
0,18,179,50.1,29.5,3,2,3,7
1,54,171,61.3,13.6,4,1,-5,12
0,54,191,75.0,29.4,2,2,8,7
0,22,180,58.4,12.1,5,1,-2,7
0,57,200,80.9,25.1,1,2,4,9
0,23,192,94.0,24.4,2,2,4,13
1,43,157,70.8,26.7,4,0,0,15
0,42,167,94.8,0.0,4,1,-5,5
0,35,155,76.3,17.1,5,1,-6,9
0,53,152,58.1,24.7,2,2,7,11
0,55,179,106.0,23.7,3,1,-4,13
0,32,194,51.4,12.5,1,1,-7,15
1,37,189,51.0,29.7,1,1,-5,8
0,45,177,50.2,0.0,2,1,-3,16
1,32,199,89.4,19.1,3,2,7,5
1,49,160,72.6,15.5,3,0,0,14
1,41,174,62.7,21.1,4,0,0,14
1,54,195,50.6,0.0,2,1,-4,16
0,49,188,78.1,17.2,5,0,0,6
0,27,197,76.6,16.3,5,0,0,15
0,53,158,106.5,14.8,3,2,2,10
0,48,175,60.1,10.2,2,1,-6,10
1,41,154,107.7,16.7,5,0,0,15
0,33,164,96.6,27.4,5,0,0,7
0,32,154,76.8,14.2,2,2,5,8
1,41,156,50.8,19.7,4,0,0,5
0,24,169,63.3,28.4,3,0,0,7
1,37,152,83.9,13.7,5,2,3,11
0,33,158,58.6,25.9,5,1,-5,8
1,26,197,75.7,12.9,4,2,2,15
1,31,163,91.2,0.0,5,0,0,5
1,55,165,73.6,29.0,1,1,-3,8
1,26,158,84.2,0.0,1,2,2,9
0,40,170,107.5,13.2,2,1,-6,13
0,33,157,56.7,14.7,1,0,0,4
0,42,200,84.4,11.7,2,0,0,12
1,56,197,92.5,25.9,5,2,6,9
0,45,168,91.9,0.0,5,0,0,11
0,53,161,91.1,24.9,2,2,3,7
0,43,158,84.2,10.1,2,0,0,13
0,22,197,98.3,0.0,2,0,0,11
1,24,182,98.9,14.1,2,2,4,9
1,35,158,66.2,28.2,3,2,8,15
1,44,176,72.5,21.7,2,0,0,14
0,27,163,50.3,20.7,4,2,5,5
0,35,194,55.1,0.0,5,1,-4,10
1,46,174,99.7,12.3,1,1,-7,16
0,29,177,92.7,17.7,1,0,0,15
0,42,181,96.4,15.3,1,1,-5,11
0,37,190,62.3,23.5,5,1,-4,14
1,38,167,67.7,0.0,1,1,-5,5
1,49,153,99.3,27.2,1,2,4,7
0,60,152,76.0,16.8,4,1,-6,14
1,36,169,98.5,24.0,2,1,-5,8
1,52,177,94.4,10.1,3,2,6,15
1,44,180,104.7,0.0,1,0,0,5
1,33,150,103.8,17.8,1,0,0,9
1,42,160,56.2,23.8,4,1,-8,11
1,29,181,62.7,20.7,2,2,2,9
1,44,174,89.2,27.8,4,2,8,14
0,58,197,88.4,17.6,4,0,0,7
0,38,177,97.9,18.9,3,1,-2,7
0,41,191,100.6,29.0,2,2,4,6
1,49,179,92.9,24.0,2,2,7,10
0,22,155,106.6,16.4,4,1,-7,15
1,46,196,55.5,19.0,4,2,2,7
0,24,176,87.4,27.6,1,2,4,9
1,50,160,80.0,0.0,3,2,8,13
0,55,160,60.8,20.1,1,2,2,15
0,60,185,101.1,14.9,3,2,5,16
0,21,193,99.7,19.2,5,1,-4,10
1,57,165,104.1,19.2,3,2,6,10
1,48,200,80.8,20.9,2,0,0,11
1,25,151,68.4,0.0,4,0,0,12
1,47,157,68.8,28.2,5,0,0,14
1,29,192,105.9,29.0,2,0,0,9
0,47,194,94.3,14.7,5,1,-2,11
0,42,160,80.7,15.1,5,0,0,11
0,42,180,103.6,12.7,1,2,3,4
0,54,166,86.7,11.6,3,0,0,14
0,22,195,77.0,16.4,1,0,0,16
1,26,184,64.7,10.5,2,0,0,10
0,24,196,65.8,17.0,5,0,0,4
1,58,169,65.6,0.0,5,1,-8,16
1,47,151,92.0,0.0,2,1,-2,9
1,26,169,84.5,0.0,3,1,-4,4
0,55,190,87.2,16.5,2,1,-7,11
0,40,154,83.0,29.5,1,0,0,11
1,28,181,78.9,0.0,1,2,7,15
0,25,170,55.2,14.4,5,0,0,5
1,26,185,81.5,26.7,5,1,-4,16
1,50,197,57.0,18.8,3,2,2,7
1,60,186,59.6,10.5,5,2,6,13
0,54,182,79.0,0.0,2,1,-5,12
1,33,177,72.3,17.8,3,2,3,9
1,32,174,56.3,24.6,5,2,8,7
1,42,151,74.2,24.7,3,0,0,5
1,52,159,107.4,22.2,3,1,-8,8
0,59,186,50.9,22.4,3,0,0,7
1,18,154,87.5,0.0,4,0,0,12
0,29,193,104.5,18.9,5,0,0,13
0,21,150,92.0,21.1,4,0,0,6
0,53,165,105.8,18.0,2,0,0,14
1,40,171,61.9,28.1,3,0,0,6
0,22,165,85.8,29.2,5,1,-6,4
0,50,162,96.8,0.0,5,1,-4,15
1,21,173,87.9,19.8,3,0,0,9
1,25,177,76.3,11.4,3,1,-6,8
0,52,194,75.1,16.4,5,0,0,4
1,38,196,78.9,25.2,3,2,5,7
1,42,152,58.0,28.7,3,2,2,12
1,28,157,109.4,17.8,4,1,-3,16
0,58,172,70.0,25.6,3,2,4,13
1,24,170,80.6,23.2,3,2,7,13
1,37,150,72.8,13.6,5,2,8,5
0,32,157,55.5,12.9,5,2,3,6
0,24,159,100.0,17.6,5,0,0,5
1,40,150,71.0,19.9,5,2,5,10
0,28,179,89.9,27.1,1,1,-8,5
1,42,189,54.6,11.9,5,0,0,11
0,36,155,53.5,20.2,5,2,8,15
0,51,193,86.7,10.0,4,2,6,14
1,21,179,101.1,21.8,5,0,0,6
1,53,172,73.6,23.2,1,1,-8,4
0,44,169,65.3,22.5,1,0,0,5
0,32,195,73.2,18.7,5,0,0,7
1,43,179,89.0,0.0,2,2,2,8
1,53,166,76.9,24.4,2,0,0,8
0,20,150,101.9,10.9,5,2,6,16
0,24,156,80.3,10.4,5,0,0,8
0,41,192,105.8,27.4,3,1,-4,4
1,32,156,107.7,12.8,4,2,3,16
0,18,156,91.6,17.6,3,1,-2,5
1,47,191,71.6,10.4,4,0,0,7
1,49,178,65.9,0.0,2,1,-6,6
0,35,200,54.1,10.0,4,1,-4,9
1,31,175,78.1,13.6,5,2,5,5
1,49,169,68.5,17.1,1,1,-4,11
1,23,157,78.1,29.4,4,0,0,10
1,44,152,96.8,25.5,3,2,6,11
1,35,175,108.9,0.0,3,0,0,4
0,36,198,103.6,17.5,5,2,4,5
1,40,186,52.9,0.0,5,1,-2,5
0,23,162,64.0,17.0,4,0,0,11
1,51,198,98.1,23.1,2,2,5,4
1,60,195,93.4,22.8,4,2,6,5
0,28,172,90.2,23.6,5,2,2,13
1,53,162,86.4,10.3,2,0,0,7
0,55,162,54.1,25.2,1,0,0,7
0,26,154,68.2,23.0,5,1,-2,10
1,33,161,76.0,0.0,3,2,3,8
1,56,188,84.9,12.2,3,0,0,15
1,18,181,53.7,0.0,1,2,2,15
0,31,175,97.4,13.1,3,2,5,11
1,29,168,65.9,14.8,4,1,-4,4
0,47,174,60.7,29.9,5,1,-5,8
1,54,157,102.1,18.8,1,0,0,12
0,51,157,91.5,22.9,3,0,0,11
1,43,190,94.3,15.8,1,1,-5,9
0,50,170,54.4,17.5,1,0,0,8
0,20,198,52.5,20.7,4,2,8,6
0,33,180,51.3,11.3,1,0,0,6
0,19,190,54.3,25.7,3,2,3,14
1,40,185,78.1,18.6,4,0,0,6
1,60,180,76.9,17.5,2,1,-3,4
1,20,199,64.0,17.0,5,1,-4,15
1,32,182,103.7,27.7,1,2,7,13
0,35,176,92.6,21.2,5,1,-2,10
0,51,199,58.0,22.7,3,1,-8,12
0,50,163,107.8,10.7,1,0,0,6
1,47,189,97.8,11.4,2,0,0,5
1,53,170,66.0,22.8,5,2,4,9
0,27,168,105.0,22.7,1,0,0,5
0,43,172,96.4,15.3,1,2,3,14
0,20,173,64.1,19.2,5,1,-4,15
1,32,153,99.2,28.5,1,1,-6,9
1,43,164,59.3,24.1,3,2,4,4
1,58,157,73.2,0.0,4,2,7,9
1,39,189,67.9,23.1,3,2,4,12
1,40,165,95.2,11.1,1,1,-6,5
0,58,183,91.9,28.8,4,0,0,10
1,21,177,53.0,21.8,1,0,0,10
0,57,193,63.5,11.7,1,2,6,12
1,48,179,83.4,20.7,2,2,7,6
0,60,196,101.8,26.5,2,2,2,4
0,59,197,102.1,25.5,2,1,-4,16
1,54,184,70.7,13.9,1,0,0,8
0,37,160,73.6,23.9,5,0,0,6
0,55,195,69.2,24.0,3,2,6,5
0,21,194,61.3,28.5,1,1,-5,13
1,58,169,58.2,15.3,5,2,8,7
1,23,195,53.4,12.5,2,2,3,12
1,45,160,98.0,23.2,1,1,-4,4
1,30,184,109.8,11.5,2,2,5,10
0,18,196,76.1,23.7,2,2,5,6
1,23,178,98.4,21.2,2,0,0,5
1,18,169,77.1,0.0,4,0,0,13
1,28,171,71.9,0.0,5,0,0,7
1,48,197,80.4,11.8,1,2,3,15
1,35,185,54.1,28.2,2,2,8,10
0,35,193,78.6,0.0,1,0,0,13
1,38,163,78.8,22.8,3,0,0,11
0,34,179,53.2,23.1,5,1,-4,7
0,44,150,69.7,15.7,2,0,0,4
1,43,171,88.5,0.0,1,0,0,14
0,26,196,68.5,13.7,4,2,2,9
1,24,164,105.1,26.3,4,1,-4,9
0,37,172,91.8,0.0,5,1,-2,7
0,33,199,70.7,26.4,4,2,3,9
1,22,196,89.3,18.2,4,1,-6,10
0,28,186,65.5,27.4,4,1,-6,15
1,31,174,71.0,19.1,1,0,0,7
0,44,197,81.3,25.3,5,0,0,8
1,25,163,69.5,20.6,4,2,8,6
0,40,170,90.5,19.0,5,1,-3,9
1,56,156,100.0,24.6,2,0,0,16
0,18,170,80.1,22.2,3,2,2,4
1,34,163,97.7,16.6,4,2,6,12
0,57,157,59.4,14.9,5,1,-6,7
1,53,196,106.7,23.2,4,1,-2,7
0,57,162,108.8,17.5,2,0,0,7
1,59,198,99.9,21.6,4,2,3,7
1,59,165,67.3,11.3,3,0,0,16
1,27,184,74.0,15.5,2,2,3,6
0,31,189,64.1,16.6,1,1,-5,14
1,25,191,100.8,14.9,1,1,-4,11
0,56,186,67.9,29.6,1,1,-5,10
0,22,157,91.4,29.8,2,1,-2,7
0,55,153,86.6,10.3,5,2,2,13
0,24,169,66.2,19.5,1,1,-7,16
1,21,165,81.1,18.1,4,1,-8,4
0,58,153,65.6,25.0,2,0,0,11
1,47,186,52.1,20.2,4,0,0,7
1,52,197,75.7,22.4,5,0,0,8
1,38,179,63.1,27.0,2,2,6,10
1,44,153,65.1,24.7,4,2,8,12
0,25,162,95.0,0.0,3,1,-6,4
0,47,152,73.8,14.9,1,0,0,10
0,32,190,81.1,0.0,3,1,-7,4
1,23,200,66.3,26.4,1,1,-2,7
1,49,189,63.9,10.8,5,0,0,12
0,36,186,89.1,0.0,1,2,2,6
0,33,190,55.5,11.6,1,1,-2,11
1,53,158,90.3,20.1,1,1,-4,16
1,44,200,53.5,21.1,4,1,-5,12
1,22,169,82.1,16.0,4,2,3,8
1,53,197,95.7,0.0,4,1,-2,11
1,34,163,103.0,24.2,1,1,-2,14
0,37,196,57.3,17.5,3,0,0,12
1,47,196,56.9,18.4,1,2,3,8
1,22,190,99.2,25.9,1,2,6,15
0,28,193,72.5,26.5,4,0,0,11
0,24,152,83.2,26.4,2,1,-5,16
0,43,177,63.6,14.5,1,0,0,4
1,53,180,75.6,20.7,4,0,0,4
1,37,170,70.8,25.4,1,1,-6,14
0,48,175,58.9,14.3,3,0,0,10
0,24,159,78.0,19.9,1,2,7,10
1,39,190,52.8,0.0,1,2,6,11
0,30,164,63.1,18.7,2,1,-5,13
1,33,194,63.6,13.0,5,2,3,6
1,53,191,54.3,20.3,5,1,-8,12
0,31,159,98.3,12.2,5,1,-2,10
1,45,166,87.3,0.0,3,1,-7,8
0,25,196,65.2,12.6,2,1,-3,5
0,52,177,69.2,0.0,5,0,0,16
0,22,169,81.1,11.2,3,1,-4,4
0,37,157,63.8,24.2,1,2,8,8
0,50,177,63.0,18.9,1,2,6,8
0,57,192,53.9,10.6,2,1,-7,9
1,51,185,67.9,13.1,1,2,2,4
1,46,176,57.8,14.4,4,1,-5,13
1,53,151,65.3,18.0,5,2,7,10
0,41,172,55.8,23.3,5,2,4,5
0,40,171,96.2,28.0,5,1,-6,12
1,27,170,59.0,18.6,1,1,-5,7
0,28,185,56.5,25.6,5,2,8,12
1,42,160,95.1,0.0,2,0,0,6
0,30,191,57.1,17.1,3,1,-2,5
0,42,185,99.5,14.0,4,2,8,7
1,22,187,61.6,15.0,5,0,0,14
0,28,176,92.6,10.6,4,2,2,16
0,28,176,107.9,12.9,2,1,-4,14
0,27,160,72.5,26.1,4,0,0,12
1,53,193,66.5,26.3,4,0,0,12
1,26,175,89.5,28.4,5,0,0,8
1,55,195,84.4,28.7,5,2,8,13
0,53,171,56.3,27.5,2,0,0,9
0,48,196,57.6,20.2,3,1,-2,6
0,43,170,87.7,21.1,1,0,0,7
1,28,162,77.0,13.4,5,1,-5,13
0,26,182,59.5,16.4,4,2,5,4
1,39,182,86.1,0.0,5,0,0,8
1,20,166,80.4,28.1,3,2,8,12
1,55,162,89.4,16.0,3,2,2,16
0,57,187,96.9,26.7,2,2,4,10
1,42,185,54.1,16.1,5,2,8,7
0,24,194,62.9,11.3,2,0,0,12
1,22,164,61.3,17.4,5,1,-6,4
0,57,176,83.4,23.5,5,1,-7,15
0,21,155,62.0,22.9,4,0,0,10
0,29,181,89.3,25.6,5,1,-6,6
0,28,190,88.3,11.8,1,2,6,4
0,22,150,89.5,18.3,1,1,-8,5
0,32,182,103.4,12.6,3,0,0,4
1,23,188,69.5,21.7,1,0,0,15
1,21,195,93.7,17.3,5,0,0,14
0,59,181,64.3,27.5,1,0,0,5
1,46,178,89.7,10.9,2,0,0,15
0,52,169,79.9,10.1,4,2,3,10
0,23,189,100.4,17.1,5,2,7,14
1,55,189,55.4,18.6,5,2,8,10
1,37,181,53.4,28.5,1,1,-6,12
1,40,151,100.6,18.9,5,0,0,9
1,60,195,60.0,18.6,3,2,7,10
0,56,180,85.0,14.8,1,1,-8,6
0,36,170,109.9,0.0,1,1,-5,16
0,31,178,103.2,10.2,4,2,8,11
1,46,168,91.5,13.4,3,0,0,7
1,54,150,107.6,22.6,2,2,8,16
0,28,183,101.0,26.9,3,2,5,8
0,32,161,85.7,15.4,2,2,4,16
1,39,160,93.3,17.1,1,0,0,14
1,26,184,99.9,14.5,4,2,3,15
1,52,153,86.5,19.5,3,0,0,10
1,47,181,92.2,18.8,3,2,4,7
0,28,197,93.0,27.6,4,1,-6,14
0,41,161,55.9,0.0,3,1,-2,4
1,56,199,86.7,13.9,4,0,0,13
0,57,177,70.8,11.2,4,1,-5,9
1,58,188,54.3,13.7,2,0,0,13
0,32,167,103.6,0.0,1,1,-8,12
0,54,196,70.3,22.0,3,1,-8,9
1,30,173,79.6,17.6,4,1,-4,6
0,51,164,92.7,24.1,5,0,0,14
1,60,199,94.5,29.7,5,0,0,16
0,34,200,51.4,0.0,1,1,-5,7
0,25,193,53.7,29.7,5,0,0,7
0,48,151,66.3,29.2,5,2,6,8
1,53,158,73.4,10.6,3,2,4,15
0,33,178,65.4,24.4,4,1,-4,4
0,18,182,75.2,19.0,5,1,-6,8
0,49,184,55.3,16.2,3,0,0,8
1,57,178,56.3,0.0,3,2,5,9
1,50,197,82.8,27.5,2,2,3,16
1,30,184,86.6,20.4,1,2,6,10
1,41,182,103.8,19.3,5,1,-2,4
1,48,179,106.4,0.0,1,2,2,5
1,26,159,69.5,28.1,4,2,5,13
1,35,193,68.7,14.8,2,0,0,5
0,30,175,96.6,26.4,1,1,-5,11
0,27,194,87.9,17.9,3,0,0,7
1,51,172,85.3,0.0,2,1,-7,11
0,43,163,100.3,28.2,2,1,-6,5
0,52,196,83.0,25.9,2,2,8,7
1,37,181,92.4,0.0,1,0,0,14
0,53,172,96.4,13.0,2,0,0,15
0,45,198,107.9,20.5,5,0,0,13
0,51,195,62.4,10.7,1,2,3,16
0,49,160,53.4,10.3,4,1,-2,14
0,24,188,83.4,11.4,1,1,-3,5
0,52,160,63.0,0.0,1,2,8,12
1,37,200,63.6,13.3,2,0,0,4
0,42,183,89.8,13.1,2,0,0,13
0,29,162,102.4,10.5,3,1,-7,11
0,38,163,61.2,21.8,2,0,0,13
1,25,155,58.3,15.4,5,0,0,14
1,18,193,82.9,20.3,4,1,-2,12
0,18,176,80.5,23.7,1,2,6,7
0,60,177,81.1,24.5,1,0,0,6
1,45,174,88.8,25.7,5,0,0,12
1,19,151,69.4,16.8,5,1,-5,4
1,23,166,64.8,25.2,3,2,7,8
1,43,189,54.0,0.0,2,2,5,16
1,38,155,66.7,20.4,1,2,8,7
1,56,197,89.8,14.9,4,1,-7,9
1,36,200,62.3,10.6,4,1,-2,12
0,40,154,51.4,19.1,5,1,-3,12
1,22,188,102.8,14.2,2,2,2,11
1,24,164,75.7,24.0,5,0,0,4
0,51,193,90.7,27.5,2,0,0,5
0,27,188,58.2,16.4,3,1,-8,9
0,57,168,94.2,12.4,1,2,4,16
0,55,189,73.6,30.0,5,2,3,9
0,27,166,54.1,13.1,4,0,0,11
0,21,194,84.8,14.5,1,2,8,13
1,48,175,73.2,18.0,4,0,0,7
1,46,151,64.2,0.0,1,2,3,14
1,20,193,107.9,13.4,5,1,-5,6
0,34,195,90.5,28.5,1,0,0,7
1,55,178,105.3,17.7,2,0,0,9
0,47,189,82.9,13.2,4,1,-2,13
0,38,178,74.8,23.9,5,1,-8,16
1,20,153,53.7,15.9,4,0,0,9
1,44,152,104.3,26.0,5,0,0,16
1,43,194,60.3,18.9,1,0,0,5
1,27,179,105.7,18.9,1,1,-3,4
0,29,185,89.7,0.0,1,0,0,9
1,37,189,61.8,26.4,1,0,0,11
1,55,164,73.5,0.0,4,2,4,9
1,59,193,64.0,13.4,2,0,0,13
0,25,165,77.0,10.9,4,2,7,10
0,55,196,76.9,28.9,3,2,2,15
0,23,169,66.5,29.1,4,1,-7,6
1,44,177,73.3,12.2,4,2,4,16
0,26,189,80.3,25.0,5,1,-5,5
0,31,164,63.7,14.3,5,2,3,15
0,58,169,85.5,17.6,4,2,4,16
1,23,175,77.5,27.2,1,1,-3,14
1,19,165,63.8,14.2,5,2,4,6
1,59,174,93.4,11.9,1,1,-6,6
0,30,180,102.3,0.0,5,2,6,11
0,38,175,62.2,21.1,4,2,3,8
0,28,199,54.5,24.3,4,1,-8,8
1,58,179,93.3,14.4,5,1,-3,5
0,21,163,59.8,16.2,2,2,7,6
1,47,199,77.0,0.0,2,0,0,16
1,21,170,66.8,11.6,1,2,5,7
0,58,184,72.1,29.0,1,1,-2,14
1,27,156,99.0,0.0,1,2,5,6
1,34,183,67.2,0.0,2,1,-4,15
1,36,155,76.8,15.4,4,2,3,15
0,53,190,71.2,20.1,4,2,3,9
0,29,172,108.0,10.0,4,2,8,15
0,29,196,61.4,0.0,4,1,-8,12
1,30,196,108.2,0.0,4,2,3,12
0,40,180,63.5,15.1,1,2,8,5
1,30,178,69.3,20.8,5,1,-6,6
1,57,199,106.3,0.0,4,2,3,4
0,52,188,94.5,28.8,4,1,-5,6
1,53,200,63.8,23.7,2,2,5,12
0,41,180,76.7,17.5,2,2,5,5
0,26,159,66.7,14.5,2,0,0,8
0,37,195,94.6,22.9,2,1,-8,9
0,19,194,81.4,19.4,5,2,2,8
1,49,186,83.4,19.2,3,0,0,6
0,20,161,88.4,15.7,3,1,-6,7
0,43,172,54.3,0.0,1,2,7,12
1,43,150,74.3,20.5,4,1,-2,16
1,42,180,104.2,10.6,2,1,-6,5
0,24,194,92.1,11.9,1,1,-5,15
0,31,151,104.7,0.0,3,2,4,7
1,42,154,104.4,28.7,3,0,0,9
0,56,164,69.5,24.5,2,1,-6,16
0,49,175,93.1,17.4,4,1,-2,14
1,28,151,106.8,19.9,5,2,8,13
0,58,156,54.2,24.8,5,0,0,7
0,34,162,81.0,24.8,5,0,0,16
0,28,168,79.3,22.1,2,2,3,15
1,35,155,106.6,25.0,3,2,4,9
0,35,150,64.6,14.8,2,1,-6,8
1,60,168,54.9,0.0,2,1,-5,10
0,55,166,55.3,13.2,2,2,2,5
1,30,182,99.9,29.6,4,1,-6,4
0,24,159,74.2,25.2,3,2,2,7
0,19,188,76.2,15.0,5,2,8,10
1,48,154,95.1,19.0,5,2,8,16
1,40,191,102.2,16.9,3,0,0,10
1,36,182,104.9,20.1,1,1,-5,14
0,48,161,53.5,29.2,5,1,-6,6
0,43,160,93.6,19.3,3,2,5,4
1,34,174,56.1,25.7,5,0,0,6
0,34,150,68.5,20.8,5,0,0,8
1,40,188,98.7,14.8,3,2,8,12
1,46,157,56.3,12.4,3,0,0,9
1,54,186,107.8,19.1,4,2,6,12
1,32,160,83.9,12.2,1,2,4,5
0,55,193,102.0,27.2,4,2,6,6
1,60,180,76.6,15.1,3,2,2,8
1,59,154,103.0,22.9,4,2,5,10
0,24,155,66.1,22.6,2,1,-8,16
0,56,174,61.9,27.4,3,1,-7,14
0,25,160,106.8,14.7,2,0,0,4
1,60,196,71.5,13.6,1,2,3,16
0,32,182,92.5,0.0,4,1,-6,11
0,34,169,65.3,0.0,1,2,6,12
0,34,168,60.3,26.3,3,0,0,13
0,47,156,72.1,28.3,1,2,3,13
1,21,190,98.5,29.4,1,1,-8,13
0,50,159,80.7,13.8,4,1,-2,7
1,33,191,88.8,22.8,2,2,7,16
1,47,174,96.6,22.4,2,0,0,15
0,49,166,65.9,26.6,2,1,-3,13
0,52,182,57.7,18.3,5,2,4,15
0,47,174,86.9,26.7,2,1,-6,4
0,46,175,99.2,15.7,2,1,-6,13
1,53,177,105.0,18.5,4,0,0,16
0,45,191,86.7,14.3,1,1,-6,4
0,28,178,52.7,14.8,4,2,8,4
1,46,151,107.5,17.8,5,1,-3,12
1,36,159,89.9,11.1,2,0,0,7
1,38,160,88.6,20.0,3,0,0,15
0,23,164,104.8,28.1,4,0,0,9
0,43,165,105.1,0.0,4,1,-2,10
1,21,187,65.3,13.2,5,0,0,16
1,55,167,88.1,13.4,5,2,8,16
0,46,191,103.2,25.3,1,0,0,8
0,57,150,87.1,17.1,2,0,0,15
1,32,172,56.9,10.1,3,1,-4,13
1,37,160,96.3,19.6,3,1,-6,9
0,39,174,102.4,0.0,3,2,4,8
0,60,155,84.0,13.2,5,2,8,16
0,58,180,74.0,20.1,4,0,0,4
1,27,200,74.2,21.7,5,2,3,6
1,38,182,66.2,27.1,2,1,-7,14
0,24,185,76.8,16.0,4,1,-7,5
0,20,180,63.6,0.0,1,1,-5,16
0,47,188,96.6,17.1,1,0,0,8
1,37,178,67.1,18.2,1,0,0,16
0,57,178,98.7,0.0,1,1,-2,9
0,43,156,70.2,10.5,4,2,6,15
1,22,200,77.1,0.0,5,2,7,9
0,56,184,65.7,10.7,4,2,7,15
0,49,193,74.9,15.9,5,0,0,8
0,42,193,109.2,12.6,5,1,-2,12
0,42,159,71.1,24.7,5,1,-3,11
0,30,183,52.3,0.0,4,0,0,8
1,54,184,63.4,0.0,4,2,2,10
1,36,183,53.2,14.6,5,0,0,15
0,49,187,65.0,0.0,3,0,0,8
1,48,162,74.7,16.5,4,1,-7,11
1,30,184,66.8,0.0,2,0,0,10
0,44,157,103.3,0.0,5,2,5,13
0,39,187,80.7,29.8,4,0,0,7
1,38,182,97.4,24.8,1,2,6,12
1,29,163,100.2,21.3,3,0,0,8
0,60,170,79.6,16.1,3,1,-4,6
0,52,166,109.0,24.2,4,0,0,15
1,41,197,104.5,27.1,3,0,0,10
1,33,168,97.2,25.2,2,2,8,16
0,25,176,95.5,25.5,4,1,-5,14
1,34,195,107.7,15.8,1,2,2,9
1,49,150,78.4,14.5,3,0,0,4
0,38,171,62.7,16.7,1,2,5,6
1,18,162,88.6,20.0,3,0,0,13
0,56,197,83.9,26.2,4,0,0,16
0,27,173,60.7,13.6,3,2,7,14
0,36,155,101.4,16.9,1,0,0,15
0,52,166,81.3,15.3,3,1,-8,13
1,22,167,90.4,20.1,5,0,0,4
0,45,200,71.1,13.3,4,0,0,9
1,46,156,106.4,23.3,3,2,6,5
0,58,169,99.9,28.5,5,1,-6,4
1,48,183,64.9,0.0,5,2,6,16
0,48,169,76.0,29.3,3,2,3,12
1,46,173,57.1,0.0,4,2,4,9
0,23,187,89.5,14.9,3,2,8,4
1,28,190,53.1,0.0,1,1,-2,10
1,32,169,96.4,24.3,2,1,-2,12
1,32,165,67.3,17.3,1,2,8,9
1,39,194,55.8,12.3,2,0,0,13
0,45,155,109.8,17.0,1,1,-5,7
0,45,157,63.9,25.3,5,2,6,6
1,53,184,57.4,15.1,2,2,3,9
1,23,176,77.2,23.0,5,2,8,5
0,58,187,94.8,10.2,2,1,-4,11
1,52,177,105.4,16.1,1,0,0,4
1,42,156,81.3,11.1,4,2,8,11
0,52,185,102.1,12.4,3,0,0,10
1,38,183,106.5,12.1,1,0,0,12
0,35,159,92.5,29.2,2,2,7,14
1,18,193,57.4,18.7,3,1,-3,9
0,24,155,56.2,14.3,3,0,0,9
0,39,172,83.1,12.7,3,2,4,9
0,56,199,62.4,28.9,3,1,-3,8
0,22,185,71.8,26.2,5,1,-3,16
0,24,170,58.9,20.1,1,1,-3,6
1,21,181,78.9,20.9,3,2,7,13
1,50,172,62.4,15.6,4,2,6,9
0,44,172,63.7,12.3,2,2,7,12
0,32,194,60.6,0.0,2,1,-6,10
0,43,170,103.6,10.7,2,0,0,5
1,19,179,94.6,10.9,4,2,6,15
1,39,191,87.4,0.0,4,0,0,9
0,31,182,95.6,11.0,2,1,-3,16
1,33,171,108.0,0.0,1,0,0,4
0,43,181,60.3,15.9,1,2,2,10
0,56,190,74.5,19.2,4,1,-3,16
1,60,152,55.6,20.8,4,1,-8,11
0,50,152,64.2,13.1,1,0,0,9
0,29,170,63.3,28.9,3,1,-2,9
0,55,162,55.4,0.0,5,0,0,13
1,48,179,50.9,20.3,3,0,0,4
0,56,168,97.6,22.9,4,0,0,10
0,60,167,100.9,30.0,2,2,7,13
1,24,182,83.6,26.4,3,0,0,6
1,60,175,77.9,29.3,1,2,2,8
0,56,151,104.9,14.5,3,2,6,13
0,54,154,88.0,0.0,4,2,4,4
1,30,171,100.4,22.6,2,2,2,11
1,51,162,82.9,16.3,2,2,2,7
0,21,180,75.7,27.5,4,1,-5,5
0,57,158,99.1,20.4,1,1,-3,15
0,39,154,91.1,15.7,1,0,0,10
1,40,184,109.0,19.4,2,0,0,13
0,44,157,51.3,11.7,3,2,6,14
1,33,195,77.2,13.0,3,2,8,6
0,34,153,69.3,18.2,1,1,-5,10
1,47,156,70.2,21.9,2,1,-7,12
1,26,174,85.1,11.3,4,1,-5,4
1,38,160,89.8,21.0,3,1,-2,15
1,46,185,56.1,28.0,3,1,-5,15
0,50,151,103.9,29.5,4,0,0,7
1,26,184,88.5,18.3,1,1,-8,14
1,53,186,73.7,17.9,3,1,-2,12
0,22,179,50.8,10.0,5,2,7,8
1,59,169,80.0,22.7,1,0,0,14
0,54,153,91.9,20.4,3,2,2,7
1,40,177,75.9,14.8,2,2,2,8
1,25,172,61.8,10.9,4,2,2,5
0,57,177,63.1,16.1,2,0,0,10
1,25,160,92.9,26.8,1,1,-4,4
0,38,166,92.1,20.4,4,1,-7,16
1,56,162,60.3,21.7,5,1,-4,4
0,41,187,52.1,0.0,1,1,-2,15
0,57,168,79.4,0.0,2,1,-6,12
1,18,176,87.2,21.2,4,0,0,11
0,18,159,65.2,18.8,5,0,0,10
1,53,161,88.1,17.4,4,1,-7,4
1,49,175,50.4,18.5,4,2,3,9
1,23,186,81.9,26.7,4,0,0,7
1,55,196,106.4,0.0,2,0,0,12
1,46,182,60.9,16.7,2,2,2,9
1,34,176,97.3,20.7,2,2,6,15
1,49,163,74.7,19.3,3,2,6,8
0,26,187,107.5,10.1,4,0,0,16
0,46,153,52.9,13.9,3,0,0,10
1,55,193,109.1,20.0,1,0,0,8
0,21,162,93.8,28.6,3,2,4,12
1,25,175,102.0,25.0,2,2,2,12
0,38,200,76.9,15.7,2,1,-3,13
1,47,167,109.8,20.3,3,2,8,16
0,19,167,101.0,20.2,1,1,-4,16
0,55,156,108.5,19.4,5,0,0,16
0,52,200,102.1,0.0,2,2,2,13
1,48,172,61.5,11.5,5,2,5,13
0,27,171,108.8,20.0,1,1,-3,10
0,28,193,82.7,0.0,2,2,5,10
1,30,155,63.9,24.3,1,1,-3,16
1,48,197,74.8,18.5,2,0,0,15
0,56,170,74.8,20.8,4,1,-5,10
0,49,189,68.0,23.9,2,0,0,11
1,32,200,83.4,23.1,4,0,0,8
1,34,189,87.7,28.1,5,1,-7,4
1,43,158,108.4,15.6,4,2,6,15
1,21,179,67.5,18.4,4,0,0,15
1,51,180,80.6,29.0,4,2,8,7
1,27,180,70.0,14.2,3,1,-6,7
1,27,160,52.9,17.7,3,1,-8,14
0,49,162,79.9,13.8,4,2,2,8
0,25,160,107.1,10.9,3,0,0,7
1,51,165,101.7,16.1,1,0,0,13
1,47,163,53.9,29.1,5,1,-3,15
0,40,191,73.2,10.4,2,1,-8,11
1,19,194,109.4,11.9,5,2,6,10
0,18,199,90.7,23.2,5,2,3,14
1,31,152,108.7,16.7,1,2,8,14
0,50,196,64.2,19.5,5,2,7,9
1,48,165,93.3,11.8,3,2,4,14
1,33,172,54.2,21.2,3,2,5,9
1,33,150,69.7,0.0,5,1,-7,5
1,46,176,72.5,21.7,4,0,0,11
1,48,155,80.1,24.6,4,2,2,16
0,31,168,72.9,10.2,5,0,0,4
0,27,190,50.1,20.6,5,2,2,11
0,22,198,78.8,23.8,5,0,0,14
0,33,160,106.3,29.0,5,2,3,10
1,59,156,52.1,21.6,2,0,0,11
1,33,159,84.3,20.5,1,1,-7,9
1,28,182,58.3,19.4,3,0,0,10
0,31,159,50.7,24.5,5,2,7,9
0,40,170,58.0,11.0,2,0,0,5
0,52,200,96.7,14.2,4,0,0,16
0,47,184,100.9,0.0,5,1,-2,15
0,57,161,93.8,13.9,3,2,8,9
1,21,166,72.1,11.3,1,0,0,4
0,33,167,79.0,12.3,2,2,2,12
0,25,173,88.9,19.5,4,0,0,13
0,56,193,52.6,23.1,3,0,0,14
0,30,190,67.5,0.0,3,1,-7,7
1,38,164,50.7,10.6,5,0,0,4
1,38,188,97.8,18.4,3,0,0,14
0,58,157,78.8,18.0,1,1,-3,11
0,29,167,92.9,11.8,2,1,-6,16
0,45,159,89.3,18.3,2,1,-6,8
0,51,151,61.7,14.9,4,0,0,14
1,42,174,76.6,25.8,2,0,0,12
1,41,188,66.0,25.7,1,2,8,16
0,40,176,94.8,20.1,1,1,-5,16
1,20,181,67.2,25.4,4,1,-6,14
0,48,188,58.8,26.6,1,1,-5,15
0,40,184,60.5,29.2,3,2,3,9
0,51,191,52.2,16.4,2,0,0,5
0,47,183,109.1,14.9,3,1,-8,8
1,46,183,66.1,10.1,3,0,0,13
1,43,184,53.0,0.0,1,2,4,6
0,37,171,82.8,18.9,5,0,0,14
1,24,195,84.7,17.5,5,2,7,6
0,22,185,58.9,24.5,1,1,-7,6
1,59,154,102.7,15.6,2,2,4,15
0,58,194,105.5,15.0,2,1,-5,7
0,28,176,95.4,23.3,1,1,-6,9
0,48,169,92.7,10.8,3,0,0,16
0,59,165,83.2,15.4,2,2,7,12
1,21,163,93.0,11.8,4,0,0,16
0,30,183,87.3,0.0,3,0,0,13
1,47,161,79.8,14.9,1,2,4,13
1,28,198,70.3,14.6,4,0,0,7
0,60,166,68.5,0.0,2,1,-7,10
1,19,157,90.2,16.0,2,0,0,15
0,30,192,104.2,21.8,1,0,0,7
0,26,175,54.8,13.6,1,1,-5,8
0,27,154,64.0,16.5,5,0,0,4
0,48,165,58.5,28.0,4,1,-6,5
1,30,151,91.8,22.3,4,1,-6,10
1,25,193,108.6,23.2,4,1,-4,11
1,33,200,97.6,0.0,3,0,0,5
0,37,172,79.4,26.7,2,0,0,8
0,57,195,94.8,23.7,5,1,-7,14
1,19,185,91.2,24.9,5,1,-4,15
0,21,151,98.0,29.4,1,2,2,12
1,52,172,88.5,27.6,2,0,0,8
0,42,178,72.0,27.8,4,2,3,7
0,33,195,101.7,23.0,2,2,8,5
1,49,187,57.1,17.3,2,1,-6,12
0,31,165,84.8,0.0,4,1,-4,8
1,48,187,61.4,12.1,1,1,-3,15
0,40,178,97.4,0.0,1,2,6,7
0,27,193,76.2,12.3,2,1,-6,10
0,40,170,52.8,29.5,5,2,5,4
1,51,188,97.7,21.9,1,2,8,5
0,60,166,101.5,26.0,4,1,-5,13
1,20,158,82.8,16.9,3,2,4,14
0,58,166,63.9,24.5,3,0,0,5
0,19,198,85.2,14.0,4,0,0,5
1,54,184,104.7,0.0,3,2,3,16
1,49,177,74.5,15.1,1,0,0,6
1,58,179,86.6,0.0,5,0,0,9
0,19,184,79.6,26.9,3,2,3,14
0,55,164,56.5,0.0,5,2,7,15
1,48,183,99.0,28.1,2,2,6,16
1,22,155,89.1,0.0,4,0,0,15
1,30,171,106.7,20.2,4,0,0,10
0,58,193,75.0,10.4,2,0,0,9
0,28,181,105.7,23.0,2,2,3,14
1,38,150,71.0,24.0,3,0,0,12
0,51,160,93.6,11.1,4,2,5,9
0,32,192,55.8,29.6,1,1,-5,10
1,51,169,107.7,10.6,1,1,-4,9
1,44,191,98.3,17.0,4,2,5,9
1,30,177,94.0,26.4,5,1,-5,15
1,40,164,106.6,23.2,1,0,0,8
0,54,170,62.7,0.0,3,1,-7,4
1,56,182,98.9,0.0,1,0,0,6
1,57,191,64.2,26.3,5,1,-8,12
0,59,154,104.4,0.0,3,2,5,7
1,31,192,59.2,0.0,5,0,0,10
0,52,178,52.1,16.3,3,2,4,6
1,22,174,96.1,0.0,2,2,8,8
0,41,158,51.5,23.1,1,1,-3,7
0,40,153,97.0,0.0,4,2,5,8
1,47,182,63.9,10.4,2,0,0,16
0,54,196,97.9,25.5,2,2,7,12
1,56,188,69.1,19.3,4,0,0,5
1,38,153,70.1,15.9,3,1,-6,6
1,29,191,108.1,16.4,5,0,0,6
1,53,189,89.8,18.3,2,2,7,5
0,44,179,87.8,12.7,3,1,-6,11
0,27,158,109.7,25.2,2,0,0,8
0,39,196,83.4,18.6,4,2,3,14
1,49,171,71.9,11.9,5,1,-7,15
1,46,197,87.4,10.8,3,2,4,11
1,32,162,108.8,17.6,1,2,8,8
1,58,174,51.3,20.5,5,1,-7,11
1,24,162,104.8,13.6,3,0,0,13
1,58,168,58.9,22.6,3,1,-4,7
0,31,195,79.0,28.4,4,0,0,16
1,30,175,61.7,22.2,5,0,0,7
0,43,195,52.6,11.8,1,1,-6,7
0,57,183,60.9,13.3,2,2,2,11
1,46,153,63.3,11.8,3,0,0,16
1,35,173,75.4,13.0,3,2,3,4
1,56,169,103.1,10.2,2,2,3,8
0,31,161,53.6,28.6,5,2,7,16
0,30,179,73.9,20.3,1,1,-3,8
0,50,169,84.8,12.3,5,1,-6,6
0,49,171,73.2,15.7,3,0,0,8
0,43,180,70.6,26.4,3,0,0,12
0,34,189,100.2,0.0,5,1,-3,14
1,31,189,97.8,20.6,4,0,0,4
0,53,180,74.5,20.6,1,1,-4,14
1,44,193,89.4,17.8,2,1,-3,11
0,29,161,56.7,17.0,1,2,4,12
0,40,189,74.8,17.2,4,0,0,15
1,24,178,108.9,12.7,2,2,6,8
0,59,200,56.7,22.9,2,1,-3,10
0,38,177,70.4,24.3,1,2,6,7
1,36,177,76.3,23.0,4,2,6,12
1,55,171,73.9,23.7,3,0,0,5
1,39,152,79.4,17.4,5,2,8,16
0,47,167,58.1,0.0,1,1,-7,7
0,47,159,97.8,15.5,5,1,-6,13
1,32,182,96.7,0.0,2,2,5,12
0,46,171,90.1,23.2,5,2,3,10
0,47,190,102.3,22.7,4,0,0,11
0,28,180,109.8,16.8,3,0,0,4
1,47,160,59.5,0.0,3,2,5,15
1,39,167,88.9,18.2,2,0,0,16
0,31,151,97.3,22.3,1,0,0,15
0,34,174,55.7,24.7,3,2,4,8
0,30,163,57.5,0.0,4,0,0,12
0,36,154,85.0,0.0,5,0,0,16
0,32,179,62.8,12.2,3,0,0,12
1,21,151,80.2,18.0,4,1,-4,10
1,35,182,71.2,16.9,1,2,8,6
1,29,180,56.3,17.1,1,1,-6,8
0,36,190,78.6,0.0,2,2,3,12
0,28,194,55.9,16.4,5,1,-5,8
1,46,151,64.2,15.1,3,1,-5,8
0,53,161,98.3,0.0,4,1,-8,14
1,44,168,92.4,10.5,4,0,0,10
0,56,197,106.7,22.9,3,1,-4,14
1,27,159,98.7,21.7,1,0,0,13
1,23,176,90.5,0.0,5,0,0,13
0,41,157,68.1,16.1,1,2,6,7
1,24,193,54.1,20.0,5,2,4,15
1,36,197,108.7,22.1,4,1,-3,7
0,27,153,67.2,13.3,2,1,-2,12
0,22,184,78.8,29.9,3,1,-3,12
0,19,172,83.2,22.5,5,2,7,14
1,20,168,55.9,18.0,2,2,6,16
1,52,164,105.9,28.1,2,1,-7,10
1,37,199,62.2,12.2,5,1,-7,4
0,30,195,72.8,0.0,1,0,0,10
1,59,155,91.1,23.9,3,1,-3,5
0,56,174,104.2,17.8,2,0,0,9
0,35,180,102.0,19.2,5,0,0,16
0,23,181,53.0,17.2,2,1,-5,7
0,26,182,104.4,25.0,4,0,0,15
1,42,154,91.1,16.0,1,1,-4,8
0,58,166,98.3,10.8,4,1,-8,13
1,40,174,61.5,21.5,2,2,2,12
0,44,152,74.2,23.6,5,0,0,9
1,18,155,76.3,0.0,2,1,-6,12
1,31,171,107.1,25.6,4,1,-7,9
1,37,196,65.5,18.3,4,1,-5,5
1,46,167,75.9,21.1,2,2,3,14
0,25,186,108.3,0.0,2,0,0,13
1,46,191,102.9,13.4,3,1,-5,8
0,21,200,97.0,19.4,2,1,-4,16
0,35,155,68.6,14.3,5,0,0,15
0,25,156,93.0,26.0,3,2,8,11
0,42,180,88.5,14.4,2,1,-4,15
0,40,184,62.9,13.1,2,0,0,12
0,28,188,62.7,25.5,3,0,0,9
0,21,164,84.0,27.3,3,0,0,9
1,40,166,108.5,10.3,2,0,0,9
1,45,164,99.8,0.0,3,2,4,15
1,51,171,63.2,12.6,4,0,0,16
1,20,198,71.0,17.3,4,1,-3,11
1,44,183,100.9,27.2,1,2,4,4
0,50,191,95.9,0.0,1,0,0,11
0,29,159,65.7,16.3,2,2,5,8
1,57,176,77.6,28.1,4,0,0,15
1,21,188,55.5,15.6,1,0,0,7
1,47,174,88.6,25.5,4,2,8,7
0,39,194,52.5,22.0,4,2,2,13
0,46,174,104.6,10.9,3,0,0,5
0,58,183,91.7,22.8,3,1,-3,15
0,27,161,83.4,29.3,3,0,0,13
0,35,183,72.8,18.0,3,2,3,13
1,47,193,72.0,18.1,5,0,0,7
0,25,185,108.6,13.6,5,1,-3,16
1,52,164,56.3,11.3,3,1,-8,5
0,52,196,92.2,23.5,5,0,0,5
1,20,184,94.0,0.0,5,0,0,7
1,58,173,88.2,0.0,1,2,2,9
0,37,188,100.7,0.0,2,0,0,6
0,20,183,66.2,26.7,4,1,-6,11
1,19,186,105.7,0.0,3,0,0,11
0,24,192,108.1,20.6,5,1,-8,8
1,30,179,107.6,14.9,1,1,-8,6
1,19,183,59.9,20.3,5,2,5,15
0,41,191,102.4,21.6,5,1,-7,11
0,60,152,59.2,10.5,4,0,0,7
0,51,150,75.4,25.2,1,2,4,9
1,28,179,64.6,18.2,2,1,-7,14
0,33,174,72.1,15.3,3,2,8,11
1,46,161,84.7,29.2,3,1,-5,13
1,24,150,71.9,22.1,5,2,7,10
1,21,190,76.7,13.0,2,0,0,11
0,31,169,52.2,17.0,3,0,0,14
0,42,177,52.6,15.2,4,0,0,14
1,29,191,94.4,28.3,5,0,0,12
0,22,180,107.8,15.8,1,0,0,10
0,29,182,58.3,11.3,5,0,0,4
1,38,174,100.8,17.5,2,1,-4,5
0,19,191,63.3,13.7,4,0,0,6
0,56,180,76.3,29.8,2,0,0,9
1,24,197,81.2,0.0,4,1,-5,16
1,50,165,97.9,12.5,3,2,7,13
1,27,177,98.3,20.5,5,1,-6,10
1,32,164,104.0,11.7,1,2,5,6
1,52,176,84.5,15.7,2,1,-6,10
1,19,170,70.6,11.9,1,0,0,16
0,33,155,70.8,24.0,2,1,-8,10
1,48,198,70.9,11.4,1,1,-5,6
0,51,155,106.7,24.5,3,2,6,10
1,42,187,91.0,21.8,5,2,7,12
1,45,191,68.4,18.4,1,2,8,8
0,57,180,97.2,0.0,5,1,-7,11
0,40,187,54.3,11.8,1,1,-3,11
0,30,175,86.5,16.7,5,0,0,15
0,19,164,67.6,26.8,4,0,0,14
0,43,189,104.0,14.2,1,1,-5,11
0,18,193,86.1,0.0,3,2,3,15
1,18,172,90.1,27.5,5,0,0,4
0,38,171,57.2,11.8,3,1,-5,13
1,42,187,103.9,23.5,3,1,-4,4
0,59,182,96.9,16.8,2,0,0,5
0,47,178,102.3,24.2,2,2,8,10
1,46,167,85.1,27.3,5,0,0,5
0,25,150,76.8,16.3,2,2,6,10
1,41,177,97.9,15.1,2,1,-3,6
1,20,176,57.0,16.9,5,1,-2,10
0,56,154,86.0,0.0,1,2,4,7
0,24,174,84.4,15.2,2,2,7,12
0,48,166,74.4,21.5,2,0,0,8
0,40,182,103.8,25.4,2,0,0,6
1,20,152,64.4,20.6,5,1,-6,10
1,24,181,78.4,24.5,1,1,-6,9
1,22,159,85.9,12.1,4,0,0,8
0,18,176,103.8,0.0,4,0,0,4
0,50,194,64.8,13.6,2,2,6,8
1,32,155,75.0,24.2,1,1,-7,5
1,45,192,95.6,23.4,5,2,7,13
1,21,158,69.4,29.4,5,2,2,8
0,18,191,92.7,23.8,1,0,0,16
1,60,188,52.4,11.8,1,1,-3,12
1,43,160,80.7,0.0,5,0,0,7
0,31,181,73.5,0.0,2,1,-7,15
0,45,165,83.1,14.2,3,2,3,10
1,47,200,65.2,0.0,5,2,6,8
1,26,194,85.1,0.0,5,0,0,12
1,58,151,82.6,29.6,4,0,0,14
0,54,168,62.7,26.4,2,1,-7,7
0,31,185,96.8,17.7,4,2,6,15
1,31,158,105.0,19.5,3,0,0,7
1,22,175,59.4,0.0,4,0,0,14
0,29,154,79.6,22.4,4,0,0,11
1,21,194,61.3,18.9,1,2,4,4
1,40,185,83.5,17.0,4,2,2,4
1,44,153,101.0,15.0,3,0,0,16
0,22,167,50.0,0.0,3,1,-4,5
1,39,175,74.2,29.6,4,2,8,6
1,29,150,93.5,28.0,2,2,8,16
1,51,176,97.2,12.5,1,0,0,15
1,31,177,99.3,12.3,5,1,-2,15
0,37,187,68.4,26.4,4,2,5,6
0,39,174,79.5,17.8,1,2,5,15
0,28,192,99.4,11.9,1,1,-2,12
1,57,197,108.1,20.2,2,2,2,7
0,54,155,97.9,0.0,3,0,0,7
0,52,158,84.3,26.9,1,2,5,10
0,40,199,73.7,0.0,3,2,2,4
0,53,175,57.0,19.1,1,2,8,15
0,32,180,105.0,15.0,5,2,3,10
0,60,166,81.0,25.1,3,2,6,5
0,34,155,61.1,24.3,5,2,7,5
0,25,168,53.6,16.4,2,1,-7,8
0,41,155,74.5,26.8,4,1,-8,11
1,27,182,53.3,19.0,4,2,8,16
0,23,192,58.3,26.8,3,1,-6,7
0,39,197,106.9,18.0,4,2,6,8
1,50,160,80.0,28.2,5,0,0,9
1,24,160,89.4,21.9,2,1,-4,6
1,44,193,67.4,11.8,4,0,0,14
0,20,177,87.7,24.6,5,0,0,7
1,30,159,72.8,0.0,3,2,5,6
1,56,178,86.9,23.5,3,1,-4,14
0,22,161,109.5,15.4,4,0,0,7
0,25,187,103.3,0.0,1,2,2,15
1,57,198,84.8,22.0,3,0,0,10
1,30,198,100.2,28.1,5,2,4,7
1,22,188,71.4,13.1,1,0,0,6
0,30,173,51.8,12.9,5,2,8,7
1,34,156,69.5,29.7,3,1,-4,16
0,50,169,109.8,26.0,2,2,2,12
1,56,151,103.7,0.0,4,2,6,11
0,41,174,73.5,29.6,2,2,3,10
1,54,158,58.5,21.0,5,0,0,5
1,53,157,79.6,15.5,1,1,-2,15
1,31,176,89.0,16.9,5,1,-7,9
0,49,175,65.2,16.4,5,0,0,16
0,29,164,92.3,24.0,5,1,-2,9
0,31,181,109.7,0.0,4,2,2,15
0,26,196,96.5,18.2,2,2,8,9
1,35,181,81.7,10.4,4,1,-3,11
0,18,167,106.8,17.6,3,0,0,13
1,21,196,107.0,17.8,1,1,-4,16
0,32,199,93.4,14.8,1,0,0,4
1,29,170,88.7,28.6,1,2,8,13
0,26,192,72.2,15.0,4,2,2,4
0,31,195,80.8,24.3,3,1,-4,8
1,26,174,103.1,16.9,3,1,-8,7
0,23,169,100.7,0.0,3,1,-7,13
1,43,195,98.1,10.7,1,2,2,4
1,50,178,105.0,17.3,2,0,0,7
1,47,156,62.1,18.3,5,1,-8,8
1,44,159,102.3,29.7,5,1,-4,6
1,38,184,61.5,16.5,5,0,0,10
0,59,168,80.4,15.6,1,0,0,11
0,21,170,94.2,16.9,1,2,2,15
1,19,155,97.7,18.7,4,1,-7,6
1,39,157,55.0,12.6,1,1,-6,16
0,40,192,54.2,20.0,4,2,5,10
0,60,158,86.7,20.1,2,1,-6,16
1,21,186,68.0,0.0,2,0,0,15
1,31,159,109.8,11.4,4,2,6,15
1,31,190,70.7,28.7,1,2,2,6
0,31,153,84.7,14.0,1,1,-6,12
1,49,166,97.2,27.0,4,1,-2,7
1,23,200,95.4,29.8,1,0,0,13
1,39,154,107.1,14.6,1,1,-7,6
0,36,183,106.7,15.6,5,0,0,7
0,41,152,108.7,13.3,3,0,0,15
0,38,182,71.1,27.0,5,1,-7,9
1,35,174,85.0,13.1,2,0,0,10
0,42,155,71.1,10.6,2,1,-2,11
1,52,157,68.0,25.1,2,0,0,8
0,32,169,82.3,27.4,5,2,7,6
1,29,170,57.1,29.1,1,1,-6,8
1,26,178,56.9,17.5,2,0,0,11
0,48,187,85.1,19.0,5,0,0,10
0,37,160,65.0,19.6,3,1,-2,11
0,54,157,108.7,20.7,5,2,2,4
1,30,197,51.6,23.5,4,2,2,9
1,44,187,63.1,13.8,3,2,7,9
1,26,180,64.6,13.7,1,2,4,7
0,42,180,66.7,18.4,1,0,0,16
1,25,199,68.1,10.2,3,0,0,14
0,19,154,93.6,24.8,3,0,0,10
0,31,179,67.6,0.0,1,2,2,8
0,51,171,61.5,0.0,2,1,-5,4
0,53,172,69.7,25.7,3,1,-5,15
0,43,162,103.5,23.0,2,1,-4,5
1,46,158,86.0,26.3,4,2,5,16
0,48,164,69.8,29.4,5,2,7,10
1,36,159,100.6,13.2,1,0,0,6
1,25,187,90.0,10.4,4,2,2,12
0,35,191,56.0,15.4,3,2,6,6
1,57,157,88.6,24.2,3,1,-4,12
1,58,188,77.6,0.0,4,0,0,15
0,30,198,106.5,18.0,2,2,6,6
1,18,185,97.1,23.9,5,0,0,15
0,54,197,101.6,18.7,3,1,-6,4
1,43,171,62.2,29.6,1,1,-7,13
0,53,193,57.7,20.7,3,0,0,11
1,40,168,101.5,21.6,4,1,-5,7
0,26,179,73.9,27.3,5,1,-3,9
0,50,195,100.1,13.2,2,0,0,8
0,42,177,66.9,18.6,3,0,0,14
0,21,180,55.8,11.8,4,2,7,10
0,60,157,97.4,13.9,5,1,-5,9
1,21,187,103.9,16.0,5,1,-3,7
1,30,161,90.9,18.8,3,0,0,9
0,29,163,50.3,16.3,1,1,-4,5
1,22,188,76.4,28.6,2,0,0,16
1,48,160,73.7,23.5,3,0,0,8
0,20,186,60.6,24.7,3,2,2,16
1,29,200,66.9,0.0,3,2,8,6
1,24,169,100.9,11.5,1,1,-6,16
1,26,194,78.0,15.3,3,0,0,13
1,41,178,88.7,12.4,5,2,4,14
0,23,176,76.5,19.7,4,1,-7,4
1,47,157,82.6,0.0,2,0,0,5
1,29,155,86.1,17.1,1,1,-5,8
0,50,155,70.1,15.9,3,1,-6,9
1,32,200,80.7,25.0,2,2,7,5
1,39,168,64.8,0.0,5,2,5,8
1,23,155,60.9,0.0,2,2,8,8
1,27,173,91.5,24.8,1,1,-5,14
1,32,158,79.3,15.5,4,0,0,15
0,55,193,107.2,27.1,1,1,-8,16
1,53,168,55.2,23.0,1,2,7,14
0,43,170,62.8,25.1,3,1,-5,5
1,27,186,61.6,12.7,1,1,-3,9
0,47,182,108.6,23.3,2,2,7,4
0,35,161,69.3,18.0,2,2,5,6
1,22,170,93.4,0.0,3,1,-8,16
0,20,183,107.0,21.7,5,1,-3,12
1,26,192,95.5,18.7,1,0,0,4
0,48,184,58.7,12.9,3,1,-4,5
0,33,182,60.5,23.2,3,0,0,9
1,29,170,96.5,19.1,4,0,0,13
0,26,189,88.2,29.2,1,2,4,4
0,22,155,60.7,0.0,4,2,2,11
1,28,183,68.1,23.5,4,0,0,9
1,47,195,82.4,0.0,4,1,-6,16
0,43,167,59.2,20.7,5,1,-6,15
1,27,183,50.5,10.1,4,0,0,14
0,46,157,85.5,0.0,5,1,-2,15
0,44,154,50.4,12.1,2,1,-3,12
1,42,150,109.8,21.4,1,1,-4,12
1,40,165,50.1,26.3,3,2,6,9
1,47,188,99.8,14.8,4,1,-7,16
1,34,192,78.5,24.0,2,1,-3,13
0,29,196,63.9,11.6,2,0,0,10
1,34,187,94.7,15.7,1,1,-5,7
1,55,181,50.5,28.1,3,0,0,6
1,25,198,100.6,0.0,4,0,0,4
0,39,187,64.1,26.0,2,1,-4,8
0,48,171,58.4,28.7,3,2,7,4
1,40,185,76.3,25.7,4,2,6,14
0,20,200,91.9,16.5,3,1,-7,16
1,57,168,102.3,11.1,4,2,7,15
1,57,195,94.7,0.0,4,0,0,9
0,31,155,104.5,17.8,5,1,-4,15
1,46,194,95.4,24.7,5,2,2,11
1,49,186,77.7,24.6,3,1,-5,5
0,26,165,89.6,15.7,2,1,-5,13
0,28,197,89.8,25.0,3,1,-7,9
0,23,185,102.2,25.2,3,0,0,5
1,35,168,71.0,16.8,3,0,0,5
0,29,158,97.5,23.1,1,1,-7,9
1,45,176,85.3,0.0,5,0,0,14
0,44,190,102.9,0.0,1,1,-6,7
1,30,192,62.4,29.6,3,0,0,13
0,58,163,92.8,26.1,2,0,0,4
0,56,176,72.5,19.0,5,1,-3,10
0,39,191,87.7,10.8,1,2,3,9
1,52,190,88.9,26.0,4,1,-4,13
0,58,180,68.5,0.0,3,1,-5,4
0,29,185,81.5,27.2,1,0,0,5
0,26,177,107.7,10.3,3,1,-7,10
0,49,159,64.0,10.5,4,2,2,10
1,42,163,54.0,10.6,1,0,0,13
0,32,180,56.2,16.6,5,1,-5,4
0,57,159,96.7,16.4,1,1,-5,10
1,28,150,52.0,28.4,1,1,-4,13
1,20,196,74.3,14.3,1,2,8,14
0,25,165,90.5,0.0,1,1,-4,16
0,35,167,101.5,17.8,3,1,-7,7
1,52,186,79.1,30.0,4,1,-8,5
0,57,182,56.1,13.1,1,0,0,16
1,30,189,59.7,28.5,5,1,-7,5
1,39,178,94.2,14.9,5,0,0,6
0,48,159,61.0,16.3,2,2,6,10
1,28,152,71.1,13.4,2,0,0,9
0,22,181,101.3,15.6,3,0,0,8
1,20,176,63.7,0.0,2,0,0,6
1,39,183,76.5,27.9,1,1,-3,7
0,18,189,74.1,21.4,3,0,0,7
1,45,182,80.0,17.3,2,1,-2,14
0,28,175,70.5,17.7,4,2,8,6
1,38,190,62.1,10.6,5,0,0,8
0,60,188,65.1,12.4,5,2,8,11
1,31,168,82.5,13.7,1,2,2,14
1,39,183,99.7,26.4,1,0,0,14
0,33,192,57.3,20.3,1,0,0,15
1,32,197,99.1,14.6,4,0,0,12
0,57,160,65.9,12.9,4,1,-8,13
1,46,191,54.4,21.6,4,0,0,14
1,43,167,72.6,14.7,3,1,-3,11
0,54,172,90.4,25.1,3,1,-4,15
1,47,161,74.7,12.0,4,1,-6,14
0,20,172,55.9,19.7,4,2,4,11
0,60,172,81.9,20.0,2,2,4,12
0,23,180,56.6,23.7,2,1,-3,4
0,33,187,54.9,19.3,2,1,-3,9
0,21,200,55.0,16.4,3,0,0,11
1,21,179,99.5,14.3,1,1,-4,4
0,50,150,89.5,15.9,5,1,-2,10
1,25,166,52.8,27.4,1,1,-8,5
0,29,188,55.1,16.7,5,1,-7,4
0,20,166,51.2,23.9,3,2,4,16
0,38,192,74.7,0.0,2,2,5,7
0,44,183,51.5,14.5,4,1,-7,11
0,47,200,106.0,20.6,2,2,2,15
1,54,186,95.5,10.3,4,0,0,7
1,35,167,70.0,19.3,4,1,-6,11
1,56,152,78.3,28.8,1,0,0,15
0,32,178,92.1,25.9,1,0,0,8
0,56,180,79.7,22.8,4,2,6,16
0,46,191,98.9,23.1,2,1,-5,9
0,54,158,59.7,18.2,3,0,0,12
1,37,179,54.7,28.7,1,1,-5,11
0,32,161,75.5,18.1,5,0,0,11
1,41,193,87.3,16.9,3,0,0,11
0,57,170,90.0,19.3,4,0,0,12
0,38,172,100.1,24.1,5,0,0,16
0,46,194,79.5,11.9,5,1,-2,5
0,43,177,55.4,15.1,2,1,-2,4
1,54,154,69.9,15.4,2,2,3,9
1,50,174,66.2,13.2,4,0,0,7
1,36,199,82.5,16.5,3,0,0,4
1,44,194,96.7,29.4,1,2,7,6
0,46,190,87.3,0.0,2,1,-8,9
1,50,184,89.9,23.5,4,0,0,15
1,33,154,78.4,17.4,2,0,0,5
1,46,195,54.7,0.0,4,0,0,15
1,30,180,109.3,26.7,4,1,-8,6
0,31,158,69.1,14.7,4,1,-5,11
0,56,177,79.5,18.4,1,0,0,7
0,42,152,69.9,19.2,3,0,0,15
1,55,169,50.0,26.3,2,1,-2,7
0,43,167,83.6,10.5,1,1,-2,7
1,59,190,76.5,23.2,4,0,0,13
0,38,194,58.2,24.8,4,1,-2,15
0,50,183,59.0,28.1,1,2,2,11
1,28,184,78.7,0.0,3,1,-8,5
1,43,174,88.4,17.8,1,2,2,9
0,19,168,53.5,29.2,5,1,-8,7
1,22,164,67.0,19.6,1,0,0,4
1,37,162,57.8,18.2,2,0,0,15
1,59,188,95.7,26.8,2,2,8,15
1,42,178,106.1,12.1,2,0,0,5
0,40,184,68.7,28.5,2,2,2,14
1,39,171,90.6,24.2,3,0,0,14
1,25,200,88.1,24.4,5,1,-6,4
1,59,188,71.1,24.8,5,0,0,11
0,36,167,79.8,26.2,1,1,-3,12
0,42,180,97.8,25.5,2,2,7,6
1,19,179,95.2,26.0,1,0,0,6
1,47,186,62.0,28.2,3,1,-8,13
0,30,189,58.0,15.8,4,0,0,10
1,35,190,107.2,0.0,2,2,8,13
0,49,181,100.9,12.3,4,1,-7,6
0,42,192,95.2,25.0,1,2,3,7
1,37,197,91.9,18.4,1,0,0,8
1,44,198,60.7,21.9,3,2,3,15
0,23,180,84.1,19.4,5,2,7,15
0,45,177,89.3,18.5,2,1,-6,13
1,60,177,74.2,24.2,1,2,2,9
1,49,169,103.5,14.9,5,1,-7,8
0,36,188,53.0,16.1,2,0,0,8
1,40,197,91.2,20.4,4,0,0,12
1,47,168,93.8,11.4,4,2,5,14
0,20,198,98.0,28.9,3,1,-2,12
0,58,154,66.2,16.0,4,2,4,8
1,40,169,76.4,10.1,5,0,0,7
1,33,191,60.4,18.3,3,2,2,11
0,43,184,88.1,14.8,3,0,0,9
1,23,170,84.1,13.6,4,0,0,11
1,59,175,59.2,29.1,3,0,0,5
1,42,180,98.6,26.5,5,1,-6,8
0,36,155,66.1,18.9,3,0,0,15
0,23,173,106.5,23.6,2,1,-8,6
1,34,169,70.4,25.0,4,2,6,4
1,24,157,62.1,14.3,2,0,0,15
0,28,169,100.8,0.0,5,0,0,15
0,53,159,92.0,16.0,3,2,3,7
0,37,151,89.8,15.0,2,1,-5,16
1,20,164,55.0,11.5,3,0,0,14
0,45,159,63.5,15.0,2,0,0,4
0,60,196,107.4,15.3,4,0,0,4
0,43,151,96.2,18.1,2,2,6,11
1,23,167,108.7,20.5,1,2,7,11
1,39,170,52.9,23.5,4,0,0,12
0,58,167,85.3,0.0,2,0,0,9
1,28,185,66.2,20.4,4,1,-4,10
1,28,164,78.7,12.4,3,2,8,12
0,60,183,97.3,27.3,1,0,0,7
1,19,187,87.2,16.3,2,1,-2,4
0,24,176,77.0,23.3,3,1,-8,9
1,25,195,104.2,14.5,2,0,0,5
1,18,190,91.6,10.9,3,0,0,13
1,19,162,103.8,10.5,2,2,3,13
1,34,161,105.5,11.8,4,2,7,9
1,22,161,103.9,14.4,2,1,-4,7
0,40,150,105.0,0.0,1,0,0,8
1,52,177,60.2,0.0,2,0,0,15
0,49,160,77.4,11.4,1,2,4,10
1,36,168,105.8,24.6,4,1,-3,13
1,51,169,85.2,21.1,4,1,-5,15
0,23,197,55.4,16.4,2,0,0,9
1,40,156,86.5,23.0,2,0,0,8
0,27,155,67.7,27.2,3,1,-7,6
0,47,160,81.6,17.4,1,2,6,14
1,22,161,95.4,11.3,3,1,-4,12
1,20,183,108.3,22.5,3,0,0,5
1,54,195,58.8,20.3,3,2,3,14
0,60,176,64.3,22.7,3,1,-3,16
1,40,150,65.2,0.0,3,2,7,13
0,39,191,105.6,25.1,4,2,4,6
0,53,186,107.4,27.0,5,1,-7,9
1,31,170,104.7,0.0,3,0,0,10
1,32,163,92.4,22.9,5,0,0,14
0,52,197,63.8,28.6,4,0,0,14
1,31,190,70.6,24.7,2,1,-2,12
1,19,179,107.9,22.8,3,1,-4,8
1,32,162,65.1,0.0,2,2,7,10
0,29,177,100.9,0.0,2,1,-2,5
1,38,197,50.2,11.6,3,2,8,10
0,27,185,109.8,23.0,1,2,8,10
1,23,153,109.6,24.7,5,2,6,14
0,47,170,95.9,13.4,3,0,0,8
0,38,175,67.7,10.7,5,2,7,10
0,57,197,72.6,26.2,1,2,8,11
1,30,184,91.5,22.3,3,1,-3,6
1,34,192,83.2,26.0,4,0,0,14
0,26,195,107.2,27.9,5,0,0,5
1,46,186,54.1,26.0,3,0,0,11
0,40,156,88.0,22.0,1,1,-2,5
1,18,164,77.7,14.9,2,1,-6,4
0,45,152,50.4,13.2,2,2,8,6
1,47,199,101.3,14.0,5,2,4,7
1,41,188,56.8,29.7,1,1,-8,4
1,21,182,87.3,25.5,2,2,8,4
0,30,194,63.0,0.0,5,0,0,7
0,32,175,57.7,17.3,1,0,0,5
0,60,183,59.9,0.0,5,2,3,6
0,30,159,78.6,26.6,5,0,0,11
1,46,186,55.6,17.5,2,2,3,5
1,57,169,92.6,0.0,2,1,-5,15
0,48,168,81.7,27.2,2,2,2,14
1,28,189,68.7,28.1,1,0,0,15
0,43,153,64.1,14.4,4,1,-7,8
1,30,165,86.2,21.5,5,0,0,14
0,19,157,94.1,19.9,2,2,8,10
1,22,188,106.9,18.2,5,2,6,15
1,34,186,103.1,20.7,4,1,-6,8
0,20,188,77.5,0.0,4,1,-8,4
1,40,174,106.5,15.8,1,1,-5,10
0,29,157,97.3,22.9,1,1,-2,6
0,48,152,95.6,12.7,1,2,7,4
1,28,196,76.9,26.1,4,2,2,4
1,48,154,78.2,0.0,5,2,4,6
1,49,177,73.1,10.4,3,0,0,5
0,41,167,96.4,25.2,1,1,-6,4
0,59,184,51.1,12.3,5,1,-3,9
1,50,169,71.1,0.0,1,0,0,16
0,59,185,70.6,11.2,2,0,0,11
0,60,183,82.0,29.0,4,2,8,5
0,20,153,85.8,22.3,5,2,4,15
1,38,174,80.9,22.9,3,0,0,11
1,44,165,77.8,0.0,3,1,-4,11
1,39,154,74.1,26.7,4,1,-2,14
0,32,164,107.4,21.1,4,0,0,4
1,19,172,64.0,0.0,1,1,-4,7
0,34,156,89.8,18.0,4,1,-7,10
1,60,197,68.4,11.5,3,0,0,11
1,51,162,77.6,27.0,1,0,0,13
0,56,151,77.3,28.6,2,1,-7,11
0,30,162,75.8,19.0,5,2,5,14
0,37,158,78.6,19.2,5,1,-2,9
0,40,183,56.7,0.0,1,2,4,11
1,54,190,88.9,0.0,4,0,0,15
0,52,155,67.4,0.0,1,0,0,14
0,50,185,61.8,27.3,5,2,6,16
1,28,171,91.0,22.0,3,2,8,15
1,56,158,90.8,11.4,3,1,-7,9
1,57,196,83.2,16.7,3,0,0,9
1,34,175,104.3,23.3,4,0,0,8
0,18,191,106.2,18.5,5,1,-2,14
1,57,192,63.2,0.0,3,0,0,7
1,59,187,85.9,20.0,3,2,6,8
0,42,183,67.3,0.0,5,1,-8,13
0,59,155,86.2,29.4,4,2,5,9
1,55,163,76.1,18.8,4,1,-7,4
1,54,190,58.3,28.4,1,0,0,12
1,56,151,74.1,21.7,3,1,-7,4
0,20,185,104.0,0.0,3,1,-4,9
0,38,191,67.4,25.2,1,0,0,4
1,51,165,78.6,16.5,4,2,7,8
0,45,171,89.8,20.5,1,2,4,12
1,34,162,71.4,24.6,1,1,-6,6
1,50,178,105.7,23.6,2,0,0,5
0,60,151,91.1,0.0,4,0,0,6
1,57,188,94.9,28.8,1,0,0,9
1,27,167,85.3,25.8,5,1,-2,10
1,43,191,89.8,28.5,5,2,7,12
0,44,183,82.4,26.1,5,0,0,5
1,44,166,62.5,18.4,2,0,0,13
0,47,183,74.9,15.1,5,1,-7,11
0,59,162,90.8,27.3,3,1,-6,4
1,52,188,80.1,0.0,1,0,0,12
1,59,172,71.6,28.9,1,2,8,7
0,40,159,50.8,25.1,1,0,0,15
1,23,183,83.8,23.2,5,1,-6,14
0,18,170,67.6,25.6,2,2,2,8
1,21,153,94.0,15.2,2,2,2,9
1,20,167,105.6,18.1,5,2,8,9
1,30,153,53.2,20.5,3,0,0,6
1,29,188,107.6,11.8,3,0,0,15
1,30,170,87.6,13.8,4,0,0,12
1,38,194,102.6,23.3,4,2,5,7
1,42,183,95.4,18.3,3,2,6,14
0,36,183,95.0,28.4,4,0,0,4
1,25,180,59.5,14.2,1,1,-7,8
0,34,169,65.3,15.4,4,1,-3,10
0,31,153,60.9,26.4,3,2,7,7
0,33,156,101.6,16.7,1,1,-8,7
0,27,159,101.8,0.0,1,2,2,7
1,44,183,53.0,24.4,1,1,-3,5
1,54,157,56.9,18.5,2,1,-4,14
1,47,169,100.1,29.7,4,2,7,9
1,19,159,52.7,16.1,4,1,-8,6
1,49,191,85.1,20.2,4,2,4,15
1,60,158,53.6,26.9,3,0,0,13
0,55,156,105.7,13.4,4,0,0,14
0,39,163,75.4,18.8,4,2,2,13
1,22,176,75.7,0.0,2,2,3,12
0,31,158,59.3,18.3,3,2,7,11
0,55,159,85.5,25.9,1,1,-4,13
1,42,162,88.1,18.5,4,0,0,7
1,23,155,82.4,22.4,3,1,-2,12
1,56,160,51.8,27.2,5,1,-4,11
1,31,161,54.2,24.4,5,2,6,5
1,60,173,65.0,13.8,2,2,7,13
1,59,182,79.1,28.0,1,0,0,8
1,39,157,86.6,24.7,4,0,0,10
1,54,158,72.3,16.4,3,2,3,9
0,35,199,63.3,19.5,5,2,8,15
0,20,166,98.4,23.8,5,1,-6,15
1,56,175,81.8,14.0,1,0,0,15
1,43,170,94.3,17.2,4,1,-7,15
1,22,169,103.4,11.5,4,0,0,11
0,28,166,51.3,28.7,4,1,-6,6
0,33,189,100.6,14.0,3,2,8,6
0,24,173,52.2,15.3,3,1,-3,15
0,26,193,59.7,22.5,2,2,3,14
0,48,178,56.7,17.4,2,0,0,10
0,46,180,53.3,10.9,2,1,-2,14
0,45,151,74.5,14.7,2,1,-8,8
0,26,183,106.3,17.2,2,0,0,14
0,24,179,107.2,18.6,5,2,8,16
0,40,167,67.4,13.8,2,0,0,11
1,37,154,65.3,0.0,4,1,-6,8
1,34,158,101.3,26.3,5,2,5,9
1,44,172,84.6,18.8,2,0,0,9
1,26,198,98.5,13.7,2,2,5,6
1,50,199,68.6,0.0,4,2,3,6
0,22,177,70.7,0.0,3,0,0,13
0,55,198,101.6,17.9,4,1,-4,6
1,59,152,74.2,0.0,1,0,0,8
1,58,188,102.1,13.4,1,2,7,10
0,50,200,62.5,16.2,3,0,0,14
0,55,178,100.2,24.0,1,1,-6,14
1,27,157,108.6,29.4,5,1,-5,9
1,56,181,71.0,15.6,1,0,0,4
0,59,178,56.4,12.5,2,2,3,7
0,36,190,54.2,23.7,1,1,-8,14
0,27,175,63.7,28.5,1,0,0,15
1,20,169,79.2,16.2,3,2,2,11
0,41,162,52.0,0.0,5,2,7,7
0,30,155,89.8,26.1,4,2,6,10
1,20,190,77.0,0.0,1,2,4,11
1,37,199,86.1,0.0,3,1,-5,15
1,53,152,105.2,24.4,3,2,3,9
1,43,176,57.8,23.0,2,1,-6,15
1,23,198,77.0,23.2,5,0,0,10
1,32,199,65.7,15.4,4,1,-2,8
0,25,174,80.3,24.2,3,1,-3,10
0,40,183,94.3,0.0,5,1,-8,5
0,38,168,62.3,28.9,4,1,-4,10
0,32,178,52.5,0.0,4,1,-5,14
0,22,175,108.1,29.0,5,1,-5,9
0,52,157,89.7,22.4,5,2,5,6
1,54,155,56.6,29.0,5,2,2,11
0,26,187,78.6,21.9,2,1,-4,8
1,36,186,89.3,21.3,1,2,2,7
0,30,188,70.1,28.8,2,2,7,14
0,23,192,57.4,29.8,3,0,0,9
0,30,184,85.0,24.2,2,0,0,16
0,33,193,52.4,0.0,3,1,-2,6
1,45,162,86.5,28.6,4,1,-2,5
0,24,186,93.2,21.3,1,0,0,13
1,57,196,79.4,16.1,4,2,3,5
0,49,181,55.9,20.3,2,2,6,11
0,32,176,105.0,21.4,1,0,0,14
0,22,169,56.7,11.7,4,2,4,7
0,56,185,78.6,25.4,4,0,0,9
0,56,173,88.7,11.0,1,1,-5,5
1,29,171,51.5,23.0,2,2,7,8
0,25,199,72.1,15.3,3,1,-3,12
0,37,168,100.1,26.9,1,2,2,16
0,56,165,105.2,10.5,1,1,-6,16
0,50,186,56.9,17.8,1,0,0,6
0,40,181,107.9,27.7,4,0,0,16
1,44,165,61.9,24.2,5,2,3,5
1,42,189,84.4,15.5,5,2,4,5
1,35,179,86.8,16.5,3,1,-3,11
1,18,179,94.1,11.4,3,2,7,9
1,36,199,58.1,0.0,2,0,0,10
0,43,153,57.2,10.2,5,0,0,16
0,32,199,63.0,17.9,1,2,2,8
1,59,197,96.4,26.1,1,1,-6,5
1,39,185,83.6,21.9,2,2,4,6
0,50,169,88.7,0.0,2,0,0,13
0,57,170,90.8,29.5,2,1,-8,9
1,58,194,50.1,28.1,5,2,6,4
0,31,182,91.4,13.1,1,2,5,12
0,26,178,102.2,14.8,4,2,3,9
0,27,195,64.9,28.0,3,2,8,4
1,35,180,99.0,11.3,3,2,3,8
1,50,157,71.8,27.0,3,0,0,4
0,49,169,90.5,16.1,1,0,0,10
0,54,158,52.3,0.0,3,0,0,14
0,42,176,82.0,0.0,5,2,6,8
0,60,198,55.8,26.2,1,1,-3,8
0,34,174,84.7,0.0,5,2,6,9
1,19,193,94.5,0.0,2,0,0,14
1,53,182,86.7,0.0,3,2,3,14
0,23,180,53.9,0.0,5,2,5,16
1,52,156,83.2,0.0,1,0,0,8
1,59,171,84.3,23.4,1,1,-3,6
1,38,150,107.6,21.9,2,1,-3,7
0,39,181,77.4,15.4,4,1,-2,7
1,56,200,72.9,0.0,5,1,-6,16
0,39,175,88.2,28.4,1,0,0,16
1,51,177,106.2,28.5,5,1,-2,15
0,41,187,53.6,0.0,1,2,4,16
1,33,197,82.5,15.0,4,1,-3,13
0,28,183,76.6,28.6,5,1,-3,12
0,48,190,88.8,29.0,4,0,0,6
1,57,161,67.9,23.5,2,2,8,4
0,60,162,95.9,0.0,2,1,-5,9
0,34,161,78.9,18.7,2,0,0,7
0,46,183,93.4,24.7,1,0,0,9
1,53,181,62.3,12.1,4,2,3,5
0,57,175,69.4,25.4,3,1,-7,10
0,18,199,108.9,0.0,1,1,-3,5
0,50,187,87.9,0.0,4,1,-4,15
1,45,198,82.7,10.7,1,1,-5,12
1,42,171,66.6,27.9,4,1,-2,14
1,20,193,102.5,12.1,4,0,0,15
0,25,163,72.3,28.4,3,1,-7,16
0,20,161,89.0,27.3,3,2,3,6
0,28,188,68.6,19.9,4,1,-3,12
0,60,160,85.2,19.3,5,1,-6,8
1,45,175,88.8,14.8,4,1,-3,12
1,42,155,102.0,22.9,5,2,4,16
0,37,177,104.1,0.0,5,1,-2,11
1,52,170,95.1,27.7,3,0,0,4
1,56,158,85.6,0.0,5,2,7,14
0,24,186,94.9,17.9,4,0,0,15
1,53,151,91.1,16.1,4,2,3,9
1,50,193,97.8,19.7,2,2,7,11
0,47,159,50.7,19.6,4,0,0,14
0,53,161,86.8,21.0,2,0,0,8
1,21,187,64.1,16.5,5,0,0,13
0,48,172,75.5,14.8,5,0,0,8
0,45,155,85.3,28.0,2,2,3,11
1,37,171,78.0,26.4,2,2,8,13
1,39,151,52.4,26.1,2,2,5,14
1,23,158,106.9,29.5,3,1,-3,11
0,27,187,68.6,13.6,3,2,3,16
0,36,166,54.8,14.1,3,2,7,9
1,32,175,71.1,12.0,2,0,0,7
0,51,185,106.1,22.7,5,0,0,4
0,58,176,61.5,16.8,4,0,0,7
1,31,169,103.3,26.4,1,1,-5,8
0,54,168,55.6,28.4,2,2,6,9
1,49,200,93.6,13.0,2,1,-4,15
0,56,174,65.0,24.4,5,0,0,10
1,39,158,70.1,26.1,2,0,0,16
0,35,169,82.4,19.8,4,0,0,5
0,33,180,56.5,16.9,2,2,5,7
0,31,195,72.5,0.0,5,1,-3,8
1,54,197,106.0,23.1,5,1,-4,6
1,45,156,83.0,13.9,1,1,-7,14
0,39,166,85.4,22.7,2,2,7,7
0,57,177,75.5,24.9,3,1,-6,8
1,59,185,66.5,23.9,2,0,0,13
1,36,173,86.7,23.4,2,2,2,5
1,35,196,63.5,17.0,5,2,3,6
1,39,177,93.0,28.2,2,0,0,7
0,54,167,64.0,0.0,2,0,0,11
1,34,199,74.2,26.2,1,1,-5,5
0,39,173,93.2,14.8,5,0,0,13
0,52,169,59.7,20.3,2,2,7,16
0,58,174,65.0,24.3,2,2,8,8
1,21,183,103.2,20.3,4,1,-6,4
0,28,157,61.4,24.4,5,1,-5,5
1,19,197,76.6,14.5,4,1,-7,11
0,40,182,70.8,29.4,4,1,-8,8
0,55,186,101.3,0.0,5,1,-7,15
1,50,186,58.9,0.0,4,0,0,10
0,48,177,60.6,0.0,2,0,0,7
1,23,163,99.4,27.8,1,1,-6,6
0,45,193,88.8,22.7,5,2,4,11
0,50,195,57.5,13.0,3,2,5,4
0,37,193,55.7,11.9,2,2,8,14
0,34,180,87.2,12.7,3,1,-4,9
1,23,170,73.7,24.9,5,1,-4,10
1,42,161,81.8,21.8,5,0,0,13
0,42,180,105.1,10.2,1,1,-5,10
1,50,187,101.1,14.0,5,0,0,9
0,38,153,81.6,24.7,4,2,4,16
1,48,171,88.0,0.0,4,2,7,14
1,47,155,64.1,12.0,5,1,-4,5
1,59,161,73.1,22.9,1,2,6,8
1,33,153,87.0,26.1,4,1,-4,15
1,57,157,62.6,27.8,1,2,2,12
1,31,175,100.7,21.7,2,1,-2,16
0,36,196,64.2,29.7,5,2,3,15
0,33,150,91.7,11.5,3,2,5,13
1,57,166,88.6,24.0,2,2,6,8
1,33,193,50.2,24.9,1,0,0,14
1,38,184,67.4,16.5,4,1,-4,8
1,53,181,59.8,19.5,1,0,0,8
1,58,150,97.7,0.0,5,0,0,4
1,52,170,91.4,29.1,5,1,-8,12
0,56,168,87.4,0.0,1,1,-3,16
1,59,165,61.7,12.1,4,0,0,12
1,53,197,103.8,16.8,5,1,-4,13
1,41,171,76.5,28.9,1,2,3,15
1,59,152,72.9,20.1,5,2,7,6
0,59,154,72.6,0.0,5,2,6,7
1,21,195,56.9,0.0,5,0,0,7
0,56,186,100.0,29.8,4,1,-2,12
0,35,195,88.1,22.9,3,0,0,9
0,59,175,79.2,12.4,1,2,3,13
0,22,166,99.1,14.9,2,0,0,11
0,53,199,103.4,12.8,2,0,0,12
0,55,178,90.6,19.8,4,0,0,5
1,33,159,80.9,14.8,1,0,0,13
1,50,158,75.5,23.8,4,0,0,16
0,50,197,63.1,15.1,3,1,-5,5
0,23,173,89.4,0.0,1,2,7,7
0,32,158,93.6,22.7,5,1,-4,16
0,20,197,59.4,11.4,5,0,0,14
0,57,164,77.7,27.4,3,0,0,14
0,51,188,89.5,13.3,2,2,3,11
0,54,196,50.6,29.6,5,1,-2,14
0,45,156,83.6,16.3,3,2,5,5
1,42,167,54.8,24.2,1,2,4,10
1,58,161,65.3,23.9,1,2,4,8
0,29,200,71.1,11.6,3,1,-3,12
0,44,156,104.4,29.2,1,0,0,10
1,51,185,98.5,16.3,2,0,0,14
1,49,171,86.1,17.6,5,1,-5,8
0,35,179,54.9,15.3,2,2,5,13
0,45,168,75.1,19.4,5,1,-5,5
0,59,187,83.6,13.0,2,0,0,13
0,53,193,79.9,23.3,4,2,6,4
1,26,187,59.8,19.2,1,0,0,10
1,39,200,57.6,21.7,5,2,8,4
0,24,163,91.0,0.0,2,2,5,7
1,35,180,68.7,25.7,1,0,0,7
0,55,151,70.9,20.6,1,1,-3,9
1,51,188,90.2,0.0,4,2,3,6
1,50,154,53.2,14.7,2,2,2,13
0,27,170,84.0,0.0,2,0,0,11
0,25,174,84.8,28.5,5,0,0,4
1,40,183,96.2,0.0,1,0,0,5
1,39,161,73.7,10.3,4,2,7,10
0,21,160,104.8,0.0,2,0,0,4
1,26,184,70.5,18.5,3,2,3,14
1,34,195,76.9,14.9,3,2,4,15
0,24,166,53.6,26.3,5,0,0,14
1,42,183,51.0,22.1,4,2,2,14
1,56,177,84.2,0.0,5,0,0,10
1,39,190,108.9,24.5,4,0,0,9
0,26,168,55.1,28.3,2,0,0,11
1,34,196,89.1,28.3,5,2,4,6
1,48,177,54.9,14.5,2,0,0,11
1,34,179,64.1,23.9,1,1,-2,6
0,27,200,96.2,22.7,4,0,0,8
1,51,159,61.7,29.4,2,1,-3,10
0,31,162,100.4,23.3,5,2,8,4
0,44,156,65.6,28.5,1,2,8,13
1,56,181,91.9,20.0,2,1,-6,13
1,57,163,89.6,17.7,4,1,-8,6
1,20,154,106.1,25.9,3,1,-8,8
0,54,157,97.9,14.1,2,0,0,5
1,48,170,60.7,29.0,4,2,7,10
0,26,153,84.6,11.5,2,1,-2,8
0,59,187,92.8,10.3,4,2,2,7
1,29,159,55.7,22.8,1,1,-6,5
1,25,157,95.1,19.1,1,0,0,6
0,55,190,107.3,11.3,5,2,8,16
0,34,165,101.3,10.5,3,1,-6,13
1,52,151,109.4,0.0,1,1,-8,9
1,43,166,98.5,17.2,2,1,-6,7
1,23,195,60.1,0.0,4,1,-8,15
1,58,200,74.1,20.1,5,1,-3,11
1,31,160,81.6,12.4,4,0,0,5
1,43,198,85.8,28.7,2,2,8,4
0,22,153,78.0,23.1,5,2,4,12
0,31,193,76.7,0.0,4,0,0,10
1,52,150,82.1,22.3,5,2,6,12
1,29,167,107.8,27.7,5,0,0,16
0,43,154,52.0,19.1,5,1,-4,11
1,46,198,71.7,16.5,3,1,-6,4
0,53,177,63.3,21.5,3,0,0,11
1,40,173,93.1,23.6,3,2,5,11
1,38,175,74.4,12.8,2,2,8,15
1,40,157,71.0,14.2,2,2,8,12
0,26,154,52.2,21.3,3,2,4,10
1,18,154,67.9,17.5,4,2,5,11
1,54,200,72.6,27.0,1,0,0,13
0,35,168,87.1,0.0,4,2,4,13
1,53,166,77.2,24.5,5,1,-6,12
1,19,199,54.2,0.0,4,0,0,5
0,51,189,62.9,24.9,4,0,0,7
1,27,181,109.7,16.1,2,0,0,12
0,27,173,85.5,26.6,1,1,-7,14
1,49,156,54.7,16.8,2,2,7,6
1,35,179,99.6,28.3,1,0,0,6
0,21,161,69.4,24.0,5,0,0,11
0,58,182,103.9,25.9,5,0,0,12
1,42,157,62.8,23.6,2,2,4,4
1,22,167,107.2,0.0,4,1,-4,16
0,56,178,76.3,17.3,1,0,0,11
1,19,173,82.8,21.7,4,0,0,8
0,47,184,75.5,11.4,5,2,7,4
1,60,198,61.6,0.0,4,0,0,10
1,35,159,86.9,19.1,3,2,6,12
1,22,183,82.1,27.6,4,0,0,7
0,34,200,101.2,19.6,4,2,2,15
1,30,199,86.2,15.1,5,1,-2,10
1,30,200,56.1,17.2,5,1,-3,8
1,25,170,64.5,26.2,1,0,0,8
1,43,200,83.7,27.1,2,0,0,9
1,49,182,59.2,22.9,4,0,0,9
0,29,156,89.3,10.5,3,1,-2,14
0,22,180,91.8,0.0,1,2,2,10
1,23,169,69.7,12.4,3,0,0,11
0,19,181,63.2,17.5,2,2,8,9
0,27,198,77.5,20.8,3,0,0,13
0,19,198,98.8,19.3,4,2,2,15
1,47,199,90.5,22.4,3,1,-2,11
1,59,180,106.4,14.1,4,1,-3,15
0,21,181,75.4,21.0,1,1,-7,16
0,20,178,60.7,21.4,4,2,8,4
1,44,177,70.5,10.3,1,1,-8,15
1,43,152,103.7,0.0,2,2,2,7
0,30,177,70.5,0.0,1,0,0,7
1,34,173,74.3,29.1,1,2,3,5
1,39,150,54.6,24.2,1,0,0,4
0,53,188,109.5,18.7,5,0,0,9
1,59,179,53.9,11.5,1,0,0,7
0,51,194,105.2,0.0,1,1,-4,12
1,36,189,81.5,27.0,4,0,0,4
0,18,199,64.9,17.9,3,0,0,13
1,21,154,100.2,17.2,2,2,2,10
1,33,156,83.9,29.6,1,0,0,5
0,51,200,82.6,27.0,1,0,0,16
1,49,166,96.3,29.3,4,2,2,13
0,34,176,62.7,0.0,1,1,-3,12
1,51,182,86.6,12.6,3,1,-2,13
0,25,188,85.1,11.5,5,2,7,9
1,21,182,93.4,18.6,1,2,7,9
1,18,179,108.9,12.2,1,2,6,10
0,50,168,96.2,0.0,5,0,0,14
0,51,171,51.7,28.4,5,0,0,8
0,38,163,59.9,23.1,3,1,-5,14
0,36,158,50.3,0.0,3,0,0,6
0,19,165,74.1,23.0,3,1,-2,4
1,28,174,77.9,27.4,4,0,0,12
0,21,185,64.3,24.0,4,0,0,5
1,56,193,51.9,16.7,1,1,-5,8
0,25,178,51.4,23.4,4,0,0,10
1,36,173,50.5,27.6,1,0,0,11
1,59,190,60.4,26.4,3,0,0,7
1,34,151,59.8,15.3,2,2,4,6
0,50,177,80.0,19.3,4,0,0,5
0,39,153,85.3,14.9,5,0,0,7
0,20,190,104.1,10.3,5,0,0,6
1,26,159,102.9,15.6,3,2,4,5
1,23,182,64.3,23.9,2,1,-5,5
0,32,151,98.8,23.2,4,1,-3,6
1,48,185,75.4,21.0,4,2,2,16
1,46,155,94.0,27.8,5,2,6,11
1,38,193,55.1,0.0,5,0,0,16
1,21,172,95.1,20.2,5,1,-5,7
0,29,180,105.4,0.0,2,0,0,8
0,22,150,56.3,28.2,4,1,-5,7
1,60,173,76.2,20.2,1,1,-5,6
1,53,171,89.5,19.5,3,2,8,5
0,30,184,87.0,21.1,3,0,0,15
0,48,158,66.7,0.0,5,2,3,8
0,55,174,89.0,23.1,4,2,6,9
0,54,164,62.5,25.1,4,1,-3,15
1,51,200,88.8,15.7,3,2,7,16
0,28,162,55.1,17.8,4,0,0,9
1,24,156,71.7,26.0,2,1,-5,7
0,48,185,84.9,0.0,5,2,3,11
0,30,182,54.8,20.0,4,2,4,15
1,52,190,54.7,0.0,1,0,0,7
1,53,154,55.0,12.9,2,2,5,12
1,44,154,61.4,16.5,2,0,0,11
0,42,176,89.1,22.0,5,1,-2,12
1,32,158,56.3,25.9,3,1,-4,15
1,58,187,101.6,27.6,1,0,0,16
0,31,175,52.7,0.0,2,1,-3,5
1,44,170,70.5,21.3,3,1,-3,13
1,30,160,65.4,18.2,5,1,-7,9
1,50,196,51.7,25.3,4,2,3,5
0,29,193,100.7,0.0,4,0,0,15
0,47,191,105.2,12.8,5,0,0,12
1,60,162,82.4,20.5,5,2,4,4
0,29,185,67.7,26.1,3,2,7,5
0,31,176,71.0,18.4,4,0,0,16
0,44,197,52.8,27.4,5,1,-5,12
0,41,157,90.6,17.8,2,1,-8,4
1,32,187,76.7,13.9,1,0,0,14
1,43,189,51.5,26.6,3,2,4,16
1,36,165,109.5,28.5,3,0,0,16
1,32,174,80.0,13.3,4,0,0,15
1,25,195,91.1,21.0,4,1,-3,16
1,38,197,85.9,21.1,1,0,0,7
1,37,193,73.4,10.2,2,1,-5,15
1,59,192,94.7,23.3,5,0,0,10
0,33,189,96.7,12.0,1,1,-3,6
1,55,198,98.4,10.3,4,0,0,8
0,51,160,102.3,13.5,3,1,-8,5
0,29,158,93.2,13.6,2,1,-4,8
0,20,164,99.6,0.0,5,2,6,6
1,36,182,79.2,21.7,3,1,-5,15
0,18,169,87.3,28.1,5,1,-6,9
0,21,164,52.1,12.7,5,2,5,4
1,22,164,78.3,21.5,5,1,-6,10
0,23,179,89.3,28.1,2,1,-2,12
1,54,197,109.1,29.5,3,2,8,12
0,24,178,71.6,24.9,4,1,-4,8
1,60,181,94.9,23.4,2,0,0,16
1,46,192,62.1,20.6,2,2,7,15
1,52,162,61.2,27.2,5,1,-3,9
1,47,157,54.7,16.5,3,0,0,14
0,42,166,98.0,15.1,4,1,-8,5
1,55,156,88.5,23.4,1,2,7,4
0,45,177,66.4,17.6,4,2,8,12
0,50,152,88.3,26.7,2,0,0,4
1,48,152,73.8,17.6,1,1,-5,10
1,41,181,107.2,13.2,2,0,0,11
0,58,198,94.2,12.6,4,1,-7,10
1,34,156,96.2,23.7,1,1,-3,8
1,45,163,89.5,12.6,1,2,5,12
1,26,165,65.1,27.6,2,0,0,16
1,40,170,61.5,0.0,2,0,0,7
0,33,157,50.8,29.4,1,1,-5,14
1,33,171,100.2,16.8,4,1,-8,5
1,23,173,100.8,11.9,4,1,-4,14
1,57,169,82.2,18.2,1,2,8,13
1,30,177,108.2,0.0,5,0,0,4
0,18,165,61.2,25.9,4,1,-8,12
0,21,175,104.6,16.4,4,1,-3,11
0,45,161,77.8,13.6,3,2,6,6
0,34,198,92.6,0.0,3,1,-6,6
1,42,164,74.0,27.9,2,1,-6,13
0,23,191,95.2,12.4,5,2,3,9
1,40,173,61.8,10.8,4,1,-2,12
1,28,167,50.0,22.9,4,1,-5,14
0,52,173,62.7,23.0,3,0,0,8
0,41,188,99.4,0.0,2,2,5,7
1,47,177,55.5,0.0,5,0,0,9
1,40,156,95.0,0.0,3,0,0,4
1,60,166,74.8,18.0,3,0,0,13
0,59,187,55.3,20.6,4,2,5,15
0,29,158,63.6,26.7,4,2,5,9
0,60,152,66.6,22.4,4,1,-7,5
1,19,158,69.6,26.9,4,2,3,5
0,37,163,90.7,12.5,1,1,-2,16
1,32,191,52.9,18.1,3,2,3,10
1,44,155,101.7,14.7,5,2,6,10
0,35,190,64.9,21.5,4,0,0,9
0,27,190,68.9,28.8,5,1,-8,11
0,30,161,91.3,11.5,2,2,2,10
1,54,169,77.4,13.5,2,1,-8,5
0,46,164,51.8,15.2,4,2,7,14
1,51,166,80.1,11.8,2,1,-5,5
0,34,192,71.7,24.7,1,2,2,15
0,28,174,54.5,18.8,2,0,0,15
0,37,197,58.1,19.0,2,0,0,13
1,56,173,66.0,21.6,3,1,-3,16
0,33,183,69.1,26.4,2,2,2,12
0,26,158,88.3,12.4,3,1,-7,11
0,18,157,107.6,29.6,4,0,0,14
0,51,189,79.7,17.9,5,2,4,12
0,35,171,70.3,26.7,5,1,-6,7
1,47,154,73.6,21.1,2,1,-6,15
0,49,185,68.7,13.2,4,2,4,13
1,59,197,50.0,25.0,1,1,-3,4
1,19,195,103.7,12.7,5,2,8,16
1,33,166,70.8,14.1,5,1,-3,6
1,21,174,101.3,18.6,2,2,2,11
0,56,162,81.6,11.6,3,2,2,14
0,28,195,62.1,21.8,1,1,-6,10
0,60,160,67.4,0.0,5,2,3,5
0,24,153,62.2,0.0,2,0,0,8
1,43,152,80.0,14.1,5,1,-8,12
0,31,177,105.6,24.2,5,1,-3,8
0,54,176,50.6,24.7,3,1,-3,4
0,60,199,66.3,19.3,3,2,3,6
0,28,158,98.2,27.5,4,0,0,12
1,55,196,76.6,0.0,5,2,5,13
1,33,196,70.4,12.0,5,1,-6,14
0,19,163,54.5,23.0,1,0,0,13
1,24,172,93.9,17.0,2,1,-4,14
1,33,175,82.1,13.6,5,2,8,7
1,33,192,83.5,11.2,2,2,5,4
0,48,200,93.3,25.0,1,2,7,9
0,25,153,68.0,23.6,2,2,8,4
1,39,159,109.9,18.6,3,0,0,8
0,25,179,51.0,29.1,3,1,-8,14
1,35,161,95.4,24.7,5,0,0,6
0,39,170,104.5,14.3,1,2,3,4
0,48,151,52.1,10.8,4,2,2,6
1,49,196,85.3,15.1,4,2,8,6
1,40,157,72.7,20.8,1,0,0,12
1,19,155,82.5,24.3,1,2,4,8
0,41,151,96.1,22.8,4,0,0,8
1,58,165,87.0,23.4,5,0,0,11
1,50,181,108.1,18.4,1,0,0,7
1,30,151,93.6,0.0,3,1,-7,7
0,32,168,101.2,12.5,2,0,0,11
1,37,200,78.8,24.6,5,2,6,11
1,44,166,73.9,18.3,1,0,0,11
1,41,192,70.8,25.9,5,0,0,9
1,23,197,62.4,28.9,2,1,-5,4
1,34,178,76.1,0.0,4,0,0,9
0,20,178,107.5,29.4,4,0,0,12
0,52,171,62.0,0.0,5,2,6,15
1,38,161,108.6,26.1,2,2,6,14
0,23,177,87.6,22.0,1,1,-5,15
1,27,167,102.7,28.5,4,2,7,9
0,49,197,63.9,13.0,5,0,0,11
1,24,182,107.3,22.3,3,2,5,15
0,43,174,71.7,20.5,5,1,-7,13
0,20,192,79.9,22.5,1,2,6,13
0,52,164,51.1,23.0,4,0,0,7
1,48,186,58.6,18.9,2,2,5,15
1,47,191,81.1,10.0,3,0,0,13
0,43,157,84.5,21.9,5,0,0,11
1,50,170,108.4,0.0,3,0,0,12
0,37,167,95.6,17.3,4,1,-8,8
1,37,184,73.2,15.9,2,1,-8,8
0,26,198,101.7,15.4,5,0,0,7
1,33,197,62.0,15.4,2,1,-3,5
1,56,179,66.6,21.9,1,0,0,11
0,26,171,96.9,0.0,3,1,-6,8
0,33,177,64.0,26.3,5,1,-7,6
1,57,162,91.5,20.1,3,2,2,12
1,52,181,98.5,28.2,4,0,0,7
1,40,195,67.3,15.3,4,1,-6,9
1,43,151,83.7,16.4,1,0,0,8
1,52,197,54.9,18.9,4,0,0,11
0,36,159,93.5,13.6,3,1,-5,10
1,38,181,97.6,0.0,4,0,0,11
1,40,200,73.9,15.1,3,1,-2,14
1,26,177,72.8,19.9,2,0,0,7
0,55,164,101.0,13.7,4,1,-5,16
1,31,181,75.9,0.0,1,2,7,10
0,41,197,63.9,19.8,2,1,-7,9
0,41,176,64.7,18.0,4,2,6,14
0,60,186,102.8,23.8,5,0,0,10
0,22,167,54.9,0.0,5,2,6,15
0,48,167,74.0,24.9,2,1,-6,15
1,46,157,107.3,22.4,2,1,-7,8
0,23,165,109.4,21.6,4,1,-7,15
0,46,158,67.0,11.4,5,2,2,6
1,47,158,89.6,14.4,5,2,7,14
1,24,178,51.4,19.3,1,2,5,10
1,29,164,57.0,20.0,3,1,-6,13
1,33,163,100.0,20.7,3,2,6,16
0,54,196,82.0,10.9,4,2,3,9
0,44,165,53.3,28.0,2,2,5,8
0,44,180,62.1,21.3,1,1,-8,5
1,19,193,72.7,0.0,1,0,0,7
1,46,154,58.5,0.0,2,2,8,10
1,59,156,91.1,18.1,4,1,-2,8
1,29,176,99.2,0.0,4,0,0,12
0,19,154,87.0,19.2,3,0,0,6
0,59,178,64.8,22.0,4,2,6,15
1,22,155,55.5,28.3,4,1,-8,16
0,52,160,65.5,24.5,1,0,0,6
1,42,160,104.3,29.5,3,2,3,6
1,38,187,70.5,24.0,2,1,-2,11
1,37,188,72.4,26.7,5,0,0,9
0,30,168,76.7,20.5,3,0,0,13
0,48,197,77.6,15.5,1,0,0,9
1,50,194,71.3,0.0,1,1,-6,16
0,45,183,91.4,12.1,5,2,8,11
0,48,199,97.0,12.2,3,2,4,6
0,19,160,53.2,27.4,4,2,2,5
0,37,160,54.7,14.5,1,2,5,12
0,28,177,64.5,15.6,4,0,0,12
0,37,153,68.6,14.5,1,2,5,5
1,41,168,102.1,26.0,3,1,-2,12
0,29,160,75.9,13.2,1,2,4,7
1,33,163,108.7,13.8,3,1,-3,8
1,52,153,62.5,24.1,1,1,-6,6
0,26,192,105.3,17.0,5,0,0,14
0,22,199,68.4,21.3,2,0,0,6
0,27,172,70.2,27.2,1,2,7,9
0,23,179,68.4,25.0,5,2,2,6
0,48,162,56.6,19.4,4,1,-4,15
1,29,187,67.8,17.3,1,2,5,14
1,40,189,74.5,23.1,3,2,7,7
1,44,175,80.6,18.8,5,2,4,16
1,23,153,54.5,26.3,2,2,4,7
0,42,172,89.4,12.6,2,0,0,13
1,25,174,82.7,0.0,1,1,-2,9
1,27,163,106.0,22.7,1,0,0,15
0,31,162,73.5,17.3,3,2,2,13
1,39,169,99.6,0.0,4,0,0,15
1,36,197,101.6,20.6,4,1,-7,15
0,19,175,75.2,10.0,1,1,-7,6
0,28,156,100.6,22.3,4,2,5,6
1,50,155,106.1,0.0,2,2,4,8
0,52,179,73.5,10.5,4,1,-2,11
0,32,153,54.8,21.1,3,0,0,5
1,36,160,67.9,21.3,4,1,-8,12
0,36,170,66.7,22.7,4,1,-3,14
0,52,164,103.7,16.9,2,2,5,7
1,56,159,81.8,24.9,5,0,0,7
1,31,188,61.3,19.1,2,1,-7,12
1,37,163,66.7,13.8,4,1,-3,16
1,48,200,105.7,16.3,5,0,0,9
1,46,158,64.9,12.8,2,2,7,4
1,39,179,104.5,29.5,5,1,-2,8
0,39,194,55.1,13.9,1,1,-5,8
0,40,178,101.5,16.3,1,2,6,13
0,40,161,57.2,26.8,1,1,-3,14
1,42,193,95.8,25.8,4,0,0,13
0,19,169,90.3,10.0,3,1,-6,9
1,40,183,109.6,17.2,2,0,0,7
0,27,176,104.8,14.0,3,2,5,8
0,45,189,62.6,24.6,1,0,0,13
1,23,171,93.1,19.7,5,1,-2,15
0,53,168,88.0,13.6,1,0,0,12
1,40,199,55.6,0.0,2,0,0,9
0,27,200,80.2,29.4,1,1,-4,7
0,39,186,92.5,22.9,3,1,-2,14
1,48,193,67.8,21.0,4,0,0,13
1,28,156,58.9,18.2,5,1,-6,13
0,50,199,73.7,28.8,4,2,6,10
1,50,189,81.5,16.3,2,2,5,11
1,55,154,69.3,13.5,2,2,5,7
0,60,199,104.7,20.2,5,2,8,9
1,50,165,103.7,0.0,1,0,0,15
1,40,196,76.9,29.3,1,1,-4,12
1,53,191,71.1,19.0,3,2,2,10
1,24,186,75.5,19.0,2,0,0,6
0,53,188,94.2,21.0,1,0,0,6
0,37,188,100.7,10.5,2,1,-5,6
0,58,181,53.9,17.5,5,0,0,16
1,34,192,92.5,21.9,3,0,0,8
0,23,170,97.0,28.4,4,1,-5,13
0,27,194,93.0,12.0,1,2,2,14
0,36,195,91.5,25.8,2,2,3,9
0,33,182,56.0,13.5,2,2,6,8
0,44,162,67.6,12.3,4,0,0,15
1,44,160,74.2,17.6,1,0,0,16
0,23,160,53.2,14.2,2,2,5,13
0,51,188,55.9,18.9,1,0,0,14
1,26,197,61.4,13.4,4,1,-2,12
1,52,198,108.3,24.5,2,2,8,12
0,25,160,51.6,21.8,1,1,-2,7
1,33,191,109.6,21.6,1,0,0,12
0,35,178,99.2,28.8,5,1,-5,7
0,31,151,56.7,0.0,2,0,0,11
1,54,182,66.8,24.8,3,1,-7,16
0,19,180,107.7,0.0,3,2,3,6
0,25,172,72.6,23.6,4,1,-6,11
1,39,178,69.3,19.0,4,2,6,10
1,55,172,59.3,15.7,3,2,2,16
0,25,163,64.2,17.9,3,0,0,8
0,58,192,108.7,28.1,1,0,0,11
0,50,159,67.0,28.0,2,1,-3,16
1,50,156,77.1,17.0,2,1,-3,11
0,26,199,61.9,23.1,3,1,-6,10
0,24,182,105.3,15.8,1,0,0,9
1,55,154,102.8,21.4,2,2,5,7
1,37,177,50.3,15.9,4,0,0,4
0,31,196,67.0,29.0,3,1,-5,16
0,34,191,85.5,16.2,2,1,-2,14
0,37,200,77.4,25.4,3,0,0,15
1,56,195,73.0,22.6,4,2,6,8
0,56,161,50.9,19.3,1,2,2,13
1,48,160,75.0,21.8,1,2,6,9
1,22,171,86.6,0.0,4,1,-7,5
0,56,170,95.2,17.7,4,2,8,9
0,37,193,56.2,12.7,1,2,5,8
1,31,178,89.8,14.7,4,2,8,10
0,50,159,69.9,27.6,2,2,3,15
0,58,160,50.0,12.6,3,0,0,5
0,48,198,105.9,22.6,2,0,0,13
0,47,175,74.1,16.0,4,0,0,6
0,49,190,79.6,17.8,5,0,0,6
0,47,166,98.5,27.8,3,0,0,10
1,51,194,56.3,0.0,1,0,0,6
0,49,175,69.7,25.6,5,1,-4,7
1,29,162,79.6,26.3,2,2,4,8
1,28,164,92.3,27.5,2,0,0,16
1,38,186,83.8,19.1,2,2,3,7
0,24,168,65.7,15.4,3,0,0,13
0,36,171,69.1,29.5,1,1,-4,5
1,23,166,66.9,27.1,5,1,-2,11
1,18,165,69.2,14.8,4,1,-7,10
0,60,167,63.1,22.7,3,0,0,5
1,23,186,78.1,24.3,3,0,0,15
0,19,167,61.8,12.9,4,1,-5,9
0,43,176,63.2,15.8,2,0,0,16
1,40,183,104.1,0.0,4,0,0,11
0,35,179,107.1,24.4,3,2,4,14
0,24,151,93.0,13.9,3,2,3,5
1,37,178,93.4,20.8,5,0,0,15
1,30,178,108.9,15.7,4,2,3,14
0,39,190,94.8,0.0,3,0,0,15
1,34,193,80.1,17.8,1,0,0,12
0,59,172,63.8,24.0,4,0,0,14
0,29,164,69.7,25.4,1,0,0,12
1,25,153,73.0,17.1,2,1,-7,16
0,34,175,89.8,22.5,2,0,0,8
1,34,158,64.2,17.3,1,2,8,7
1,45,175,99.3,24.0,5,2,8,7
0,58,198,78.9,16.4,5,0,0,15
0,49,191,82.5,27.9,5,1,-7,5
1,25,155,73.0,28.1,2,0,0,13
0,26,171,103.5,23.8,5,0,0,13
0,30,175,85.5,27.0,4,0,0,10
0,25,180,79.8,0.0,3,0,0,10
0,35,189,52.1,17.3,4,1,-2,7
1,46,157,67.4,19.2,2,2,4,10
0,56,176,74.1,25.8,1,2,5,10
0,22,192,88.0,16.6,3,1,-3,10
0,54,185,73.6,19.0,3,0,0,11
0,22,186,64.9,19.3,3,0,0,16
0,29,197,89.2,0.0,3,0,0,5
0,27,198,55.2,26.9,5,2,2,5
0,51,159,105.6,14.8,3,0,0,8
1,37,200,76.0,24.5,2,1,-5,6
1,39,193,68.3,24.6,4,1,-5,10
0,55,188,96.1,17.6,1,2,3,9
0,46,194,104.7,21.1,3,0,0,10
0,47,199,90.8,27.7,3,0,0,7
1,50,164,62.0,27.0,2,0,0,6
0,54,167,90.0,0.0,5,1,-6,4
1,24,159,105.3,11.4,2,2,3,15
1,60,167,57.7,25.5,2,1,-8,4
1,25,175,80.8,11.0,1,1,-4,16
0,43,150,73.1,20.6,5,2,8,16
1,33,154,102.0,11.1,1,0,0,10
1,37,154,59.5,23.0,4,0,0,8
1,24,171,68.9,21.4,3,1,-6,6
0,40,179,56.8,13.0,4,1,-5,15
1,52,179,80.4,21.0,5,0,0,10
0,31,200,63.3,0.0,4,2,5,16
0,32,197,108.4,0.0,5,1,-4,13
1,32,160,59.1,0.0,3,1,-2,13
0,43,160,65.2,16.9,4,1,-8,7
0,24,198,85.1,18.5,1,0,0,16
1,27,154,78.5,24.6,4,1,-3,14
0,20,156,56.0,0.0,4,0,0,9
0,54,173,70.6,26.1,3,0,0,4
0,18,150,79.7,20.8,1,0,0,10
0,37,190,60.0,18.7,4,2,2,8
0,28,186,63.1,23.9,3,1,-5,4
1,39,159,103.0,10.6,5,1,-8,16
1,23,200,55.7,0.0,2,0,0,12
1,60,198,90.7,18.8,2,0,0,7
0,37,180,104.3,14.1,3,1,-6,6
0,28,199,92.3,28.2,1,1,-5,4
1,44,186,72.8,23.0,5,1,-5,7
0,42,168,65.1,25.5,5,0,0,6
1,26,170,69.1,17.1,3,2,4,16
0,23,192,97.1,10.1,2,1,-8,16
0,27,172,64.7,10.6,3,2,4,10
1,43,155,95.5,25.4,1,0,0,12
1,54,191,108.0,16.8,5,2,5,14
1,53,198,52.7,17.9,4,0,0,7
1,49,167,57.8,15.4,4,0,0,6
1,40,157,102.0,28.4,5,2,5,10
0,30,194,51.4,18.5,3,2,4,6
1,22,180,84.0,10.9,1,1,-7,13
0,56,181,64.6,24.5,2,1,-5,4
0,32,185,80.2,12.1,2,1,-7,9
1,21,156,85.2,29.7,4,1,-6,5
0,20,156,71.2,27.9,5,2,6,12
0,60,166,90.2,12.1,4,1,-2,8
1,38,164,66.8,10.6,1,1,-7,9
1,28,189,63.0,28.5,4,2,7,4
1,47,179,74.6,27.7,5,1,-6,16
1,19,167,60.4,28.8,1,1,-2,14
0,32,191,53.4,11.1,2,0,0,4
0,37,178,81.4,0.0,4,1,-2,5
1,42,155,103.5,22.3,2,2,5,9
1,19,199,51.3,26.6,5,0,0,13
0,49,151,57.5,14.1,1,1,-3,14
0,52,169,97.6,11.2,1,0,0,6
0,53,157,106.9,12.5,2,0,0,15
0,57,186,73.9,0.0,5,0,0,10
1,49,172,93.4,21.4,1,1,-2,10
1,27,165,95.0,0.0,1,2,8,15
0,45,169,91.1,20.0,5,2,8,6
0,47,170,85.1,18.1,4,0,0,9
1,38,198,58.9,22.2,3,2,4,5
1,20,200,70.6,16.7,3,0,0,7
1,41,187,69.8,23.9,4,1,-8,4
0,39,194,102.2,0.0,3,2,6,16
0,33,188,109.8,13.2,5,0,0,12
0,36,155,74.0,18.2,4,1,-4,4
1,48,150,63.2,19.2,3,2,6,12
1,33,150,62.6,20.1,3,1,-2,11
1,18,176,91.9,25.4,2,1,-5,9
0,53,199,63.8,17.6,1,0,0,11
1,59,173,86.4,16.3,1,2,7,6
0,21,164,101.3,12.3,3,0,0,11
1,18,152,97.0,17.2,2,2,7,11
1,55,154,90.6,27.3,2,0,0,5
1,21,177,104.2,26.3,3,0,0,4
0,25,159,85.7,23.2,3,1,-3,6
1,58,180,74.3,21.5,3,2,5,15
0,38,183,81.7,11.9,1,0,0,16
0,50,170,98.8,23.0,5,1,-4,15
0,31,171,85.5,0.0,2,2,2,10
0,46,167,70.6,0.0,1,1,-4,13
1,40,190,88.9,16.1,1,1,-8,15
0,47,164,101.0,26.4,4,1,-7,12
1,25,193,50.9,21.5,4,1,-3,14
1,31,173,50.5,27.2,2,0,0,16
1,18,161,79.4,23.8,3,2,4,6
1,40,166,97.2,20.3,3,0,0,8
0,58,200,108.7,19.6,3,1,-7,9
1,26,151,99.2,0.0,2,0,0,13
1,40,167,79.5,0.0,1,0,0,5
0,39,180,94.4,0.0,4,2,6,16
0,30,168,51.9,27.2,2,0,0,14
1,34,186,58.0,28.4,3,0,0,7
0,19,198,83.7,0.0,2,1,-6,10
0,58,152,68.7,25.9,2,1,-8,8
1,20,154,70.5,17.0,5,1,-2,6
1,30,176,78.3,19.5,4,1,-3,14
0,27,184,66.7,17.8,5,2,8,11
0,46,197,91.2,24.7,2,1,-6,5
0,59,174,60.9,0.0,2,2,7,14
1,47,165,109.9,0.0,3,0,0,4
1,31,188,73.6,24.6,1,1,-6,14
0,34,169,52.0,13.6,4,2,5,14
1,40,162,92.5,20.2,3,0,0,7
1,53,158,98.4,0.0,5,1,-6,10
1,29,172,51.5,0.0,3,2,5,11
0,53,198,76.4,10.5,3,2,5,13
0,25,194,93.6,23.6,2,2,7,6
1,24,190,53.7,22.1,1,1,-2,10
0,36,172,72.9,16.9,1,2,5,6
0,48,168,78.2,0.0,2,2,7,14
1,60,182,69.7,14.5,2,2,4,8
0,51,158,102.8,25.2,5,0,0,8
0,52,161,92.9,18.6,2,0,0,12
0,60,182,61.7,24.7,4,1,-6,7
1,35,177,86.0,0.0,5,2,8,5
1,22,195,75.0,12.1,4,0,0,4
0,54,188,76.6,12.6,3,0,0,5
0,33,197,109.7,22.1,2,2,2,14
1,27,183,93.6,27.3,2,0,0,9
0,33,194,67.8,23.4,5,1,-2,15
0,23,171,101.0,0.0,1,2,8,5
1,23,167,62.0,22.8,2,2,4,5
0,30,152,94.0,28.8,3,0,0,13
1,34,152,107.4,29.4,1,1,-2,8
0,48,195,73.4,22.5,2,0,0,9
1,44,192,70.5,22.0,4,0,0,12
1,30,156,50.5,22.3,1,1,-2,11
1,49,172,84.3,24.5,2,0,0,5
0,53,156,73.4,12.5,4,2,2,13
0,56,182,107.3,12.9,5,0,0,14
1,28,164,65.8,28.0,1,2,3,12
0,40,181,82.9,16.4,3,1,-8,6
1,58,190,82.3,0.0,5,0,0,12
1,52,188,67.1,16.9,5,1,-5,8
1,39,154,88.6,25.7,5,0,0,12
1,33,155,60.0,15.5,4,0,0,7
0,59,153,85.7,18.6,4,1,-7,11
1,47,169,53.2,11.7,3,1,-4,15
0,50,196,88.7,21.7,2,2,4,12
1,22,190,65.3,13.5,4,1,-6,6
0,32,194,74.0,0.0,4,1,-4,4
0,22,162,82.6,17.4,5,1,-3,11
0,55,170,57.1,20.2,1,2,3,16
1,23,172,54.6,17.9,5,1,-3,16
1,20,174,56.7,0.0,3,0,0,7
1,19,192,68.6,17.4,1,2,5,13
1,51,200,62.3,0.0,1,0,0,4
1,37,196,107.0,12.5,5,2,4,10
0,60,199,102.2,14.2,1,1,-5,11
0,27,166,89.8,0.0,1,1,-6,7
1,25,185,72.5,0.0,4,1,-7,16
1,32,180,58.5,25.9,4,2,3,8
0,50,150,91.7,0.0,5,2,4,9
0,51,177,105.2,21.3,5,1,-6,10
0,49,183,57.7,24.3,3,0,0,12
0,41,150,96.3,27.1,1,0,0,7
0,59,173,96.4,19.5,5,1,-6,16
0,18,153,70.4,27.8,5,0,0,12
0,32,165,97.7,0.0,4,0,0,15
1,35,180,80.3,21.7,1,0,0,8
0,39,150,105.9,14.0,5,0,0,12
0,19,166,77.0,22.2,2,1,-7,14
1,30,158,84.9,18.5,1,0,0,7
1,49,184,103.2,13.0,1,1,-3,13
1,59,178,84.3,0.0,1,2,5,6
1,28,200,67.2,25.1,4,2,3,15
1,41,194,87.1,22.3,4,0,0,7
0,53,193,78.2,29.6,3,1,-4,4
1,52,192,95.9,24.8,5,1,-3,16
1,27,185,86.3,13.1,2,1,-8,13
1,39,191,84.1,12.3,1,1,-4,8
1,55,195,88.1,21.3,1,1,-7,6
1,46,175,61.5,10.7,3,2,2,5
1,23,179,58.6,24.6,4,2,2,8
1,18,159,89.9,11.8,1,0,0,15
1,34,156,53.3,28.8,2,2,8,7
0,36,198,73.2,0.0,3,2,2,6
1,32,199,81.6,26.8,5,2,7,7
1,49,161,95.5,23.0,5,1,-8,8
1,25,187,96.1,15.0,4,2,3,15
0,28,200,67.4,20.3,2,1,-4,11
1,43,152,62.0,16.3,2,0,0,9
0,18,169,104.7,13.5,2,2,3,16
0,26,197,85.1,26.3,5,2,6,12
1,58,182,90.0,20.2,1,2,7,9
0,41,180,88.8,28.9,3,1,-6,6
1,22,156,107.0,12.8,5,2,6,5
0,44,198,53.1,11.5,5,1,-3,15
0,60,170,66.4,17.5,3,0,0,11
0,41,191,88.5,0.0,5,1,-6,15
1,41,158,89.4,16.6,4,1,-2,13
0,28,155,56.0,26.0,1,2,2,14
0,19,152,70.4,25.1,2,1,-3,8
1,20,190,63.2,0.0,2,0,0,8
0,26,171,79.5,26.3,4,2,8,11
0,34,168,66.5,11.2,2,1,-4,11
0,60,162,84.8,27.5,2,2,8,16
1,52,169,69.1,16.8,4,1,-5,10
1,38,192,96.0,28.4,2,2,7,12
0,27,183,91.3,27.3,5,1,-3,11
0,26,162,108.4,20.4,5,1,-6,11
1,48,167,104.6,0.0,4,2,4,5
1,45,158,89.1,13.5,4,0,0,7
0,58,165,106.1,0.0,3,2,7,15
1,57,150,108.6,26.2,4,1,-6,4
1,18,186,97.2,21.9,2,2,7,11
1,52,185,66.6,23.7,5,2,5,10
1,43,191,51.0,15.0,3,2,4,6
1,33,154,60.2,28.9,4,0,0,13
0,36,166,93.0,26.2,1,0,0,8
0,44,163,97.1,13.1,5,0,0,11
1,26,153,63.5,10.5,3,1,-3,16
0,44,165,75.1,12.3,4,2,6,6
1,31,199,66.0,29.5,1,1,-2,15
0,42,151,65.2,29.7,2,0,0,16
1,23,191,59.4,10.7,4,0,0,9
0,37,161,73.3,0.0,4,0,0,8
1,47,194,103.8,0.0,3,2,8,13
0,24,175,81.4,23.8,4,0,0,11
0,33,183,71.5,23.5,2,1,-8,7
1,57,169,79.0,0.0,1,2,8,14
1,18,164,73.2,11.4,4,2,4,15
1,50,165,81.3,25.1,2,1,-7,16
0,55,187,107.2,0.0,1,1,-8,4
0,42,159,73.9,14.9,4,0,0,10
1,40,182,106.7,15.7,5,2,6,15
0,42,166,52.9,27.5,1,1,-6,16
0,38,191,107.5,0.0,5,2,2,14
0,40,156,50.3,21.8,3,2,4,8
0,49,157,97.1,25.5,5,1,-3,5
0,29,170,70.2,14.1,1,2,5,5
0,58,176,53.4,26.2,4,2,5,10
1,60,191,100.9,22.1,2,1,-4,8
0,52,200,97.4,23.3,4,2,5,8
0,60,186,53.3,22.5,3,1,-3,5
1,52,174,84.0,23.6,3,2,5,7
0,22,179,65.0,0.0,1,0,0,9
1,42,172,100.3,0.0,4,1,-3,16
0,28,173,61.7,11.2,5,1,-6,12
1,57,198,87.8,21.4,1,1,-2,13
1,22,181,57.8,27.0,5,0,0,4
1,50,174,73.2,12.9,3,1,-3,7
0,23,197,54.7,17.6,4,0,0,16
0,44,162,65.1,10.3,3,2,6,5
1,50,198,106.2,23.8,1,0,0,8
0,49,188,51.5,27.8,2,2,8,16
0,45,163,61.4,0.0,5,0,0,16
0,25,167,109.8,23.4,5,2,2,5
1,55,150,66.9,13.4,5,2,6,12
0,60,180,96.1,26.8,3,1,-2,6
1,56,183,63.0,13.6,1,0,0,4
1,39,158,66.1,21.2,1,1,-5,15
0,49,200,64.7,0.0,2,0,0,4
1,19,191,50.9,12.1,4,0,0,12
0,24,151,68.2,18.6,3,0,0,8
0,18,166,98.1,0.0,1,2,6,14
0,47,177,56.9,14.7,5,1,-3,16
1,39,197,75.0,12.8,5,2,2,6
1,58,187,51.9,22.6,4,1,-8,5
0,48,168,102.0,11.6,3,1,-2,16
0,33,157,80.7,0.0,3,2,3,14
0,52,184,67.7,25.9,4,0,0,5
0,28,195,78.1,18.1,2,0,0,4
0,33,195,86.6,11.3,1,1,-8,9
1,27,198,82.8,0.0,2,0,0,11
0,18,156,50.2,20.3,5,1,-7,16
0,47,193,101.2,13.6,4,1,-3,15
0,40,154,95.7,25.2,1,1,-5,10
1,42,194,99.3,15.8,3,2,2,7
1,53,156,89.3,0.0,1,1,-5,9
1,28,175,56.0,20.6,1,2,4,4
0,44,158,66.6,0.0,1,2,6,16
0,36,179,94.4,17.9,3,0,0,11
0,22,155,99.7,21.8,2,0,0,6
1,50,178,104.9,13.2,2,0,0,8
1,36,180,94.7,10.5,5,0,0,7
0,47,163,70.9,15.5,1,0,0,11
1,40,176,79.7,18.1,3,1,-5,6
0,26,178,71.1,27.4,2,1,-2,9
1,20,180,103.2,10.2,4,0,0,16
1,43,178,63.9,20.0,2,2,7,14
0,22,165,79.3,18.8,3,0,0,16
1,55,189,90.5,14.7,1,0,0,4
0,38,166,104.8,0.0,1,1,-7,11
0,32,153,71.7,19.5,4,2,4,16
1,56,196,58.5,13.1,1,2,3,11
0,51,162,103.8,18.0,3,1,-2,7
0,26,156,84.1,28.3,3,1,-6,11
1,31,154,99.7,19.6,5,1,-4,8
1,37,178,80.1,26.8,5,2,6,10
0,47,168,76.3,21.6,1,2,7,6
1,42,157,56.1,27.7,2,0,0,15
1,27,168,94.5,26.5,5,1,-3,4
1,39,186,66.3,0.0,2,2,5,13
1,56,173,90.1,20.4,5,2,3,8
1,33,158,53.8,0.0,2,1,-7,7
1,50,195,105.4,27.8,3,1,-8,6
0,43,159,59.2,11.8,2,0,0,13
1,49,178,78.6,25.9,1,1,-5,7
0,48,198,99.0,10.3,2,0,0,4
1,52,159,67.7,19.7,4,0,0,6
0,43,182,95.7,26.5,5,0,0,5
0,39,175,60.6,27.2,3,2,3,9
1,21,158,88.8,0.0,4,1,-6,16
0,52,175,89.8,28.9,5,2,6,13
0,30,168,95.4,29.8,3,1,-6,4
1,35,179,107.5,26.2,2,0,0,6
1,36,173,50.9,23.5,5,2,6,7
0,25,200,65.7,22.5,1,2,2,8
1,45,160,60.9,15.0,5,1,-8,11
1,22,178,93.4,17.0,1,0,0,8
0,41,177,103.0,0.0,5,2,8,5
0,43,158,74.5,18.2,5,1,-8,4
0,51,155,107.9,12.8,5,2,5,13
1,51,183,68.0,29.0,4,0,0,4
1,23,195,108.8,20.9,2,2,3,6
0,18,197,97.8,16.2,1,2,7,14
1,40,168,57.7,0.0,3,0,0,10
0,34,185,66.6,17.6,4,0,0,13
0,48,161,100.8,19.9,5,2,4,7
1,60,179,80.0,16.3,2,1,-2,8
0,28,158,63.7,19.8,1,1,-7,9
1,56,186,97.8,13.1,5,1,-6,16
0,25,172,64.1,29.5,2,2,5,9
1,29,173,96.5,15.7,2,2,3,7
0,28,152,103.2,12.8,3,2,8,10
1,25,155,89.7,11.4,4,0,0,5
1,59,176,104.6,27.4,3,0,0,16
0,40,167,89.2,13.3,2,1,-2,7
1,30,183,90.3,11.8,2,0,0,8
1,27,151,99.9,22.1,3,0,0,8
1,41,151,75.9,12.7,3,2,6,13
0,48,198,71.9,0.0,3,2,8,11
0,60,200,104.4,14.2,3,2,5,7
0,59,188,72.8,28.1,1,2,2,10
1,26,157,98.1,12.7,5,2,6,6
1,29,172,93.1,20.9,1,1,-5,5
0,40,194,88.0,18.2,1,1,-5,4
0,32,191,85.7,11.5,1,1,-6,9
0,37,173,65.9,20.4,3,1,-8,7
1,46,194,62.5,23.0,4,0,0,14
1,38,180,71.2,17.3,2,1,-4,11
1,19,166,104.9,17.4,5,2,4,15
1,27,176,108.9,17.6,1,0,0,16
1,24,186,77.2,18.0,4,1,-8,5
0,28,200,68.1,17.7,5,0,0,16
1,24,169,102.9,25.4,1,1,-5,8
1,53,174,79.6,21.6,4,2,6,4
1,32,159,75.0,15.9,2,0,0,14
0,52,159,99.1,17.5,3,2,2,8
1,41,172,58.9,0.0,2,1,-3,10
1,53,155,58.7,0.0,4,1,-8,5
0,54,162,70.9,0.0,3,1,-7,4
1,44,188,83.5,24.8,3,0,0,6
0,33,187,62.5,16.3,2,1,-7,6
0,48,185,96.6,26.0,5,1,-5,10
1,52,179,95.6,10.1,4,1,-8,13
1,51,184,83.4,24.3,4,2,2,16
0,37,188,68.2,15.1,4,2,6,8
1,36,152,57.2,21.6,2,2,2,15
1,39,153,70.3,12.5,3,0,0,11
0,51,191,99.6,18.7,4,1,-6,10
0,30,158,85.4,0.0,5,0,0,15
0,32,174,75.0,0.0,2,2,2,6
1,19,197,98.3,14.9,2,1,-4,6
1,25,160,53.7,25.6,2,1,-4,15
1,21,165,69.1,24.5,2,0,0,8
1,59,160,109.0,22.1,1,1,-4,11
0,29,185,76.9,24.2,3,2,3,9
0,23,165,52.0,20.8,3,0,0,6
1,59,157,74.7,24.9,3,0,0,10
1,31,166,65.4,29.8,5,1,-3,8
1,42,156,62.8,15.8,2,0,0,8
0,36,155,104.1,13.3,4,0,0,9
0,31,187,106.9,0.0,3,0,0,16
1,49,152,64.7,0.0,2,1,-4,6
0,21,178,105.3,13.5,2,2,4,5
1,38,172,65.0,25.2,3,2,6,13
1,60,160,69.3,29.9,4,1,-7,6
0,43,191,80.4,24.6,1,2,6,11
0,35,198,104.7,23.6,4,0,0,13
1,44,185,69.8,15.2,2,1,-3,16
0,50,168,105.5,25.5,3,1,-4,14
0,49,173,72.6,0.0,2,1,-4,8
1,20,152,106.3,19.6,2,0,0,12
1,51,166,88.9,24.2,1,0,0,6
1,48,151,93.7,12.8,1,1,-7,11
0,22,198,105.7,18.3,4,1,-3,10
1,21,152,93.6,16.4,4,0,0,6
1,31,199,54.8,28.1,1,1,-3,16
0,46,161,66.0,17.3,3,0,0,7
0,22,153,97.1,15.1,3,2,5,9
1,26,172,109.1,27.7,5,1,-3,9
1,52,198,56.2,20.8,4,1,-3,5
1,24,199,64.2,0.0,3,0,0,7
1,58,198,55.7,18.2,1,2,6,16
0,42,154,52.8,11.7,5,1,-3,10
1,20,183,53.6,15.4,1,2,6,9
1,20,191,62.7,15.8,1,0,0,14
1,18,186,61.6,14.3,2,0,0,9
1,39,181,73.9,25.6,5,0,0,5
0,46,182,84.8,13.4,2,2,6,16
1,37,176,83.7,12.5,3,2,3,5
1,27,172,60.3,20.8,5,0,0,4
0,59,182,78.3,24.5,4,0,0,6
0,25,157,92.7,10.9,1,1,-2,4
1,22,196,91.9,14.7,4,2,5,4
0,18,198,91.1,18.3,5,0,0,10
1,60,169,55.1,25.4,1,2,8,12
1,60,190,75.7,14.0,5,2,7,7
0,33,176,53.2,20.8,3,2,5,7
1,49,179,81.3,24.0,2,2,6,9
1,43,191,67.9,17.2,3,1,-5,9
0,48,187,64.8,13.9,4,2,6,7
0,39,179,105.7,23.8,2,2,8,15
0,24,160,90.5,0.0,3,2,4,7
1,42,163,78.9,10.0,5,1,-3,7
1,31,158,102.0,22.9,5,1,-8,11
1,29,166,86.2,0.0,1,0,0,8
1,19,190,58.6,22.9,4,1,-5,10
1,40,198,71.9,29.3,3,2,8,5
0,37,184,72.8,13.6,2,2,7,7
1,42,157,76.0,26.6,1,0,0,10
1,51,199,90.5,25.7,1,0,0,16
1,23,156,70.8,10.0,3,2,6,8
1,31,196,94.7,29.5,1,0,0,13
0,28,179,81.6,20.8,2,0,0,16
0,22,199,77.6,27.7,3,1,-2,8
0,27,196,87.2,0.0,3,0,0,4
0,44,181,50.7,10.8,5,0,0,5
1,40,185,90.3,0.0,3,1,-3,12
0,46,168,65.7,14.4,1,1,-3,7
0,25,183,89.1,19.7,5,2,3,12
0,58,171,66.9,12.5,1,2,6,14
1,43,178,102.1,27.0,2,2,5,4
1,58,160,59.2,25.8,2,1,-8,16
1,23,151,53.7,28.1,5,1,-8,5
1,20,195,97.7,0.0,4,1,-4,10
0,50,180,96.1,12.9,4,1,-2,13
1,23,185,95.6,25.3,4,0,0,6
0,57,162,64.3,0.0,4,1,-6,13
0,35,163,84.6,29.4,1,0,0,13
0,40,191,64.1,22.7,3,2,4,6
1,19,187,99.0,15.1,2,0,0,15
1,58,154,50.3,19.5,1,2,4,13
1,48,189,57.0,19.4,4,0,0,5
0,41,167,64.2,15.2,3,1,-6,12
0,37,196,93.6,20.2,5,1,-5,10
1,50,152,79.8,0.0,5,1,-7,8
0,41,193,98.6,18.7,2,0,0,7
1,50,168,106.4,10.7,2,1,-4,8
0,35,166,86.7,0.0,2,0,0,4
0,42,190,101.8,15.7,1,2,6,11
0,42,181,87.1,15.6,4,2,2,5
0,22,179,89.4,23.9,3,0,0,7
1,40,166,65.6,17.1,1,1,-4,5
1,33,170,109.2,16.0,1,2,5,16
1,40,194,83.7,16.1,3,1,-8,4
0,59,152,83.2,25.3,5,0,0,6
0,57,183,103.4,21.0,2,0,0,7
0,40,166,93.3,12.5,1,2,5,14
0,48,170,104.1,12.5,4,1,-5,9
0,36,197,94.1,26.3,4,2,8,12
1,30,170,52.8,24.0,2,0,0,11
1,40,171,77.6,14.1,5,2,7,9
1,36,178,102.4,0.0,3,2,4,16
0,47,170,100.7,19.4,1,1,-7,4
0,51,187,57.5,26.2,5,2,6,10
0,41,157,50.4,20.1,3,1,-3,15
1,46,180,65.6,21.0,3,1,-5,11
0,29,157,104.7,12.3,2,0,0,9
1,29,183,78.0,29.2,3,0,0,7
1,24,160,106.6,20.7,1,0,0,15
0,52,182,50.7,26.4,3,2,4,14
1,37,198,87.1,13.7,3,1,-4,13
1,33,179,87.8,15.2,2,1,-5,9
1,45,168,80.7,16.4,2,2,7,10
1,41,175,102.2,13.0,5,2,5,8
0,60,180,80.2,19.6,2,2,8,8
1,26,154,52.9,17.3,2,1,-2,16
0,32,200,81.9,24.0,2,2,7,5
1,33,192,57.5,15.1,3,2,5,12
1,53,173,85.6,10.0,4,1,-2,10
0,27,196,55.1,17.1,2,2,5,12
0,32,150,62.4,29.1,1,0,0,14
1,59,175,98.0,0.0,3,2,7,8
0,37,190,108.2,28.9,2,0,0,5
0,54,172,84.7,11.8,1,0,0,5
1,22,171,89.5,12.8,4,1,-5,14
0,18,189,62.1,10.6,1,1,-7,16
0,32,174,104.3,25.5,2,1,-3,16
0,36,189,91.2,0.0,1,2,2,15
1,42,188,57.3,15.9,5,1,-5,12
0,19,185,71.5,0.0,5,0,0,9
1,44,166,103.8,11.7,4,1,-6,14
1,42,152,52.3,18.7,4,2,2,10
0,54,170,69.2,29.0,2,0,0,9
1,29,171,89.7,29.7,3,0,0,13
0,39,170,94.1,14.6,3,0,0,8
1,46,194,90.6,29.3,1,0,0,5
0,28,188,72.7,29.0,2,1,-2,12
0,42,167,53.6,0.0,2,1,-5,13
1,53,175,98.3,12.0,5,2,3,7
1,49,178,89.7,0.0,2,2,7,10
0,60,189,87.0,28.9,2,2,3,13
0,23,157,87.8,13.7,2,0,0,10
1,38,172,92.5,20.8,4,0,0,4
1,58,185,74.1,13.8,4,0,0,16
1,52,183,62.5,11.2,3,1,-3,12
1,39,198,72.6,14.2,3,2,7,16
0,37,190,94.4,14.9,4,2,2,16
0,20,153,90.6,28.3,2,2,5,13
1,29,174,67.4,29.5,5,1,-8,6
0,25,190,88.1,12.6,2,0,0,15
0,41,191,74.1,19.7,2,2,7,5
0,23,185,72.9,14.9,1,1,-2,15
1,33,167,88.4,0.0,1,0,0,6
1,52,169,99.1,26.0,1,2,5,7
0,38,178,58.2,27.4,2,0,0,8
0,19,168,78.1,0.0,3,0,0,14
1,25,156,87.3,10.1,4,0,0,8
1,46,173,65.3,20.1,1,2,8,12
1,30,163,104.8,0.0,1,1,-3,4
0,51,164,105.5,25.7,2,0,0,16
0,20,176,108.3,0.0,2,2,2,4
0,20,167,82.2,16.2,2,0,0,5
0,30,189,78.8,20.4,3,1,-2,6
0,53,174,75.6,22.5,4,1,-5,13
0,59,200,103.7,23.1,1,2,6,12
0,52,153,108.7,20.9,1,0,0,7
0,54,184,106.2,25.6,3,2,3,7
1,18,197,100.6,15.8,1,1,-6,11
1,18,199,82.9,15.5,3,1,-3,8
1,40,168,96.4,22.4,3,0,0,15
0,33,183,76.3,14.7,1,1,-2,8
0,37,167,61.1,12.4,3,1,-4,6
1,38,154,99.3,20.8,1,2,4,8
1,34,180,105.0,16.1,3,0,0,5
1,51,178,53.0,23.2,5,1,-4,10
1,53,196,63.6,0.0,4,2,7,10
1,19,153,63.8,25.5,1,1,-6,14
1,35,179,67.3,22.8,3,1,-5,7
0,49,195,99.5,0.0,3,0,0,6
0,20,175,56.9,12.9,3,2,3,8
0,38,184,83.6,21.4,2,2,8,5
0,21,169,103.8,27.7,3,0,0,13
0,56,190,85.7,14.6,5,1,-7,15
0,21,167,102.2,22.0,2,2,3,6
0,44,166,68.2,27.6,4,2,4,10
1,26,162,54.3,24.9,2,2,3,12
1,43,168,92.8,20.9,5,1,-6,16
0,45,187,95.6,22.2,3,1,-7,14
0,53,180,109.1,0.0,5,0,0,6
0,46,170,84.6,16.0,3,2,5,13
0,40,161,76.0,22.4,4,1,-6,9
0,25,181,57.5,19.8,4,2,7,13
0,35,170,65.9,25.7,3,1,-8,10
1,51,186,51.1,17.9,5,2,3,9
0,59,198,79.5,18.1,1,2,5,8
0,49,165,83.5,16.7,4,2,4,6
1,27,182,50.4,29.9,4,0,0,14
1,33,194,54.9,27.7,3,2,2,6
1,26,199,84.4,29.2,2,2,4,5
0,58,151,67.9,13.2,3,0,0,4
1,30,153,58.2,12.3,5,2,4,7
0,43,187,53.7,12.9,1,2,5,5
0,32,177,69.3,22.4,2,0,0,15
0,26,168,89.6,14.6,1,1,-4,11
0,22,181,101.1,28.6,3,0,0,15
0,38,189,80.4,10.0,5,1,-6,8
0,51,187,60.0,18.1,4,0,0,11
1,23,157,65.3,0.0,3,1,-8,14
0,34,153,83.5,13.5,1,2,4,14
1,57,156,89.8,0.0,1,0,0,6
1,43,175,96.3,15.2,1,0,0,15
0,27,187,71.7,16.7,3,2,3,9
1,29,188,95.6,21.7,4,1,-2,8
0,59,197,57.1,11.1,1,0,0,4
0,51,192,96.0,21.8,1,1,-6,10
1,56,187,90.8,23.2,3,2,5,11
1,41,151,106.0,26.2,2,0,0,9
0,21,157,89.2,18.6,5,1,-4,5
0,19,176,107.2,20.3,3,0,0,9
1,59,158,93.0,11.0,1,0,0,12
0,47,160,80.4,27.7,1,1,-2,5
0,48,184,67.7,25.2,4,0,0,7
0,60,168,81.6,11.9,1,2,3,15
0,58,180,61.6,22.9,5,0,0,6
1,55,157,52.4,23.5,3,2,5,9
0,51,152,55.3,12.4,2,2,6,14
1,55,170,94.8,18.3,2,0,0,9
1,21,163,53.1,26.0,4,1,-8,11
0,30,151,55.8,12.5,4,0,0,12
0,22,168,69.6,19.2,3,2,7,9
1,58,154,71.2,27.6,5,2,7,15
1,51,183,96.1,15.8,2,1,-4,7
1,21,192,95.9,27.0,1,0,0,7
1,50,194,98.9,25.3,1,0,0,8
1,55,173,83.7,22.3,2,1,-7,14
0,53,176,82.1,29.9,4,0,0,9
1,48,194,87.2,12.3,4,0,0,16
0,48,199,75.3,21.8,5,0,0,13
1,36,168,87.0,13.7,5,0,0,11
1,21,190,56.8,0.0,2,2,7,12
0,51,150,88.5,25.8,5,0,0,10
0,54,173,66.8,10.2,2,1,-5,8
0,57,159,89.3,0.0,1,1,-8,7
1,52,187,61.7,25.3,3,1,-3,8
0,33,153,77.9,11.4,3,1,-3,11
1,27,195,91.6,11.6,1,1,-7,9
0,47,171,90.2,27.1,5,1,-8,16
0,53,178,83.7,15.7,1,1,-4,7
1,30,183,63.4,16.6,1,2,2,6
1,39,152,109.7,14.3,3,1,-5,9
1,49,166,60.4,21.1,1,1,-3,14
0,46,152,73.3,0.0,4,2,5,5
1,33,157,60.3,19.0,4,1,-5,7
1,26,187,73.5,11.4,2,2,3,7
0,41,176,108.7,29.8,1,2,5,11
1,46,153,53.5,0.0,2,0,0,6
0,38,153,105.5,28.5,2,2,6,14
0,32,162,58.3,29.3,2,2,8,6
0,31,176,77.2,0.0,3,0,0,4
1,28,187,54.9,12.6,5,2,3,12
1,18,163,91.9,10.7,1,0,0,16
1,49,197,84.8,11.0,5,0,0,9
1,46,189,90.2,16.8,2,0,0,8
0,28,160,57.8,11.1,2,2,7,7
1,51,183,72.5,28.7,1,1,-2,13
0,38,158,100.1,0.0,1,1,-5,16
0,33,181,78.4,23.3,3,2,5,8
1,59,165,101.1,13.5,5,1,-5,14
1,57,189,101.2,0.0,2,0,0,12
0,43,152,63.3,0.0,3,2,4,7
1,55,174,108.6,28.4,1,0,0,5
0,31,173,65.4,28.0,1,0,0,11
0,44,151,84.8,21.6,1,1,-2,15
0,32,195,99.4,17.2,5,0,0,15
0,42,178,58.5,26.2,1,2,5,15
1,38,153,74.6,25.8,4,2,5,7
1,51,159,69.8,29.0,3,1,-7,15
0,19,187,95.6,26.3,5,0,0,14
0,60,184,73.6,22.8,2,0,0,10
0,19,150,92.0,29.7,2,1,-6,6
0,47,175,60.4,14.6,4,2,6,9
1,60,186,95.2,16.8,4,0,0,15
1,27,159,72.7,0.0,2,1,-7,8
1,55,162,65.3,29.0,2,0,0,14
1,28,157,105.8,14.0,3,2,6,5
0,32,179,76.4,29.4,4,2,7,13
0,30,179,108.0,20.4,5,0,0,16
0,40,157,105.2,22.6,2,2,5,14
0,31,185,75.2,11.5,5,1,-2,4
0,26,159,78.9,26.6,3,0,0,12
1,18,181,69.2,27.4,2,2,7,13
0,45,163,63.9,27.8,1,0,0,11
1,53,163,104.5,0.0,1,1,-8,7
1,46,192,105.3,27.6,1,2,4,14
0,19,185,95.9,0.0,5,2,7,13
0,58,200,56.0,27.8,2,2,6,11
0,33,168,51.9,28.4,1,1,-7,9
0,28,177,57.1,0.0,4,1,-2,5
0,59,192,72.2,21.6,2,2,3,8
0,50,178,89.2,22.1,4,2,6,15
0,37,183,89.2,0.0,2,1,-3,11
0,31,176,79.3,22.1,2,1,-4,13
1,23,155,93.3,21.3,5,1,-4,12
0,33,158,94.3,30.0,5,1,-2,9
1,22,164,104.7,0.0,4,1,-6,16
0,37,180,107.0,27.8,1,1,-6,15
1,59,166,88.8,18.8,1,0,0,13
0,49,200,99.7,10.3,1,0,0,6
0,53,189,74.5,16.6,4,2,3,8
0,29,181,60.1,14.8,2,0,0,8
1,42,158,80.4,0.0,3,2,5,7
0,42,150,53.2,19.6,2,0,0,4
1,53,181,66.4,26.3,3,1,-4,9
0,32,198,72.7,12.5,3,1,-5,15
1,34,192,52.9,0.0,2,2,6,13
1,45,150,61.2,16.7,2,0,0,6
1,51,172,61.4,0.0,4,0,0,4
1,24,155,103.1,24.4,1,2,7,5
1,56,152,74.1,28.0,2,2,4,6
0,38,174,101.0,0.0,5,2,4,9
0,23,174,98.1,22.2,3,1,-7,9
0,18,175,101.2,24.9,2,2,4,8
0,18,182,51.8,13.9,2,0,0,4
1,31,180,64.5,14.8,4,2,2,14
1,55,186,96.9,16.4,3,2,5,11
1,33,189,75.8,13.0,1,2,4,12
0,21,160,91.5,25.8,2,2,4,10
1,18,185,100.7,0.0,2,2,6,16
0,31,189,81.9,20.9,4,1,-6,13
1,29,150,92.9,12.2,1,2,3,12
1,28,180,73.3,20.2,2,1,-4,15
0,26,190,65.7,28.6,3,0,0,13
0,32,163,93.3,0.0,2,0,0,11
1,41,177,65.0,12.3,2,1,-8,15
0,37,186,67.8,18.1,1,2,8,14
0,29,160,72.2,0.0,5,0,0,6
0,40,181,58.1,21.3,5,1,-4,10
0,41,178,60.1,0.0,2,1,-4,16
0,36,175,94.9,15.0,4,0,0,13
0,41,199,50.2,11.4,3,0,0,16
0,40,176,90.3,0.0,5,2,3,4
0,57,185,90.1,27.7,3,2,8,14
0,22,156,93.4,21.9,1,1,-2,5
1,52,166,87.7,29.9,3,1,-7,6
1,59,154,98.7,13.2,3,2,3,15
0,30,175,82.7,21.2,1,1,-7,11
1,20,197,93.8,27.1,1,1,-8,15
1,22,185,106.7,16.8,2,1,-2,9
0,57,191,66.7,14.5,5,2,5,7
0,51,174,94.7,12.2,1,2,4,10
0,43,197,98.2,23.2,3,2,4,4
0,21,156,103.7,19.6,4,2,3,10
1,49,184,55.7,0.0,5,0,0,9
0,34,184,96.3,0.0,5,0,0,11
1,59,183,88.5,12.5,5,1,-3,12
1,42,163,104.1,19.5,3,0,0,15
1,36,198,105.7,21.8,2,1,-7,14
0,22,156,78.5,29.0,1,0,0,12
1,37,152,60.5,26.9,2,1,-8,8
1,58,199,98.6,29.9,1,2,3,15
0,60,194,72.0,25.8,5,0,0,11
1,32,194,68.5,28.8,4,2,6,6
1,29,152,92.2,21.2,4,0,0,16
1,36,178,79.0,17.9,5,1,-6,13
1,59,187,69.5,14.7,2,1,-7,5
0,23,152,90.7,23.5,5,2,3,12
0,60,190,55.8,0.0,1,0,0,13
1,45,189,84.1,24.5,4,1,-2,11
0,60,178,78.1,16.6,3,2,8,9
0,31,187,87.0,22.7,1,0,0,9
0,29,164,79.5,29.5,5,2,5,13
1,32,165,99.7,0.0,5,0,0,9
1,48,178,92.3,0.0,3,1,-2,10
1,32,187,66.1,22.0,1,2,2,13
0,46,170,108.0,20.6,3,2,5,14
1,58,179,72.4,20.9,3,2,3,13
1,29,167,87.3,0.0,4,1,-6,16
0,39,195,90.5,0.0,4,1,-7,13
1,26,195,92.2,0.0,1,1,-4,15
0,52,171,68.8,11.3,3,2,5,6
1,20,158,90.0,25.7,1,2,2,6
0,27,162,53.9,21.8,3,2,2,5
0,49,199,92.8,19.9,1,2,3,9
1,34,195,94.4,27.9,3,0,0,13
1,45,178,76.5,0.0,3,2,5,6
0,60,171,95.7,23.7,2,0,0,6
0,23,179,61.4,16.1,2,0,0,12
1,49,193,78.2,0.0,1,0,0,9
0,46,186,93.4,13.2,2,2,6,10
0,26,188,66.9,15.8,2,2,4,9
0,56,179,97.5,10.1,1,1,-3,6
0,55,172,54.3,11.8,4,1,-6,11
1,20,189,78.2,27.2,2,1,-6,14
0,34,195,91.5,0.0,1,2,7,15
1,41,169,62.2,26.8,5,0,0,13
0,20,183,83.1,11.8,1,0,0,6
1,20,181,82.8,24.8,2,2,5,13
1,19,198,97.2,16.1,5,1,-6,15
0,45,198,69.7,21.0,5,0,0,9
1,23,179,69.3,27.6,5,1,-8,5
1,38,174,64.3,10.8,5,1,-4,16
0,34,198,108.9,0.0,2,2,4,14
0,31,200,106.5,0.0,2,1,-5,8
1,40,156,63.3,19.1,5,1,-7,4
1,29,154,93.0,17.6,4,1,-6,5
0,22,200,74.1,0.0,3,1,-8,10
0,22,176,101.9,17.9,5,2,4,14
1,55,169,56.8,26.2,4,0,0,12
0,40,192,54.1,0.0,5,0,0,11
1,42,157,106.6,26.5,3,2,2,4
0,42,200,109.5,13.2,3,1,-8,14
0,42,177,54.3,10.0,1,0,0,10
0,41,182,98.3,14.7,3,0,0,6
0,35,180,62.9,13.0,5,2,2,10
0,29,153,98.6,23.0,3,0,0,4
0,31,174,72.3,12.1,2,0,0,10
0,37,164,70.3,22.8,3,2,5,13
1,31,152,81.0,20.1,1,0,0,9
0,30,156,100.7,28.2,4,2,7,13
1,37,171,103.5,24.2,2,1,-8,16
0,34,185,74.9,0.0,3,1,-8,10
1,41,200,108.7,29.4,2,0,0,14
1,45,186,92.8,27.8,1,1,-6,15
1,48,168,54.5,0.0,1,0,0,13
0,21,155,95.5,14.6,5,2,7,9
0,42,173,73.4,22.5,5,0,0,14
1,50,178,58.2,21.7,2,2,3,16
1,28,184,75.9,11.6,3,0,0,6
1,59,168,75.4,29.4,5,0,0,16
1,54,182,51.0,10.2,2,0,0,16
0,23,200,64.7,21.0,3,0,0,11
1,39,175,55.7,10.3,1,0,0,10
0,25,158,78.7,27.2,2,0,0,15
0,20,183,60.9,20.2,2,0,0,14
1,35,185,58.3,20.3,2,2,7,11
1,54,194,68.9,13.2,3,0,0,6
0,41,156,103.2,17.2,3,2,2,10
1,37,190,62.1,23.8,3,2,2,6
1,60,179,86.7,12.8,4,1,-7,6
1,42,150,109.9,25.4,4,1,-3,11
1,25,154,60.9,12.7,5,0,0,16
1,53,172,61.0,0.0,1,2,6,8
0,46,168,53.9,11.8,2,0,0,11
1,43,178,50.6,22.8,1,0,0,16
0,46,152,64.8,0.0,1,0,0,16
0,35,150,91.6,14.3,5,0,0,16
1,47,198,92.8,12.2,1,2,4,11
0,18,162,106.4,18.0,3,1,-7,9
1,18,193,106.4,15.7,2,0,0,4
0,48,197,76.1,0.0,3,2,3,10
0,29,183,85.1,0.0,5,1,-6,9
0,58,192,85.1,23.0,4,2,6,12
1,43,180,76.7,12.2,1,0,0,5
1,21,182,55.4,20.1,2,2,6,5
1,24,165,96.9,0.0,5,2,5,16
1,56,199,108.1,0.0,1,0,0,12
1,42,186,68.8,20.7,2,2,7,8
1,48,168,56.7,0.0,5,2,7,11
0,18,183,95.3,24.5,2,2,7,15
0,21,166,65.0,28.9,5,2,5,16
1,29,182,62.9,0.0,4,0,0,12
0,24,188,95.3,0.0,1,2,7,16
0,39,194,100.0,11.0,1,0,0,6
1,24,151,86.5,12.7,2,2,3,5
0,55,169,80.3,24.8,3,0,0,5
0,49,193,72.0,19.8,5,0,0,6
1,32,174,88.9,12.8,5,2,6,16
0,57,157,78.7,23.7,3,2,6,11
0,56,166,91.9,22.3,5,0,0,15
0,42,158,72.6,16.3,1,2,5,5
0,56,162,92.9,18.8,3,2,2,5
0,50,196,51.2,16.7,4,1,-6,12
0,51,180,56.8,0.0,3,0,0,4
0,29,199,57.8,26.0,5,2,2,5
0,40,153,52.8,0.0,5,2,8,14
1,51,175,89.1,16.0,4,1,-3,4
1,59,188,51.6,29.3,3,2,5,11
1,38,160,77.6,30.0,5,1,-7,6
1,48,155,88.7,20.7,4,1,-7,16
0,55,152,90.9,27.0,1,0,0,11
0,32,180,55.3,25.3,1,2,4,7
0,30,195,108.1,11.7,4,0,0,8
0,32,173,80.6,0.0,1,2,4,10
1,43,177,86.5,11.7,1,0,0,5
0,35,154,91.3,15.7,1,2,4,4
1,41,151,103.8,13.5,3,0,0,15
0,20,194,107.5,14.7,4,1,-7,7
0,39,156,105.8,28.5,2,0,0,12
1,56,162,68.5,18.1,2,2,3,4
0,39,171,77.6,12.0,2,2,6,6
1,53,151,63.7,26.6,5,0,0,15
1,24,174,99.9,26.2,4,1,-3,4
0,26,192,108.7,13.9,3,2,5,4
1,43,159,108.5,12.4,3,0,0,7
0,45,185,98.3,29.5,1,1,-3,15
0,34,196,102.4,12.1,5,0,0,10
1,51,192,51.8,26.7,5,1,-7,5
0,22,193,109.3,13.1,2,0,0,13
1,50,166,93.3,0.0,5,2,5,9
1,48,176,99.8,19.9,2,1,-7,10
0,44,155,91.7,24.4,3,1,-5,5
0,21,173,106.6,29.7,3,2,2,7
0,19,177,96.5,11.8,3,0,0,12
1,56,158,65.0,23.3,2,1,-8,8
0,59,183,100.9,26.0,5,2,2,7
0,49,157,91.8,22.5,3,0,0,11
1,50,161,83.8,28.6,1,1,-7,11
1,35,174,70.9,14.9,2,0,0,15
0,20,167,107.4,0.0,1,0,0,8
0,38,171,85.1,24.1,3,0,0,8
1,58,192,88.2,11.6,3,1,-6,11
0,54,165,109.2,22.4,5,0,0,15
1,20,162,90.9,22.7,3,1,-3,12
1,27,170,68.6,22.7,4,1,-8,10
0,38,200,103.1,20.4,5,0,0,13
0,30,154,83.4,0.0,5,0,0,7
1,25,185,84.2,0.0,3,0,0,15
0,22,183,107.1,18.3,2,0,0,9
0,47,181,80.5,11.1,5,1,-2,11
1,51,161,65.5,25.5,2,2,8,4
1,25,150,108.5,0.0,3,1,-5,7
1,31,176,74.0,26.5,2,1,-4,4
1,22,182,104.9,19.5,4,0,0,7
0,21,162,101.1,19.3,5,2,7,7
0,59,178,102.0,0.0,5,1,-2,15
0,53,186,68.2,0.0,3,0,0,9
1,32,179,74.0,11.1,1,1,-2,15
0,52,184,106.4,0.0,2,1,-2,7
1,35,186,104.7,0.0,3,1,-4,5
1,25,176,66.8,10.0,1,0,0,11
1,31,194,60.1,28.5,4,1,-6,9
0,19,186,104.2,0.0,2,0,0,4
1,52,159,74.3,0.0,5,0,0,10
1,37,153,78.5,0.0,5,1,-8,15
0,32,185,95.6,24.3,3,2,5,7
0,46,167,95.1,17.8,5,2,2,15
1,21,152,59.3,29.7,1,0,0,8
1,55,189,90.1,23.0,3,0,0,10
0,37,177,84.6,0.0,5,2,7,16
1,55,192,91.0,28.0,5,0,0,4
1,41,163,70.4,12.8,5,2,2,16
0,36,151,59.6,26.5,1,2,6,16
0,37,195,86.8,0.0,5,0,0,13
0,35,155,64.9,11.2,1,2,2,6
1,38,174,94.9,11.8,5,0,0,5
1,24,179,61.6,14.9,2,2,4,9
0,40,153,61.5,14.8,3,1,-5,13
1,51,164,61.8,18.8,2,1,-3,5
0,25,180,74.6,18.7,2,0,0,6
1,24,155,93.1,15.0,2,1,-2,15
1,37,160,62.2,20.2,5,0,0,12
0,45,199,84.5,25.0,2,0,0,12
1,41,181,97.4,10.4,5,1,-4,9
1,28,189,54.3,17.6,3,0,0,14
1,45,156,77.5,17.5,3,0,0,12
0,50,190,101.0,20.1,3,1,-3,5
1,33,188,62.6,13.7,4,1,-6,15
1,57,178,97.7,25.3,2,2,5,8
0,26,197,72.3,25.7,4,1,-5,7
1,34,183,106.7,29.8,2,0,0,5
0,40,182,60.5,13.3,3,0,0,7
0,26,193,70.6,16.1,2,1,-8,9
0,30,152,89.7,16.4,4,1,-2,13
0,60,154,71.9,27.0,1,2,6,4
0,55,153,85.5,20.3,5,1,-4,12
0,60,165,56.6,19.5,3,2,8,9
1,26,177,50.5,14.0,2,0,0,10
1,26,160,88.0,0.0,2,2,5,6
1,19,195,65.7,23.4,5,1,-8,10
1,32,170,82.7,0.0,3,0,0,4
0,28,191,72.8,24.7,2,1,-8,9
1,42,182,59.7,20.8,5,1,-7,7
0,54,172,66.6,27.4,4,2,6,10
1,54,180,91.5,25.8,1,2,6,12
1,27,151,55.0,0.0,3,2,5,11
1,37,169,81.6,12.6,3,1,-7,10
1,53,160,72.2,19.5,5,2,2,12
1,37,181,98.6,18.2,4,1,-4,10
1,54,162,84.6,0.0,5,0,0,16
1,58,166,68.4,11.8,1,2,7,14
0,49,189,107.3,17.6,3,2,4,15
0,34,176,51.0,19.9,4,0,0,16
1,26,188,80.2,0.0,5,1,-6,15
0,59,188,66.4,14.0,5,2,5,10
1,31,178,80.9,24.5,1,2,3,4
0,33,192,96.9,23.1,1,1,-7,10
0,24,190,71.1,17.1,1,2,3,6
0,19,158,69.5,13.6,2,0,0,6
1,32,184,88.1,27.4,3,2,7,10
1,60,160,82.8,22.1,2,1,-5,7
0,60,172,50.8,0.0,4,2,2,6
1,21,158,76.2,17.6,5,0,0,11
1,41,151,70.4,19.8,2,2,4,6
0,37,163,54.7,13.8,2,2,2,13
0,24,175,70.0,29.0,2,0,0,12
1,41,165,76.6,0.0,1,0,0,13
0,42,178,98.4,0.0,5,2,6,15
0,49,157,72.8,23.9,2,1,-6,5
1,60,196,90.0,10.9,1,0,0,10
1,50,189,54.1,12.5,1,1,-7,4
1,49,177,102.5,12.3,4,0,0,7
0,20,168,97.3,10.5,1,2,4,11
0,52,152,86.7,18.5,4,1,-4,4
0,48,172,105.7,0.0,5,0,0,8
0,48,180,104.5,15.0,5,2,4,9
0,50,193,73.1,15.6,5,1,-4,5
0,35,156,85.6,18.8,3,1,-5,7
1,32,188,50.6,0.0,5,2,5,4
0,56,164,62.1,15.7,3,0,0,16
0,23,171,101.7,28.4,2,1,-2,16
1,33,198,89.3,21.4,5,0,0,16
1,50,177,99.8,0.0,2,1,-2,9
1,33,182,72.4,18.1,3,0,0,7
1,55,170,101.4,16.8,2,1,-2,16
1,22,185,101.9,27.9,4,2,4,12
0,40,156,86.4,20.0,5,2,7,7
1,49,150,54.9,19.1,4,1,-7,5
0,39,174,90.2,17.8,1,1,-5,10
1,29,179,96.2,0.0,1,2,4,6
1,30,185,68.6,0.0,4,2,8,6
1,59,195,54.1,0.0,1,0,0,12
0,48,173,109.5,26.4,4,2,8,10
0,21,161,94.1,25.9,1,0,0,4
1,59,170,82.3,15.4,3,1,-2,14
1,55,195,87.0,16.4,5,1,-5,6
1,58,195,87.7,11.0,1,2,8,13
0,46,189,109.1,27.1,1,1,-2,15
1,27,153,65.8,21.4,1,2,4,4
0,43,173,98.7,30.0,2,1,-6,11
1,53,168,52.8,19.4,3,2,5,15
1,18,192,55.1,20.0,4,0,0,16
1,21,190,108.4,0.0,5,0,0,5
0,41,193,56.4,25.3,3,0,0,13
1,56,195,60.5,0.0,5,1,-5,12
1,21,165,62.6,18.4,2,0,0,6
1,18,179,89.7,10.0,3,1,-2,4
0,25,155,100.3,21.6,1,1,-5,14
1,22,173,70.3,11.0,2,0,0,11
0,31,154,103.4,21.1,5,2,4,16
0,43,182,72.2,0.0,4,1,-7,8
0,26,191,65.9,20.0,1,1,-3,5
0,43,165,101.9,20.4,1,2,3,11
0,19,153,94.4,0.0,3,2,7,12
0,26,166,56.1,14.3,1,0,0,11
0,46,184,61.1,15.3,5,2,8,5
0,40,167,56.2,29.9,2,0,0,9
1,19,176,58.8,11.7,1,2,7,6
0,48,173,50.1,11.3,2,1,-6,14
1,30,150,85.7,11.9,5,1,-8,5
1,27,190,86.1,17.9,4,2,3,14
1,44,178,81.5,14.5,1,0,0,6
0,37,187,74.3,24.6,1,1,-6,4
0,28,155,65.7,13.2,5,1,-6,14
1,29,158,77.5,13.7,3,2,4,13
0,54,173,72.3,16.5,5,1,-6,12
1,22,150,83.2,22.8,1,2,5,14
1,38,155,98.5,19.7,4,2,2,13
1,48,153,80.7,28.3,2,1,-2,14
1,46,194,53.2,29.2,2,0,0,13
0,19,170,67.1,28.4,5,1,-6,4
0,59,178,88.6,14.0,1,0,0,8
0,20,161,86.5,20.5,4,2,4,12
1,56,191,81.3,16.7,3,2,4,8
1,55,159,89.2,11.2,5,1,-7,8
0,22,158,73.0,23.5,4,2,6,7
0,25,180,105.7,0.0,1,2,3,7
0,31,160,77.2,12.7,4,0,0,4
0,43,164,98.0,15.9,1,2,2,16
1,44,174,63.4,17.3,2,0,0,8
0,43,177,90.7,25.8,4,2,6,8
0,38,156,75.8,19.8,5,2,7,12
1,21,187,51.0,28.9,4,1,-4,10
1,60,184,60.3,22.3,5,0,0,14
1,21,176,84.9,27.6,4,0,0,6
1,21,186,100.5,24.0,1,1,-3,15
1,60,174,86.1,12.6,5,2,3,5
0,43,151,74.5,0.0,5,1,-7,9
1,50,172,81.1,29.7,1,1,-6,11
0,20,161,93.3,0.0,2,0,0,4
0,49,168,71.2,28.5,2,1,-3,10
1,19,175,86.6,21.3,3,1,-5,6
0,60,166,74.8,11.9,2,1,-8,10
0,59,192,80.7,0.0,2,1,-5,13
1,44,179,108.1,24.3,1,0,0,13
0,28,200,89.6,0.0,1,1,-5,4
1,21,156,95.4,10.4,2,1,-4,4
1,33,177,62.8,24.7,5,2,4,12
0,52,179,99.7,0.0,4,1,-3,10
1,35,160,93.4,27.2,1,1,-2,14
1,29,199,62.9,25.8,1,1,-2,6
1,27,160,105.1,15.8,5,1,-8,6
1,55,167,56.4,17.4,5,1,-3,8
0,51,195,52.9,10.4,5,0,0,16
1,22,200,90.6,24.4,3,1,-6,12
1,31,199,106.2,0.0,3,2,8,7
1,49,179,60.0,0.0,4,2,4,12
1,22,188,72.3,11.5,1,1,-6,15
1,23,160,64.2,25.0,2,1,-2,6
1,26,150,71.2,17.9,5,2,6,16
0,52,157,69.9,19.6,3,2,8,15
0,30,151,67.9,14.0,5,2,2,5
0,32,157,70.1,14.9,4,2,6,13
1,44,178,64.4,16.8,5,0,0,14
1,40,168,101.8,21.1,5,0,0,4
1,21,152,55.2,15.6,4,1,-5,16
1,36,182,79.1,29.5,3,2,4,10
1,24,176,100.1,26.9,4,1,-5,11
1,46,177,96.3,12.5,3,1,-5,13
1,60,151,102.0,22.1,3,2,4,8
1,35,194,102.8,23.6,5,1,-2,5
0,40,192,51.1,29.8,3,1,-6,11
1,46,182,57.9,21.7,1,0,0,6
0,23,159,65.4,29.9,4,0,0,10
1,37,150,63.8,17.1,1,0,0,8
1,53,182,84.8,26.0,1,1,-5,9
0,48,196,103.6,15.8,4,1,-3,16
0,41,161,76.9,0.0,3,2,4,4
0,35,195,94.0,25.9,2,1,-4,10
1,32,200,104.7,15.2,3,1,-6,15
1,39,172,70.2,0.0,5,1,-6,4
0,30,154,82.3,13.0,2,1,-4,11
0,37,173,103.8,16.3,3,2,5,7
0,55,161,67.7,11.6,5,0,0,13
0,54,176,54.9,27.7,3,0,0,6
1,29,173,87.3,26.4,4,0,0,13
1,59,169,67.2,16.8,4,0,0,13
0,58,189,57.6,0.0,3,0,0,9
1,24,152,52.1,25.4,1,1,-4,4
1,57,158,53.6,23.4,5,0,0,16
1,45,191,68.4,13.2,5,0,0,16
1,47,186,59.6,24.1,4,0,0,5
1,53,153,93.5,29.3,1,2,5,5
0,23,164,51.1,24.9,2,1,-4,16
1,55,187,74.2,17.9,2,2,5,16
1,42,194,102.7,11.9,3,1,-3,5
1,46,159,86.4,25.7,1,0,0,16
1,41,156,107.0,27.9,2,0,0,14
1,48,167,52.1,13.6,1,2,4,11
0,59,171,89.2,0.0,2,2,5,13
1,21,182,80.7,21.4,3,1,-6,5
1,18,187,106.1,22.3,4,0,0,4
0,54,200,81.2,11.7,2,1,-5,9
1,53,168,67.9,19.7,1,0,0,11
0,42,157,82.3,25.1,1,0,0,6
0,58,169,58.7,17.3,4,0,0,10
1,58,165,60.3,12.1,1,0,0,14
1,20,184,82.0,14.6,1,0,0,13
0,48,176,100.3,0.0,2,1,-5,4
0,24,153,73.9,25.3,2,0,0,8
1,28,196,88.7,16.9,5,1,-3,14
1,26,155,76.5,16.7,4,1,-3,13
1,41,194,71.1,12.7,1,0,0,9
1,22,191,72.8,0.0,2,1,-7,6
0,48,194,92.5,0.0,5,1,-7,12
1,57,178,106.8,24.8,4,2,8,14
0,57,171,84.5,13.8,3,0,0,8
0,28,187,62.3,27.3,3,2,4,15
1,28,174,54.6,20.5,3,1,-5,13
0,43,162,88.6,26.6,3,2,2,13
0,54,195,62.5,16.1,3,0,0,8
0,25,155,99.4,25.4,4,2,6,7
0,41,161,64.1,23.0,2,2,6,9
1,21,173,89.7,24.9,4,0,0,9
0,33,195,98.7,29.1,4,2,5,6
1,27,163,101.7,15.5,1,1,-6,5
0,25,179,93.8,18.9,2,0,0,15
0,48,181,109.9,22.8,1,1,-8,4
1,53,186,91.7,0.0,3,2,3,8
1,56,187,51.4,0.0,3,1,-6,14
1,34,165,75.0,0.0,1,1,-8,13
1,28,189,79.5,18.3,2,0,0,15
1,53,182,106.4,0.0,2,1,-8,9
0,23,189,51.0,12.3,1,2,7,6
0,31,179,69.8,25.0,5,1,-3,13
1,45,154,91.1,24.9,4,2,6,14
0,37,184,106.5,23.1,1,2,7,8
0,49,170,51.3,28.3,5,1,-2,7
0,26,177,97.3,26.7,2,1,-5,12
1,50,176,87.6,0.0,4,0,0,11
0,45,197,105.0,27.8,1,2,3,13
0,60,188,108.7,25.4,1,2,8,14
0,27,181,68.9,20.8,5,1,-4,7
1,38,170,109.6,24.7,5,2,3,10
0,34,158,87.5,15.4,4,2,2,8
1,25,190,56.3,22.6,3,2,5,7
1,37,174,85.3,0.0,3,2,4,13
0,52,150,101.6,24.7,3,0,0,8
1,44,160,74.8,18.6,3,2,4,7
0,46,158,91.5,0.0,2,2,7,11
0,32,199,63.8,12.2,5,0,0,8
0,35,193,70.8,15.4,1,0,0,11
0,56,171,98.7,25.8,1,0,0,4
1,37,169,68.0,21.1,5,0,0,10
0,32,184,81.4,11.1,5,2,3,10
1,48,190,54.4,0.0,5,2,2,5
1,24,154,67.8,16.9,4,1,-7,8
0,49,153,94.7,0.0,3,0,0,5
1,54,194,76.4,27.2,5,2,8,13
1,59,169,92.5,26.0,3,2,7,5
0,52,156,72.0,0.0,3,0,0,12
1,35,181,55.2,13.5,4,0,0,15
1,22,178,74.2,22.0,1,0,0,5
0,50,183,85.8,22.2,1,1,-6,13
0,50,163,62.1,0.0,2,2,4,11
0,30,165,90.2,29.7,3,1,-4,7
0,39,172,68.0,20.2,3,1,-7,10
0,41,163,92.8,12.1,3,2,3,15
0,36,174,108.1,24.0,2,1,-8,4
0,32,162,51.6,12.8,2,0,0,11
1,51,168,73.2,0.0,5,2,5,5
0,21,157,64.9,24.2,3,0,0,12
0,20,188,73.7,11.4,4,0,0,6
1,55,194,85.0,11.1,4,1,-5,9
0,28,196,104.5,20.7,5,2,5,15
0,25,180,53.6,15.8,2,1,-5,8
1,32,169,107.3,27.8,4,1,-4,10
1,20,151,63.1,14.4,3,1,-4,4
0,51,180,93.3,28.1,3,2,8,11
0,57,184,79.1,16.4,2,0,0,16
1,27,168,59.8,21.9,1,2,3,16
0,38,178,70.0,24.3,1,0,0,11
1,57,194,82.5,16.7,5,0,0,6
0,33,182,92.4,10.9,2,2,8,10
1,41,154,82.4,22.8,1,1,-7,13
1,31,160,89.4,27.7,2,1,-4,14
0,21,194,105.3,29.3,2,0,0,9
1,59,193,96.4,27.1,4,0,0,4
1,28,174,55.1,25.4,4,2,5,14
0,60,161,93.9,23.2,4,1,-6,16
1,34,177,72.1,0.0,4,1,-5,14
0,25,155,103.0,18.7,4,2,6,6
1,38,181,89.7,0.0,4,1,-3,14
1,37,155,104.9,26.9,4,2,7,7
1,23,192,109.3,15.2,5,1,-3,10
0,46,158,63.3,28.0,4,0,0,5
0,42,162,106.0,26.1,2,1,-4,12
1,27,172,55.4,15.7,4,0,0,15
0,24,169,64.8,25.7,3,2,8,12
0,41,171,104.4,22.3,5,0,0,11
1,58,151,93.8,17.0,5,1,-3,15
0,33,182,101.6,21.4,5,1,-2,6
0,18,154,88.1,27.5,1,0,0,13
0,39,162,54.4,15.9,5,1,-6,11
0,50,185,105.3,20.7,4,0,0,9
1,39,153,95.7,12.1,3,1,-2,5
0,58,151,82.3,15.8,5,2,8,6
0,30,189,108.2,11.6,3,1,-3,6
0,31,180,80.4,16.3,1,2,2,16
0,28,170,107.2,28.8,4,0,0,6
1,27,170,109.6,14.9,5,2,8,11
0,54,156,65.2,11.8,2,2,6,9
0,56,151,79.7,13.5,3,0,0,4
0,40,158,84.8,18.8,2,0,0,11
0,20,156,79.9,0.0,2,0,0,12
1,31,181,77.2,25.2,5,2,2,9
1,45,169,64.2,27.4,5,1,-8,7
1,32,194,70.2,0.0,5,2,3,4
0,52,195,103.3,22.0,5,1,-8,11
1,33,151,93.8,12.4,1,2,6,5
0,23,176,65.5,15.1,1,0,0,11
0,27,152,65.8,14.0,1,2,2,10
0,26,200,66.1,18.3,1,0,0,16
1,49,158,104.5,22.8,4,1,-8,5
1,60,162,96.6,23.3,4,0,0,14
0,24,176,92.6,0.0,2,2,3,10
0,18,197,69.3,18.0,1,1,-2,10
0,49,167,87.2,26.8,3,2,4,15
0,49,196,80.7,13.7,5,0,0,15
1,46,165,72.4,22.0,2,1,-8,5
0,37,184,73.3,26.7,4,2,6,5
0,51,168,70.8,20.5,2,2,6,7
0,30,154,95.4,15.0,3,0,0,16
0,46,158,57.4,0.0,2,2,2,8
1,32,197,58.3,0.0,2,1,-2,16
1,44,157,59.6,12.8,3,1,-7,5
0,45,197,74.1,10.2,4,1,-5,8
1,50,160,89.7,27.8,4,0,0,14
1,20,183,62.5,12.7,1,2,5,11
1,26,150,67.1,22.8,4,2,6,16
1,42,179,85.8,22.3,3,2,7,8
0,48,195,93.5,17.9,2,2,2,8
1,55,183,81.4,15.5,3,1,-2,4
0,29,190,66.8,27.4,5,1,-8,10
0,44,174,87.8,13.3,4,1,-2,4
1,28,193,79.2,17.0,3,2,5,11
0,57,186,83.4,11.4,3,0,0,11
1,34,195,75.6,0.0,4,1,-4,12
1,58,164,101.1,24.0,1,1,-4,12
1,38,200,69.0,17.8,4,1,-3,14
0,32,150,96.4,21.4,4,2,2,14
0,56,199,75.4,13.2,2,1,-3,6
1,24,177,67.8,27.9,2,1,-8,15
0,31,194,79.9,27.9,3,1,-2,4
0,60,182,53.8,12.2,4,0,0,6
1,38,173,71.0,27.4,2,1,-8,16
1,40,153,100.0,25.6,3,1,-3,14
0,38,153,58.4,17.6,3,1,-2,9
0,19,152,91.4,25.5,4,0,0,4
0,31,181,102.3,11.3,1,2,2,12
1,38,200,77.3,24.1,4,2,6,8
0,52,184,74.3,23.1,5,2,8,16
0,58,190,54.2,26.7,5,2,6,15
0,19,178,54.5,27.3,1,2,5,4
0,57,198,96.5,28.3,2,2,5,11
0,58,171,92.7,11.4,4,1,-5,15
0,47,187,56.9,0.0,5,0,0,14
1,19,193,50.3,22.1,3,1,-6,12
1,24,154,79.7,0.0,2,0,0,12
1,39,165,74.0,11.9,3,1,-5,12
0,32,194,83.9,17.0,5,1,-7,9
0,23,176,90.4,22.0,5,1,-6,9
0,50,163,62.6,27.6,3,0,0,6
0,34,150,87.6,22.3,4,2,6,8
0,26,178,93.1,22.2,4,1,-4,10
1,52,161,90.0,25.0,3,2,8,11
1,45,184,68.3,11.3,5,1,-5,9
1,37,178,109.3,21.3,1,2,4,6
0,19,199,104.2,0.0,3,1,-7,13
0,29,150,81.4,29.6,3,0,0,16
0,46,188,108.2,26.9,4,2,2,12
0,40,177,104.5,0.0,4,0,0,14
1,40,174,100.2,0.0,1,2,6,13
1,19,187,86.2,0.0,3,2,3,16
1,23,172,84.2,12.9,1,2,7,12
0,36,185,96.7,29.1,4,0,0,15
0,54,162,101.8,0.0,1,2,6,14
0,36,154,59.7,27.9,1,2,6,15
0,47,153,81.4,23.5,2,2,3,16
0,43,154,57.6,0.0,5,1,-3,7
1,56,182,50.9,0.0,2,2,6,11
1,19,163,95.7,12.8,1,0,0,6
1,40,164,53.7,28.1,2,2,7,5
0,50,188,102.7,10.1,3,1,-7,12
0,38,159,52.3,0.0,5,0,0,5
0,39,198,71.2,12.2,3,0,0,16
0,54,176,103.4,12.4,2,1,-8,14
0,43,188,60.5,25.9,3,2,4,4
1,37,155,62.5,25.1,1,0,0,15
0,60,166,66.5,10.4,3,1,-8,13
1,58,197,69.9,15.9,4,1,-3,4
1,19,171,73.0,16.0,2,1,-7,15
1,47,169,97.3,16.7,5,2,7,7
0,31,184,78.6,0.0,4,2,8,13
1,56,193,61.9,27.7,3,0,0,11
1,40,192,91.7,18.5,1,2,8,12
0,23,187,80.4,22.4,5,0,0,14
0,45,160,88.3,26.9,4,2,3,16
0,58,185,69.7,25.3,1,1,-8,13
0,36,180,71.4,17.8,2,2,7,11
1,43,161,87.4,11.1,1,2,4,14
1,37,186,84.2,13.3,4,2,8,10
1,56,150,72.4,19.7,3,2,2,10
1,48,164,94.7,0.0,4,0,0,11
0,19,194,50.0,10.8,1,1,-3,9
0,59,190,62.8,25.0,1,1,-7,14
1,58,159,56.8,23.2,3,1,-8,15
0,50,195,53.1,22.1,2,0,0,8
1,56,182,92.9,25.4,1,0,0,5
0,49,192,69.4,0.0,2,0,0,7
0,37,184,77.4,18.1,5,0,0,8
1,28,165,57.1,26.0,5,1,-4,9
1,50,171,93.7,13.4,2,1,-4,9
0,34,177,102.2,23.1,2,2,2,8
0,51,154,90.5,26.6,2,1,-8,8
1,47,162,67.8,26.9,1,1,-8,15
1,52,150,82.7,16.4,4,0,0,10
0,31,198,102.0,10.1,2,2,2,9
0,43,187,106.9,27.6,2,1,-3,15
1,36,188,98.6,13.9,2,0,0,4
0,21,193,76.7,27.4,2,2,8,5
0,23,190,59.0,16.2,5,1,-5,10
1,58,173,101.7,11.5,4,1,-8,13
0,24,200,79.4,11.0,1,1,-3,12
0,33,176,59.9,18.3,2,2,5,6
0,46,182,94.1,25.4,3,2,7,6
1,25,150,75.2,25.5,3,1,-4,9
1,27,184,99.9,30.0,1,2,3,14
1,60,167,85.0,15.0,5,2,7,7
0,57,158,87.9,28.5,4,2,7,15
1,58,193,69.5,15.6,2,0,0,15
1,24,190,84.2,10.6,1,1,-5,5
0,44,190,99.4,29.0,4,2,7,16
1,44,165,85.9,23.6,5,1,-7,5
0,26,176,106.6,0.0,1,2,4,4
0,57,183,58.3,14.8,3,1,-2,9
1,57,181,92.2,0.0,4,0,0,4
1,38,164,88.6,23.1,1,0,0,5
0,33,153,80.1,24.8,3,1,-5,16
1,24,171,53.0,14.4,5,1,-5,12
1,41,178,80.3,25.8,1,1,-7,4
0,36,167,98.2,20.1,5,2,8,9
0,21,160,87.7,30.0,2,1,-8,8
0,47,198,75.9,15.8,2,2,7,11
0,60,180,107.6,15.2,3,1,-5,9
0,46,196,65.1,25.4,3,2,7,12
0,23,184,64.4,0.0,5,2,5,8
0,26,154,61.9,29.4,4,1,-6,8
0,24,158,92.8,10.3,3,0,0,15
0,59,170,54.1,18.9,1,0,0,16
0,25,160,74.4,22.7,1,1,-3,8
0,56,169,104.5,0.0,4,1,-4,10
1,33,174,79.6,0.0,3,1,-7,11
1,35,173,53.9,27.1,1,2,8,15
1,51,155,98.9,15.7,5,0,0,5
1,59,195,107.2,10.2,4,1,-4,7
1,38,192,51.6,19.3,4,2,2,5
1,49,175,91.9,27.6,4,1,-2,11
0,20,189,71.1,20.7,3,0,0,16
0,58,183,75.6,26.7,2,0,0,15
0,40,200,91.3,27.2,4,2,2,5
0,40,171,59.2,27.6,2,2,7,9
1,18,172,60.1,15.3,3,2,5,15
0,26,198,58.2,29.6,5,2,8,9
1,41,161,59.8,0.0,3,0,0,14
1,30,174,83.2,15.0,4,1,-6,10
1,35,183,75.8,22.4,5,2,3,10
0,19,158,52.0,0.0,5,0,0,16
0,25,181,90.4,0.0,1,0,0,9
1,44,166,69.3,17.3,4,1,-8,13
0,38,165,72.1,27.4,1,1,-5,6
0,33,177,65.9,0.0,1,2,8,10
0,43,161,103.3,28.7,4,2,6,9
0,30,195,69.6,13.1,5,0,0,4
1,57,172,83.0,29.4,2,0,0,5
0,38,180,53.8,10.3,5,2,7,4
0,49,196,60.0,15.7,4,0,0,4
0,43,197,51.4,20.4,3,2,8,5
1,29,160,78.0,19.6,5,2,3,6
0,43,160,54.9,22.8,2,2,3,16
1,34,200,73.9,29.8,2,2,7,7
1,41,180,60.4,26.9,4,1,-5,13
0,24,188,85.5,10.0,5,0,0,15
1,18,174,90.7,20.3,2,1,-5,7
1,31,172,104.5,0.0,5,0,0,9
1,51,168,70.6,17.2,3,1,-7,4
1,47,196,92.9,0.0,1,0,0,7
0,31,161,60.1,11.2,5,0,0,9
1,47,178,94.2,18.8,1,2,2,11
1,53,152,59.6,28.9,5,0,0,10
1,38,150,80.2,12.3,1,2,4,13
1,60,178,57.2,15.9,3,0,0,14
1,41,157,102.3,13.3,1,0,0,12
1,20,194,107.7,26.7,5,0,0,9
1,39,195,92.0,25.5,1,0,0,16
1,52,170,107.5,16.4,4,0,0,10
1,53,155,76.4,0.0,4,0,0,12
1,24,150,86.9,19.8,1,1,-2,9
0,30,197,84.4,0.0,3,2,6,12
0,39,154,95.4,13.2,4,0,0,5
1,31,175,90.5,0.0,5,2,4,11
0,29,156,66.9,15.0,4,2,5,7
1,58,197,76.5,14.3,3,0,0,8
0,25,176,59.4,27.0,5,1,-7,9
1,35,187,96.0,21.0,1,1,-4,10
1,59,166,98.8,24.0,2,0,0,6
0,46,195,98.7,21.1,4,2,8,10
0,35,162,88.3,27.2,4,0,0,11
0,33,184,65.3,17.3,1,0,0,5
1,41,175,87.1,14.6,5,1,-6,14
0,43,163,62.4,0.0,4,1,-7,8
1,30,192,97.1,10.5,1,1,-4,16
0,49,189,87.6,21.1,3,2,8,12
1,59,190,86.4,17.4,2,2,2,8
0,22,175,89.2,20.3,1,0,0,12
1,51,163,109.2,24.2,1,2,6,4
1,33,183,96.3,12.5,3,2,2,10
1,22,180,61.5,21.0,4,1,-7,14
1,47,191,79.7,17.7,1,1,-5,8
1,33,175,96.8,24.6,3,2,6,5
1,40,153,58.3,19.2,1,0,0,7
1,46,194,105.4,23.1,2,1,-5,7
1,37,187,85.4,11.5,2,1,-7,13
1,22,193,105.3,27.7,2,0,0,16
1,22,152,88.6,12.1,4,1,-7,16
0,32,179,83.2,29.0,2,1,-6,11
0,31,183,75.8,23.0,5,1,-3,8
0,21,199,98.8,19.2,2,0,0,9
1,60,158,75.0,21.6,4,0,0,7
1,42,153,53.3,25.8,2,0,0,8
0,59,163,83.8,19.5,4,1,-7,8
1,38,187,89.9,10.6,1,1,-2,8
0,24,163,95.9,12.5,4,0,0,8
0,49,157,57.6,12.4,1,1,-5,7
0,26,184,54.5,14.5,4,2,6,13
1,46,180,51.1,25.9,1,0,0,7
0,24,181,61.3,17.4,2,1,-2,14
0,41,176,96.7,23.3,2,0,0,7
0,21,153,60.4,17.1,4,0,0,4
0,22,175,55.4,19.4,3,1,-6,8
0,34,196,80.3,17.5,3,2,6,6
0,52,161,74.6,13.4,2,2,8,5
1,31,200,54.3,19.4,1,0,0,15
0,26,177,94.4,18.6,2,1,-7,15
0,25,188,79.0,13.8,3,1,-5,13
0,31,170,102.3,0.0,5,1,-4,16
1,49,193,86.7,29.6,3,0,0,9
1,41,199,89.1,14.8,4,2,8,13
1,37,189,68.5,17.0,2,2,7,13
0,24,169,57.8,11.3,5,2,2,16
1,53,195,55.4,24.0,1,2,7,12
0,39,183,73.4,29.0,4,2,3,14
0,53,177,52.6,19.4,5,1,-2,11
0,51,198,103.4,0.0,3,1,-4,11
1,43,178,86.1,11.9,5,1,-2,6
1,18,196,59.3,0.0,4,0,0,8
0,41,154,56.5,21.9,1,0,0,10
1,48,163,89.0,0.0,4,1,-5,6
0,23,150,75.9,20.1,2,1,-7,11
0,22,188,95.9,15.1,5,2,7,5
0,22,200,72.1,20.2,3,2,6,6
1,48,181,99.1,17.6,2,1,-4,7
1,39,164,58.3,25.4,2,2,3,15
1,21,175,73.6,26.1,5,1,-3,16
1,26,186,73.2,0.0,4,1,-2,16
0,23,189,79.8,16.6,1,2,4,6
0,41,166,73.5,29.1,5,0,0,10
0,30,181,100.1,26.0,3,0,0,13
0,26,190,103.8,28.0,1,0,0,5
0,46,200,59.3,12.4,3,1,-7,11
0,40,175,94.2,20.0,4,2,4,5
1,50,192,79.7,27.7,3,2,4,7
1,34,156,78.9,18.6,1,2,6,12
0,44,193,86.0,23.0,1,2,3,5
0,50,178,52.0,27.7,3,0,0,11
0,35,164,73.6,22.8,4,1,-7,7
0,20,159,95.4,23.2,3,0,0,5
0,43,188,80.0,17.1,1,1,-5,4
0,60,154,79.6,12.2,1,0,0,16
0,47,154,69.8,10.9,5,0,0,16
1,47,155,54.8,0.0,5,1,-2,13
1,46,170,58.2,24.1,3,2,7,16
0,55,164,99.7,18.5,5,2,2,10
0,39,180,102.1,26.5,2,0,0,4
0,58,199,99.6,14.6,2,2,7,9
1,45,176,105.3,27.7,3,1,-7,12
1,24,186,54.9,28.2,5,2,3,15
1,28,167,91.5,11.1,3,2,2,14
0,50,195,75.4,22.0,5,1,-6,13
0,52,170,60.9,27.6,3,0,0,14
0,48,152,72.9,29.5,5,1,-5,5
0,21,157,80.5,17.5,2,2,8,11
1,59,194,75.9,0.0,5,2,4,16
1,18,166,59.4,28.7,5,2,3,10
1,60,178,61.9,11.6,1,1,-6,13
0,45,196,60.7,0.0,3,1,-5,11
0,20,193,106.1,0.0,4,1,-8,15
0,57,178,63.0,22.0,2,2,8,15
0,49,157,105.8,16.4,2,1,-3,7
1,57,175,87.8,11.8,3,0,0,15
0,29,177,106.7,16.9,1,1,-8,16
1,26,154,65.3,13.9,4,0,0,8
1,23,166,93.7,29.3,5,1,-7,11
0,31,196,76.4,14.2,4,0,0,12
0,59,187,99.2,26.8,3,2,2,6
1,44,184,54.2,28.2,5,2,6,9
0,23,150,52.6,0.0,3,2,6,9
0,41,157,60.2,15.9,4,2,3,6
0,44,189,84.5,0.0,2,0,0,5
1,45,184,72.5,22.0,3,0,0,6
1,40,175,81.3,0.0,2,0,0,5
1,46,154,98.2,21.3,3,2,5,16
1,25,155,93.2,0.0,1,0,0,10
0,45,180,70.3,22.3,4,2,4,8
1,33,163,64.1,0.0,2,0,0,4
0,20,194,88.7,25.2,3,1,-5,5
0,50,199,71.1,15.1,1,2,7,4
0,31,167,98.8,20.6,1,0,0,9
0,58,195,71.7,0.0,1,0,0,6
1,50,194,84.6,11.6,5,2,3,16
0,18,168,88.8,14.9,2,1,-4,10
1,45,195,79.9,27.6,2,2,3,10
1,53,199,104.1,17.2,2,2,4,7
1,37,173,73.7,22.5,3,1,-8,10
1,53,177,89.6,16.1,2,1,-7,12
0,59,163,109.3,21.2,4,1,-8,7
0,49,190,106.2,23.9,1,2,3,12
0,25,161,100.6,24.3,5,1,-3,11
1,56,187,105.7,13.7,2,2,7,14
0,36,173,72.7,0.0,4,2,3,6
1,33,179,100.2,27.7,4,2,8,13
1,24,179,85.7,29.6,2,2,7,7
1,45,169,105.6,22.7,3,2,3,16
0,53,162,99.0,20.9,2,1,-5,8
1,34,185,93.0,18.8,5,2,5,5
1,21,174,80.0,11.9,2,2,2,4
1,18,193,59.7,30.0,1,1,-7,5
1,45,199,90.8,17.2,4,2,2,16
0,24,168,51.9,20.5,2,1,-6,4
1,23,170,75.6,24.4,5,1,-6,12
1,26,157,87.9,24.2,1,1,-8,11
0,45,184,83.0,21.0,3,2,4,11
0,58,173,73.6,11.0,2,1,-5,10
0,24,196,102.3,21.2,3,0,0,4
0,27,195,97.3,25.8,5,0,0,15
1,20,167,56.8,20.0,4,1,-4,7
1,48,190,93.5,0.0,3,0,0,5
0,45,180,95.5,10.2,2,0,0,11
1,26,199,65.0,16.5,3,0,0,10
0,38,180,105.1,27.5,4,1,-5,8
0,36,195,58.8,28.3,2,0,0,11
1,60,196,62.1,28.8,2,1,-8,11
0,52,170,62.2,12.6,4,1,-4,15
1,32,180,79.9,10.3,1,0,0,6
1,55,157,60.7,29.3,5,1,-4,5
1,39,153,91.8,0.0,5,2,6,5
0,34,180,75.6,18.4,4,0,0,5
1,33,162,91.6,28.4,4,1,-3,11
1,43,193,58.7,17.7,2,1,-3,14
0,37,197,83.1,15.0,4,1,-2,15
0,24,172,72.2,18.1,4,2,8,4
1,39,175,102.9,20.0,3,0,0,4
0,18,172,78.9,29.1,1,1,-4,4
0,59,189,91.6,12.0,3,1,-6,16
0,28,191,85.8,22.6,5,2,3,7
0,55,185,98.4,23.1,5,2,5,16
0,21,193,98.7,18.3,2,2,4,8
1,20,198,54.2,0.0,1,2,2,8
1,48,155,64.5,10.3,5,0,0,11
0,40,155,89.4,14.6,1,1,-8,6
0,36,180,96.8,19.2,4,0,0,10
0,43,197,50.9,27.1,3,2,3,7
1,40,155,102.9,14.8,1,0,0,5
0,56,179,65.8,19.6,5,1,-4,16
0,22,165,71.6,12.3,3,0,0,13
1,18,167,96.5,18.8,5,1,-4,10
1,23,159,104.1,10.1,5,2,2,8
0,59,192,92.2,22.4,2,2,5,4
1,40,163,106.1,20.5,1,1,-3,14
0,41,192,56.6,27.1,5,1,-6,4
1,44,184,72.8,15.0,2,0,0,16
1,34,154,81.1,28.8,4,0,0,11
1,44,160,75.3,22.2,3,2,4,5
0,41,192,66.1,15.1,4,0,0,12
1,20,182,109.6,28.7,5,0,0,15
0,46,166,105.2,25.9,5,0,0,12
1,23,176,106.4,0.0,2,1,-4,14
1,51,161,84.2,19.5,3,0,0,5
1,32,199,93.5,15.2,1,2,8,14
0,49,192,91.6,20.3,3,2,5,11
0,26,187,101.3,19.2,1,2,6,14
1,21,171,50.8,0.0,4,0,0,5
1,33,181,82.0,27.0,2,2,5,16
0,19,181,68.0,13.5,5,2,8,4
1,30,187,63.5,0.0,5,2,6,9
1,34,165,63.7,17.1,5,2,4,16
0,36,182,104.2,26.4,4,0,0,10
1,44,173,54.6,26.3,5,1,-4,14
0,50,167,74.6,25.4,1,2,5,4
0,35,154,95.2,14.9,3,2,5,10
0,42,197,76.8,13.3,4,1,-5,11
1,43,191,69.8,12.6,3,1,-3,4
1,58,188,51.8,19.2,3,1,-6,10
0,53,195,88.6,24.0,2,0,0,10
0,37,179,59.7,25.8,3,2,6,8
1,53,199,54.2,11.6,2,2,5,15
0,30,165,56.1,15.1,2,1,-2,10
0,28,185,106.4,0.0,5,0,0,12
0,18,169,58.8,12.8,3,0,0,13
0,40,150,71.9,20.5,2,2,5,5
0,41,177,80.2,0.0,1,2,3,13
1,35,152,98.2,26.4,4,0,0,12
1,38,166,68.2,21.8,3,1,-2,16
0,37,169,72.4,17.3,4,2,8,12
0,38,195,98.3,11.6,5,1,-8,4
0,54,167,97.8,23.1,1,1,-4,9
0,49,183,85.7,16.0,4,1,-4,13
1,18,175,74.6,29.2,2,2,8,9
0,45,167,51.5,25.0,3,1,-2,14
1,45,167,99.6,15.5,2,2,2,13
0,59,163,98.8,16.8,3,0,0,6
0,55,181,85.4,0.0,3,1,-6,7
1,50,193,53.6,26.8,4,0,0,11
0,18,192,53.4,10.3,2,1,-2,5
1,57,160,87.1,14.2,1,0,0,4
1,57,187,109.5,23.6,2,0,0,13
1,33,196,73.4,28.9,1,1,-8,7
0,52,153,73.6,22.8,4,1,-5,14
0,60,161,108.6,11.5,1,2,4,16
1,29,195,71.1,0.0,5,2,7,14
1,47,173,77.2,28.8,3,0,0,11
0,34,199,93.6,11.1,1,1,-4,9
1,38,191,80.6,16.2,4,2,3,8
0,56,157,69.8,16.3,4,2,6,15
1,30,173,59.8,11.6,5,0,0,4
0,35,188,60.7,19.7,2,0,0,9
0,35,189,54.0,21.3,5,1,-8,15
0,21,184,70.5,18.0,2,0,0,4
0,46,198,82.2,27.6,1,0,0,5
1,35,188,99.5,0.0,4,1,-3,14
1,53,173,69.4,0.0,1,2,3,11
1,21,159,95.2,13.2,5,2,7,8
0,50,199,67.8,23.0,2,0,0,9
0,48,150,94.1,0.0,2,1,-7,9
0,40,186,105.2,11.9,3,0,0,16
0,56,163,72.3,13.2,5,0,0,15
1,29,157,76.4,14.1,2,2,3,14
1,40,155,93.6,26.5,5,1,-2,12
1,33,186,109.4,15.1,1,2,8,4
0,44,161,53.6,15.3,4,0,0,15
1,30,162,51.7,22.6,3,1,-5,16
1,26,168,67.0,20.8,5,0,0,16
1,34,184,107.5,14.5,3,2,4,5
0,28,200,83.4,16.3,3,2,2,13
1,30,193,99.6,12.8,1,0,0,6
1,48,156,61.3,11.3,5,1,-4,10
1,28,153,104.7,14.2,4,2,8,15
0,34,187,56.6,0.0,1,1,-8,13
1,34,179,76.0,0.0,4,2,6,11
0,21,168,87.0,14.2,3,1,-8,14
0,41,176,73.2,17.0,1,1,-3,11
0,54,180,96.5,12.9,3,2,4,13
0,20,184,90.0,18.6,2,2,6,14
1,58,178,99.0,28.6,4,2,5,6
0,34,158,58.5,18.8,1,0,0,5
0,32,150,55.7,14.3,4,2,3,9
1,26,177,55.2,0.0,3,2,4,8
0,19,159,98.5,14.8,2,1,-3,13
0,41,199,95.3,0.0,5,0,0,8
1,36,182,104.1,29.0,2,1,-2,4
0,44,191,89.3,12.3,3,1,-6,14
1,18,170,65.3,0.0,2,1,-5,14
0,28,174,50.2,20.8,2,1,-6,12
1,24,190,97.3,14.1,2,1,-3,7
0,47,173,74.8,20.0,5,2,3,13
1,20,167,90.7,28.8,4,0,0,15
0,40,162,86.5,0.0,4,1,-4,9
1,28,179,57.1,18.0,4,0,0,6
0,52,174,83.7,26.6,1,2,7,5
0,51,179,80.2,16.6,5,2,4,9
0,19,183,60.5,20.5,1,0,0,4
1,34,170,81.7,12.0,3,1,-2,13
0,43,181,101.3,16.4,4,1,-7,12
1,41,160,52.1,0.0,2,2,8,15
0,40,195,92.6,28.5,2,2,2,10
0,21,191,59.9,14.9,4,1,-6,9
1,21,182,85.1,18.6,1,2,8,5
1,37,190,70.6,11.0,5,2,2,12
0,23,151,52.1,13.5,1,2,7,10
1,42,189,74.2,29.3,3,2,7,8
1,19,168,97.5,21.0,3,2,5,15
1,30,162,51.6,26.9,4,2,5,16
0,32,150,108.5,12.9,2,0,0,9
0,28,158,104.2,27.6,5,2,4,11
0,42,161,86.5,17.1,3,2,3,6
1,56,188,67.4,0.0,1,0,0,16
1,40,160,66.1,24.2,5,2,3,5
1,33,154,97.7,14.0,1,1,-3,15
1,30,170,76.4,13.0,3,2,4,8
0,49,154,79.0,0.0,5,0,0,13
0,30,197,52.8,14.0,4,2,8,9
1,20,178,71.9,19.0,2,1,-3,13
0,56,175,91.9,17.4,4,2,6,16
0,54,174,68.3,22.1,4,1,-3,6
1,27,196,81.3,12.3,2,1,-2,13
0,59,185,106.2,19.2,1,2,4,5
0,40,199,94.1,0.0,3,0,0,15
0,30,162,103.7,21.1,2,2,5,9
0,48,191,58.8,17.5,1,2,3,15
1,44,169,64.5,19.8,2,2,6,15
1,38,167,109.7,20.6,3,0,0,7
0,52,189,80.7,24.9,4,1,-6,13
1,28,153,50.4,14.0,5,1,-7,13
1,38,153,86.1,10.4,1,0,0,5
0,43,173,75.2,16.1,1,1,-3,8
0,55,174,108.2,22.9,5,1,-7,15
1,45,192,103.6,11.8,1,0,0,11
1,58,174,83.7,20.2,5,2,8,15
0,39,158,97.3,16.3,1,0,0,11
1,28,169,108.1,12.7,2,0,0,4
0,55,178,92.2,10.5,4,0,0,16
1,19,190,81.5,24.4,2,1,-4,8
1,28,174,53.7,19.9,4,1,-3,11
0,19,171,94.9,10.6,5,1,-5,6
0,51,179,95.7,24.2,5,0,0,9
0,31,158,93.0,20.2,2,2,2,11
1,31,175,53.0,19.4,4,1,-2,10
1,28,177,94.9,15.6,3,0,0,14
0,34,177,100.8,20.2,2,0,0,16
0,42,160,87.3,11.2,1,0,0,6
1,51,198,57.0,16.2,3,1,-8,12
1,59,191,58.9,12.7,1,1,-6,8
1,24,187,61.1,27.9,3,0,0,4
0,24,200,65.3,29.4,3,2,6,9
1,43,185,50.4,28.9,1,2,4,13
0,47,184,100.0,0.0,3,1,-6,5
0,31,163,59.6,10.0,3,0,0,6
1,54,184,85.7,23.5,3,1,-8,9
1,54,153,70.5,17.8,4,0,0,8
1,57,150,53.6,12.9,3,1,-4,15
1,43,178,81.7,26.3,3,1,-3,10
0,33,186,99.6,25.2,2,0,0,9
0,25,165,98.0,20.0,5,0,0,4
0,42,200,95.6,28.1,3,2,3,12
0,19,164,78.9,0.0,1,0,0,4
1,29,185,59.7,29.4,2,1,-6,12
1,31,194,71.7,0.0,4,0,0,13
1,18,184,85.8,18.9,3,1,-8,10
0,48,196,79.9,0.0,4,0,0,16
0,50,192,76.6,12.9,5,0,0,7
0,47,187,67.2,17.6,2,1,-2,9
0,50,191,102.3,16.5,4,1,-8,4
1,43,175,103.4,0.0,2,1,-6,4
1,55,181,94.1,16.1,4,2,6,12
0,25,200,76.6,0.0,3,1,-4,4
1,23,169,88.3,25.2,4,0,0,12
1,28,197,73.7,29.7,3,2,8,11
1,30,182,90.4,12.1,2,1,-5,5
1,52,190,60.8,0.0,5,2,8,14
1,50,172,70.3,25.1,2,0,0,10
0,21,168,103.3,0.0,1,1,-7,15
0,42,170,93.0,0.0,4,0,0,13
1,41,193,83.7,20.6,5,0,0,5
1,48,189,95.6,28.9,5,1,-2,5
0,40,197,70.9,16.6,4,1,-7,12
0,37,155,75.5,21.1,5,1,-7,13
0,45,162,55.2,25.4,1,0,0,15
1,30,174,107.4,20.0,2,0,0,15
0,37,165,97.2,13.7,3,2,3,11
0,52,154,64.9,11.2,5,0,0,13
1,58,177,81.8,19.1,4,1,-4,16
0,58,153,96.7,0.0,1,1,-3,5
1,44,161,59.7,25.4,5,1,-5,13
0,21,150,99.7,21.0,1,1,-7,14
1,26,166,52.0,21.0,1,1,-3,7
1,42,200,86.1,30.0,4,0,0,9
0,58,182,79.5,26.5,5,1,-4,16
1,26,157,71.8,23.6,3,1,-3,16
0,30,196,63.8,21.0,3,2,3,15
0,52,150,57.1,14.2,2,0,0,10
0,19,168,58.6,23.6,2,1,-8,5
1,53,157,86.3,20.2,1,2,6,14
1,23,176,64.1,0.0,1,2,5,15
1,55,152,78.9,0.0,3,0,0,6
0,26,196,92.9,25.5,2,1,-7,10
0,28,180,83.5,0.0,2,2,4,9
0,26,181,84.8,23.8,5,2,2,12
0,43,192,100.4,16.5,2,1,-3,5
0,41,184,83.9,29.4,3,1,-8,5
1,22,193,70.7,12.2,1,1,-6,7
1,45,191,88.5,12.1,5,1,-7,16
0,50,178,64.6,23.6,4,2,2,12
0,23,188,84.1,15.7,5,2,5,14
0,47,190,99.6,22.2,1,0,0,5
1,38,193,96.1,25.5,4,1,-6,8
0,40,176,90.7,17.7,1,0,0,13
1,58,188,56.7,13.3,2,2,8,16
0,46,168,103.8,16.1,2,0,0,8
1,46,160,97.5,20.3,5,0,0,4
0,27,162,84.5,26.6,2,0,0,7
1,41,182,63.0,19.7,2,1,-8,6
0,53,169,92.7,24.9,1,2,4,14
0,40,199,104.8,25.2,5,0,0,15
1,44,183,78.4,15.9,2,2,2,14
0,55,173,108.9,0.0,3,2,3,15
0,48,187,99.9,22.1,1,1,-3,5
1,60,153,84.8,28.4,5,2,8,10
1,45,165,74.0,13.5,3,2,4,9
0,18,193,103.8,23.8,3,0,0,4
0,44,154,66.9,13.4,4,2,6,16
0,51,197,108.1,18.5,4,1,-4,12
1,26,163,58.3,21.9,3,2,7,10
0,45,196,54.9,23.4,3,1,-8,6
0,42,184,104.6,28.9,4,2,4,7
1,57,167,51.0,11.5,1,1,-2,5
0,57,164,87.3,27.6,4,0,0,15
0,49,174,53.3,25.1,5,0,0,11
0,54,176,63.4,21.5,1,2,4,15
0,55,160,103.4,16.3,1,1,-5,12
0,47,159,68.6,26.3,1,0,0,8
0,52,194,55.9,23.8,3,1,-5,11
1,18,160,93.1,22.8,5,2,4,4
1,29,177,73.2,13.5,3,2,5,4
0,20,179,105.6,21.2,5,2,3,9
1,39,172,98.0,21.0,2,1,-5,7
0,40,161,100.9,12.2,1,2,6,14
0,48,191,65.4,28.7,3,0,0,4
1,55,154,107.8,25.4,5,0,0,14
0,19,182,84.6,11.2,3,1,-7,16
1,48,173,76.1,25.7,5,0,0,16
0,19,197,79.0,23.7,5,1,-6,16
1,30,155,66.9,29.4,5,2,4,9
0,19,168,65.8,26.9,2,2,6,6
1,27,167,106.7,0.0,1,1,-2,9
1,46,200,102.1,12.7,4,2,6,8
0,30,173,73.5,0.0,3,0,0,15
1,28,169,98.8,0.0,2,1,-5,5
0,32,150,102.5,13.2,5,1,-3,16
0,35,186,81.4,0.0,4,1,-3,12
0,38,198,103.6,0.0,2,0,0,10
0,55,181,97.7,16.1,5,1,-4,4
1,51,187,63.0,26.1,5,2,7,4
1,21,197,52.1,17.2,5,1,-6,10
0,51,187,63.3,23.3,2,0,0,14
0,33,150,108.1,12.0,5,1,-7,4
1,55,189,107.3,26.1,2,1,-6,7
0,49,165,99.4,13.2,4,0,0,16
1,43,158,59.1,27.4,4,0,0,6
1,20,174,102.6,0.0,3,0,0,12
0,27,196,57.7,21.4,5,2,7,5
1,31,174,52.4,29.1,1,2,6,10
0,37,196,94.9,24.8,3,2,3,4
0,42,161,86.6,11.2,5,0,0,11
1,44,198,92.1,17.2,4,2,3,16
1,59,195,98.3,10.0,4,2,5,12
1,43,190,107.9,0.0,5,0,0,13
1,32,180,61.7,25.0,2,0,0,5
1,25,167,53.7,20.9,4,2,6,5
0,47,158,91.0,10.6,2,0,0,14
0,52,154,65.0,24.3,5,2,8,13
0,46,177,107.2,13.4,3,2,8,12
1,30,153,86.2,0.0,2,2,3,9
1,29,184,96.7,0.0,4,0,0,15
1,25,172,107.2,11.0,4,2,2,11
0,55,169,65.9,26.2,1,1,-6,16
0,36,190,61.2,19.2,4,2,4,4
0,48,181,101.4,15.1,3,2,2,10
1,18,162,50.5,29.3,3,2,3,4
0,43,169,77.2,18.2,1,1,-5,5
0,31,186,108.8,25.2,2,0,0,6
0,48,152,58.4,26.1,4,1,-4,10
1,42,190,60.3,26.3,4,2,8,6
1,52,177,51.9,19.6,5,2,5,16
1,28,153,76.5,18.5,1,1,-7,12
0,48,179,69.1,21.5,1,2,8,5
0,32,188,93.9,11.3,3,1,-7,5
1,52,184,94.8,26.9,2,1,-3,9
1,31,185,75.6,0.0,5,2,3,10
1,19,193,88.5,13.5,5,1,-5,4
1,35,200,86.8,0.0,3,1,-2,13
1,57,173,89.9,20.8,2,1,-6,9
0,56,169,90.5,16.0,4,0,0,4
1,31,168,77.9,25.0,3,0,0,9
0,24,159,64.1,23.1,1,1,-3,16
1,25,170,69.1,12.1,3,2,5,9
1,38,166,81.0,18.0,5,1,-3,10
0,46,150,93.6,23.9,2,2,3,14
1,58,183,54.0,14.5,2,2,8,7
0,48,188,106.2,24.5,4,1,-8,9
1,53,190,109.7,26.2,2,1,-4,12
1,35,194,69.1,24.6,2,0,0,9
1,35,153,94.6,24.9,4,0,0,13
0,51,152,71.6,25.4,1,1,-8,13
0,41,150,109.4,27.4,5,1,-3,4
1,54,178,77.3,17.4,3,1,-4,7
1,38,194,61.0,27.5,2,2,5,14
0,29,198,68.1,27.4,4,1,-6,11
1,33,159,65.8,0.0,5,2,2,16
0,35,164,71.8,11.7,3,1,-3,5
0,39,165,65.5,24.7,2,0,0,11
0,57,193,56.4,27.5,5,2,4,5
0,29,178,50.1,10.5,5,1,-5,16
0,28,183,61.7,12.3,1,0,0,16
0,30,198,59.3,0.0,3,1,-5,4
1,31,195,64.6,28.8,1,0,0,10
1,47,166,101.2,28.0,5,0,0,15
1,52,153,55.5,29.8,2,2,7,4
1,53,155,68.7,11.4,5,2,7,5
1,36,189,75.1,10.6,3,2,3,11
0,55,175,79.3,12.2,2,1,-2,10
1,35,190,74.0,12.4,3,2,5,7
1,19,187,104.1,20.2,5,0,0,10
0,20,178,88.3,12.2,4,0,0,14
0,25,160,103.2,0.0,2,1,-5,12
1,43,169,104.8,23.3,4,2,3,4
1,23,187,101.9,24.6,4,1,-3,13
1,23,155,67.2,23.7,3,1,-2,5
0,25,155,97.2,22.7,3,1,-4,7
0,43,165,91.8,19.8,1,2,4,6
0,50,158,78.6,16.4,4,0,0,13
1,21,187,81.5,0.0,4,0,0,4
1,22,195,88.0,0.0,1,2,7,16
0,52,186,70.8,0.0,3,0,0,7
1,22,177,55.6,17.6,5,1,-7,11
0,42,193,55.4,15.3,5,2,7,14
1,51,156,106.6,28.9,2,2,8,11
0,19,163,73.6,0.0,4,0,0,10
1,55,165,67.5,11.9,3,2,4,16
0,40,160,65.2,0.0,4,0,0,13
0,48,177,56.6,29.4,2,1,-4,6
1,34,175,61.9,16.9,5,1,-3,16
1,36,170,55.4,29.1,5,2,6,14
1,31,166,69.1,22.5,2,1,-3,15
0,58,152,76.5,15.1,2,0,0,4
0,21,175,67.3,0.0,5,1,-8,13
1,27,168,74.4,25.2,3,1,-8,4
0,27,168,107.6,11.8,3,2,7,4
1,44,195,94.3,21.5,4,1,-3,15
0,60,157,76.3,17.9,5,1,-8,6
1,20,175,58.6,25.3,1,0,0,15
0,22,153,61.5,19.0,4,2,3,16
0,27,180,60.6,28.1,3,0,0,10
0,27,195,92.4,12.8,4,0,0,11
1,25,156,89.6,0.0,3,2,7,13
1,53,165,98.3,19.8,3,0,0,4
1,47,171,90.4,11.1,3,2,5,13
0,19,186,90.4,29.7,5,1,-2,12
0,26,161,109.0,14.4,1,0,0,9
0,41,172,97.0,18.3,5,0,0,15
1,35,194,55.5,26.0,5,0,0,12
1,33,167,91.5,0.0,2,1,-7,11
1,33,160,62.4,17.9,4,1,-4,10
0,18,179,98.2,12.0,4,2,6,13
1,36,190,69.4,15.0,4,1,-8,7
0,22,175,57.9,18.7,4,0,0,15
0,57,186,93.8,21.7,1,1,-7,10
0,57,159,80.3,0.0,3,2,3,16
1,23,165,60.2,18.0,5,2,5,16
1,56,199,75.5,15.7,1,1,-6,5
1,32,196,90.5,29.2,2,0,0,15
0,26,153,73.8,0.0,2,1,-2,16
0,60,171,73.5,0.0,3,2,4,12
0,29,189,91.2,23.0,3,2,4,6
0,23,193,103.5,18.0,4,0,0,16
1,30,161,68.6,13.5,4,0,0,7
1,49,184,106.1,18.2,3,1,-7,15
1,29,189,97.6,22.3,1,2,5,4
0,43,197,97.8,19.4,1,0,0,7
0,26,184,93.8,21.3,5,1,-2,16
0,27,193,107.4,21.4,2,1,-2,13
0,38,170,66.6,25.6,2,2,6,15
1,60,154,51.4,0.0,2,1,-5,5
0,37,183,66.8,29.6,3,2,7,13
1,36,151,65.4,15.6,3,2,8,7
1,19,160,96.5,21.6,5,2,6,12
0,45,185,70.7,0.0,1,0,0,6
1,44,156,95.7,13.4,5,0,0,7
1,51,157,56.1,29.6,3,0,0,12
0,28,187,71.4,23.4,5,0,0,4
1,46,182,83.8,21.5,5,1,-5,5
1,46,152,77.6,0.0,5,1,-8,5
0,58,151,68.2,18.5,1,2,4,11
0,40,174,108.6,26.2,1,2,7,7
1,47,181,102.4,27.6,1,0,0,14
0,41,193,80.6,13.6,1,2,5,5
0,25,162,56.2,22.4,4,1,-4,11
1,31,172,106.4,25.3,1,0,0,4
0,56,186,97.5,24.1,5,0,0,14
0,23,165,69.5,13.7,3,2,3,11
1,42,158,77.6,23.3,1,2,3,12
1,33,199,96.9,13.6,4,0,0,12
1,30,183,70.5,0.0,5,0,0,12
1,58,181,78.4,0.0,5,0,0,12
1,21,157,102.4,15.4,3,0,0,11
1,54,199,89.7,0.0,1,0,0,11
0,29,171,55.3,21.4,1,2,3,13
1,39,182,109.5,28.7,5,0,0,6
0,46,180,102.2,0.0,5,2,7,4
1,38,173,100.2,12.4,1,0,0,8
0,43,197,107.5,22.7,5,1,-6,11
0,57,186,89.1,12.2,4,1,-3,16
0,41,158,74.1,0.0,5,1,-6,8
0,50,171,57.2,14.3,5,0,0,4
0,36,162,57.9,23.2,3,0,0,14
0,24,194,63.3,25.1,3,0,0,10
0,37,194,56.6,14.3,1,1,-4,10
0,47,184,70.6,18.4,2,0,0,10
1,37,174,66.3,26.1,2,0,0,8
1,60,156,104.7,12.5,1,2,4,14
1,42,174,54.2,16.4,4,0,0,5
0,45,166,109.0,20.3,4,1,-3,12
0,58,199,62.7,17.0,3,0,0,5
0,36,186,101.7,17.3,3,1,-6,6
0,25,181,80.9,16.3,4,0,0,16
1,24,157,58.5,0.0,1,0,0,9
0,60,151,57.7,19.0,2,1,-7,13
1,51,161,86.3,0.0,4,1,-8,8
1,27,150,55.1,19.2,4,0,0,11
0,24,151,52.0,11.0,5,2,7,14
0,51,154,61.4,28.6,3,1,-6,9
0,40,191,96.3,15.7,5,0,0,13
1,29,193,92.6,12.6,5,1,-7,10
1,25,200,65.6,27.6,5,0,0,7
0,36,179,58.8,16.5,3,1,-6,16
1,41,187,101.9,20.8,3,1,-7,15
0,43,169,58.4,0.0,3,2,2,13
1,19,167,86.2,18.1,5,0,0,8
0,30,158,75.5,0.0,3,0,0,6
1,44,180,76.0,28.3,5,0,0,11
0,31,177,69.2,15.4,2,2,8,9
1,41,177,79.7,13.9,3,2,2,13
0,48,160,99.4,27.6,5,2,2,11
1,60,179,102.7,0.0,5,2,8,14
1,48,180,70.1,29.4,3,0,0,8
0,31,174,100.5,29.5,2,2,4,8
0,37,151,105.4,14.2,2,2,2,6
1,38,192,93.4,24.5,4,1,-3,10
0,42,167,65.9,21.7,2,2,2,8
1,40,181,109.1,14.2,4,0,0,11
0,46,185,72.9,25.5,4,1,-7,12
1,55,195,76.9,29.6,2,2,7,10
1,33,188,73.4,25.4,3,2,7,4
1,55,152,66.4,23.9,2,1,-2,8
1,18,193,78.8,20.0,5,1,-6,7
0,50,174,55.9,23.9,5,1,-8,14
1,54,156,64.5,27.5,5,0,0,11
0,58,154,53.9,11.0,4,1,-7,16
1,38,163,57.2,17.7,5,0,0,12
1,18,163,55.5,14.1,4,0,0,6
1,58,198,86.4,20.5,1,0,0,15
0,50,165,56.7,25.9,3,1,-5,14
1,25,158,81.0,25.7,1,1,-8,12
1,56,185,101.5,0.0,3,2,3,6
1,33,193,70.2,12.9,1,2,4,13
0,44,151,95.0,20.8,5,2,4,7
1,39,190,99.2,17.3,3,0,0,6
0,35,166,60.9,24.6,1,2,7,5
1,49,171,73.7,21.7,2,0,0,9
0,52,183,88.8,22.6,3,1,-2,4
1,44,185,81.7,18.9,1,2,4,10
1,41,196,108.3,20.3,2,2,7,14
1,26,181,50.6,0.0,5,0,0,15
0,38,162,102.2,0.0,2,0,0,8
1,54,192,52.8,18.5,2,1,-3,10
0,59,165,63.0,29.3,4,2,4,8
1,37,195,96.7,0.0,4,2,2,12
1,32,191,101.4,17.2,4,2,7,14
1,55,174,63.3,19.8,5,1,-7,9
1,39,194,95.2,23.2,5,2,5,12
0,22,179,99.2,27.8,5,1,-8,11
0,55,182,55.5,23.6,4,0,0,9
0,50,190,102.7,23.5,2,0,0,15
0,23,188,62.9,21.7,4,0,0,16
0,53,170,86.1,28.6,4,2,3,16
0,53,181,50.5,20.4,5,1,-8,16
0,34,167,108.6,23.4,2,2,6,16
1,35,187,90.3,25.8,4,2,8,11
1,59,165,58.1,18.7,3,0,0,14
1,25,200,57.4,25.5,5,0,0,6
0,48,161,80.9,0.0,3,0,0,8
1,34,155,107.7,15.3,3,0,0,7
0,35,157,69.8,19.8,5,0,0,9
1,57,158,104.1,20.2,5,0,0,4
0,21,157,87.0,13.0,4,0,0,10
1,38,150,97.0,18.7,3,1,-7,6
0,33,199,96.8,11.4,3,0,0,6
0,56,158,79.2,17.3,3,2,3,10
0,25,175,51.6,15.2,4,2,2,15
1,46,197,63.7,19.4,1,2,3,5
1,26,184,103.2,23.2,1,1,-6,12
0,24,186,81.7,25.0,4,0,0,16
0,58,160,58.9,29.6,5,0,0,12
1,50,185,104.4,12.9,1,2,4,14
0,60,159,73.1,15.3,4,1,-7,5
1,22,187,95.0,18.4,1,0,0,9
0,44,180,64.4,0.0,4,0,0,5
0,40,200,65.1,0.0,2,1,-6,5
1,24,170,81.0,14.5,1,1,-4,10
0,22,152,69.9,0.0,5,0,0,5
0,39,152,93.9,18.2,1,2,7,16
0,57,179,91.0,23.3,5,0,0,5
0,52,187,72.1,15.9,2,1,-2,4
0,59,182,84.5,27.3,4,1,-8,11
0,57,153,71.4,0.0,3,2,2,13
1,24,194,69.2,21.7,1,2,2,14
1,24,153,87.6,0.0,2,0,0,15
1,36,179,89.7,0.0,3,2,6,9
1,57,166,78.0,0.0,1,2,8,7
1,28,151,98.1,20.5,3,1,-6,16
0,31,175,51.0,20.1,5,0,0,6
0,55,177,85.9,14.2,3,2,6,11
1,43,164,52.0,22.0,3,0,0,4
0,23,187,67.5,17.6,5,0,0,15
1,50,163,104.7,11.2,1,0,0,13
0,28,180,51.3,24.6,5,1,-4,7
1,44,183,79.1,17.4,5,2,5,4
0,27,179,50.1,17.5,5,0,0,12
0,22,185,78.3,25.4,3,1,-5,15
0,51,168,64.2,28.4,2,1,-6,7
1,26,170,105.1,28.4,4,2,2,6
1,36,168,85.6,28.7,4,2,4,7
1,39,155,58.1,0.0,3,2,6,10
1,29,157,105.2,0.0,1,0,0,14
1,30,182,101.9,26.0,3,2,5,10
1,45,177,78.4,29.3,3,2,2,14
1,23,162,77.8,10.6,5,2,4,7
0,26,195,61.1,14.5,3,2,8,12
0,22,164,66.9,27.5,5,1,-7,9
0,50,153,78.4,0.0,2,0,0,5
0,40,158,55.0,14.4,3,2,5,4
1,54,181,75.0,27.0,3,2,3,13
0,31,152,105.7,15.6,5,2,7,12
0,34,191,58.2,24.6,4,1,-6,5
1,54,200,95.3,15.1,2,0,0,9
0,23,175,56.9,19.2,3,2,8,8
1,33,161,80.3,22.6,5,2,5,8
0,52,187,69.5,23.8,2,0,0,7
0,32,174,87.1,12.4,2,0,0,5
1,32,169,81.7,28.6,2,0,0,14
1,35,168,64.7,15.1,4,0,0,16
1,40,187,51.1,18.6,2,0,0,9
0,29,182,99.6,21.0,1,2,3,13
0,32,178,106.1,24.4,5,2,6,15
1,45,171,96.6,0.0,3,2,2,15
0,34,170,50.6,29.7,1,2,4,13
0,18,191,104.6,15.9,3,0,0,5
0,55,162,74.8,12.4,2,1,-3,4
0,57,173,51.2,25.5,2,0,0,6
0,40,182,73.5,0.0,4,0,0,16
1,28,176,50.9,24.6,1,1,-5,11
1,48,165,73.6,24.9,1,1,-4,9
0,60,154,88.4,25.1,3,2,4,15
1,27,195,66.7,24.8,2,1,-8,5
0,36,187,91.4,19.4,4,0,0,4
1,45,174,109.2,28.6,5,0,0,11
1,40,167,56.7,29.4,2,2,8,8
1,29,182,86.3,23.6,2,2,5,13
1,48,192,58.1,15.9,1,0,0,13
1,39,200,73.6,29.8,1,1,-4,7
1,24,175,65.8,24.7,1,2,2,14
0,45,199,97.9,24.0,5,1,-7,6
1,50,172,71.5,23.2,2,0,0,4
0,34,177,60.0,13.9,1,0,0,7
1,58,178,107.5,22.2,2,2,5,5
0,37,167,60.0,29.7,5,0,0,5
1,18,158,72.6,11.2,2,2,7,7
0,52,186,93.2,0.0,3,1,-2,16
0,59,187,82.5,24.3,3,0,0,15
0,59,171,99.4,20.1,5,2,5,5
1,56,164,65.9,11.2,2,1,-4,4
0,43,190,63.9,16.9,1,1,-4,6
0,45,179,103.4,18.6,1,0,0,13
1,18,164,92.8,13.0,4,0,0,16
0,30,196,89.5,0.0,3,1,-5,10
0,45,152,90.7,21.8,3,0,0,13
1,23,169,86.4,15.7,3,1,-5,5
0,45,174,79.0,10.6,4,2,3,5
0,24,156,85.2,23.4,2,2,3,16
0,49,186,87.8,24.6,1,1,-5,16
0,33,183,55.0,23.7,2,2,7,12
0,18,162,76.1,18.1,3,2,3,4
1,31,181,85.5,19.1,5,1,-6,4
1,49,176,69.0,27.4,1,1,-6,13
1,60,176,84.5,14.8,5,0,0,8
1,46,177,96.3,20.2,5,0,0,15
0,20,174,107.7,14.6,1,1,-2,13
1,31,169,72.4,29.2,3,0,0,13
0,23,174,77.7,23.5,1,0,0,12
0,54,197,75.6,25.1,3,1,-6,4
0,45,170,86.7,13.0,5,2,6,9
1,53,171,99.7,27.1,4,2,6,11
1,45,196,109.6,25.5,2,1,-2,4
0,25,161,93.9,22.3,2,0,0,8
1,35,180,80.0,26.3,5,2,8,8
1,55,179,74.4,11.7,2,1,-8,8
1,41,152,80.2,0.0,2,1,-4,16
0,25,154,55.3,12.0,4,2,3,6
1,41,165,72.4,18.4,5,1,-3,14
0,42,166,78.0,10.4,4,1,-4,5
0,40,186,63.0,22.6,3,1,-5,12
0,29,185,99.2,21.2,5,0,0,8
1,19,183,76.6,0.0,3,1,-6,11
1,20,150,53.8,22.2,4,2,2,15
0,20,184,107.4,18.3,4,2,3,7
0,22,181,102.8,26.1,1,0,0,13
1,48,192,50.4,10.2,4,1,-8,12
1,45,181,100.1,11.1,1,2,5,16
1,59,173,84.3,0.0,5,2,2,14
0,31,187,73.1,12.6,4,1,-3,8
1,54,191,79.9,20.1,2,2,3,15
0,45,181,79.4,17.0,2,0,0,16
0,36,185,101.9,13.6,1,1,-6,8
0,24,190,60.4,20.4,1,1,-5,5
1,38,185,83.3,16.0,2,2,7,15
1,37,199,57.1,22.7,3,0,0,6
1,19,166,97.8,25.9,3,0,0,16
1,18,185,82.1,0.0,3,1,-3,14
1,50,181,69.8,18.2,1,2,4,16
1,36,168,90.2,16.6,3,2,5,9
0,43,175,89.5,17.9,2,2,8,9
1,47,168,61.0,27.7,3,0,0,9
1,27,193,75.6,0.0,5,0,0,5
1,35,200,83.2,22.5,2,0,0,10
1,41,174,58.3,0.0,3,1,-4,4
1,60,200,55.0,21.6,4,2,8,15
1,60,184,105.9,24.5,4,0,0,8
0,54,159,78.7,24.7,4,2,3,5
1,54,190,74.7,11.3,5,0,0,13
0,25,192,105.1,18.1,4,1,-8,16
1,50,150,82.1,12.0,4,2,3,14
1,43,173,64.3,28.9,5,1,-8,9
0,56,192,53.9,29.4,1,2,4,9
1,21,184,67.1,22.1,5,1,-8,11
0,44,172,54.3,18.2,3,2,8,9
0,34,165,80.1,0.0,5,1,-8,6
0,44,162,64.5,24.6,5,0,0,13
1,19,157,73.4,12.1,5,0,0,11
0,43,183,104.9,25.8,4,0,0,12
1,41,187,109.4,16.0,5,2,2,10
0,28,180,50.4,16.9,5,0,0,7
0,43,161,101.6,17.3,3,0,0,9
0,56,155,71.9,23.3,2,2,4,8
0,59,175,106.0,21.9,1,1,-2,6
1,44,193,66.4,20.1,1,0,0,14
1,26,168,86.5,19.9,4,0,0,6
1,39,173,79.5,0.0,3,0,0,5
1,21,159,96.0,10.7,1,1,-4,5
0,20,150,98.1,26.4,3,0,0,4
0,49,192,65.1,12.9,5,2,2,12
1,46,165,94.1,0.0,2,0,0,4
1,55,159,62.2,22.3,1,0,0,10
1,58,180,105.8,28.8,1,1,-7,8
1,51,195,70.8,21.8,3,1,-8,12
1,56,167,50.9,22.6,3,2,8,7
1,54,173,59.5,22.3,4,1,-5,13
0,60,197,100.1,10.1,5,0,0,12
0,56,196,71.4,12.8,2,1,-3,8
1,23,195,89.3,26.2,4,1,-8,4
1,33,165,79.4,22.8,2,2,8,11
0,50,156,55.3,23.7,2,1,-7,16
0,38,184,102.8,0.0,4,2,7,13
0,38,169,104.8,0.0,2,0,0,9
1,42,185,102.1,16.0,5,2,3,10
1,31,160,56.5,17.9,1,1,-3,7
0,26,188,70.0,15.1,4,1,-3,9
1,38,166,89.6,0.0,2,2,5,10
0,50,194,74.5,15.8,1,0,0,11
0,20,179,70.9,15.8,4,2,7,9
0,58,152,81.5,16.1,5,1,-6,14
0,18,185,71.0,22.7,5,2,3,11
1,40,164,94.8,20.5,4,0,0,5
1,19,195,50.7,19.8,2,2,3,5
1,48,183,74.1,0.0,4,1,-5,14
1,44,184,57.4,19.4,4,0,0,8
1,54,158,59.2,27.6,1,0,0,8
0,20,190,109.1,17.9,1,2,5,10
1,53,176,87.4,12.9,3,0,0,16
1,40,175,107.6,14.6,5,2,6,10
1,40,179,97.3,17.9,2,0,0,15
1,27,163,74.4,26.3,4,1,-5,16
0,58,179,75.9,0.0,2,2,7,10
0,18,177,51.1,17.6,1,1,-4,9
1,30,180,63.5,18.6,3,0,0,13
1,58,182,77.4,21.7,4,0,0,13
1,34,199,96.6,26.2,1,0,0,8
0,23,169,57.2,10.5,2,1,-2,14
0,36,154,84.4,16.5,5,2,8,15
1,57,150,72.8,12.4,2,2,7,7
1,40,195,56.1,28.4,1,0,0,4
1,51,184,64.0,21.1,5,0,0,12
0,20,195,106.6,20.2,2,0,0,10
0,25,188,86.2,23.2,5,1,-6,12
1,56,189,76.1,26.2,1,0,0,11
1,36,176,81.5,24.4,2,0,0,7
0,18,185,108.7,19.7,2,2,6,8
1,28,178,54.9,16.3,4,1,-3,12
0,48,151,50.5,14.7,4,1,-8,7
1,41,183,59.2,29.6,2,0,0,14
1,39,179,74.0,19.0,3,2,5,13
0,42,175,63.7,27.0,4,1,-7,13
0,28,196,88.8,18.0,3,1,-4,15
0,48,184,55.4,0.0,3,2,5,11
0,56,180,90.4,26.8,3,0,0,11
0,20,178,75.7,28.8,4,2,8,6
0,36,158,72.7,23.9,4,0,0,5
0,45,156,63.2,23.6,4,2,2,9
0,38,168,100.4,17.6,3,2,3,5
0,37,157,67.6,0.0,5,2,3,8
0,58,152,98.6,21.7,1,0,0,6
1,41,150,64.6,16.8,1,2,8,15
1,24,151,74.0,0.0,4,2,5,5
0,45,164,98.8,22.8,2,1,-7,6
1,44,181,57.9,14.7,3,1,-6,15
1,18,154,54.3,16.8,3,1,-7,15
1,47,169,59.1,0.0,4,2,2,4
0,19,185,91.3,21.3,1,2,5,14
0,18,150,54.3,15.1,3,0,0,13
1,33,161,109.0,16.1,5,1,-8,15
0,36,168,77.0,28.2,2,2,5,12
1,51,178,59.8,0.0,3,0,0,7
1,53,160,59.5,25.8,2,2,8,15
1,44,171,101.7,12.3,2,0,0,8
1,22,187,80.7,16.9,1,1,-7,9
0,28,188,86.0,0.0,4,0,0,10
0,45,197,72.4,0.0,1,2,2,9
0,42,156,66.0,18.9,3,2,8,7
0,46,198,92.3,25.4,1,1,-4,13
1,42,167,50.8,16.0,5,1,-8,12
0,42,185,63.0,17.2,2,0,0,9
1,39,177,62.4,10.0,1,1,-8,13
0,35,177,92.4,29.3,1,0,0,9
0,39,179,109.7,10.3,2,0,0,5
0,57,161,101.0,0.0,1,0,0,12
0,53,199,76.3,0.0,3,0,0,14
0,57,168,81.1,24.8,2,1,-2,10
1,59,183,106.7,25.8,4,2,2,6
1,54,175,95.1,15.5,2,0,0,7
0,29,159,71.6,29.6,2,2,6,14
0,23,154,74.1,19.7,2,1,-8,9
0,19,182,56.2,14.3,4,0,0,7
0,49,166,85.9,14.0,1,1,-8,6
0,19,197,82.4,19.9,2,1,-6,13
0,49,167,89.3,11.9,5,1,-8,16
1,59,171,105.1,20.1,2,0,0,15
1,28,166,60.0,22.8,1,2,5,7
1,32,162,108.1,11.2,4,1,-7,13
1,23,198,76.1,24.5,1,0,0,11
1,39,186,97.0,29.8,4,1,-5,8
0,57,167,69.8,29.3,1,1,-6,11
1,48,174,100.2,24.8,1,0,0,11
0,48,177,55.3,14.8,3,0,0,7
1,31,167,107.2,27.1,3,2,7,5
0,58,194,62.5,0.0,1,1,-3,8
0,41,174,74.1,27.8,4,0,0,13
1,30,178,62.5,0.0,5,1,-2,11
0,39,151,109.7,29.9,5,0,0,13
0,49,182,58.1,11.6,5,1,-2,13
1,38,183,66.7,0.0,2,2,8,9
1,42,199,73.5,0.0,4,1,-2,14
0,22,192,75.2,17.4,2,0,0,8
1,35,175,68.8,22.9,1,2,5,16
1,23,170,56.8,0.0,3,0,0,7
0,49,158,68.9,26.2,2,1,-4,11
0,22,173,93.6,0.0,2,1,-3,11
1,59,199,109.1,0.0,2,2,5,8
0,56,156,65.0,14.1,5,1,-5,6
0,23,154,95.3,24.9,3,2,2,5
1,51,182,55.5,29.7,3,1,-2,6
0,25,155,64.6,11.0,4,1,-7,14
0,47,153,95.0,22.2,5,1,-6,6
0,32,193,78.3,0.0,3,1,-6,7
0,58,175,101.7,24.0,5,0,0,9
0,33,182,93.7,27.5,5,0,0,10
1,24,159,105.6,26.2,1,2,7,13
0,24,153,88.5,12.7,4,2,2,12
0,34,161,52.8,14.8,5,2,4,8
1,22,158,64.5,12.2,5,0,0,6
1,31,162,86.6,18.8,1,1,-5,5
0,44,153,63.9,12.8,2,1,-2,16
0,55,172,109.0,20.9,4,1,-4,6
0,18,194,100.9,27.0,2,2,3,11
0,40,177,65.0,24.8,1,2,6,6
0,56,172,84.0,0.0,5,0,0,5
1,54,176,74.6,26.6,1,1,-8,4
0,55,176,59.2,21.6,5,0,0,9
1,44,165,60.9,22.8,2,1,-2,13
0,58,193,94.5,28.7,1,1,-8,11
0,29,175,67.1,17.5,5,2,5,16
1,43,185,93.5,19.8,4,0,0,7
0,32,171,85.2,13.8,4,1,-2,7
0,57,198,81.3,13.4,3,1,-8,5
0,48,180,59.4,22.5,1,0,0,12
0,43,187,51.2,28.7,3,0,0,8
1,23,177,77.8,11.9,3,1,-4,6
1,25,167,93.3,22.0,1,2,2,16
0,30,182,100.6,0.0,4,1,-7,15
0,30,175,77.7,14.0,4,1,-2,16
0,52,165,79.9,24.9,2,0,0,16
0,31,185,105.8,0.0,2,0,0,15
0,34,157,55.3,12.3,5,2,4,11
1,22,189,108.7,0.0,3,0,0,12
0,48,168,87.6,21.8,3,1,-5,14
0,52,199,92.3,26.7,4,1,-7,12
1,52,181,101.4,15.1,1,2,2,9
1,26,152,85.6,22.7,3,1,-8,6
0,35,160,64.1,27.8,5,2,6,11
0,51,198,59.0,20.5,1,0,0,5
1,60,196,54.1,26.3,5,0,0,14
0,57,173,93.2,12.9,2,1,-4,7
0,24,174,66.1,21.2,2,2,5,10
0,60,195,88.7,25.5,2,1,-8,14
0,29,195,71.6,17.4,3,2,4,7
0,40,169,59.8,12.9,3,1,-6,14
0,44,195,90.1,21.6,3,0,0,15
1,36,171,102.4,17.7,5,1,-5,4
0,23,170,56.6,10.2,3,1,-2,9
1,22,159,105.5,13.9,1,2,5,14
1,37,197,98.6,17.6,5,1,-3,15
0,30,167,80.5,0.0,2,0,0,6
0,50,159,56.5,19.7,5,0,0,11
1,37,152,62.6,27.5,1,2,4,13
1,38,176,54.8,0.0,2,1,-6,7
0,41,179,98.3,18.6,2,2,3,11
1,19,168,105.5,11.7,4,1,-4,7
0,33,173,101.5,20.5,3,1,-7,5
1,56,188,54.7,27.5,3,2,2,6
0,40,185,109.7,20.5,3,0,0,6
0,29,150,78.8,22.5,2,0,0,9
1,18,178,56.2,0.0,3,1,-7,8
0,38,173,89.0,17.9,4,0,0,14
0,49,180,50.1,11.2,4,2,5,14
1,39,152,81.1,16.0,3,1,-3,6
0,26,186,61.8,26.0,3,2,3,14
1,21,151,79.9,20.1,4,1,-3,7
0,21,174,109.9,0.0,1,1,-2,13
1,58,195,94.8,29.4,5,0,0,10
1,59,180,65.1,22.5,4,0,0,9
1,28,166,74.2,25.3,4,0,0,4
1,50,188,63.7,27.5,1,2,6,12
0,47,188,60.6,12.6,1,0,0,10
0,42,182,74.0,0.0,1,0,0,4
0,32,190,81.7,18.2,2,2,3,10
0,56,192,72.7,29.1,5,0,0,10
1,21,189,98.6,20.3,2,0,0,4
1,18,178,105.2,19.9,3,2,2,7
0,44,160,54.6,17.2,3,1,-6,9
1,36,188,103.9,21.4,5,2,5,14
1,48,163,79.4,0.0,4,2,8,8
1,33,169,65.2,26.5,2,0,0,16
0,43,192,70.7,20.3,5,2,5,5
1,51,187,88.8,28.1,5,1,-2,6
1,45,150,94.6,10.8,1,2,4,15
0,39,160,67.1,0.0,4,0,0,6
1,49,175,93.4,15.6,4,0,0,15
0,46,174,98.6,18.4,4,2,8,14
1,52,192,67.9,20.6,3,2,8,11
1,50,159,58.0,28.8,5,2,4,16
1,35,155,71.9,20.8,5,0,0,9
0,43,164,103.1,27.2,5,0,0,5
1,20,150,75.0,28.7,3,0,0,14
0,42,180,102.6,15.3,2,2,7,7
0,43,192,94.2,14.7,5,0,0,5
1,49,185,76.3,27.9,5,0,0,13
1,25,200,64.6,13.0,5,0,0,4
1,37,162,94.7,16.1,1,1,-5,8
0,48,188,104.8,18.7,1,2,2,8
1,21,154,61.3,28.7,5,0,0,12
0,27,177,70.7,17.3,1,0,0,13
1,51,189,77.7,19.1,1,0,0,4
1,56,181,73.9,15.1,3,1,-6,10
0,21,151,94.0,22.6,1,0,0,13
1,53,195,86.3,21.2,3,2,7,7
0,36,186,106.0,17.8,5,1,-2,6
1,35,162,59.1,0.0,2,1,-7,11
0,52,193,86.5,0.0,5,2,7,11
0,37,190,73.8,11.2,2,2,4,13
1,59,191,76.2,22.8,5,1,-4,10
1,44,192,78.5,22.1,2,2,5,7
1,20,159,77.4,21.7,2,2,6,9
0,19,185,105.1,15.0,4,1,-5,6
0,46,186,96.3,16.0,2,2,4,11
1,24,162,87.3,0.0,5,2,5,14
0,53,156,56.8,23.3,2,2,2,14
1,41,199,104.9,15.9,4,0,0,12
1,32,177,70.3,20.9,4,1,-8,14
1,23,166,98.6,13.3,4,1,-6,6
1,19,196,72.4,19.0,3,1,-7,10
1,25,197,93.7,12.1,3,0,0,12
0,60,187,98.3,14.6,5,1,-5,4
0,32,170,65.4,23.1,4,0,0,14
0,28,175,108.7,13.4,4,0,0,13
0,56,172,79.3,20.1,1,2,7,8
0,28,186,56.4,13.6,5,2,7,9
1,19,150,71.6,14.0,2,2,7,14
0,31,153,80.4,22.6,2,2,5,13
1,55,191,69.9,19.2,3,0,0,4
0,43,167,56.2,27.8,1,1,-5,15
0,49,187,93.0,10.4,2,2,2,14
0,47,160,88.5,15.1,5,1,-8,4
0,42,190,71.4,28.1,2,0,0,16
0,34,182,108.6,0.0,2,2,6,15
0,18,178,103.3,0.0,3,2,6,4
1,37,163,79.3,28.6,4,1,-7,9
1,40,162,69.9,17.3,1,1,-3,13
1,26,169,95.5,26.7,1,1,-7,9
1,44,152,77.0,28.3,1,1,-4,10
1,34,165,97.4,28.9,2,0,0,16
1,39,162,99.5,0.0,5,0,0,7
0,58,178,63.1,18.2,1,2,3,13
1,46,155,92.7,23.7,2,0,0,16
0,34,169,50.8,11.6,5,0,0,9
0,49,169,90.5,14.2,2,0,0,6
0,25,173,94.6,25.0,4,0,0,16
0,21,170,89.3,20.3,3,2,3,6
0,20,197,104.6,25.1,3,2,8,4
0,26,172,101.2,14.7,3,1,-6,10
1,34,173,67.4,21.6,1,1,-7,15
0,52,175,66.2,13.5,5,0,0,9
0,32,157,62.0,11.7,5,0,0,6
1,53,174,69.1,21.0,4,2,6,9
0,30,178,90.4,21.5,2,2,3,13
1,51,158,68.6,11.7,4,1,-3,4
0,56,168,71.1,22.5,4,1,-4,11
1,23,169,71.1,19.0,5,1,-7,10
0,29,180,59.2,19.3,2,1,-4,16
1,31,189,91.1,29.7,5,0,0,5
0,47,195,61.1,21.8,3,2,3,12
1,32,187,77.1,15.4,5,2,5,7
0,53,153,61.6,26.3,2,2,2,11
1,18,196,61.8,21.6,3,2,7,4
0,19,198,58.9,16.4,3,1,-8,12
0,18,189,108.7,28.6,4,0,0,16
0,24,186,65.8,22.7,3,0,0,8
0,46,157,59.8,12.0,2,1,-3,11
1,25,199,109.5,0.0,2,2,6,8
1,59,171,85.7,28.5,1,0,0,9
1,20,153,79.0,11.3,4,2,7,10
1,31,180,81.1,21.4,2,0,0,8
0,29,153,62.4,25.3,1,1,-7,16
1,21,155,105.2,0.0,5,0,0,4
1,50,187,85.1,25.3,4,2,2,6
0,30,197,86.0,18.6,5,0,0,6
1,53,150,58.9,28.9,3,0,0,10
0,29,196,85.6,28.5,3,1,-4,12
0,18,158,50.4,22.4,1,2,4,11
1,56,167,100.6,22.8,2,1,-3,6
0,25,178,84.9,21.6,1,0,0,6
1,43,192,53.8,0.0,1,1,-7,5
1,35,194,73.9,20.1,1,1,-3,6
0,25,181,86.5,0.0,4,1,-2,5
0,38,200,64.6,10.5,1,0,0,13
0,36,162,66.6,15.5,1,2,4,6
0,45,199,95.4,26.9,5,0,0,15
0,30,184,86.6,27.8,1,2,7,11
0,24,168,76.2,25.5,5,2,7,11
0,49,187,79.6,0.0,3,0,0,5
1,25,158,89.5,0.0,3,2,8,14
0,34,168,69.4,12.3,2,2,6,8
1,24,177,87.1,20.1,2,2,4,15
1,41,178,83.2,10.7,3,1,-8,6
0,35,188,104.7,23.2,3,0,0,6
0,34,156,105.5,0.0,1,0,0,15
0,42,179,86.5,14.2,3,1,-7,12
1,49,191,92.3,12.7,5,2,4,4
1,54,177,98.5,20.2,4,1,-7,13
1,32,186,94.7,25.2,3,0,0,13
1,48,163,66.9,26.1,1,2,8,14
1,18,151,74.0,20.1,5,0,0,10
0,40,196,64.0,24.5,3,2,3,13
1,46,199,83.8,12.1,4,0,0,10
0,52,190,89.0,29.4,4,2,6,11
0,48,175,64.7,27.0,1,1,-8,5
0,40,166,71.7,24.7,3,0,0,9
0,42,173,63.3,0.0,3,0,0,14
0,27,191,70.6,21.4,3,0,0,9
1,27,184,70.8,15.2,1,1,-4,10
1,47,194,69.1,17.3,5,1,-8,5
1,18,194,84.7,21.3,3,1,-6,11
1,24,187,62.0,18.9,1,0,0,13
0,50,190,50.2,25.1,3,0,0,13
1,32,200,98.4,21.8,3,1,-7,16
1,54,179,83.4,29.6,1,0,0,9
1,60,180,70.2,26.4,4,2,7,10
0,35,188,109.0,27.9,3,0,0,16
1,35,176,79.2,25.6,3,1,-3,4
0,19,174,88.8,28.2,2,2,7,11
0,35,196,86.8,20.0,2,2,2,8
0,22,153,105.3,26.2,2,0,0,5
1,49,191,93.1,10.2,3,0,0,14
1,54,169,66.6,17.4,2,2,4,13
1,49,195,100.8,13.7,2,1,-7,7
0,28,195,67.4,20.8,1,0,0,10
1,43,170,82.4,0.0,3,1,-7,8
1,39,152,70.9,24.6,1,0,0,15
1,45,154,95.2,14.5,2,0,0,14
0,54,156,62.0,28.3,3,2,3,9
1,30,159,70.2,0.0,4,2,4,14
0,60,195,54.0,24.4,1,2,3,15
1,35,182,79.7,18.3,1,0,0,5
1,23,194,109.5,16.6,3,0,0,8
0,43,179,87.7,20.5,3,2,6,4
0,32,183,65.2,14.0,5,2,2,9
0,54,187,70.7,17.4,5,0,0,7
0,60,169,93.8,26.4,2,2,4,12
1,42,162,72.6,23.3,1,2,2,16
0,55,174,50.2,29.7,4,0,0,15
1,59,158,96.7,15.6,2,1,-4,6
1,22,174,103.2,0.0,1,0,0,15
0,44,177,95.3,16.4,4,0,0,8
0,43,192,91.1,22.8,4,2,5,15
1,36,155,66.1,28.4,5,1,-6,12
0,23,200,66.1,0.0,1,2,5,12
0,35,160,79.8,10.6,1,1,-5,9
0,43,166,54.1,10.6,2,1,-2,10
0,40,152,99.3,14.6,4,0,0,4
1,58,152,94.1,13.0,2,1,-8,12
0,41,192,100.1,0.0,1,1,-4,5
0,22,188,99.4,20.0,2,2,4,15
1,29,178,59.0,25.3,2,0,0,7
1,56,193,68.8,17.3,2,1,-8,6
1,35,176,63.6,16.5,5,1,-6,10
0,60,186,80.7,0.0,5,0,0,14
1,39,198,55.1,12.6,4,1,-6,6
1,59,164,108.1,11.5,4,0,0,8
1,53,197,73.7,28.2,5,1,-8,14
1,18,172,74.2,28.3,3,1,-4,7
1,46,170,96.9,14.9,2,0,0,16
0,52,197,72.8,25.7,3,2,4,16
1,55,192,70.7,22.3,1,0,0,4
1,23,151,58.2,12.4,5,2,3,12
0,41,182,68.0,14.8,2,2,8,4
0,29,157,108.1,0.0,3,2,6,13
0,36,199,55.4,11.3,3,2,7,13
0,47,184,96.3,26.5,5,1,-8,5
0,20,174,63.4,11.0,2,0,0,5
0,49,181,70.4,0.0,1,1,-5,13
0,45,165,62.1,15.9,2,2,3,8
1,27,154,58.0,21.3,5,0,0,10
0,55,163,76.0,17.8,5,2,4,4
1,50,183,72.5,13.6,3,2,6,16
1,36,169,82.5,0.0,2,2,7,7
0,37,160,75.3,13.2,4,0,0,8
0,34,194,98.4,27.6,4,0,0,14
1,30,158,80.2,25.1,1,2,5,16
0,21,194,86.7,27.4,1,2,5,8
1,22,179,106.6,17.8,3,2,4,15
1,28,180,76.2,25.0,5,0,0,7
1,37,167,84.7,25.2,3,2,4,5
0,35,165,62.2,19.0,4,1,-7,4
0,31,150,75.2,0.0,5,1,-6,15
0,60,177,84.9,0.0,2,0,0,6
0,30,165,51.3,21.9,5,1,-6,15
1,19,174,106.5,14.9,5,0,0,14
0,40,200,58.9,13.2,3,0,0,9
0,23,192,91.1,13.6,2,2,2,14
1,18,182,66.4,10.7,3,2,7,16
1,57,167,83.4,0.0,3,2,4,4
0,19,179,71.7,19.2,5,1,-2,9
0,21,178,86.2,25.5,4,1,-6,12
1,50,193,100.9,0.0,1,2,4,6
1,33,200,109.4,13.7,1,2,4,9
0,19,169,64.5,10.0,4,1,-5,6
0,25,176,62.7,0.0,1,1,-6,14
1,27,181,51.2,11.3,4,0,0,16
0,37,164,103.1,19.7,5,0,0,6
0,20,164,90.0,19.5,3,2,8,4
1,35,154,97.8,24.1,1,0,0,8
0,21,173,78.3,0.0,5,0,0,5
0,53,169,59.8,28.9,5,2,4,13
0,55,190,63.8,15.3,5,2,7,8
1,19,171,109.1,26.6,3,0,0,8
0,37,194,67.8,17.9,2,2,8,8
0,60,151,92.9,29.1,4,1,-7,9
0,19,154,55.2,23.7,2,0,0,7
1,26,177,104.0,17.0,3,2,3,7
1,48,197,81.6,29.6,5,0,0,5
1,37,181,53.8,10.3,2,0,0,12
1,57,178,77.9,19.8,3,0,0,16
0,54,169,67.1,22.8,1,1,-3,16
0,47,176,50.8,27.1,5,2,4,5
1,56,178,59.6,10.7,2,2,2,11
1,18,159,56.1,25.9,4,2,4,8
0,24,159,90.7,0.0,2,2,5,11
1,53,167,94.5,24.6,5,2,6,10
0,21,184,73.4,25.3,5,0,0,14
0,55,188,109.4,29.5,2,1,-4,5
1,29,197,104.6,11.0,5,0,0,6
0,23,193,51.4,25.2,4,1,-6,4
1,19,151,50.7,24.9,1,2,7,5
1,21,152,85.3,15.0,5,0,0,4
1,54,152,67.2,22.7,2,1,-8,5
1,55,153,89.1,20.4,2,0,0,5
1,20,197,76.8,22.1,2,2,4,10
0,18,195,99.6,22.9,2,1,-7,8
1,30,162,57.3,28.0,3,1,-3,6
1,51,170,71.3,26.9,3,1,-6,11
0,30,180,90.0,17.0,4,0,0,8
1,24,150,81.6,11.0,4,0,0,15
1,56,192,54.3,28.3,3,1,-5,11
0,22,179,58.9,20.2,3,1,-5,16
1,50,178,78.2,27.6,1,1,-8,16
0,36,160,107.5,25.6,2,0,0,10
1,40,164,72.1,10.5,4,2,3,11
0,44,192,107.7,29.9,5,0,0,8
1,22,183,61.3,24.0,5,0,0,4
1,30,151,93.1,22.8,5,0,0,12
0,19,178,76.2,24.8,4,2,6,9
0,46,161,88.6,10.7,1,2,3,13
0,53,167,106.1,18.2,3,2,2,13
0,52,157,75.1,10.1,4,2,5,4
1,56,176,99.9,26.1,3,0,0,10
1,23,153,57.3,12.3,5,0,0,10
0,35,170,57.5,24.4,5,1,-4,4
1,58,164,67.6,15.5,5,2,5,6
0,23,162,76.9,14.0,1,1,-8,5
0,18,184,52.2,14.8,1,1,-2,4
0,50,182,94.6,15.4,4,0,0,4
0,52,172,104.5,25.8,3,0,0,6
1,22,152,89.7,14.2,2,1,-2,7
0,60,190,63.2,13.4,2,0,0,12
0,45,167,59.6,0.0,2,1,-8,7
0,56,153,87.9,27.4,2,1,-8,8
1,26,166,89.3,0.0,2,1,-2,11
1,58,171,72.9,0.0,4,0,0,4
1,28,191,50.3,26.7,5,1,-5,9
0,19,176,87.9,0.0,2,0,0,13
0,55,172,65.6,13.4,2,0,0,4
0,46,191,73.4,15.5,3,2,6,13
1,52,180,108.0,23.1,2,1,-5,6
0,20,167,106.1,19.9,4,1,-6,9
0,43,186,67.8,15.9,3,2,2,5
1,36,180,66.5,14.9,2,0,0,10
0,57,182,58.6,0.0,5,0,0,4
1,33,175,56.2,15.2,1,1,-3,13
0,42,183,106.6,20.4,3,0,0,8
0,53,157,98.4,0.0,2,2,8,10
1,49,188,100.3,26.9,1,0,0,5
0,56,163,104.1,15.2,2,1,-7,5
0,31,176,74.9,18.5,2,2,5,13
1,53,172,93.4,0.0,3,2,3,15
0,31,163,53.9,12.1,2,2,5,8
1,38,166,103.2,0.0,3,1,-5,13
0,46,199,88.1,30.0,5,2,3,16
1,59,197,54.4,0.0,4,2,4,16
0,33,180,53.5,11.9,1,0,0,8
0,32,155,95.3,26.7,4,0,0,5
1,28,200,90.5,21.2,4,1,-3,7
0,51,191,59.7,20.5,4,2,8,12
0,32,189,59.9,22.9,1,2,6,7
1,51,184,107.7,19.8,3,0,0,7
0,52,161,107.3,0.0,4,1,-5,14
0,38,183,106.8,0.0,2,1,-4,9
1,23,170,78.3,13.2,3,1,-4,8
1,29,170,93.6,28.8,5,2,3,10
1,23,176,71.8,23.2,5,0,0,5
1,22,190,90.4,23.5,2,0,0,9
1,31,187,73.2,0.0,3,0,0,6
1,19,173,84.5,29.6,4,2,4,13
0,27,159,61.1,29.1,5,2,8,12
1,37,157,60.6,18.6,4,0,0,12
0,56,176,108.0,0.0,5,0,0,5
1,21,199,81.0,22.9,5,2,5,14
0,60,160,75.8,10.2,5,0,0,10
1,21,157,62.7,26.4,2,1,-6,13
1,37,164,67.3,23.3,3,1,-3,5
1,32,166,86.5,14.6,2,0,0,14
0,56,178,98.9,18.9,3,2,8,6
1,37,196,74.9,16.9,4,2,7,6
1,55,185,96.3,27.9,3,2,6,10
0,32,178,72.6,26.9,2,1,-3,11
0,42,195,89.8,0.0,1,2,4,12
1,45,150,89.4,28.0,5,1,-8,5
0,43,180,108.7,0.0,2,0,0,9
1,19,192,101.1,12.3,4,2,6,16
0,47,163,79.7,16.5,2,1,-2,4
1,20,181,71.7,20.1,3,2,2,14
1,41,170,73.6,17.7,2,1,-6,9
1,44,151,69.9,28.8,5,2,7,15
1,19,174,98.5,21.7,1,0,0,6
1,36,180,101.8,29.3,5,1,-4,14
1,51,170,65.4,13.7,1,1,-4,9
0,20,153,99.7,11.3,2,0,0,16
1,41,189,96.4,30.0,5,0,0,15
1,19,158,94.0,16.9,2,2,7,5
1,24,198,66.3,14.8,1,2,2,10
1,53,167,84.3,14.0,5,2,8,16
1,53,198,86.2,29.0,5,1,-6,14
1,48,164,76.9,11.4,4,0,0,4
0,43,159,52.6,20.4,4,1,-5,16
1,60,177,86.8,18.4,4,0,0,11
0,25,189,51.1,15.5,4,0,0,12
1,51,187,68.5,24.0,3,2,8,6
1,27,159,87.6,28.3,4,1,-8,13
0,41,159,52.7,26.2,1,1,-3,12
1,36,199,68.2,27.1,3,1,-7,15
1,33,186,54.2,28.7,1,2,6,12
0,56,190,104.7,11.7,1,1,-5,4
1,60,186,63.2,20.5,5,1,-8,16
1,53,194,65.4,16.5,3,0,0,13
0,47,171,56.0,29.9,2,2,5,13
0,40,181,93.8,27.5,5,0,0,13
1,53,157,97.8,29.3,4,0,0,12
1,22,172,81.9,11.0,5,0,0,16
0,45,194,98.0,20.9,4,0,0,4
1,30,184,70.1,28.4,4,1,-2,11
0,31,182,77.3,0.0,2,2,8,16
1,37,189,65.0,20.6,4,2,8,9
0,53,184,72.0,0.0,1,1,-4,10
0,37,164,86.9,21.7,5,2,4,10
0,20,187,55.7,19.8,1,1,-6,12
1,30,171,50.5,16.8,1,0,0,8
0,59,192,82.9,20.8,3,0,0,9
0,50,174,77.5,28.4,3,1,-8,7
0,49,165,69.4,20.5,2,2,7,16
0,34,199,101.7,0.0,1,2,4,10
1,38,163,77.9,11.0,1,2,6,16
1,41,178,51.2,0.0,3,0,0,4
1,20,166,99.9,18.1,1,0,0,16
0,18,177,74.9,13.1,4,2,5,6
1,24,200,61.2,15.0,1,0,0,14
0,60,183,75.9,21.1,4,2,8,12
1,40,197,97.4,19.9,4,0,0,14
0,45,151,73.7,0.0,3,2,3,6
0,22,187,55.0,17.2,4,1,-4,11
0,28,199,109.6,0.0,4,0,0,7
1,26,196,51.4,18.5,1,2,7,14
0,36,158,51.5,0.0,3,0,0,5
0,45,170,51.0,10.4,2,2,3,5
0,22,157,79.3,26.8,2,0,0,9
1,47,198,109.7,27.8,4,0,0,15
0,41,163,84.5,10.4,5,2,8,7
1,40,176,82.0,0.0,2,0,0,16
1,22,163,107.9,19.9,2,1,-5,15
1,34,185,82.8,10.9,3,1,-3,8
1,35,154,93.0,28.7,1,0,0,5
0,45,182,78.4,20.0,3,1,-7,9
1,51,171,91.9,18.4,4,2,6,10
0,48,168,72.3,29.8,2,2,6,7
0,48,192,62.1,20.0,1,2,3,14
1,52,151,85.6,25.4,2,2,7,15
0,44,157,104.1,24.5,5,1,-3,14
1,43,150,70.6,0.0,2,2,7,10
0,56,158,87.3,23.5,3,0,0,9
0,47,159,51.0,0.0,4,1,-3,9
0,53,158,106.0,12.2,4,0,0,6
1,31,175,91.5,11.8,5,0,0,8
1,49,151,50.6,24.3,3,2,6,16
0,24,178,67.7,0.0,1,1,-8,6
1,32,182,87.9,0.0,5,2,8,13
0,29,162,80.0,19.9,5,2,5,13
1,43,169,87.3,18.7,4,0,0,4
0,23,158,102.2,23.4,3,2,5,13
1,60,160,58.5,13.3,2,0,0,13
0,32,194,83.2,0.0,5,0,0,5
1,32,180,76.3,19.5,2,2,8,16
0,36,169,63.2,0.0,5,1,-3,8
0,58,167,108.7,23.1,5,2,8,15
1,26,177,80.6,10.7,5,0,0,11
1,58,196,98.9,28.1,3,2,8,12
0,22,200,54.5,12.7,3,2,8,13
1,21,166,79.2,15.1,5,1,-5,12
0,21,181,76.8,27.8,5,1,-6,9
1,57,179,105.0,0.0,1,0,0,5
1,23,153,52.1,20.4,4,1,-3,13
0,20,165,84.1,19.6,4,2,8,10
1,34,162,56.0,28.2,5,2,7,6
1,58,159,96.1,18.1,3,2,5,4
0,33,192,91.5,29.7,4,2,4,5
1,57,186,102.6,0.0,5,2,6,16
0,28,164,53.1,22.2,5,1,-2,8
1,56,187,79.8,20.5,3,0,0,5
1,48,198,100.5,28.0,5,0,0,15
0,59,192,79.5,0.0,3,0,0,9
0,18,188,67.1,0.0,4,2,5,16
1,42,195,68.1,16.3,4,2,4,14
1,49,178,56.5,14.6,5,0,0,16
0,53,157,74.8,21.8,3,1,-3,15
0,41,187,70.7,17.1,3,0,0,15
1,48,168,52.7,15.7,4,1,-8,4
1,47,177,78.8,17.3,4,0,0,7
1,41,171,76.1,23.1,4,0,0,12
1,22,175,60.6,24.5,3,2,6,12
1,35,163,99.6,23.0,3,1,-7,12
1,33,190,95.7,13.5,4,0,0,15
1,39,168,74.6,0.0,5,0,0,9
0,32,188,81.0,0.0,1,2,8,10
1,22,194,102.8,16.8,2,0,0,8
1,23,198,79.5,21.1,4,1,-6,9
0,37,154,85.6,0.0,5,2,3,8
1,59,190,81.1,12.2,4,2,5,12
0,32,193,70.8,14.4,3,0,0,11
1,24,164,107.3,21.2,1,2,6,14
1,32,179,75.7,14.9,3,2,8,16
0,46,192,73.4,24.9,2,1,-4,5
0,56,186,105.2,18.7,4,0,0,5
0,52,166,60.1,24.5,4,2,2,15
0,43,166,73.5,17.1,4,0,0,5
1,58,155,64.8,21.8,1,1,-2,10
0,58,194,100.5,0.0,4,2,4,5
0,54,197,88.9,24.8,3,0,0,5
1,57,173,54.4,24.8,2,0,0,5
1,59,170,78.5,29.4,2,1,-3,5
1,31,152,107.5,13.3,1,0,0,4
0,28,183,109.3,0.0,3,0,0,4
0,56,197,56.4,0.0,3,2,4,16
0,37,191,90.6,15.3,4,0,0,10
1,44,197,101.6,12.4,4,0,0,4
0,24,174,109.8,0.0,5,0,0,6
1,39,156,84.8,24.1,1,1,-8,8
0,45,171,84.0,11.2,5,1,-6,14
1,41,193,72.0,28.1,2,2,7,11
1,49,180,78.5,22.6,2,2,7,14
1,25,197,88.5,16.9,2,0,0,9
0,36,180,85.2,27.9,1,0,0,4
0,55,186,100.7,10.1,3,2,4,12
0,46,183,56.3,18.7,2,0,0,10
1,56,192,91.4,28.9,4,2,5,15
1,44,167,100.5,0.0,1,2,2,15
0,58,165,82.7,16.0,5,1,-3,10
0,34,170,63.3,14.2,5,1,-2,4
0,55,174,86.0,0.0,4,0,0,11
0,55,184,106.2,23.5,2,2,8,16
1,28,163,88.4,11.0,3,1,-7,14
1,59,174,83.6,10.8,4,1,-6,12
1,44,174,59.3,0.0,3,1,-2,9
0,40,191,81.7,19.4,3,2,5,9
1,37,157,75.9,21.5,2,0,0,13
0,35,154,62.5,17.1,2,0,0,6
0,57,153,54.2,14.9,5,2,2,13
0,34,175,108.6,0.0,2,0,0,16
0,29,181,86.2,25.9,3,0,0,7
1,24,180,68.8,0.0,4,0,0,12
1,18,176,71.4,15.0,1,2,8,11
1,34,174,69.4,10.6,2,0,0,5
1,33,178,86.7,10.2,2,1,-3,14
1,56,184,92.7,23.8,1,0,0,12
1,60,182,67.9,0.0,2,2,6,16
0,56,170,81.8,0.0,3,0,0,10
0,34,159,85.5,28.8,3,0,0,11
0,54,169,103.0,10.2,5,2,3,13
1,58,150,100.9,10.9,5,0,0,10
1,28,179,77.5,22.3,3,0,0,6
1,24,193,89.3,0.0,2,1,-3,14
0,50,164,59.5,29.6,5,1,-6,7
1,37,180,53.7,0.0,1,1,-4,6
0,46,193,59.0,0.0,1,0,0,11
1,48,186,95.2,19.3,1,2,4,5
0,56,195,105.8,25.3,2,1,-5,5
0,42,197,101.4,21.0,3,2,4,11
1,26,156,109.5,13.9,5,2,6,11
0,44,191,93.4,0.0,3,1,-3,12
0,18,191,62.5,21.6,5,1,-4,4
0,53,187,90.0,20.9,1,0,0,13
0,25,192,77.0,0.0,4,1,-3,13
1,58,178,102.9,0.0,3,1,-5,5
1,42,161,61.9,23.4,4,1,-3,10
1,21,167,101.3,14.0,3,0,0,4
1,54,198,106.7,11.9,3,0,0,8
0,59,174,64.8,12.6,2,0,0,8
1,28,200,68.1,29.0,5,2,4,14
1,40,176,102.8,0.0,4,2,7,4
1,28,182,107.8,17.3,4,1,-3,6
1,34,158,63.2,24.0,5,2,6,5
1,44,180,102.2,17.9,2,1,-7,15
1,18,161,69.8,29.6,2,2,6,13
1,27,188,104.9,19.3,5,0,0,8
0,40,165,83.5,25.2,3,2,2,12
0,39,185,102.6,14.1,2,2,8,14
1,59,195,87.3,0.0,3,1,-7,16
1,39,195,55.3,0.0,4,1,-4,7
1,59,177,69.1,0.0,5,1,-2,14
1,44,181,52.7,25.2,5,1,-2,5
0,52,185,55.7,16.9,5,2,5,9
0,60,169,54.9,0.0,3,2,3,6
1,39,178,54.0,28.6,3,0,0,12
0,56,183,101.4,14.0,3,0,0,14
0,52,196,53.0,17.7,5,0,0,12
1,27,181,69.2,25.4,4,1,-6,16
1,52,177,99.5,0.0,3,1,-8,13
0,53,172,92.2,14.5,4,2,8,14
1,50,180,82.9,10.8,4,2,3,6
0,23,190,101.5,28.7,4,2,8,4
0,28,191,84.3,0.0,4,1,-8,13
1,42,170,87.2,0.0,4,0,0,5
1,42,183,58.1,17.8,1,0,0,6
0,23,185,90.9,24.6,4,2,6,15
0,51,161,100.4,25.6,1,2,6,5
1,39,168,57.7,10.0,4,0,0,7
1,55,166,107.2,14.0,3,0,0,7
0,42,155,88.6,0.0,5,1,-5,12
1,31,177,71.3,25.9,5,1,-5,14
1,46,158,93.5,18.8,3,0,0,6
0,46,189,62.1,27.0,5,1,-3,7
0,46,198,104.4,13.1,2,2,8,5
0,60,150,68.8,11.6,2,0,0,7
1,38,154,78.8,17.6,1,0,0,16
0,20,156,58.9,20.5,5,2,3,4
1,30,151,104.0,25.6,4,2,3,13
0,38,163,96.1,14.4,2,1,-2,7
0,28,200,62.8,0.0,2,0,0,6
1,39,180,67.9,19.1,1,0,0,14
1,44,190,87.6,16.6,2,0,0,13
1,41,154,109.9,11.7,2,2,3,7
1,35,184,73.3,0.0,1,2,8,15
1,46,156,98.5,26.1,1,2,4,13
0,40,181,86.4,28.6,5,1,-4,15
1,25,183,80.3,19.6,3,1,-3,16
1,53,162,103.4,29.7,4,1,-7,8
0,29,175,96.1,17.2,4,0,0,11
1,49,182,53.4,29.0,5,2,2,13
0,36,157,64.0,11.2,5,0,0,12
0,51,189,96.6,15.8,2,0,0,13
1,47,172,88.7,22.3,4,2,5,6
0,28,185,108.2,0.0,3,0,0,6
1,37,186,75.4,15.3,1,1,-6,4
1,40,158,87.2,21.1,1,1,-8,8
0,57,161,67.7,17.3,4,1,-7,6
0,58,159,106.5,17.6,5,1,-7,4
1,35,192,85.3,16.2,5,2,4,4
1,59,168,57.6,0.0,4,0,0,10
1,60,197,67.4,0.0,1,1,-2,4
1,24,185,67.0,22.7,3,2,7,13
0,45,165,55.4,14.7,1,1,-7,10
0,47,159,53.0,12.2,2,0,0,6
0,34,190,93.9,22.1,3,2,8,16
1,58,159,78.3,23.7,3,2,3,14
1,31,185,95.0,17.7,5,1,-7,10
1,31,174,55.5,24.8,4,0,0,10
0,49,156,84.1,20.7,2,0,0,4
1,19,154,75.5,21.9,2,1,-7,8
0,54,197,65.3,25.9,4,1,-3,16
1,31,153,64.1,15.2,1,1,-3,8
0,41,169,56.0,12.3,5,1,-3,15
1,57,187,77.3,29.8,5,2,5,9
0,59,165,67.2,26.8,5,0,0,8
1,47,174,107.8,10.8,4,2,6,7
0,20,150,102.1,13.8,3,2,5,7
0,36,156,91.4,17.1,5,2,6,5
0,42,191,57.5,28.1,5,2,8,11
1,43,158,66.2,19.1,1,2,5,15
0,43,187,76.7,21.7,3,1,-8,12
1,40,172,59.0,26.3,5,0,0,4
1,52,183,105.5,26.5,4,2,8,4
1,50,174,58.6,20.6,3,0,0,5
0,55,173,98.0,16.7,2,0,0,10
1,42,184,69.7,0.0,1,0,0,9
0,41,170,59.3,26.0,2,0,0,10
0,35,154,106.9,19.8,2,2,8,11
0,44,157,79.5,18.9,2,1,-6,8
0,22,166,50.5,28.8,2,2,6,15
0,35,165,76.8,22.8,3,2,8,6
1,53,155,99.9,10.1,2,2,5,14
0,28,200,70.5,0.0,1,2,3,8
0,43,198,60.7,24.8,4,2,4,6
0,45,182,97.1,12.3,4,2,3,9
0,34,166,77.1,15.1,2,2,3,12
1,27,173,102.3,23.5,3,0,0,10
1,60,172,90.9,15.0,2,2,6,12
1,22,189,67.5,28.2,1,1,-3,4
1,60,160,81.5,12.0,2,2,3,4
1,28,157,82.5,0.0,2,1,-6,10
1,59,183,103.1,25.2,5,1,-8,13
0,32,153,70.0,23.6,1,2,6,15
0,43,160,108.7,23.1,3,0,0,12
1,27,162,89.5,26.1,3,2,2,12
0,27,178,106.5,27.6,3,2,8,10
0,54,173,88.7,17.1,1,2,7,12
0,28,191,93.2,14.0,4,2,3,6
0,59,194,75.1,24.1,3,1,-4,15
1,27,162,73.7,17.8,3,2,4,6
1,18,174,56.3,11.5,3,2,5,15
0,59,197,106.9,28.9,1,2,6,11
0,22,178,91.2,0.0,3,1,-4,14
1,18,186,97.4,12.8,3,0,0,5
0,20,194,109.2,30.0,4,0,0,13
1,18,192,92.4,15.0,3,2,8,14
0,42,154,100.3,23.3,3,0,0,13
0,30,167,106.8,20.4,3,1,-7,6
1,47,160,100.9,16.2,1,2,2,10
0,46,160,108.1,11.4,3,2,4,13
0,25,180,78.2,26.6,5,2,3,14
1,43,164,69.0,0.0,3,0,0,7
0,29,180,75.5,20.9,2,0,0,6
1,44,181,57.1,0.0,5,0,0,15
0,38,198,55.8,28.5,1,2,7,14
0,31,181,93.4,17.5,4,1,-3,11
1,34,163,82.4,29.9,1,1,-5,4
0,25,177,70.6,0.0,3,0,0,6
1,45,168,106.4,18.3,3,2,5,9
0,40,187,52.0,20.1,5,2,3,16
0,55,177,96.9,17.5,3,0,0,6
0,52,164,55.7,0.0,5,1,-5,15
0,37,186,97.1,0.0,5,2,8,5
0,47,197,87.6,22.3,3,1,-4,15
0,40,165,55.6,0.0,2,1,-3,11
1,59,183,70.7,22.6,1,1,-2,5
1,58,184,99.6,23.8,1,2,2,4
1,30,163,78.1,24.6,4,0,0,5
1,35,200,81.3,14.3,3,0,0,5
1,31,197,82.7,22.9,5,1,-3,5
0,45,170,75.4,11.9,1,1,-3,8
0,20,198,109.8,0.0,1,1,-6,4
0,39,179,69.4,0.0,3,1,-4,4
1,41,157,81.3,24.2,4,0,0,13
0,48,158,68.8,20.5,1,0,0,4
0,24,191,59.1,18.8,1,1,-6,14
1,18,188,82.4,18.4,5,1,-8,4
1,19,182,54.2,17.9,1,0,0,11
1,47,185,108.3,0.0,5,1,-5,15
0,31,199,107.4,12.5,3,1,-7,8
1,38,162,89.4,24.7,3,2,3,9
0,55,184,80.6,0.0,2,2,8,5
0,60,155,62.0,26.4,4,2,7,12
0,35,159,108.1,29.9,5,1,-2,9
1,51,188,60.2,21.5,2,2,8,11
1,39,178,77.0,23.9,2,1,-6,9
1,19,195,77.2,27.5,5,1,-5,9
0,39,178,53.2,29.0,2,0,0,6
1,38,163,89.5,29.2,3,0,0,6
0,48,164,92.7,0.0,4,2,3,7
0,51,161,68.6,20.5,3,1,-3,5
1,44,200,69.2,14.7,4,0,0,15
0,53,194,57.5,27.7,5,2,5,9
1,37,153,92.9,14.3,3,1,-2,8
0,48,165,95.8,10.9,4,2,5,13
0,34,187,107.7,20.8,1,2,5,10
1,56,197,58.5,14.6,4,1,-2,11
0,44,188,85.8,0.0,2,0,0,7
1,18,188,60.3,21.2,2,1,-8,4
1,20,188,72.4,0.0,5,0,0,4
1,29,162,51.2,10.4,4,2,3,13
0,41,186,84.5,23.7,3,2,7,8
1,42,191,53.4,17.8,5,2,8,6
1,59,198,100.3,25.1,4,2,3,16
0,46,180,93.6,22.9,3,2,7,6
0,27,169,59.6,12.0,2,2,2,11
0,32,155,97.8,29.3,5,2,2,12
0,58,188,60.3,12.3,3,0,0,5
0,26,197,108.2,22.0,3,0,0,16
1,36,191,70.1,16.8,2,1,-7,16
1,43,172,91.5,14.3,1,2,3,15
0,21,161,58.1,15.5,5,0,0,13
0,25,195,81.8,17.9,5,0,0,13
0,27,159,94.2,18.0,2,0,0,16
1,25,200,103.6,16.2,4,1,-8,16
0,44,156,77.8,24.6,1,2,3,7
0,30,156,70.0,24.2,3,0,0,9
0,20,180,106.9,0.0,2,1,-8,11
0,47,151,98.0,14.1,5,1,-2,6
1,59,183,54.0,0.0,1,0,0,16
1,48,179,77.8,0.0,3,0,0,10
0,33,161,82.2,27.7,3,1,-8,14
1,34,195,61.6,25.8,2,0,0,4
1,59,194,91.1,16.4,3,0,0,4
0,36,174,86.1,29.8,4,0,0,9
1,37,179,54.6,27.4,2,1,-7,4
1,27,173,81.3,0.0,1,0,0,6
1,57,192,100.8,18.1,4,2,7,6
1,46,184,55.7,0.0,5,1,-7,11
0,38,152,51.3,23.3,3,0,0,6
1,39,165,65.9,28.6,1,1,-4,6
1,25,156,73.3,0.0,4,2,8,7
1,46,172,57.6,28.2,3,1,-6,12
1,53,193,63.9,26.7,4,2,2,15
1,36,193,104.2,26.6,3,2,4,14
1,30,156,81.3,17.1,1,2,2,7
1,22,195,71.2,10.7,1,1,-3,16
0,41,174,94.9,29.3,3,0,0,16
0,45,192,72.5,29.9,3,1,-6,5
1,47,177,68.2,0.0,1,0,0,16
0,21,161,91.5,16.3,2,0,0,4
1,46,195,69.9,16.8,4,1,-4,9
1,35,157,92.2,0.0,5,0,0,6
0,25,153,69.2,16.2,5,2,8,15
0,49,163,106.8,27.9,2,2,7,14
0,44,150,96.4,12.6,3,2,3,13
0,55,180,54.0,18.1,2,2,4,9
0,25,184,97.5,16.1,3,1,-6,5
0,24,178,68.8,23.6,5,0,0,14
1,33,156,81.0,0.0,3,1,-7,7
1,39,182,95.5,0.0,3,1,-2,8
1,58,166,92.1,0.0,2,1,-2,11
1,38,167,61.4,22.6,3,1,-2,7
0,54,173,52.2,18.6,5,1,-7,6
1,42,172,93.9,17.5,1,2,7,8
1,23,182,92.6,26.1,3,0,0,5
1,23,171,98.6,25.4,4,2,5,11
1,21,194,93.3,23.8,2,2,2,6
0,59,189,83.2,16.2,4,0,0,11
0,24,180,108.2,10.3,3,2,8,6
0,34,170,77.3,25.1,3,1,-5,12
1,22,158,93.9,26.8,2,2,3,6
1,23,184,105.8,18.7,4,0,0,13
0,30,185,64.9,0.0,2,2,2,15
1,41,185,52.7,13.3,2,2,8,15
1,30,158,57.8,27.0,3,0,0,16
1,40,193,107.8,21.2,1,2,2,7
0,49,200,57.1,21.4,5,2,6,14
0,56,186,66.4,0.0,1,2,6,7
1,60,162,72.4,14.4,5,1,-2,4
1,58,177,69.9,23.2,2,2,7,16
0,26,169,56.1,10.7,1,0,0,6
0,48,196,89.4,28.8,5,2,6,12
1,28,176,98.0,0.0,2,1,-7,15
1,56,166,104.4,22.9,5,1,-4,6
0,21,179,101.3,21.5,5,0,0,6
0,46,176,60.4,0.0,4,1,-6,15
1,21,168,80.7,22.8,1,2,7,11
1,23,161,110.0,21.5,3,0,0,15
0,29,185,69.3,18.9,2,0,0,10
0,18,195,73.1,0.0,4,2,7,11
0,42,195,104.8,15.3,2,1,-7,14
1,40,183,80.2,24.5,2,1,-6,14
0,40,166,93.8,0.0,4,0,0,13
0,36,160,84.2,25.0,5,0,0,9
1,24,159,51.0,19.1,1,2,4,8
1,32,176,56.7,14.3,5,2,4,13
1,29,163,75.3,13.6,1,2,4,9
1,21,168,88.3,24.3,2,2,8,5
1,34,176,83.9,0.0,5,1,-2,16
0,29,181,90.7,25.6,2,0,0,14
1,18,181,91.5,0.0,1,2,6,6
0,46,189,107.0,0.0,2,1,-7,14
1,47,159,60.4,0.0,3,1,-7,6
1,29,173,86.0,19.2,2,0,0,10
1,22,177,76.9,18.4,4,1,-4,7
0,33,199,107.7,10.8,5,0,0,8
0,51,163,93.3,24.5,2,0,0,13
1,21,200,70.6,27.7,2,0,0,10
0,38,200,90.1,15.1,5,1,-4,10
0,57,184,67.2,0.0,5,1,-2,12
1,51,188,65.6,21.3,1,2,7,8
1,42,160,50.8,15.8,3,2,4,11
1,43,190,103.5,20.4,5,2,2,11
0,60,168,68.3,14.7,4,2,8,6
1,45,187,61.4,25.8,1,1,-8,14
1,36,176,90.0,12.1,4,2,4,7
1,18,163,71.7,12.8,3,0,0,15
0,29,167,67.2,12.3,5,2,7,6
1,34,166,87.8,27.7,4,1,-8,6
0,44,195,90.6,24.8,4,0,0,14
0,49,179,79.0,20.8,1,1,-4,5
1,57,158,99.7,20.5,3,0,0,5
0,53,169,78.4,19.2,4,0,0,4
0,56,189,106.0,24.2,3,0,0,16
1,38,173,56.2,21.3,4,0,0,8
0,28,175,102.1,20.3,1,0,0,7
1,35,182,92.3,17.8,2,1,-8,14
1,34,155,96.2,10.8,3,2,4,16
1,46,150,89.3,16.8,4,1,-7,6
1,52,198,104.7,13.2,2,0,0,5
1,47,183,71.1,26.5,5,1,-5,13
1,18,158,71.3,23.8,1,0,0,8
1,24,158,67.4,15.6,3,1,-2,9
0,39,167,89.1,0.0,5,2,5,4
1,37,178,67.3,14.0,5,2,6,8
0,20,157,108.0,25.8,3,0,0,4
0,59,181,66.0,19.7,3,1,-5,8
1,32,172,56.7,22.0,5,0,0,7
0,21,163,71.9,11.2,4,2,2,13
1,52,177,55.6,0.0,1,2,4,5
0,53,196,50.2,10.7,1,0,0,4
0,37,165,84.7,16.6,4,2,4,4
1,39,195,59.2,27.0,5,2,4,14
0,39,175,72.1,18.2,2,2,3,16
0,20,159,101.4,0.0,3,2,8,12
1,25,150,51.3,21.3,4,1,-7,9
0,19,196,92.2,0.0,3,1,-3,13
1,27,177,63.2,17.8,1,0,0,14
1,27,167,74.4,22.1,1,0,0,8
0,47,171,57.0,17.2,4,2,3,9
0,58,200,67.7,18.9,5,2,8,11
0,28,192,54.3,13.0,4,1,-7,14
0,49,179,83.6,27.6,2,1,-5,7
1,39,169,72.0,21.3,4,0,0,11
1,58,162,96.3,14.0,1,2,5,10
1,32,200,54.2,18.3,5,0,0,16
0,54,198,77.9,17.9,1,2,3,10
0,30,174,53.0,0.0,2,0,0,10
0,53,169,104.8,21.8,1,0,0,9
1,58,180,56.1,24.9,3,0,0,9
0,42,200,104.7,0.0,2,0,0,6
1,34,173,80.7,18.9,1,1,-5,13
0,23,157,96.1,27.1,1,1,-4,6
0,56,160,93.5,25.1,5,0,0,13
1,57,177,76.0,23.7,4,0,0,6
1,29,196,62.1,17.8,5,1,-8,16
0,24,197,57.3,0.0,4,0,0,8
1,44,153,58.7,0.0,3,2,7,12
1,55,161,54.8,0.0,4,1,-2,5
1,47,193,88.6,24.9,3,1,-5,8
0,23,172,52.4,12.8,1,2,7,15
0,54,177,76.6,29.5,2,0,0,14
1,59,199,84.8,16.1,2,0,0,15
0,55,183,62.2,13.7,1,1,-5,13
1,45,173,99.8,28.9,2,1,-3,16
1,19,189,68.0,23.8,3,0,0,10
0,40,166,80.4,13.5,3,2,5,5
1,57,189,74.9,26.3,1,2,8,6
1,58,163,97.4,12.1,5,2,4,7
0,36,157,65.8,27.0,5,0,0,6
0,43,168,76.2,17.9,1,1,-4,10
1,35,174,92.0,28.5,5,1,-7,7
1,34,178,107.8,26.8,1,1,-3,12
1,52,184,51.2,0.0,4,0,0,4
0,37,198,76.7,0.0,5,2,5,10
0,37,185,63.9,18.4,5,2,4,15
0,39,180,108.2,0.0,2,2,6,14
1,56,165,73.7,24.3,1,0,0,6
1,34,199,85.7,10.1,1,1,-4,8
0,21,163,109.3,27.7,2,1,-4,13
0,47,177,108.0,25.0,5,0,0,7
1,18,170,81.7,16.7,5,0,0,4
1,19,170,57.3,23.8,4,0,0,4
0,24,169,77.8,28.6,3,0,0,4
1,51,190,78.4,27.3,5,2,8,5
1,39,158,71.9,29.4,4,1,-4,9
0,34,176,82.9,0.0,2,0,0,5
0,47,150,96.7,18.3,2,2,6,11
0,18,189,95.1,23.0,1,1,-6,4
0,49,170,109.6,20.0,2,2,8,12
1,54,194,52.9,10.3,1,0,0,14
0,20,166,68.1,27.9,5,1,-4,4
1,34,163,76.7,12.4,3,0,0,5
1,39,150,88.6,25.9,5,2,7,16
1,19,178,67.5,12.0,5,0,0,9
1,24,161,83.2,27.2,1,0,0,9
0,58,156,96.5,14.7,2,0,0,12
0,36,161,83.6,27.5,3,2,2,6
1,41,150,59.7,0.0,2,1,-3,11
0,46,154,107.8,12.4,2,0,0,9
0,28,167,90.4,17.1,3,1,-2,8
1,29,198,87.2,29.4,4,1,-5,15
1,36,155,76.9,13.1,2,0,0,5
1,49,163,94.8,25.1,2,2,2,5
0,19,189,100.0,10.3,3,0,0,11
0,31,188,109.7,17.8,5,2,6,7
1,53,173,108.7,19.3,5,1,-2,12
1,57,192,66.9,21.8,1,1,-8,6
0,42,198,63.0,27.7,2,1,-2,16
0,41,156,57.5,19.5,5,2,8,5
1,58,165,106.2,29.9,5,1,-6,15
1,50,164,81.0,0.0,4,0,0,11
1,47,152,73.0,10.4,4,1,-3,15
1,18,150,81.4,0.0,5,1,-2,15
0,27,170,54.1,21.7,5,2,2,9
0,24,162,58.6,12.1,1,0,0,6
0,32,150,72.4,17.5,3,2,6,8
1,23,196,78.6,28.2,2,1,-5,8
1,28,181,91.9,25.5,5,0,0,11
0,23,168,52.8,27.9,1,0,0,11
1,52,183,75.3,27.7,5,0,0,11
1,29,182,82.4,15.8,2,0,0,7
0,53,179,98.3,28.9,3,0,0,16
0,52,200,92.2,20.6,4,0,0,10
1,43,193,96.0,19.5,3,2,2,4
1,36,198,98.0,17.4,2,2,4,5
1,59,174,61.7,18.3,5,0,0,7
0,38,199,72.6,29.2,4,2,5,4
1,39,179,73.3,15.6,3,2,3,13
1,40,199,70.8,19.7,2,0,0,7
1,33,192,82.0,20.6,5,1,-4,15
1,52,174,72.0,18.5,5,1,-8,12
0,58,157,93.8,0.0,2,2,7,10
1,25,161,100.2,11.0,3,1,-8,11
1,40,188,80.1,28.0,3,2,4,14
0,42,164,51.0,12.9,4,0,0,10
0,33,155,103.2,17.6,2,0,0,5
0,20,153,90.8,0.0,5,0,0,13
1,49,181,105.9,21.3,3,0,0,8
0,28,159,74.6,22.4,2,2,4,15
1,51,198,88.1,11.4,2,0,0,9
1,40,163,102.9,13.2,5,2,6,11
1,37,157,96.9,14.3,3,2,3,8
0,50,200,105.3,13.8,5,1,-8,10
0,32,157,108.2,23.8,4,2,4,14
1,22,151,95.4,28.2,5,1,-2,8
0,22,185,108.3,14.3,1,0,0,4
1,20,170,51.4,28.6,2,1,-4,14
1,59,155,57.6,0.0,2,1,-5,5
0,25,186,86.8,14.1,3,1,-7,7
1,46,166,53.2,12.6,5,2,5,10
0,40,181,50.9,0.0,1,2,2,9
0,42,199,105.4,20.1,4,0,0,12
0,44,198,75.2,20.2,3,1,-5,15
1,46,177,106.4,24.0,2,0,0,7
1,47,183,78.3,24.3,5,0,0,8
0,55,200,63.7,14.9,1,2,2,15
0,28,185,62.7,28.0,5,0,0,5
0,18,182,109.3,21.9,3,0,0,6
1,31,190,68.9,22.7,1,1,-7,5
1,18,193,102.3,14.0,2,2,2,7
0,42,177,55.9,29.3,1,2,3,5
1,18,165,88.8,15.9,2,0,0,12
1,40,159,60.7,26.1,1,1,-8,7
1,51,151,54.5,14.0,4,2,5,16
0,48,181,69.0,20.9,3,0,0,9
1,57,151,109.2,22.9,1,2,5,6
1,49,187,69.5,17.0,1,0,0,12
1,23,200,73.4,25.7,2,0,0,6
1,45,185,96.3,0.0,1,0,0,5
0,37,164,56.9,22.3,5,0,0,12
0,33,167,56.8,13.0,1,2,4,4
0,51,182,60.3,21.7,2,2,5,15
1,59,156,59.6,29.8,4,2,5,9
1,47,181,52.7,17.5,5,0,0,14
1,57,182,68.2,0.0,2,2,6,16
0,36,171,71.6,20.7,4,1,-4,11
1,59,198,97.7,25.6,5,1,-2,8
0,27,174,88.4,0.0,1,2,7,9
0,22,189,54.7,29.7,3,2,5,5
0,35,159,62.2,17.4,3,1,-5,9
1,45,199,55.2,10.4,1,2,3,13
1,27,152,59.5,21.9,1,2,2,4
1,19,173,84.3,23.0,3,1,-8,4
1,41,181,99.7,11.2,5,2,7,15
0,43,196,80.3,24.8,5,1,-7,11
1,43,191,76.8,25.5,3,0,0,10
0,37,192,84.7,12.7,4,2,4,12
0,34,183,53.5,10.3,3,2,2,11
0,46,151,89.2,29.9,5,2,5,16
0,56,159,81.1,26.4,3,2,4,5
0,55,168,107.9,16.4,5,1,-5,12
0,26,179,60.3,13.6,5,0,0,15
0,47,155,88.8,21.4,1,2,4,14
0,41,187,87.9,24.3,2,0,0,15
0,22,179,94.2,15.7,5,0,0,16
0,43,176,80.8,11.2,1,2,6,8
0,44,198,105.0,27.7,4,2,5,7
0,40,175,62.0,25.4,2,2,5,13
1,56,168,70.1,12.8,3,1,-8,14
1,54,199,102.8,28.9,2,0,0,4
1,55,154,51.2,23.2,2,1,-2,9
0,30,177,77.1,17.0,2,2,7,16
0,47,182,90.9,24.7,3,2,2,4
1,20,197,67.5,20.9,5,0,0,5
1,31,197,105.5,13.0,5,1,-4,5
1,43,188,107.6,22.6,5,0,0,4
1,24,152,105.0,25.0,5,0,0,13
0,35,161,69.8,22.1,4,1,-5,9
0,50,198,88.6,18.2,5,0,0,9
1,24,169,67.7,28.0,4,2,6,14
1,59,166,81.8,15.0,2,0,0,5
0,29,195,58.0,0.0,5,2,2,16
0,44,175,72.8,28.9,5,1,-2,12
0,34,183,103.5,29.4,5,1,-6,5
0,52,172,75.0,12.9,4,1,-2,12
0,31,180,80.9,21.7,4,2,8,14
1,47,191,76.5,27.7,5,0,0,6
0,40,177,103.9,24.2,2,1,-6,15
0,29,186,61.8,16.3,4,1,-2,11
1,54,184,99.9,20.0,4,2,2,5
1,53,176,85.6,13.9,3,2,5,14
0,34,183,86.7,17.3,4,2,8,10
0,18,157,101.6,29.0,3,1,-6,12
0,60,151,97.1,19.9,4,0,0,7
0,32,158,67.1,27.5,3,1,-2,16
0,44,185,99.6,22.4,1,2,4,14
0,57,173,105.1,18.9,5,0,0,6
1,57,193,64.2,16.4,2,0,0,10
0,60,177,82.3,10.9,1,0,0,10
0,58,167,60.3,10.7,2,2,6,14
1,19,161,104.4,14.9,3,2,3,10
1,50,155,57.5,0.0,4,0,0,15
1,47,155,81.1,10.3,5,1,-7,6
1,45,174,105.1,12.9,2,2,3,4
0,42,161,55.8,17.4,4,2,6,6
1,35,163,104.2,10.5,5,0,0,13
0,55,200,103.6,0.0,4,1,-8,16
1,40,186,98.7,21.7,3,0,0,8
1,48,193,74.1,14.2,3,2,8,11
0,44,168,99.8,17.9,5,0,0,4
1,39,179,80.6,16.5,3,1,-3,16
1,27,168,105.1,15.7,4,0,0,13
0,52,155,109.0,22.1,4,0,0,9
1,23,186,51.7,15.2,4,1,-2,7
0,24,173,50.0,14.1,2,2,6,9
0,26,193,67.9,29.7,3,1,-6,4
1,52,160,62.2,17.6,3,2,3,8
1,58,181,98.2,21.7,3,1,-2,5
1,25,161,71.0,13.4,1,0,0,10
0,46,177,74.9,20.0,3,1,-6,6
0,47,165,58.0,13.9,2,0,0,15
0,49,193,81.6,23.4,4,2,8,13
1,35,161,50.1,12.9,3,1,-8,13
0,29,199,95.1,26.9,5,1,-2,15
1,45,162,104.9,13.3,4,0,0,7
0,41,190,51.9,17.6,1,0,0,9
0,35,179,94.6,0.0,2,1,-4,15
0,34,199,78.7,0.0,3,2,4,14
0,22,175,61.4,29.4,1,2,3,11
0,49,183,61.5,28.5,4,1,-8,10
0,47,162,81.7,21.5,1,2,4,9
0,38,163,84.9,11.8,1,0,0,15
1,30,195,90.6,29.5,4,0,0,6
1,53,162,105.2,22.9,1,0,0,9
0,55,177,78.1,29.6,1,0,0,8
0,19,155,102.6,27.1,1,0,0,7
1,48,190,58.2,15.8,3,2,4,9
0,47,172,53.5,28.2,4,2,5,11
1,20,173,96.4,0.0,4,1,-5,10
0,41,192,81.0,20.8,5,1,-2,5
1,28,166,77.4,27.6,5,0,0,14
1,49,199,109.8,0.0,5,2,7,4
1,43,161,86.7,30.0,4,2,2,11
1,40,194,61.5,29.9,4,0,0,8
0,41,193,78.7,27.5,2,0,0,6
1,45,172,101.2,12.4,2,0,0,16
1,46,178,66.1,0.0,4,2,4,16
1,21,190,77.7,0.0,3,2,5,9
0,52,174,100.8,19.8,4,1,-4,11
1,35,196,80.7,28.4,2,1,-6,5
0,20,176,81.9,20.3,1,1,-5,15
0,20,183,74.0,13.8,3,1,-4,10
1,53,171,94.5,12.2,2,0,0,5
0,26,184,94.4,14.4,2,1,-5,13
0,31,172,98.8,26.4,3,1,-2,15
1,30,152,73.3,29.5,5,0,0,11
1,45,165,102.3,0.0,1,1,-3,4
1,19,190,70.7,24.6,4,0,0,7
1,38,192,76.5,24.5,2,2,6,14
1,44,182,99.4,20.1,3,1,-2,8
0,48,195,76.2,19.6,5,1,-8,13
1,23,163,105.4,29.1,4,0,0,4
0,48,180,107.8,24.5,3,0,0,16
0,37,160,100.4,23.4,3,2,7,11
0,44,166,88.6,24.9,2,0,0,6
1,43,160,90.7,10.8,5,1,-7,11
0,44,167,100.5,10.6,3,1,-8,6
0,38,167,72.5,0.0,5,2,6,10
0,58,193,72.0,28.8,5,0,0,8
0,38,192,99.2,19.9,3,1,-5,4
1,38,181,78.4,19.2,2,0,0,4
1,45,181,68.9,18.6,2,0,0,10
1,33,183,97.3,29.6,2,1,-4,16
0,52,195,67.7,27.4,1,2,4,15
0,30,190,101.4,23.3,4,1,-5,10
0,31,179,73.8,16.5,4,1,-2,11
1,46,168,88.8,13.4,2,0,0,10
0,22,194,92.6,15.8,1,2,7,13
1,44,182,105.9,26.3,5,1,-6,12
0,24,159,101.1,11.2,5,1,-6,13
0,36,198,52.2,26.8,2,2,4,10
0,45,190,85.0,21.1,1,0,0,11
0,18,200,75.6,24.9,2,1,-8,13
0,46,198,70.0,24.8,4,1,-2,7
0,21,194,85.1,24.7,2,0,0,11
1,53,178,84.3,11.3,3,2,7,4
0,54,154,91.4,10.1,2,0,0,5
0,58,155,100.8,18.1,5,1,-8,15
0,30,200,62.2,27.0,2,1,-2,6
1,57,177,79.0,15.7,4,0,0,15
1,56,155,97.8,0.0,3,1,-7,4
1,21,199,109.9,0.0,1,1,-5,13
1,33,194,98.6,22.1,1,1,-4,13
0,60,161,92.5,12.1,3,1,-7,13
0,19,194,108.1,24.7,5,2,7,15
0,59,150,77.9,14.9,5,2,8,12
0,53,159,81.6,20.8,5,0,0,7
1,32,195,62.5,0.0,4,0,0,11
0,22,153,87.6,0.0,3,2,8,14
1,55,172,96.4,28.8,5,1,-6,8
0,44,171,66.5,26.7,5,2,2,8
1,35,162,60.7,19.5,3,0,0,6
1,18,184,103.0,24.7,2,2,6,14
1,53,178,57.2,16.0,3,1,-6,6
1,35,166,68.8,22.5,1,0,0,4
0,52,177,90.7,13.6,4,1,-6,10
1,54,200,90.5,29.6,5,1,-5,8
1,37,193,107.0,20.9,5,2,8,6
0,41,161,103.0,14.2,3,0,0,7
0,58,158,99.4,20.7,1,0,0,5
0,24,178,61.6,12.3,3,2,3,7
0,30,151,98.1,24.8,4,2,2,13
0,41,179,51.1,10.1,5,1,-5,5
0,25,183,87.8,24.3,5,0,0,13
1,20,189,108.7,13.2,3,0,0,10
0,33,169,92.8,20.8,1,0,0,7
0,52,195,83.5,24.2,1,2,6,12
1,24,172,106.6,23.8,1,2,7,11
0,47,164,75.9,27.5,5,2,4,14
1,60,186,97.0,0.0,2,1,-2,6
0,46,153,105.6,25.4,5,1,-3,4
1,18,191,91.4,29.9,1,0,0,9
0,29,195,104.2,16.4,4,0,0,15
0,55,160,85.3,22.2,1,0,0,14
1,59,152,82.6,23.9,1,1,-7,13
1,50,184,66.2,0.0,4,1,-2,10
1,19,196,64.0,15.6,3,1,-5,8
1,58,194,90.1,12.6,1,2,5,6
1,48,190,53.4,29.6,2,0,0,12
0,25,189,83.6,14.9,4,0,0,5
1,47,184,78.9,23.9,3,1,-6,5
1,54,167,104.7,13.4,4,2,2,11
1,35,153,103.8,20.2,3,2,2,16
0,56,184,90.3,26.4,1,0,0,9
1,40,184,65.0,29.0,3,2,4,12
1,25,183,87.0,27.3,5,1,-3,11
1,43,166,99.6,15.9,5,0,0,7
1,46,151,107.4,21.4,3,1,-7,4
1,50,178,94.1,13.8,4,0,0,7
0,20,176,75.4,24.4,1,2,4,5
0,55,165,89.9,23.0,3,0,0,7
0,37,155,88.2,0.0,2,2,7,8
1,32,150,97.7,21.6,1,2,6,12
1,45,182,68.5,22.5,2,1,-3,8
1,36,157,53.3,27.0,1,1,-7,8
1,21,158,50.2,0.0,3,2,7,12
1,30,168,65.4,12.9,5,1,-6,9
0,41,169,90.1,12.3,3,2,4,7
0,59,173,103.5,25.8,1,2,5,11
0,34,163,101.3,29.7,4,2,3,11
1,38,175,66.6,17.6,2,2,6,9
0,36,187,69.7,23.0,2,1,-7,13
1,20,186,68.4,24.0,3,0,0,10
1,18,195,97.2,27.4,4,1,-7,15
1,21,166,57.0,12.3,4,2,8,8
0,44,180,93.5,23.5,2,1,-6,14
0,50,183,100.5,24.4,5,1,-2,11
1,27,195,65.6,0.0,4,2,6,16
0,43,174,52.2,0.0,3,2,3,9
1,50,164,53.7,23.1,1,0,0,9
0,24,153,54.4,14.5,3,2,6,11
1,25,193,90.1,29.9,2,1,-5,12
1,29,159,50.3,15.2,3,1,-7,9
0,31,171,81.1,25.5,4,1,-8,11
1,20,200,90.0,20.7,1,1,-3,15
1,22,156,104.2,22.5,4,0,0,4
0,35,155,64.4,13.0,4,0,0,9
0,46,196,57.1,15.6,5,0,0,4
0,18,161,88.3,0.0,4,2,2,4
0,53,158,94.3,18.7,5,0,0,15
0,21,168,106.5,14.3,5,0,0,13
1,33,154,69.9,11.1,2,1,-2,13
1,44,150,96.4,21.9,5,1,-5,5
1,57,181,59.7,17.8,5,0,0,14
1,39,160,86.4,30.0,4,0,0,9
1,24,154,100.5,17.6,3,1,-8,14
1,38,175,97.2,21.5,2,1,-6,11
1,23,173,109.2,26.1,4,1,-2,6
0,33,164,89.7,19.1,1,0,0,5
0,39,164,87.5,24.5,4,1,-6,9
1,43,172,106.0,16.9,4,0,0,15
1,35,152,100.2,22.2,2,1,-5,5
0,26,156,84.3,12.7,2,2,6,13
1,22,173,51.4,26.4,2,1,-7,12
0,51,192,55.7,10.3,3,2,3,12
0,25,187,93.1,0.0,4,2,7,6
0,43,153,75.6,18.6,3,1,-4,14
1,51,199,66.6,17.0,3,2,2,10
0,53,190,94.7,21.2,5,2,2,7
1,32,195,106.6,30.0,1,0,0,10
0,24,164,60.7,14.0,2,1,-7,9
1,25,180,89.8,13.8,5,0,0,16
0,40,154,107.2,18.6,2,2,2,5
0,27,168,60.2,23.6,1,2,8,11
1,53,164,79.5,23.9,2,2,8,8
0,34,155,62.7,10.1,2,2,2,11
0,59,182,82.1,28.6,3,0,0,16
0,32,169,56.7,11.8,5,1,-6,10
1,53,160,87.9,13.5,1,0,0,5
0,22,156,50.9,17.9,5,1,-8,14
1,48,154,96.8,20.4,1,2,6,5
1,22,180,53.9,11.7,3,1,-7,16
1,28,189,84.8,0.0,2,0,0,4
1,40,168,97.0,11.1,1,2,7,10
0,28,152,53.4,21.9,1,0,0,4
0,37,181,51.8,20.5,4,0,0,7
0,45,195,87.6,10.9,2,1,-4,4
1,39,195,58.5,16.5,4,1,-7,16
1,29,162,91.5,19.8,5,0,0,11
0,20,175,104.4,0.0,3,1,-8,15
0,53,170,54.1,13.6,4,2,5,5
0,24,165,74.5,28.5,2,0,0,7
1,42,180,70.9,18.8,4,2,5,11
0,31,185,68.9,18.2,2,0,0,11
0,28,185,103.3,16.9,4,0,0,11
1,41,174,50.1,10.5,5,2,2,12
1,48,160,94.3,17.4,3,0,0,11
0,40,159,72.7,18.1,3,2,3,15
0,20,151,52.2,0.0,5,1,-8,15
1,26,169,55.6,30.0,1,2,5,12
1,22,182,51.0,14.1,3,1,-2,11
0,50,190,99.7,12.7,1,0,0,16
1,33,184,90.3,12.9,3,1,-3,9
1,26,170,106.6,16.5,2,2,4,6
0,20,170,84.7,17.9,4,0,0,9
0,38,161,107.7,0.0,1,1,-3,11
1,60,193,78.6,23.9,4,2,8,15
1,41,160,79.6,11.4,2,0,0,6
0,35,157,61.9,28.5,1,2,2,4
1,55,158,65.0,17.1,5,2,2,13
1,49,173,54.0,16.7,2,1,-3,8
1,58,173,75.0,19.1,2,2,5,10
1,45,160,58.0,27.5,4,1,-3,4
0,30,156,66.5,25.0,4,2,7,5
0,31,197,65.5,0.0,3,0,0,9
1,36,174,82.8,13.1,1,1,-6,7
0,53,175,95.3,25.3,5,0,0,8
0,40,175,106.7,19.3,2,2,3,4
0,57,151,87.5,16.8,3,1,-4,13
0,49,150,73.0,0.0,1,2,7,14
1,36,167,81.5,20.8,5,1,-6,5
0,49,200,76.2,23.9,1,2,3,5
1,53,173,105.4,28.5,5,0,0,4
0,32,164,58.5,16.7,3,2,4,7
1,55,153,82.0,13.9,2,2,7,7
0,49,195,53.1,21.8,5,0,0,7
0,36,154,55.1,25.3,4,1,-2,12
0,18,197,100.4,14.5,2,2,5,14
0,18,163,94.9,29.8,2,0,0,14
1,38,152,62.2,18.5,1,1,-8,15
1,51,152,61.6,27.9,3,2,8,5
1,20,153,97.8,18.2,5,2,2,8
0,33,153,106.0,26.0,5,2,4,16
1,29,180,76.2,10.8,1,0,0,5
0,21,195,109.9,20.8,2,2,3,8
0,32,175,65.3,22.7,5,1,-4,16
0,55,166,86.0,20.7,1,2,6,6
0,49,182,106.4,21.2,1,2,7,12
1,31,172,60.4,22.5,1,0,0,6
0,36,184,50.2,22.7,5,0,0,12
0,31,181,100.2,18.5,2,2,5,16
0,19,191,71.4,0.0,3,1,-3,4
0,43,157,109.9,28.3,5,1,-5,7
0,26,195,62.1,12.1,2,0,0,7
1,51,175,93.5,13.6,1,1,-4,8
1,56,154,92.5,23.7,3,1,-2,8
0,18,153,68.0,24.4,5,2,2,4
1,46,196,88.6,20.1,4,0,0,14
1,20,182,92.6,16.8,2,2,6,8
1,24,199,52.0,12.6,3,2,7,7
0,27,159,58.7,25.7,4,1,-2,14
1,32,192,82.0,0.0,1,1,-7,15
1,59,175,87.9,14.3,2,0,0,12
0,44,185,103.1,17.4,1,2,7,14
0,46,182,52.2,12.0,1,1,-7,12
0,47,197,52.2,0.0,3,2,2,8
1,57,154,106.4,29.7,1,1,-3,8
1,31,172,54.6,25.0,4,2,2,8
0,27,171,89.1,16.9,5,2,4,9
1,36,199,87.0,10.6,2,1,-5,10
1,39,158,68.3,10.8,4,0,0,7
0,50,161,92.0,10.5,2,1,-3,4
1,24,195,99.1,26.3,2,1,-4,6
1,20,168,92.9,14.0,2,0,0,4
0,34,183,90.7,16.3,5,1,-5,16
1,36,175,109.8,11.9,3,1,-6,9
0,57,152,108.0,28.0,5,2,7,11
1,54,180,106.7,19.8,1,0,0,12
0,43,165,90.0,26.0,5,2,8,7
0,38,191,70.7,22.2,1,1,-3,8
0,60,171,93.1,25.2,4,1,-7,10
0,56,189,83.7,19.5,1,0,0,5
0,45,173,91.5,14.5,3,1,-6,12
1,39,160,74.5,12.9,4,1,-7,14
1,41,173,53.1,11.3,1,2,6,12
1,21,168,85.5,24.9,5,2,2,6
0,24,180,61.7,10.8,1,2,8,15
0,54,183,84.3,24.1,1,2,5,5
0,29,200,52.7,12.3,1,1,-8,5
0,35,153,84.8,11.3,5,1,-7,14
0,18,186,96.4,25.1,1,2,6,15
0,58,188,66.5,0.0,2,0,0,15
0,43,183,51.0,17.3,4,2,4,6
1,21,151,68.7,20.6,2,2,4,13
1,35,158,75.1,20.5,4,0,0,14
0,47,188,79.3,0.0,5,2,5,13
0,58,160,82.7,12.4,5,1,-8,9
0,23,169,74.9,12.9,3,1,-2,9
0,39,159,70.1,16.8,2,2,4,7
0,32,192,97.0,23.9,2,2,2,10
1,50,168,76.5,21.0,4,0,0,12
0,21,169,103.8,21.7,2,2,5,6
0,57,159,72.5,10.4,1,0,0,6
1,57,165,100.1,21.3,3,1,-7,8
0,34,190,74.7,0.0,1,1,-8,9
0,29,157,57.0,27.5,2,0,0,13
1,43,160,52.0,0.0,2,2,7,5
1,40,162,80.2,0.0,5,1,-7,15
0,44,171,81.6,17.8,4,2,4,7
0,35,159,96.9,25.7,3,2,4,11
0,33,169,108.4,0.0,5,2,7,13
0,56,193,102.3,23.7,2,0,0,4
0,22,196,63.8,14.1,2,2,7,5
0,34,156,95.4,23.5,3,1,-5,6
0,24,164,105.3,25.4,4,0,0,5
1,50,178,71.2,10.5,5,1,-7,15
0,47,198,67.2,23.6,5,2,5,15
0,46,179,89.8,26.4,5,0,0,7
1,46,166,91.9,12.2,3,0,0,16
0,31,153,75.7,13.4,1,0,0,13
0,54,170,85.4,25.3,2,1,-6,12
0,54,155,86.8,18.1,5,2,5,4
0,32,178,64.6,18.9,5,1,-2,12
1,34,177,81.6,14.5,3,1,-5,4
1,46,169,69.6,29.2,4,0,0,8
0,36,184,57.9,23.1,4,2,8,6
0,56,189,109.6,25.2,4,1,-5,13
0,41,173,63.4,23.6,5,0,0,11
0,52,155,61.2,22.9,2,1,-8,15
1,50,174,52.9,25.4,4,0,0,4
0,57,177,102.8,15.1,2,1,-6,16
0,52,174,73.4,0.0,3,2,3,15
1,26,159,53.7,24.7,2,2,5,16
1,57,164,82.7,26.4,1,0,0,5
1,20,198,94.6,19.2,1,0,0,13
1,56,197,85.8,29.2,4,2,7,16
1,26,178,107.7,11.1,3,0,0,14
0,22,198,69.3,22.2,3,1,-8,7
1,57,154,50.4,15.3,4,1,-6,10
0,56,196,62.0,24.7,5,0,0,12
0,45,176,88.7,22.1,2,0,0,13
0,45,168,63.8,26.8,1,0,0,15
0,44,169,60.9,21.5,1,0,0,10
0,50,191,64.6,20.4,4,1,-6,6
1,49,183,61.5,16.5,1,1,-7,12
0,45,195,88.7,10.5,2,2,3,16
0,35,191,84.8,13.8,2,1,-4,11
0,42,154,103.5,16.9,1,0,0,5
1,21,166,57.7,19.1,5,1,-5,7
0,37,195,88.8,14.6,5,2,6,15
1,53,186,61.1,15.5,2,0,0,10
1,57,191,105.8,15.5,4,0,0,5
1,57,167,101.3,11.0,1,1,-5,15
0,54,156,109.9,29.8,5,2,8,16
0,28,180,56.8,29.6,3,2,8,5
0,21,182,106.4,0.0,3,1,-8,15
1,36,184,104.0,28.8,4,0,0,15
1,52,158,65.1,25.0,3,1,-4,12
0,53,152,84.4,13.7,5,2,2,7
1,59,182,109.0,26.7,2,0,0,14
1,49,188,50.9,25.8,1,0,0,10
0,49,167,102.8,14.3,2,2,8,4
1,59,183,89.2,19.8,2,1,-8,4
0,38,187,95.7,23.7,1,2,4,13
0,30,178,71.5,23.2,2,1,-2,14
0,33,165,78.3,0.0,1,2,4,8
0,18,160,51.2,16.0,4,1,-5,5
1,55,163,78.1,27.4,4,1,-7,16
1,43,191,104.7,22.1,1,2,4,12
0,29,169,53.3,20.2,2,1,-3,9
0,58,155,53.7,0.0,2,1,-7,9
1,19,179,55.1,14.1,2,1,-5,4
0,34,164,109.7,16.8,2,1,-6,7
1,35,176,63.5,27.7,3,2,6,16
1,46,162,71.2,19.2,2,2,5,16
1,24,175,89.9,21.9,4,0,0,6
0,53,179,93.1,29.1,5,2,8,16
1,50,153,102.6,14.9,4,2,6,10
1,38,190,90.1,14.6,2,1,-2,10
1,47,155,81.6,24.9,5,2,5,10
1,33,189,81.8,15.5,3,0,0,16
0,20,171,74.2,0.0,2,2,7,15
0,48,184,101.6,14.8,4,0,0,12
0,18,186,86.8,0.0,1,0,0,15
0,23,188,79.6,29.0,4,0,0,13
0,36,163,106.8,21.6,3,0,0,10
1,30,163,87.9,27.1,2,0,0,5
0,31,195,89.0,0.0,5,2,6,15
0,22,185,86.4,0.0,2,2,3,9
1,18,173,64.4,14.2,4,1,-5,15
0,45,191,78.8,22.8,2,2,8,12
1,46,198,72.7,12.1,3,0,0,12
1,48,150,58.1,24.3,4,1,-5,8
1,48,179,72.1,12.4,2,1,-2,6
0,38,182,92.7,28.9,3,1,-2,8
1,58,193,87.9,0.0,4,1,-2,12
1,20,197,62.7,20.6,5,2,3,9
0,49,192,87.3,11.4,4,1,-7,6
0,22,156,78.8,14.5,4,0,0,14
1,25,161,62.5,29.6,4,0,0,14
0,40,193,74.9,11.0,4,1,-6,13
0,26,160,80.6,18.2,1,0,0,6
1,43,179,109.0,0.0,2,1,-3,12
0,30,159,67.9,13.0,4,0,0,7
0,37,174,106.8,12.9,1,1,-3,4
0,27,182,56.0,13.6,5,1,-8,6
1,60,163,107.8,0.0,3,2,7,11
1,51,186,110.0,29.1,3,2,2,7
0,30,151,102.5,19.6,2,1,-4,16
1,40,188,66.6,16.3,3,2,7,13
1,46,155,103.8,13.1,5,1,-8,9
0,47,151,77.2,0.0,2,2,2,14
0,23,153,79.2,12.5,5,2,2,14
0,37,162,74.8,20.0,1,0,0,4
1,42,156,90.7,0.0,1,1,-7,16
1,40,150,92.1,29.5,2,1,-2,6
0,22,161,71.7,29.5,1,0,0,8
0,51,185,85.7,22.7,4,0,0,9
1,60,165,92.6,19.1,1,2,4,13
0,35,157,77.6,16.9,2,0,0,13
0,40,164,97.4,21.1,2,1,-4,13
0,39,166,52.8,0.0,4,2,8,10
1,57,180,98.4,28.7,1,0,0,15
0,47,168,68.1,11.4,4,2,8,13
1,58,176,93.9,11.6,1,2,8,7
0,49,165,52.9,22.2,5,2,2,13
0,36,165,61.1,26.2,2,0,0,14
1,29,164,109.9,11.5,5,0,0,16
0,46,181,104.8,21.0,1,1,-2,11
0,60,175,62.8,21.9,2,2,6,7
1,32,162,88.5,24.0,4,1,-6,14
0,36,171,96.2,15.0,2,1,-5,7
1,46,165,52.3,13.0,2,1,-7,16
1,35,180,76.9,21.6,5,1,-3,5
1,26,173,67.9,25.8,5,2,2,4
1,34,150,102.7,27.2,2,1,-3,4
0,30,181,78.8,0.0,3,0,0,16
0,18,179,65.0,22.3,1,1,-2,14
0,51,200,73.5,16.6,1,0,0,9
0,59,160,85.0,0.0,5,0,0,6
1,34,160,91.6,13.6,5,0,0,12
1,40,174,63.3,23.9,1,1,-3,8
0,36,152,55.8,16.0,2,0,0,9
1,34,197,103.5,0.0,3,1,-4,10
1,25,175,83.6,16.1,3,2,4,10
0,46,176,95.2,19.8,4,0,0,12
0,26,151,54.8,28.6,3,2,8,12
1,22,164,51.4,16.8,1,0,0,14
0,48,188,84.3,27.8,4,0,0,14
0,43,158,95.5,25.6,5,2,5,8
1,20,190,85.9,29.9,2,2,8,10
1,29,162,55.2,20.6,5,0,0,4
0,49,199,106.4,23.4,1,2,7,5
1,48,150,86.0,22.2,3,1,-2,10
0,47,151,56.6,18.8,2,1,-3,12
1,45,176,54.9,26.4,3,0,0,5
1,49,168,58.5,21.1,5,0,0,6
0,50,164,89.1,10.1,1,1,-4,4
0,52,200,59.3,29.3,2,0,0,9
0,31,180,81.3,21.8,4,2,4,8
0,30,188,57.1,29.7,4,1,-7,12
1,30,163,83.9,14.8,4,2,4,11
0,48,157,83.0,14.5,2,2,2,7
1,54,178,92.4,25.9,4,1,-5,5
0,38,172,100.6,21.2,3,1,-2,12
1,54,190,75.5,0.0,2,1,-2,14
0,58,157,108.2,22.5,1,0,0,4
1,32,170,82.4,0.0,3,2,7,15
0,25,178,69.2,25.4,5,2,8,11
1,60,167,102.1,19.7,5,1,-4,4
0,58,178,72.7,19.8,4,1,-4,14
0,53,159,84.6,25.5,5,2,8,4
1,60,180,73.4,19.3,5,0,0,10
0,39,198,110.0,15.2,4,2,7,4
0,31,158,59.2,0.0,4,0,0,11
1,52,186,64.1,25.2,2,2,6,11
0,35,188,87.7,17.2,5,0,0,7
0,24,186,56.8,29.1,5,0,0,11
1,54,198,90.0,11.9,2,1,-4,4
1,20,180,100.9,22.0,4,1,-2,14
0,41,176,57.4,16.7,2,0,0,14
0,46,169,81.6,14.7,1,2,6,7
0,52,184,60.0,17.4,3,1,-5,10
0,49,157,90.2,28.3,1,1,-3,10
1,48,181,100.2,27.7,4,1,-3,6
0,42,172,73.2,13.4,4,2,5,16
0,60,160,110.0,12.6,2,2,6,15
0,19,191,62.5,15.2,2,1,-4,14
0,39,180,102.6,0.0,1,2,4,7
0,40,161,93.4,17.7,4,0,0,7
1,38,150,52.1,13.1,5,2,7,8
0,31,152,77.0,13.9,2,2,7,16
0,39,163,81.5,13.0,1,1,-2,5
0,39,150,106.6,22.9,4,2,8,4
0,58,192,101.1,15.6,2,2,5,6
0,44,197,90.9,13.2,2,1,-6,15
1,40,184,59.5,22.5,3,1,-8,8
1,23,165,77.7,12.4,5,2,8,16
0,57,153,54.9,24.2,4,2,6,16
0,57,180,108.7,14.0,5,0,0,14
0,49,163,56.2,0.0,5,0,0,11
1,37,169,100.6,23.7,2,1,-7,7
0,33,151,64.7,23.7,2,1,-3,11
0,27,183,91.7,14.7,2,0,0,6
0,21,156,66.3,26.1,5,1,-4,11
1,50,168,100.9,25.4,5,0,0,13
0,51,175,95.4,15.2,2,1,-2,7
0,50,172,67.0,0.0,1,2,4,7
0,34,181,72.3,21.3,5,2,4,9
0,48,153,75.5,0.0,5,0,0,6
0,22,168,105.8,19.6,4,1,-3,14
0,49,171,107.2,0.0,4,1,-6,15
1,23,168,90.7,0.0,3,2,4,9
1,35,158,104.0,29.9,2,1,-7,8
1,38,174,67.3,17.2,4,2,3,9
1,23,190,63.9,0.0,5,1,-7,14
0,58,189,64.0,22.5,1,2,6,8
0,21,174,104.6,0.0,4,1,-4,14
0,26,176,74.8,20.6,5,0,0,12
0,24,165,103.9,0.0,3,1,-2,11
0,50,162,80.5,0.0,1,1,-8,15
1,39,173,69.5,0.0,4,2,2,6
0,23,150,100.7,13.0,1,0,0,9
0,22,185,100.7,19.7,5,0,0,10
1,29,166,100.6,0.0,2,2,2,14
1,26,150,106.4,21.6,3,1,-6,11
0,37,159,78.1,25.4,1,2,5,11
1,45,150,76.5,23.0,1,2,5,15
1,53,150,87.0,22.2,2,1,-6,11
0,39,150,80.5,30.0,2,1,-2,14
1,48,179,80.2,0.0,3,2,3,4
0,26,194,101.2,18.1,2,1,-4,16
0,37,164,100.7,0.0,5,2,2,12
1,29,175,93.4,27.2,2,1,-5,12
0,46,191,72.1,21.7,4,2,3,6
0,31,177,81.4,15.0,3,1,-7,4
1,23,152,63.0,20.3,5,2,4,10
1,26,194,52.1,13.6,2,2,8,11
0,19,180,81.1,28.4,5,2,4,4
0,32,164,101.9,25.8,2,2,8,14
1,55,192,100.7,11.4,2,1,-6,6
1,46,192,89.9,0.0,2,1,-3,15
0,45,197,98.9,0.0,4,0,0,6
1,47,154,95.9,18.3,2,2,3,6
0,32,151,90.4,22.8,1,2,7,8
1,31,160,79.4,21.1,2,2,3,6
1,55,190,89.1,13.3,2,0,0,4
0,42,186,91.0,16.9,5,1,-4,12
1,51,174,84.0,22.9,1,1,-3,11
0,29,175,73.4,16.1,4,1,-5,11
1,31,159,107.2,15.2,4,2,7,13
0,29,199,101.1,24.7,2,1,-4,12
1,58,164,74.8,22.5,2,2,8,9
1,56,163,67.5,16.1,5,2,6,16
0,59,170,70.8,10.4,5,2,4,4
0,42,182,84.3,0.0,3,0,0,6
0,53,192,108.2,17.3,4,2,8,4
1,29,164,77.8,16.6,3,0,0,12
1,26,157,87.5,29.7,1,2,3,6
1,47,173,60.2,12.6,3,2,2,13
0,27,187,105.4,24.9,3,2,4,6
0,38,192,63.5,22.2,3,2,5,5
0,54,174,68.0,21.5,2,2,2,14
1,48,155,64.4,29.7,1,0,0,13
0,38,169,56.3,26.6,1,0,0,8
0,27,200,78.4,24.2,1,2,5,11
0,58,200,96.8,28.2,1,1,-5,6
0,42,178,72.6,25.3,2,0,0,12
1,34,156,104.8,23.2,3,0,0,11
0,56,186,72.8,16.1,2,1,-5,12
1,59,160,90.7,15.4,5,2,7,12
1,18,156,96.3,26.5,4,2,5,9
0,51,188,56.6,25.3,4,1,-2,9
1,40,151,100.8,27.4,3,2,2,16
1,33,167,70.9,10.6,5,1,-8,16
1,22,167,100.7,25.2,3,2,6,9
0,28,183,94.1,15.7,5,2,7,9
0,26,158,102.5,0.0,2,1,-3,15
0,45,173,88.3,16.4,4,1,-2,10
1,40,169,61.5,0.0,3,2,2,4
0,27,184,75.4,0.0,2,1,-6,14
1,40,168,53.8,27.5,1,2,3,16
0,42,193,85.2,23.9,2,2,7,12
1,29,170,93.9,16.1,4,1,-7,7
0,34,157,64.3,17.7,5,0,0,8
1,50,152,88.3,16.6,5,0,0,9
0,26,161,98.6,0.0,5,0,0,4
0,37,184,84.9,0.0,2,1,-3,9
1,49,183,60.0,0.0,3,0,0,9
0,32,182,73.7,19.6,1,1,-5,11
0,19,172,94.4,26.3,1,1,-5,15
0,56,198,79.2,26.8,1,2,2,16
1,49,191,95.1,22.6,1,1,-5,10
0,25,177,100.9,0.0,2,2,2,8
0,33,163,62.2,10.1,4,1,-7,5
1,55,160,97.4,25.3,5,1,-6,4
0,46,198,82.6,14.7,4,2,2,13
0,22,164,50.4,18.7,3,2,6,15
1,47,177,76.5,0.0,3,0,0,14
1,19,196,65.5,27.9,5,1,-2,16
1,49,154,71.9,26.0,4,1,-6,11
1,48,177,93.2,0.0,4,0,0,6
1,54,169,85.4,15.6,3,1,-2,9
0,56,186,103.0,12.1,3,0,0,5
0,35,174,58.4,16.5,1,0,0,5
0,47,185,74.7,21.4,3,1,-7,8
0,41,189,55.2,12.9,3,0,0,9
0,20,157,77.8,21.0,5,0,0,16
1,57,178,56.3,13.3,4,0,0,9
1,57,179,92.2,0.0,3,2,3,10
0,18,198,103.6,17.0,2,1,-4,13
0,38,196,92.4,20.3,3,0,0,5
0,20,177,83.5,13.2,1,0,0,9
0,21,155,68.2,0.0,3,2,7,13
0,23,179,75.8,23.0,5,1,-6,13
1,43,186,67.9,0.0,2,1,-2,9
1,49,153,52.9,0.0,4,2,6,12
0,27,184,62.7,22.7,2,2,4,8
1,28,191,107.0,14.3,3,0,0,5
0,21,196,64.6,0.0,5,2,2,12
1,37,187,54.3,28.0,2,0,0,5
1,59,175,71.6,24.8,1,0,0,9
1,52,156,108.2,12.9,5,2,7,12
1,51,191,52.7,14.4,5,0,0,6
1,26,195,55.0,25.1,5,2,8,15
0,30,165,96.0,15.4,2,2,2,6
1,19,171,93.9,28.3,5,1,-2,5
1,29,186,106.4,12.7,2,2,4,4
1,31,161,76.4,20.5,4,1,-6,8
1,54,178,88.4,14.6,5,2,4,6
1,25,179,92.6,18.7,4,2,5,14
0,49,156,67.0,10.9,2,1,-7,6
1,47,167,97.2,0.0,1,2,5,13
1,45,193,85.0,20.6,3,1,-8,7
0,43,157,107.3,21.5,4,2,3,13
0,59,181,96.5,26.9,3,0,0,13
1,22,186,53.5,28.7,5,1,-6,7
0,22,172,61.9,14.0,2,0,0,16
0,38,197,97.8,26.5,5,2,4,13
1,38,181,69.3,21.7,4,1,-5,6
0,32,197,75.0,27.3,4,2,7,5
0,52,163,77.6,0.0,4,2,8,4
0,44,179,55.4,21.9,1,1,-4,5
1,25,168,64.3,24.0,4,0,0,10
1,29,175,87.5,28.3,5,1,-6,8
0,33,159,93.7,12.8,4,0,0,13
0,27,179,69.1,18.9,2,2,8,15
0,20,190,87.3,23.7,2,1,-8,9
0,38,185,54.6,29.9,3,2,7,13
0,29,168,84.9,17.9,1,2,7,11
0,49,184,85.9,20.5,5,2,5,8
1,33,158,95.2,28.1,1,0,0,6
1,36,155,55.3,12.6,1,2,3,13
0,23,197,56.4,16.6,2,1,-5,12
0,58,151,84.0,14.2,1,0,0,10
1,58,195,90.6,21.1,2,0,0,6
0,33,177,91.4,15.2,5,2,7,16
0,42,178,52.5,17.0,2,2,6,12
0,18,167,105.2,0.0,4,2,6,5
0,47,188,84.8,0.0,2,0,0,6
0,46,188,61.1,18.5,1,1,-3,4
0,26,192,86.7,14.0,3,1,-8,4
0,36,166,107.7,27.4,4,2,8,13
1,28,190,51.3,22.1,1,2,3,10
1,23,181,64.2,10.7,1,0,0,9
1,30,169,90.0,0.0,3,1,-7,9
0,46,188,50.6,18.3,2,2,6,11
1,31,191,109.9,20.4,2,2,2,9
1,38,199,50.7,15.1,1,1,-5,6
0,34,191,62.2,0.0,2,2,7,16
1,46,185,61.5,23.9,1,2,4,13
1,31,185,92.9,26.4,5,0,0,9
1,60,191,61.1,20.6,5,0,0,11
0,20,179,73.6,29.4,4,0,0,6
1,37,181,53.4,14.1,4,2,2,8
1,35,160,74.2,23.4,5,0,0,12
0,19,181,92.8,14.1,2,1,-2,14
1,55,175,69.1,17.4,2,2,6,7
1,56,165,101.2,29.3,5,0,0,11
0,29,174,85.6,0.0,3,1,-6,5
1,58,172,63.7,15.2,3,1,-4,10
0,54,163,73.4,26.5,5,1,-2,14
1,36,177,79.6,20.8,1,0,0,12
0,23,161,106.3,24.0,5,0,0,6
0,21,185,89.1,14.9,4,1,-5,5
0,39,177,98.0,17.3,3,1,-8,13
0,40,176,61.4,0.0,3,1,-3,10
1,58,155,62.7,14.9,1,1,-8,10
1,47,180,93.9,27.2,4,1,-2,10
0,49,166,84.7,13.8,3,2,6,11
1,56,155,80.2,12.3,3,0,0,14
1,37,188,85.8,0.0,3,2,4,6
0,24,170,76.6,25.5,1,0,0,12
1,57,181,55.5,14.3,1,2,6,10
0,29,176,85.4,29.1,3,2,4,8
0,39,155,63.1,18.3,5,2,3,9
1,36,194,52.8,20.1,4,0,0,5
1,30,159,61.7,20.8,1,0,0,7
1,49,181,75.7,28.2,2,1,-7,7
0,33,196,81.9,25.7,3,1,-2,4
1,26,154,95.5,12.7,2,2,3,10
1,48,194,65.4,10.8,3,1,-6,16
0,46,194,73.1,25.2,1,0,0,5
0,54,163,97.9,28.9,5,2,5,14
0,19,183,100.4,15.3,2,0,0,14
1,18,185,59.0,28.7,1,2,2,13
1,24,183,62.4,17.3,2,0,0,16
1,21,181,68.4,18.5,4,2,4,12
0,53,185,57.3,11.3,1,2,4,5
1,34,161,96.5,10.2,1,0,0,10
1,34,186,91.9,15.4,4,1,-5,6
1,49,167,83.6,18.3,5,2,4,16
1,44,188,97.1,19.0,2,0,0,11
0,44,162,100.5,14.0,5,1,-2,16
1,34,186,76.8,18.6,3,1,-6,10
0,42,155,54.6,24.1,2,1,-4,14
0,44,151,69.4,24.8,2,2,7,12
0,52,168,108.3,0.0,2,1,-2,16
0,42,165,63.0,14.1,3,2,6,13
1,31,157,60.6,26.9,3,1,-7,5
1,19,193,63.2,24.5,3,2,8,15
0,43,175,76.9,28.6,4,1,-6,5
1,55,183,105.7,0.0,4,0,0,9
1,46,156,66.0,26.3,3,2,3,11
0,19,183,79.8,0.0,3,2,4,9
0,49,180,94.1,22.6,5,0,0,13
0,35,179,59.4,0.0,4,2,6,16
1,55,170,105.8,10.6,5,0,0,10
0,34,197,74.1,22.1,3,0,0,10
1,55,196,98.1,13.3,4,2,6,14
1,56,153,105.0,25.8,5,1,-6,8
0,49,160,95.7,13.0,2,1,-6,4
0,53,183,54.0,28.6,4,2,6,14
0,34,157,106.0,13.4,3,0,0,15
0,33,172,52.9,15.9,3,0,0,16
1,23,186,84.1,16.5,2,2,7,10
1,46,197,82.9,21.0,4,2,2,8
0,44,156,69.6,14.0,2,1,-6,4
1,31,200,77.9,17.7,4,2,2,10
0,37,154,84.5,0.0,4,2,7,14
0,50,191,101.7,24.1,3,1,-5,11
0,56,196,72.3,10.3,2,0,0,6
0,38,163,75.6,0.0,1,0,0,13
0,59,196,68.7,13.6,2,2,7,7
0,21,185,86.8,12.3,3,0,0,16
1,59,193,109.4,17.2,4,2,7,9
1,56,193,81.7,24.3,1,0,0,4
1,50,157,51.8,27.2,4,2,7,8
0,32,180,106.7,0.0,4,0,0,7
1,46,170,101.2,19.2,5,0,0,10
1,38,188,52.9,0.0,4,2,4,15
0,41,151,57.3,19.6,1,1,-8,10
0,29,160,69.5,16.3,1,1,-5,4
0,18,172,72.8,21.9,4,1,-7,16
0,55,176,97.7,0.0,3,1,-6,5
0,39,185,81.9,29.5,4,1,-6,4
1,40,155,89.1,28.3,2,2,3,15
0,53,193,101.7,0.0,4,2,2,16
1,35,167,91.3,25.7,1,0,0,12
1,55,169,81.3,18.2,4,2,6,12
0,33,154,82.6,29.7,4,2,7,6
1,53,191,74.8,0.0,1,1,-4,5
1,33,186,107.6,24.6,2,0,0,11
0,26,184,61.0,18.2,5,0,0,13
1,42,199,91.7,26.7,4,2,2,7
0,49,200,102.5,22.7,5,0,0,10
0,20,165,77.0,0.0,3,2,5,7
0,52,169,76.7,14.3,5,1,-2,16
0,18,184,64.4,16.0,2,1,-5,10
0,47,181,80.7,20.6,2,2,8,9
1,31,197,79.5,28.0,5,2,4,15
1,53,189,56.1,13.2,2,0,0,14
0,21,200,76.2,29.4,1,2,8,6
1,58,195,70.5,27.0,1,0,0,13
0,27,184,67.8,0.0,3,0,0,8
0,26,179,104.5,27.4,3,0,0,9
1,54,160,74.4,21.3,5,0,0,6
0,52,167,98.2,0.0,2,2,4,7
0,32,177,76.0,0.0,1,1,-8,16
0,43,177,104.2,23.5,3,1,-7,9
0,28,184,70.2,0.0,2,0,0,5
0,37,154,61.2,0.0,3,2,2,4
0,24,186,68.0,25.1,4,1,-4,7
0,18,154,102.6,14.6,4,0,0,14
1,54,162,95.3,21.9,1,1,-4,4
1,40,183,61.3,0.0,4,0,0,15
1,37,189,60.3,21.1,3,1,-7,16
1,39,195,105.8,12.7,3,2,4,14
1,53,159,90.9,0.0,4,0,0,9
0,45,151,68.0,18.9,2,2,6,11
1,20,155,102.1,10.2,3,0,0,14
1,24,157,76.2,20.9,4,0,0,7
1,47,160,103.2,19.7,3,2,3,12
0,37,173,81.5,25.4,4,2,8,15
1,54,156,82.3,11.4,2,1,-7,16
0,19,168,102.5,28.5,2,2,7,14
0,60,155,85.7,11.5,1,0,0,6
0,18,182,85.6,20.3,3,2,7,14
0,30,176,91.0,15.9,1,2,4,12
0,33,198,52.1,29.0,1,0,0,5
1,45,156,65.2,24.0,3,1,-6,5
1,37,165,88.3,17.0,2,1,-2,10
1,27,172,61.5,20.6,3,0,0,13
1,59,166,108.5,16.7,5,1,-8,16
1,37,169,80.3,26.8,4,0,0,12
0,22,188,92.6,14.3,3,1,-5,13
0,20,190,55.2,10.5,2,0,0,16
0,50,152,79.1,11.3,4,2,6,10
0,52,162,74.4,24.6,3,2,7,5
1,38,195,78.3,13.0,2,0,0,5
0,38,199,96.0,17.8,5,2,4,13
0,43,191,68.3,27.3,2,0,0,13
1,24,199,61.5,25.4,4,0,0,10
1,28,187,95.1,0.0,3,2,3,8
0,34,153,94.9,13.2,4,1,-6,13
0,46,200,58.9,19.9,5,1,-2,12
1,25,157,54.6,29.6,5,1,-6,11
1,22,178,73.0,12.8,1,1,-8,5
1,38,176,58.2,18.7,5,0,0,5
0,19,184,67.1,20.5,5,0,0,4
0,46,180,72.7,29.5,5,2,7,6
1,43,191,62.7,22.4,5,1,-5,9
1,20,155,61.9,21.8,1,0,0,9
0,31,154,90.8,13.1,4,0,0,5
0,51,151,72.3,30.0,1,0,0,15
1,53,171,78.0,11.6,2,0,0,13
0,41,159,75.4,15.9,5,1,-6,8
0,55,178,101.7,20.2,5,1,-3,8
1,53,164,51.3,28.9,2,1,-7,12
0,25,173,62.3,11.2,5,1,-6,15
0,53,161,80.0,29.6,3,2,7,5
0,25,150,108.7,18.5,5,0,0,15
0,60,163,60.0,14.5,5,0,0,5
0,43,159,97.6,22.1,2,2,7,11
1,44,200,84.5,22.7,4,0,0,7
0,56,163,86.7,0.0,4,0,0,5
1,32,175,89.7,25.1,1,1,-5,7
1,57,193,74.1,24.8,2,0,0,4
1,19,196,74.7,13.7,4,0,0,13
0,19,166,57.3,25.3,3,1,-4,13
0,53,152,94.1,28.4,1,0,0,12
1,56,162,77.1,19.7,4,1,-4,8
0,39,162,100.3,11.0,2,0,0,4
1,41,189,61.9,0.0,1,0,0,16
0,49,161,65.3,11.0,3,0,0,4
1,26,183,69.5,29.5,4,1,-6,9
1,56,164,89.4,21.6,3,2,8,9
1,24,154,52.3,15.8,1,0,0,12
1,22,163,51.1,15.3,1,1,-8,9
1,52,151,58.3,22.0,4,1,-4,8
1,31,150,72.0,15.8,1,1,-3,13
1,20,162,105.7,24.0,2,2,7,10
0,43,173,73.0,0.0,5,2,6,15
1,32,163,94.6,0.0,3,2,3,11
0,21,194,54.3,11.3,5,0,0,14
0,43,163,75.6,16.3,5,1,-4,10
1,59,196,105.9,26.0,1,0,0,9
1,31,200,87.6,25.9,2,0,0,11
1,36,151,103.4,14.5,2,2,2,13
0,55,152,58.1,0.0,2,0,0,6
0,54,182,65.0,0.0,2,1,-4,14
0,58,195,91.7,24.5,5,0,0,13
0,31,170,84.3,13.7,3,0,0,5
1,40,183,100.4,0.0,5,2,4,16
0,19,191,65.5,11.8,2,2,7,16
0,31,164,67.0,19.4,1,2,2,5
0,41,189,51.8,22.9,3,0,0,8
0,24,198,56.2,13.4,1,1,-7,10
1,29,158,82.3,22.2,1,0,0,12
1,49,167,73.6,14.7,3,2,8,4
1,29,200,67.4,11.6,4,1,-5,15
0,51,158,98.7,0.0,4,0,0,12
0,21,159,102.0,0.0,1,0,0,6
0,51,152,56.0,13.2,4,0,0,10
0,57,187,77.6,14.9,3,0,0,4
0,56,169,63.3,0.0,2,2,4,12
0,33,187,91.2,10.7,1,1,-7,15
1,27,175,91.0,14.9,4,0,0,13
1,59,188,85.1,17.1,3,0,0,12
1,58,165,109.7,14.0,3,1,-6,10
1,40,196,102.9,25.5,5,1,-7,15
0,27,185,99.1,27.0,3,2,2,15
0,58,183,84.1,21.6,3,0,0,16
1,28,183,77.3,0.0,2,0,0,10
1,37,197,106.7,23.4,1,2,8,5
1,30,176,71.7,26.6,5,0,0,7
1,33,199,61.0,23.8,2,2,5,13
1,38,183,79.8,10.4,4,2,6,16
0,26,163,67.6,25.3,5,1,-3,15
0,59,151,55.8,26.7,4,1,-4,5
1,59,198,84.4,29.9,1,2,8,15
0,53,192,72.4,14.9,2,0,0,11
0,56,176,109.3,10.2,4,0,0,13
0,53,192,78.1,20.1,1,1,-7,12
0,45,153,73.5,22.2,2,2,7,11
1,51,150,95.2,16.1,2,1,-4,6
1,26,182,81.6,0.0,3,0,0,13
0,60,164,96.1,14.0,5,2,3,6
1,25,183,57.5,14.2,2,1,-4,6
1,37,156,54.6,21.8,4,0,0,14
1,59,190,107.5,0.0,5,2,3,8
0,42,158,78.1,22.7,5,2,6,5
1,34,166,51.7,11.5,1,2,2,9
1,23,193,50.5,0.0,5,1,-6,8
0,39,192,109.2,20.5,1,2,3,12
1,49,170,78.0,14.6,5,0,0,16
1,30,179,79.8,16.9,1,0,0,6
0,51,172,102.3,24.1,5,1,-5,14
0,27,172,106.6,25.7,3,2,7,10
1,39,159,79.0,0.0,4,2,4,13
1,47,168,106.4,24.7,5,1,-7,5
1,52,159,78.5,14.7,2,2,3,11
0,32,164,69.4,17.0,3,2,8,10
1,48,176,96.9,22.2,3,2,7,12
0,27,161,85.1,23.7,3,1,-8,12
1,50,165,107.8,22.8,2,1,-2,6
0,20,185,97.2,28.8,3,0,0,6
0,50,183,71.7,21.0,5,2,6,5
1,43,155,59.8,13.0,3,1,-4,9
0,56,191,87.8,19.5,4,0,0,9
0,55,161,62.3,19.4,5,1,-8,14
1,26,194,68.9,21.8,5,0,0,12
0,38,186,99.3,0.0,5,2,8,6
1,29,167,102.4,27.9,3,0,0,14
0,40,169,86.0,0.0,3,1,-7,16
1,21,192,79.0,0.0,1,0,0,10
1,22,163,100.7,15.4,3,2,4,11
0,38,156,81.8,0.0,4,1,-5,6
1,53,156,106.6,12.8,1,1,-2,12
0,47,185,90.5,27.4,1,2,6,14
0,44,169,76.3,14.0,3,1,-5,7
1,24,159,58.7,27.1,2,2,3,6
1,43,161,70.2,14.4,5,0,0,10
0,21,163,82.0,19.8,2,1,-3,14
1,56,187,102.4,13.8,3,2,2,11
1,25,199,80.6,17.2,2,2,3,14
1,45,159,87.5,21.8,2,0,0,11
0,35,195,108.2,26.6,4,1,-5,8
1,25,167,90.7,15.9,5,2,3,15
1,57,191,60.3,21.0,1,2,6,12
0,26,172,82.1,10.1,3,0,0,16
1,34,161,83.3,21.5,3,0,0,12
1,28,163,88.7,19.1,1,1,-6,4
1,56,159,73.7,19.5,1,2,5,4
0,20,172,63.0,21.6,2,0,0,16
1,45,192,80.6,19.9,1,1,-4,6
0,44,169,75.2,12.8,4,2,5,8
1,48,151,62.2,0.0,2,0,0,15
0,51,153,104.4,29.7,2,0,0,16
1,18,163,60.3,14.1,4,0,0,7
0,35,197,90.9,23.9,4,2,5,11
1,41,156,92.5,10.4,3,1,-3,11
1,56,195,80.7,18.1,4,2,7,9
0,57,197,53.9,12.6,3,1,-2,5
0,59,199,98.3,0.0,5,1,-8,16
1,45,161,60.4,22.8,5,1,-3,8
1,35,200,94.7,23.9,2,2,7,12
0,25,181,86.0,24.2,3,2,6,14
0,38,167,98.8,23.3,1,0,0,6
1,40,187,74.1,26.1,5,1,-4,14
0,32,163,81.0,16.0,2,2,8,11
1,30,196,50.2,0.0,1,2,7,12
0,35,151,104.8,23.6,5,1,-3,4
1,31,200,92.5,24.2,2,0,0,5
0,18,164,58.4,16.6,5,0,0,4
0,18,186,90.0,20.2,1,0,0,7
0,48,170,77.8,19.4,4,0,0,14
0,34,186,70.4,28.0,3,0,0,12
1,56,200,106.0,25.3,4,1,-2,9
0,38,171,64.1,17.3,4,0,0,13
1,36,197,59.0,24.6,3,0,0,15
1,55,179,54.0,10.8,4,1,-7,13
1,30,154,105.7,18.1,4,0,0,16
0,38,187,81.4,29.0,5,0,0,14
0,31,198,103.3,17.0,1,0,0,5
1,47,158,61.5,0.0,5,0,0,10
0,22,160,73.0,13.9,2,1,-7,11
1,44,153,98.1,11.1,4,2,3,15
0,38,173,94.8,12.2,1,1,-4,8
1,43,167,66.8,0.0,3,0,0,10
0,37,199,83.3,0.0,1,2,8,4
0,30,173,96.4,0.0,1,0,0,8
1,19,151,95.4,16.5,2,2,6,8
1,58,164,94.4,0.0,4,1,-3,4
1,23,181,95.3,14.3,5,2,7,16
1,46,185,84.9,18.8,5,2,8,10
1,51,182,62.6,15.8,1,2,3,6
0,58,157,103.7,19.6,5,2,2,5
0,60,200,53.9,29.8,2,2,7,11
0,50,193,66.8,0.0,4,1,-2,16
0,48,179,63.8,0.0,1,1,-7,7
1,44,182,85.4,0.0,1,0,0,7
0,23,169,57.2,19.2,3,0,0,8
1,30,185,50.5,29.5,2,1,-7,8
0,58,191,107.7,19.3,4,0,0,14
1,30,150,74.2,15.8,2,1,-8,13
0,30,156,88.1,15.7,1,1,-2,4
0,29,184,101.5,26.2,2,1,-8,14
0,38,175,87.4,10.1,3,2,2,8
1,47,166,50.6,14.7,4,2,3,12
1,51,154,102.9,28.3,1,1,-6,11
0,31,187,61.9,12.4,4,2,7,16
1,37,160,105.8,16.1,3,2,8,11
1,18,172,59.2,17.6,3,0,0,12
0,24,161,84.6,16.8,3,1,-6,9
1,44,173,101.2,0.0,5,2,5,8
1,50,164,86.0,0.0,4,1,-6,5
0,58,191,53.2,28.8,5,1,-6,8
1,50,200,80.2,29.0,3,1,-3,13
0,23,182,67.4,11.6,3,0,0,15
1,29,173,75.2,0.0,5,2,2,8
0,31,158,95.7,12.8,2,2,7,9
1,32,184,61.8,24.7,5,0,0,4
1,41,165,55.6,10.3,4,1,-6,12
1,43,186,91.5,28.5,2,0,0,13
0,28,191,61.0,28.6,3,2,2,9
1,40,170,88.2,24.6,3,1,-7,5
1,36,155,105.9,29.6,1,2,7,15
1,18,168,62.8,16.3,2,1,-8,12
0,48,169,105.6,14.6,5,0,0,8
1,45,186,77.4,21.4,4,1,-5,14
0,34,195,91.6,15.6,5,0,0,12
0,52,157,52.9,14.8,5,2,4,7
1,31,178,75.1,0.0,5,0,0,11
1,28,178,63.5,0.0,5,2,4,13
1,24,172,71.4,14.9,2,1,-6,15
1,29,154,70.4,18.6,2,2,5,8
1,50,174,98.9,17.6,5,2,6,6
1,21,182,63.7,15.8,5,1,-6,14
1,57,188,94.9,11.5,4,0,0,5
1,40,189,106.4,25.7,2,2,7,11
0,23,189,109.5,16.4,5,2,2,7
0,30,193,100.9,11.0,3,1,-7,7
1,29,162,75.2,22.8,5,1,-8,16
0,22,180,69.7,21.6,3,0,0,8
1,33,187,54.3,10.7,2,2,8,9
0,46,159,80.4,29.6,4,1,-6,10
0,47,190,83.6,12.2,1,1,-6,4
1,54,156,108.6,12.0,3,1,-4,8
1,46,163,90.6,26.7,4,1,-4,4
1,25,169,77.7,20.0,3,2,4,8
1,29,167,71.0,17.6,2,0,0,14
0,42,199,71.1,24.5,3,1,-8,11
1,51,158,107.0,22.7,4,2,7,13
1,51,170,75.7,23.8,3,2,4,9
0,27,161,51.3,10.2,4,2,5,9
1,36,199,94.8,17.7,3,0,0,5
0,44,153,59.4,14.5,3,2,5,13
0,56,167,94.6,0.0,2,2,4,4
1,49,184,77.9,20.4,1,2,2,16
1,33,197,91.1,0.0,5,0,0,7
0,23,151,94.3,11.8,2,0,0,15
1,49,192,60.8,0.0,2,0,0,13
0,37,185,60.7,17.4,3,1,-7,16
0,41,198,74.0,26.4,1,1,-2,9
0,30,155,109.4,22.1,4,0,0,12
0,55,171,94.9,25.6,4,2,5,11
1,58,156,90.3,25.7,3,2,3,7
1,29,175,82.7,12.4,3,2,3,13
0,60,190,98.3,21.4,2,0,0,14
1,37,198,63.3,21.6,4,2,2,16
1,55,182,56.6,14.3,4,0,0,6
0,24,164,107.7,28.2,2,1,-5,15
0,26,187,69.1,18.6,4,1,-7,16
1,34,157,70.1,12.9,4,0,0,12
0,60,196,63.3,10.8,2,1,-7,7
0,25,158,87.1,27.5,4,0,0,5
0,23,189,97.9,26.8,5,0,0,7
1,23,194,80.2,29.1,5,0,0,15
1,41,170,105.9,14.5,4,2,4,4
1,57,180,68.0,19.3,3,2,3,8
1,22,161,101.5,22.9,3,0,0,4
0,49,176,74.0,18.4,3,1,-4,14
0,26,200,52.3,26.2,2,1,-5,4
1,45,172,68.5,14.4,2,0,0,13
0,20,177,69.7,13.7,1,2,3,13
1,58,199,67.9,15.6,1,2,6,7
1,53,188,67.8,0.0,2,2,7,5
1,30,194,60.0,0.0,4,2,4,13
1,49,168,106.7,10.6,4,2,7,14
0,54,172,84.0,15.2,4,1,-5,13
0,19,162,76.8,28.8,5,1,-8,14
1,54,160,51.7,17.3,4,0,0,13
1,60,196,53.4,15.2,2,1,-3,12
0,56,171,107.6,15.7,4,2,7,6
0,39,190,60.5,19.3,1,2,6,6
1,42,154,60.8,10.5,3,0,0,9
1,27,197,67.4,0.0,4,0,0,10
0,36,172,50.6,10.4,2,2,6,14
1,60,191,96.6,0.0,4,1,-8,12
0,21,195,81.9,14.8,3,2,6,13
1,19,198,82.9,28.2,5,1,-7,5
1,18,153,61.2,26.2,4,1,-4,4
0,34,160,93.1,15.4,1,1,-8,11
1,45,170,72.2,25.1,5,1,-8,6
1,53,170,69.1,18.4,1,2,4,13
0,27,194,105.0,28.4,2,0,0,15
1,20,162,61.7,11.9,4,0,0,7
1,26,189,80.8,29.1,1,2,8,12
1,56,187,101.2,25.8,4,1,-3,6
0,55,159,80.4,19.6,2,1,-6,16
0,25,166,70.2,11.1,5,0,0,16
0,48,175,56.4,28.0,4,2,3,6
1,24,169,91.4,25.9,1,1,-7,16
0,53,181,91.1,11.3,4,1,-3,7
1,30,170,77.9,18.2,5,2,5,9
0,34,178,75.2,29.2,1,0,0,16
1,56,155,108.8,0.0,1,1,-2,10
0,60,192,72.4,18.9,4,1,-7,4
0,23,178,57.0,17.2,1,0,0,16
1,27,161,99.0,14.6,1,0,0,7
0,45,156,80.8,20.7,4,1,-4,7
1,18,184,59.1,26.3,3,0,0,15
1,40,199,56.5,26.1,2,1,-6,15
0,25,178,89.4,27.8,4,1,-3,13
0,54,176,81.2,23.5,1,2,2,9
0,56,182,53.1,26.6,1,1,-4,10
1,47,198,70.3,14.3,2,2,2,4
1,22,192,106.0,14.2,4,2,6,12
0,46,187,109.5,14.0,4,0,0,7
0,60,177,77.0,0.0,2,0,0,9
0,59,156,79.0,0.0,5,1,-8,12
0,59,161,51.4,0.0,3,0,0,5
0,28,172,103.2,24.1,1,0,0,14
1,34,161,97.2,0.0,1,0,0,13
0,18,188,54.9,12.9,2,0,0,8
1,58,168,102.3,26.5,5,2,6,7
0,48,167,83.7,26.5,4,2,7,12
0,49,168,74.5,17.2,4,1,-7,16
0,55,181,109.1,11.1,5,0,0,15
0,53,193,108.7,23.1,2,1,-3,16
0,56,154,84.4,11.8,4,0,0,4
0,48,186,87.1,28.1,4,0,0,13
1,53,162,50.3,19.7,1,0,0,12
1,43,180,73.7,22.9,4,1,-3,13
0,25,179,64.0,25.7,5,2,8,12
1,42,175,84.6,20.6,3,2,7,10
1,41,155,74.2,23.9,5,0,0,6
0,38,150,74.2,0.0,5,1,-4,6
1,59,151,64.5,19.0,1,0,0,9
0,19,188,71.2,15.7,4,0,0,12
0,25,172,57.6,24.4,5,2,5,4
1,60,199,91.7,28.2,4,1,-5,7
1,47,194,72.0,10.4,3,2,5,6
1,56,170,108.2,0.0,4,2,4,7
0,51,187,84.0,21.3,4,0,0,4
1,52,154,98.6,16.5,1,0,0,16
0,41,158,94.5,12.2,4,2,8,15
0,20,196,94.8,15.6,1,1,-8,10
0,48,162,94.8,14.9,4,2,7,5
0,49,189,68.7,23.7,1,0,0,5
0,50,163,96.4,0.0,2,0,0,8
0,48,192,61.7,17.4,2,2,3,15
0,46,168,109.7,11.9,3,1,-3,15
0,24,156,100.2,20.0,2,0,0,14
1,41,197,83.5,22.4,1,0,0,5
1,21,189,96.3,17.5,4,0,0,9
0,29,157,64.7,14.8,4,0,0,14
1,47,162,102.9,0.0,2,2,3,10
0,25,167,93.4,13.1,1,2,7,6
0,31,199,74.8,22.5,4,0,0,15
0,47,183,62.8,10.7,1,0,0,7
1,37,187,65.9,19.7,2,0,0,14
1,23,194,101.4,12.6,5,2,2,9
0,30,151,75.5,22.6,5,0,0,11
0,56,175,50.6,19.8,1,0,0,5
0,28,173,105.4,0.0,5,2,6,10
0,50,181,87.9,0.0,4,2,4,5
0,40,170,82.8,27.2,5,1,-7,11
1,21,162,90.3,14.2,3,0,0,14
1,40,198,61.7,10.9,2,2,2,16
1,19,194,52.6,0.0,4,1,-5,4
0,20,167,67.1,25.6,3,0,0,11
1,18,195,98.0,21.5,3,2,5,10
1,18,159,101.3,22.1,4,0,0,13
0,25,173,67.4,11.1,4,2,6,7
1,38,155,52.7,20.5,5,1,-3,4
1,45,158,86.4,13.4,2,1,-6,14
0,44,158,69.9,26.0,5,0,0,15
0,45,167,79.8,29.5,5,0,0,13
1,49,166,100.3,18.0,5,0,0,6
1,56,191,100.4,22.2,3,2,6,6
0,35,179,90.3,15.7,4,2,8,11
0,27,182,78.4,22.1,4,2,7,11
0,53,197,99.6,14.2,3,0,0,9
1,47,151,55.2,0.0,3,2,2,5
1,19,158,62.8,17.8,2,2,7,10
1,26,178,87.6,28.9,4,2,8,8
1,41,200,93.6,21.3,5,0,0,11
0,52,160,102.1,20.8,4,1,-5,11
0,41,179,73.0,13.3,5,2,8,11
1,59,183,54.5,25.4,2,2,2,11
0,57,160,92.2,29.0,4,2,6,13
1,33,153,80.0,27.1,2,0,0,14
0,60,171,80.3,22.0,1,2,5,8
0,47,153,90.6,25.9,3,2,8,14
1,19,158,74.9,23.6,5,1,-2,4
1,43,164,80.1,0.0,2,1,-6,5
1,41,172,87.7,0.0,2,1,-6,14
0,33,191,104.4,12.7,3,2,4,5
0,56,164,61.8,29.4,3,2,7,12
1,20,200,91.9,0.0,4,0,0,13
0,37,161,67.2,29.0,5,0,0,14
0,33,168,79.8,0.0,2,1,-7,8
1,18,179,75.3,22.6,4,0,0,12
1,40,159,87.7,18.2,1,1,-4,14
1,34,159,69.7,23.1,2,1,-6,16
0,38,157,89.8,26.8,1,1,-6,5
1,22,168,82.7,20.2,5,2,3,11
0,30,186,76.9,13.0,5,1,-5,6
0,43,189,90.7,13.4,5,2,5,9
0,48,160,60.1,15.8,5,0,0,14
1,42,164,95.9,17.9,2,2,3,10
0,43,183,88.9,15.2,5,1,-7,12
0,58,179,79.6,26.1,2,2,3,7
1,21,186,92.9,22.2,3,1,-3,16
1,56,191,82.4,13.0,2,1,-5,15
1,57,153,82.9,22.9,1,0,0,6
1,51,197,50.8,0.0,4,0,0,5
1,34,191,107.8,0.0,5,2,4,10
0,24,199,103.6,18.4,1,2,6,6
1,25,158,50.4,23.3,4,2,3,4
0,51,170,78.2,18.3,1,2,8,16
0,39,191,78.5,22.7,3,0,0,9
1,48,156,86.9,10.4,4,1,-8,14
0,24,193,77.4,11.2,1,2,5,15
0,49,177,103.7,20.2,3,0,0,4
0,47,185,95.3,11.2,3,2,8,16
1,56,178,109.7,12.4,5,1,-6,4
1,21,176,83.8,0.0,5,0,0,11
0,43,171,58.1,19.8,3,2,8,8
1,54,187,55.3,14.1,2,1,-5,7
1,47,175,84.2,13.3,2,1,-4,7
1,52,183,51.5,12.1,4,1,-2,15
0,46,186,108.3,12.3,1,1,-5,10
0,37,169,79.1,20.3,4,0,0,13
1,49,181,88.4,16.5,1,2,2,7
0,50,155,57.8,20.3,2,1,-7,9
0,42,199,76.7,23.4,3,0,0,6
1,24,186,50.9,20.2,3,2,5,9
1,50,155,61.8,0.0,2,2,3,15
1,19,166,68.6,22.1,4,0,0,16
1,55,183,63.4,27.9,4,0,0,10
1,42,195,63.5,26.7,3,1,-6,13
1,50,199,98.9,13.0,4,1,-4,15
0,20,181,61.1,29.1,2,0,0,16
1,24,172,82.8,16.4,3,0,0,10
1,30,190,101.5,23.6,4,0,0,15
0,43,172,64.5,17.8,1,2,4,4
1,36,162,50.7,24.3,3,1,-8,7
1,20,165,89.3,26.7,2,2,4,16
0,54,155,93.4,13.1,5,1,-5,9
1,43,161,105.5,0.0,5,1,-4,10
1,56,152,86.0,18.1,2,2,6,12
1,40,187,80.8,14.0,3,2,4,12
1,47,187,71.4,17.7,5,1,-6,8
1,56,170,87.5,15.3,2,1,-3,15
0,24,184,68.8,15.1,1,0,0,11
1,30,175,51.0,10.3,1,2,6,4
0,23,195,87.4,0.0,2,1,-2,8
1,43,160,82.3,19.7,5,2,8,8
1,59,194,63.0,13.4,2,0,0,15
0,29,160,98.9,29.5,3,1,-3,7
1,51,169,97.2,29.6,3,2,2,10
1,45,164,73.1,22.4,5,2,8,15
0,36,164,74.9,0.0,1,0,0,14
0,39,165,105.2,0.0,2,0,0,14
0,42,191,77.5,14.6,1,1,-6,13
0,44,190,57.9,25.3,1,0,0,6
0,41,162,59.1,0.0,2,0,0,4
1,31,184,97.7,29.3,4,2,4,8
0,60,192,105.4,18.2,1,0,0,9
0,26,191,105.8,28.2,2,2,7,12
1,18,197,104.5,27.9,5,1,-6,11
1,36,169,54.2,22.2,3,0,0,6
1,60,182,99.4,0.0,3,2,2,6
1,25,174,62.7,18.9,4,1,-3,13
1,36,166,58.4,22.4,4,1,-8,8
1,27,191,100.7,29.0,2,2,6,16
0,31,197,88.2,12.1,1,2,3,5
1,35,199,64.6,12.4,3,2,4,16
1,55,163,88.5,27.8,2,2,3,16
1,38,159,99.8,14.1,4,1,-6,15
0,35,188,62.7,10.8,3,0,0,10
1,28,180,52.3,26.6,1,1,-6,13
0,28,187,92.8,10.3,1,2,5,14
0,36,170,96.2,15.7,1,0,0,9
1,30,169,92.7,27.5,3,1,-6,9
1,23,172,79.5,17.5,5,0,0,4
0,54,189,57.7,16.5,1,0,0,12
1,60,154,95.7,23.5,1,2,8,4
0,41,193,94.8,18.2,5,1,-6,14
1,56,160,92.9,18.2,1,0,0,14
1,32,155,64.7,21.0,1,1,-4,6
1,50,172,105.7,0.0,5,2,8,5
1,20,163,84.1,10.0,2,1,-6,14
0,18,181,50.4,0.0,3,2,6,5
0,57,184,55.5,19.4,4,2,3,7
1,53,151,73.3,18.2,4,1,-2,15
0,55,200,104.9,16.0,3,1,-5,13
1,28,156,94.3,17.4,2,2,4,5
0,21,184,75.6,10.2,4,0,0,6
1,41,155,97.5,18.5,4,2,7,6
0,54,163,74.9,26.7,3,1,-6,8
0,19,163,63.0,18.1,1,0,0,15
1,53,169,96.4,28.4,4,1,-5,4
1,44,170,75.2,12.3,1,0,0,10
0,22,155,82.1,16.2,3,2,7,16
1,45,199,104.6,13.1,3,0,0,4
1,57,164,98.7,25.4,1,0,0,13
1,38,187,87.8,0.0,2,2,7,14
1,31,162,65.7,24.7,2,2,4,15
0,33,200,101.9,12.0,5,1,-5,14
0,41,175,72.3,11.2,1,1,-7,14
0,22,196,61.6,0.0,1,0,0,12
0,20,194,71.9,26.2,1,2,8,7
0,20,173,53.0,24.1,4,0,0,16
1,52,151,60.5,17.1,3,0,0,5
0,50,191,107.0,23.3,3,0,0,11
1,33,177,52.9,0.0,5,1,-2,7
0,23,158,100.0,20.3,5,1,-4,15
0,40,166,82.6,29.9,5,0,0,10
1,25,198,87.6,23.4,4,1,-8,13
0,19,188,94.8,25.1,3,0,0,15
0,25,194,100.8,0.0,1,2,6,15
0,38,191,85.9,19.0,2,0,0,11
1,36,152,81.8,23.3,5,0,0,12
0,47,176,72.8,19.9,4,2,4,16
1,38,177,67.2,29.8,4,1,-2,11
1,36,159,97.1,24.1,5,0,0,14
1,49,178,99.7,19.0,2,1,-2,11
0,49,172,105.6,0.0,5,2,6,16
1,24,187,84.4,12.0,1,1,-8,14
1,40,194,103.6,0.0,1,2,6,16
1,54,157,52.8,17.6,2,0,0,6
0,46,189,94.5,0.0,3,0,0,8
0,57,200,62.2,13.5,5,0,0,5
1,58,191,61.0,0.0,1,2,2,9
1,45,197,77.8,28.2,2,1,-4,5
0,54,163,82.6,27.8,1,1,-2,5
0,50,197,101.2,23.2,2,2,8,14
1,43,184,67.3,29.6,4,2,3,8
0,49,194,93.9,16.4,2,1,-4,12
0,19,168,106.6,13.4,3,2,2,10
0,41,180,106.4,13.4,2,1,-6,14
0,20,191,97.8,14.1,4,2,7,8
0,44,172,57.5,0.0,1,0,0,6
0,28,160,80.4,0.0,1,0,0,8
0,48,157,92.6,17.0,1,0,0,13
0,43,186,83.2,18.0,1,0,0,8
0,25,155,92.6,20.2,4,2,2,12
0,48,197,53.9,28.5,5,0,0,13
0,39,170,104.2,16.4,2,2,6,15
1,32,175,53.2,13.4,4,2,7,14
0,60,168,55.3,29.9,4,1,-6,15
0,49,182,92.8,18.2,3,2,3,6
1,32,175,86.8,0.0,2,2,3,15
0,37,168,80.5,11.3,2,1,-7,14
1,45,177,63.7,21.3,5,2,6,8
1,28,172,51.9,17.8,3,1,-6,13
0,33,188,94.4,21.1,5,1,-6,4
0,39,181,57.0,20.0,1,2,5,14
0,58,154,93.3,23.0,3,0,0,14
0,58,196,73.2,27.4,4,2,2,11
1,28,191,90.4,0.0,4,1,-6,11
1,27,192,85.8,16.4,4,2,6,12
0,39,171,67.5,0.0,5,0,0,4
0,49,172,75.8,27.8,4,0,0,11
1,51,150,108.4,22.2,3,1,-7,6
0,18,164,73.5,29.0,3,2,7,12
0,33,194,97.8,22.3,5,0,0,10
0,24,192,106.2,27.2,5,2,2,9
1,59,169,98.0,23.3,3,1,-3,7
1,35,195,93.0,12.0,2,2,3,4
0,38,181,108.9,25.8,4,2,5,11
0,59,187,90.2,22.7,1,2,4,7
1,20,162,81.9,26.1,1,2,5,6
1,56,172,80.1,24.8,1,1,-7,16
1,24,199,96.2,22.1,3,1,-6,9
0,26,160,87.7,16.1,4,2,2,8
1,38,189,76.2,0.0,1,2,3,5
0,55,196,65.8,23.8,2,0,0,6
0,60,184,97.2,0.0,2,1,-4,16
0,42,157,78.6,13.9,4,0,0,16
1,29,185,98.9,16.2,1,2,2,16
0,42,198,62.6,12.6,3,0,0,15
0,32,188,82.5,18.8,5,2,4,14
0,28,162,95.9,13.6,1,1,-2,11
1,36,175,68.8,0.0,5,1,-2,10
0,43,151,68.6,20.8,1,0,0,7
0,44,158,82.0,10.5,3,0,0,14
0,53,184,79.5,15.7,1,0,0,16
0,59,175,85.9,19.5,2,1,-8,8
1,42,160,97.4,17.4,4,2,6,4
1,46,163,88.3,24.4,1,2,8,13
0,42,180,68.2,10.3,1,0,0,14
1,22,182,59.7,14.4,1,1,-2,14
1,26,155,74.6,15.1,1,2,2,14
0,36,169,97.9,27.7,4,2,6,4
0,57,160,57.2,12.0,3,0,0,7
1,39,196,64.2,25.5,2,0,0,12
1,22,154,52.2,19.4,2,1,-8,5
0,35,174,108.9,23.4,1,2,8,11
0,30,164,103.3,13.2,1,0,0,9
0,48,158,59.2,0.0,5,1,-7,15
1,32,165,96.8,0.0,1,2,5,16
1,43,183,67.7,21.3,1,2,7,5
1,57,172,94.0,20.9,1,0,0,16
0,27,153,65.5,14.2,5,0,0,11
0,33,180,57.0,17.1,5,0,0,11
0,37,188,76.9,20.1,2,1,-6,11
1,41,159,99.0,0.0,3,2,3,7
0,29,198,95.1,14.2,4,1,-3,8
1,27,170,50.5,20.3,2,1,-8,14
1,37,179,59.5,11.7,3,0,0,9
0,59,196,108.8,24.3,2,1,-7,9
0,24,159,52.1,21.7,1,1,-3,10
0,56,187,84.3,17.4,3,2,6,6
0,58,155,52.2,16.4,2,1,-8,6
0,43,190,74.6,29.7,1,2,2,14
0,37,182,100.1,18.2,2,1,-2,13
1,31,162,76.0,23.1,3,1,-8,13
0,54,198,57.1,16.9,2,1,-3,15
1,53,198,105.3,21.6,1,0,0,8
0,29,174,50.0,26.7,1,1,-8,10
0,32,200,88.7,11.8,3,2,5,13
1,49,196,109.2,19.5,3,2,8,7
1,41,159,63.5,21.2,1,0,0,16
1,34,172,62.1,27.1,3,2,3,13
0,54,184,96.1,0.0,4,2,5,6
1,28,181,98.0,26.3,2,2,8,16
1,24,195,57.7,29.1,2,0,0,8
0,22,174,106.6,26.9,2,2,3,9
0,34,173,75.0,11.4,5,0,0,4
1,33,191,77.0,17.2,4,1,-2,6
0,38,199,105.0,29.0,2,2,5,12
1,25,197,55.9,15.6,3,0,0,4
1,36,151,52.6,24.0,1,2,3,11
0,43,160,74.0,19.7,3,2,4,12
1,40,177,58.4,11.6,3,1,-2,16
0,31,161,83.1,0.0,2,1,-3,15
1,31,198,75.8,25.4,1,2,2,13
1,19,162,58.0,23.5,5,0,0,4
0,25,171,88.9,13.1,2,2,3,11
0,26,198,86.8,22.8,5,1,-4,13
0,22,158,51.3,15.4,5,0,0,10
1,39,169,101.0,16.9,5,1,-2,13
1,29,191,75.3,28.0,5,1,-8,10
1,18,177,100.3,16.6,4,2,7,12
1,50,198,56.9,16.0,2,1,-6,9
1,32,167,54.1,13.7,3,2,8,12
0,39,178,95.4,12.6,4,2,8,14
0,33,171,66.7,16.2,1,2,4,12
1,21,179,50.5,15.2,1,2,6,4
1,39,182,68.3,20.5,1,2,3,4
0,19,153,87.2,18.8,4,0,0,15
0,39,156,55.7,22.5,1,1,-7,8
1,19,167,72.8,25.7,4,2,4,9
1,41,154,60.8,15.3,2,2,7,14
0,28,181,103.9,29.8,2,1,-8,14
0,46,190,81.8,22.8,2,2,4,11
1,29,150,86.1,0.0,5,0,0,13
0,36,160,71.6,24.0,5,2,8,4
1,39,194,72.9,0.0,5,2,4,12
0,21,151,105.5,16.8,5,0,0,9
0,55,170,54.6,0.0,3,1,-5,9
1,34,151,106.8,19.9,5,2,2,11
0,18,165,106.3,25.6,2,0,0,14
1,46,183,108.8,0.0,1,2,3,9
0,28,159,103.8,20.7,2,2,3,10
0,32,180,106.0,28.4,5,1,-3,9
1,55,163,88.5,26.2,5,1,-5,11
0,58,192,106.0,0.0,5,2,7,14
1,22,157,61.1,17.5,5,1,-7,8
1,29,179,82.3,24.5,5,2,2,5
1,58,156,70.3,23.4,2,2,6,15
1,20,186,75.2,20.3,2,1,-3,10
0,25,198,75.2,17.0,5,0,0,9
0,25,200,85.3,17.6,2,0,0,13
0,18,159,52.0,20.7,2,2,5,13
1,54,180,66.7,11.6,2,0,0,14
1,29,179,59.5,25.9,3,2,3,15
0,19,154,79.7,25.1,5,1,-2,10
1,60,186,55.6,10.3,4,0,0,6
1,52,198,94.0,24.4,1,1,-2,10
1,30,172,94.5,0.0,2,2,2,8
1,38,168,98.2,19.8,1,0,0,12
1,23,188,67.5,25.0,1,0,0,6
0,60,193,55.4,26.0,3,1,-2,13
1,41,175,59.6,0.0,4,1,-7,13
1,54,183,68.4,26.7,2,0,0,16
0,31,177,104.4,11.4,5,1,-2,4
1,26,198,103.7,0.0,1,2,2,7
1,28,181,97.2,16.5,2,0,0,16
1,34,187,83.5,24.3,2,2,5,14
1,57,161,73.1,19.1,5,0,0,12
0,40,196,89.4,0.0,5,2,5,10
1,38,200,56.0,25.7,1,2,8,12
1,48,179,71.0,20.5,1,2,3,9
0,45,181,82.3,22.0,2,1,-8,7
1,29,167,108.7,0.0,2,1,-4,16
1,39,159,88.9,22.3,3,0,0,10
0,48,164,101.1,11.2,3,0,0,5
1,26,165,50.7,29.7,1,0,0,8
1,44,184,57.4,19.7,5,1,-4,11
0,33,171,105.8,15.1,1,2,4,5
1,56,152,76.1,0.0,2,0,0,15
0,34,195,106.4,25.1,5,0,0,10
0,34,168,81.1,13.4,4,0,0,4
1,24,198,56.1,20.3,3,2,8,5
0,21,168,78.7,27.5,3,1,-2,16
0,36,160,108.5,20.2,2,2,8,12
1,29,167,107.3,29.2,2,0,0,6
0,37,189,77.5,21.1,3,2,6,14
0,57,170,51.5,21.3,3,1,-4,10
0,19,150,50.7,0.0,3,2,7,16
0,37,191,58.9,0.0,1,1,-6,8
1,43,173,83.7,0.0,1,2,6,16
0,27,160,53.0,0.0,1,0,0,14
1,37,179,99.8,0.0,1,1,-2,13
1,58,167,99.3,27.0,3,2,3,13
0,35,174,98.9,0.0,2,0,0,5
0,49,197,73.6,0.0,5,1,-4,16
0,39,194,78.7,20.5,1,2,5,12
0,59,196,69.4,27.1,3,0,0,4
0,57,159,96.2,0.0,4,0,0,14
1,47,165,69.2,14.6,5,2,2,10
0,48,187,59.3,14.6,4,2,7,15
0,39,157,83.7,11.2,5,1,-4,13
1,34,185,59.3,0.0,2,0,0,5
1,21,192,93.7,18.4,1,0,0,15
0,56,170,103.2,13.5,2,1,-7,11
0,19,195,66.4,21.6,4,0,0,13
1,55,184,58.4,10.5,1,2,5,10
1,60,154,74.6,23.1,5,0,0,5
1,25,187,77.2,0.0,5,2,2,10
0,48,171,97.3,17.0,3,2,2,7
1,19,175,87.2,24.7,4,0,0,13
0,31,177,71.9,0.0,1,0,0,16
0,46,170,106.2,18.7,5,0,0,15
0,49,187,80.1,17.0,1,0,0,5
1,35,194,63.9,20.3,1,0,0,5
0,31,192,109.3,14.1,2,2,2,9
1,43,167,62.0,28.4,4,0,0,9
1,59,180,108.1,23.5,3,1,-5,15
1,30,196,71.8,12.1,1,1,-7,5
0,40,182,63.2,28.4,2,0,0,13
0,42,179,76.9,21.9,5,1,-5,12
0,29,153,51.9,15.2,4,1,-7,16
0,47,157,86.6,29.8,3,1,-4,5
0,40,181,78.7,16.5,5,1,-8,12
1,45,166,71.3,26.4,5,0,0,4
0,55,181,61.2,12.2,4,0,0,12
0,29,178,96.9,20.1,2,2,5,7
0,57,170,71.7,22.0,5,0,0,13
0,41,153,69.4,27.8,5,2,2,12
0,45,183,87.1,24.2,3,1,-4,5
0,23,171,96.6,27.6,4,0,0,4
1,54,184,100.4,18.7,1,1,-6,8
1,54,197,66.8,12.0,5,0,0,6
1,55,168,82.1,16.8,3,2,4,11
1,40,192,85.8,26.7,3,1,-8,4
1,49,179,69.3,11.8,3,0,0,11
0,25,175,102.6,12.0,5,0,0,8
0,47,186,107.7,26.1,4,0,0,13
1,53,196,84.9,17.7,1,0,0,8
0,29,165,85.0,0.0,3,2,3,13
1,45,182,94.5,18.1,3,2,6,4
0,20,172,66.8,24.9,1,2,4,13
1,20,172,55.5,14.3,4,1,-3,6
1,47,187,83.2,14.4,4,1,-4,8
1,18,175,71.3,0.0,1,1,-7,8
1,31,198,95.3,11.3,1,2,8,6
1,30,174,60.2,14.5,2,1,-3,4
1,18,155,77.7,11.6,3,1,-5,7
1,50,187,99.5,22.8,1,0,0,4
0,36,168,100.5,12.0,4,2,8,14
0,32,172,75.7,13.5,3,1,-4,5
0,42,173,70.6,0.0,2,1,-2,6
0,50,170,103.8,23.2,2,1,-5,5
1,20,154,101.9,18.9,2,0,0,4
0,24,161,55.3,17.6,3,2,3,5
0,48,194,105.4,11.3,5,2,6,10
0,24,176,56.7,25.7,3,2,6,7
0,58,177,109.5,0.0,4,2,6,6
0,36,195,108.5,22.2,5,2,6,12
1,55,199,105.9,26.4,3,0,0,6
1,30,200,68.1,19.9,1,2,5,12
0,59,161,53.7,19.5,3,2,3,12
0,49,159,107.3,24.6,5,1,-2,13
0,29,200,50.4,21.3,4,2,7,6
0,48,196,100.8,0.0,2,1,-6,8
1,24,155,67.4,21.3,1,2,6,12
0,56,196,52.1,12.9,5,2,7,5
1,26,173,107.7,18.6,1,2,8,12
1,25,176,99.3,21.5,4,1,-5,9
0,37,178,69.8,14.7,3,0,0,4
1,59,189,82.1,16.8,1,1,-5,11
1,49,181,78.8,10.6,1,2,6,7
1,22,199,69.6,12.8,3,0,0,5
1,42,197,53.3,29.6,1,2,8,7
1,41,194,66.4,29.3,5,1,-2,8
1,34,196,74.1,0.0,3,0,0,11
0,30,195,101.9,20.0,5,1,-7,13
1,54,180,50.7,23.0,2,0,0,13
1,26,157,101.3,20.5,1,2,6,8
0,59,166,85.3,17.7,4,1,-8,10
0,53,164,61.2,13.8,2,2,3,12
0,26,181,86.2,22.8,1,1,-4,10
1,60,189,97.2,21.9,2,1,-4,8
1,56,157,85.6,24.6,4,0,0,16
0,55,177,60.3,21.3,3,1,-5,16
1,41,166,93.3,18.6,4,1,-7,16
1,23,181,100.6,21.5,2,2,4,12
0,56,159,90.2,25.4,5,1,-7,6
0,26,196,102.9,15.9,2,1,-7,11
0,51,163,78.1,26.8,2,0,0,10
1,21,198,105.7,13.9,5,1,-5,9
1,33,172,61.5,17.0,1,0,0,5
0,42,192,56.9,15.8,4,1,-6,12
0,55,182,70.2,19.4,5,2,8,16
1,20,168,97.5,14.5,2,1,-3,7
1,40,170,104.8,29.1,3,2,4,6
1,32,166,81.3,17.6,3,2,6,10
1,43,194,53.7,18.6,5,0,0,11
1,18,179,72.6,18.8,4,0,0,4
0,32,188,88.6,12.3,2,1,-5,12
0,59,170,81.1,23.0,5,1,-7,6
1,29,188,102.0,0.0,1,2,7,8
1,55,153,94.2,0.0,1,0,0,13
1,32,168,63.3,11.0,1,1,-6,12
0,18,158,90.9,25.7,1,2,3,10
0,29,150,52.6,24.6,4,2,5,9
0,19,175,60.8,10.1,4,2,7,4
1,19,150,59.8,0.0,4,1,-6,14
1,60,197,50.5,12.2,5,2,5,5
0,36,190,76.4,28.8,2,0,0,8
1,55,171,52.2,25.1,5,0,0,6
0,49,177,67.3,18.6,1,0,0,12
0,30,158,103.0,27.7,2,0,0,16
0,42,172,77.9,25.8,2,2,4,7
1,19,176,69.2,24.1,5,2,5,15
1,54,162,76.8,0.0,3,2,2,4
1,56,169,101.8,21.3,1,0,0,6
1,53,179,86.5,17.7,1,0,0,12
0,32,196,54.6,0.0,5,1,-4,4
0,43,191,69.7,10.5,2,2,3,10
1,44,176,87.5,14.5,1,1,-6,14
0,33,172,61.4,13.8,1,2,6,6
0,52,189,54.3,21.0,5,0,0,4
0,32,163,69.7,20.8,3,1,-6,9
1,43,153,54.8,28.5,5,0,0,13
0,33,182,107.5,0.0,3,0,0,12
1,28,186,64.3,13.4,2,1,-2,10
1,36,166,71.9,17.2,3,2,8,15
1,59,164,58.0,22.4,2,2,4,5
0,38,195,80.6,11.8,5,1,-8,15
1,59,191,93.9,19.8,4,1,-3,10
1,24,182,109.5,0.0,2,1,-8,14
1,33,190,65.8,27.9,3,1,-8,16
0,37,160,65.8,19.9,2,1,-4,13
0,22,169,105.2,17.4,5,0,0,15
0,39,178,94.4,22.0,4,1,-4,9
0,52,177,72.2,20.7,2,0,0,11
1,55,188,88.4,21.3,2,0,0,6
1,41,170,65.2,24.5,5,0,0,13
0,29,184,68.0,28.0,2,0,0,5
0,34,182,83.0,0.0,3,1,-3,13
1,37,155,105.1,26.0,1,1,-8,16
1,47,190,52.6,24.0,5,1,-6,9
0,50,190,101.5,27.3,1,2,8,5
0,23,177,81.3,13.4,2,1,-2,11
0,44,153,52.2,20.7,1,0,0,6
1,34,177,92.7,19.1,4,1,-2,7
0,35,153,64.8,16.6,3,1,-7,12
0,59,159,73.3,20.4,2,2,7,4
0,35,176,83.4,12.8,4,1,-5,14
0,50,167,53.0,18.9,3,2,8,4
0,18,183,69.0,20.5,2,1,-5,13
1,22,178,92.4,15.3,5,2,7,12
0,39,167,64.3,16.0,5,0,0,15
0,32,179,97.5,15.4,1,2,3,11
0,40,165,107.4,22.7,5,2,5,6
1,35,159,55.2,13.0,5,1,-3,9
1,30,171,60.1,29.1,5,2,8,15
0,55,178,75.5,23.0,2,1,-8,5
0,29,188,69.5,0.0,5,0,0,14
1,44,194,97.2,29.6,2,2,3,6
1,18,185,76.0,10.0,5,2,7,5
0,20,159,88.3,10.5,2,1,-4,13
0,29,161,105.3,0.0,4,1,-5,14
0,20,191,83.8,0.0,5,1,-3,15
1,52,187,94.6,23.0,4,2,2,8
1,24,189,64.6,25.7,4,0,0,9
0,57,189,98.4,28.0,3,2,7,16
1,20,164,81.2,24.0,5,2,7,4
0,60,185,59.5,0.0,1,2,3,4
0,35,162,64.6,11.3,1,0,0,14
0,38,190,57.1,0.0,3,2,7,6
1,47,178,92.8,26.2,5,0,0,4
1,57,185,106.9,21.1,4,0,0,16
1,18,200,96.0,28.4,4,2,5,13
1,29,185,68.9,28.3,3,1,-2,11
0,21,171,76.4,23.8,3,2,6,11
0,27,178,95.8,23.6,2,2,3,12
0,40,185,58.0,0.0,5,2,2,7
0,27,177,100.1,0.0,4,2,7,7
0,58,161,62.6,0.0,3,1,-5,13
0,38,185,86.1,12.1,1,0,0,12
1,31,178,104.4,0.0,2,2,3,14
0,53,161,89.8,27.2,2,0,0,6
1,41,196,54.2,13.8,4,2,7,14
0,25,170,69.8,14.0,5,0,0,8
1,21,190,95.9,17.1,3,2,4,8
0,59,187,75.1,26.2,1,2,2,13
0,31,156,96.9,20.5,1,1,-8,10
0,39,194,75.4,14.7,4,1,-3,8
0,26,171,81.9,0.0,3,1,-2,15
0,39,152,107.5,15.2,4,1,-8,11
1,57,166,51.0,25.1,4,2,6,7
0,48,197,68.4,0.0,2,1,-5,8
0,41,163,91.1,22.5,4,2,7,5
0,56,166,78.4,0.0,3,1,-8,14
0,53,167,59.5,24.9,4,1,-2,13
0,51,153,108.2,23.6,3,0,0,7
0,54,158,104.8,14.6,1,0,0,15
1,24,187,107.4,10.0,1,0,0,15
1,53,164,62.4,27.1,3,2,5,9
1,51,152,50.5,11.8,2,1,-2,11
1,19,173,52.0,25.0,1,0,0,5
0,53,164,102.7,25.9,4,1,-7,13
1,22,190,74.7,10.7,4,1,-4,5
1,18,164,98.7,0.0,4,1,-2,11
1,20,171,51.4,19.3,2,0,0,4
0,53,184,69.2,15.4,4,1,-7,14
0,32,188,96.4,28.0,1,2,7,11
0,38,194,99.0,20.8,2,1,-7,6
0,26,186,77.1,25.0,2,1,-7,4
1,43,183,98.1,19.7,5,1,-8,10
0,51,196,73.7,12.9,3,2,5,5
1,19,152,97.0,21.5,3,2,5,10
0,52,199,60.7,14.6,1,1,-7,7
1,45,157,53.9,14.3,2,2,3,16
0,46,185,103.5,22.8,2,2,7,9
1,41,179,52.1,14.6,1,1,-8,14
1,52,172,65.5,0.0,3,2,2,7
0,53,199,71.3,16.3,1,1,-2,13
0,37,169,74.7,10.1,4,0,0,10
1,58,188,53.4,11.1,2,1,-8,11
1,50,199,89.2,12.4,2,2,5,9
0,38,195,55.6,23.7,3,1,-6,7
1,42,161,64.6,0.0,4,2,8,8
1,29,183,104.8,28.6,2,2,3,12
1,57,199,54.2,16.8,4,1,-7,13
1,59,176,92.7,0.0,1,1,-7,11
0,47,181,50.6,20.3,4,1,-3,10
0,48,166,52.6,22.9,2,0,0,4
0,43,188,71.4,18.0,3,1,-3,16
0,18,195,106.1,0.0,3,2,8,11
0,55,181,60.2,10.3,4,2,8,4
1,24,190,60.5,20.8,4,0,0,14
0,20,157,67.9,20.2,3,2,6,7
1,48,171,96.1,15.3,2,1,-2,4
1,59,187,74.3,22.1,4,0,0,9
0,20,176,78.3,28.5,4,1,-3,7
1,51,180,74.4,11.5,4,1,-3,13
0,23,196,74.8,23.6,5,2,2,9
0,42,150,64.9,28.4,5,1,-2,11
0,51,181,88.7,20.6,3,2,7,15
1,47,194,61.2,25.1,4,2,8,9
1,22,190,72.6,23.0,2,1,-8,13
1,34,170,72.0,18.8,5,2,4,5
1,21,166,71.3,28.0,1,1,-8,15
0,47,188,108.9,11.1,2,0,0,14
0,60,180,97.4,15.3,1,0,0,4
1,44,189,98.7,28.2,1,0,0,8
0,55,172,79.1,17.9,1,2,7,6
1,33,156,57.5,15.5,5,1,-3,4
1,33,199,65.0,20.1,3,2,6,12
0,26,154,54.9,21.1,1,0,0,8
0,41,161,57.9,29.9,3,2,7,6
0,27,193,78.4,24.4,3,2,6,12
0,32,198,89.9,26.3,3,1,-7,10
0,34,190,92.4,14.0,2,2,5,15
0,31,189,68.2,18.9,3,0,0,14
0,33,192,96.9,22.7,1,1,-3,15
0,20,186,88.8,22.4,5,2,4,6
0,28,184,63.5,0.0,4,1,-8,14
0,54,180,101.0,19.4,2,1,-3,9
1,30,152,62.8,27.8,4,0,0,14
1,58,153,90.4,17.9,1,0,0,8
1,47,160,86.9,23.5,5,0,0,16
1,24,197,99.1,17.4,3,2,6,6
0,26,199,86.4,20.5,3,1,-5,15
0,48,173,55.9,26.8,1,2,5,8
1,43,191,95.1,21.7,2,1,-8,11
1,49,184,73.0,11.0,1,0,0,4
0,22,168,85.9,17.3,5,1,-8,7
0,18,180,85.4,12.6,1,1,-7,4
1,24,175,68.9,19.6,3,2,8,5
0,25,154,83.2,21.4,4,2,4,4
0,38,176,97.0,27.5,5,2,4,10
0,20,189,66.7,16.9,3,1,-3,9
1,31,197,73.1,0.0,5,0,0,9
0,59,151,78.0,25.7,4,0,0,14
0,54,190,75.5,18.4,3,1,-5,8
1,29,193,95.5,29.1,4,0,0,10
0,19,177,97.7,0.0,4,1,-6,6
0,46,199,94.2,12.0,1,0,0,6
0,23,177,59.5,25.7,4,1,-2,15
1,22,156,74.8,10.4,4,1,-8,13
1,55,182,94.1,30.0,5,0,0,6
1,33,153,103.8,18.2,4,0,0,7
1,28,194,104.8,29.3,2,1,-5,14
0,19,167,56.9,15.0,3,2,3,6
0,38,176,75.3,26.9,1,0,0,10
1,25,157,65.2,24.4,2,0,0,10
0,30,168,99.6,30.0,3,1,-3,12
0,45,199,99.7,0.0,4,2,7,15
1,44,171,53.1,28.8,2,1,-4,16
1,31,177,77.7,0.0,1,0,0,6
1,39,154,80.0,10.1,2,0,0,11
0,59,178,60.4,14.1,1,1,-8,10
0,49,184,75.6,20.8,2,2,4,11
1,36,199,93.5,26.1,5,2,2,8
0,48,186,97.7,11.1,2,2,3,9
1,43,152,106.1,27.8,2,1,-8,7
0,57,198,85.5,12.4,1,2,5,10
0,58,163,81.7,14.9,5,1,-8,9
0,19,152,79.8,29.0,3,1,-7,4
1,46,177,62.5,0.0,2,0,0,8
1,37,175,62.0,26.5,1,1,-8,12
1,60,183,76.6,23.9,5,1,-2,7
1,46,163,53.7,13.9,1,1,-6,14
0,28,152,56.9,18.3,3,2,3,12
1,33,180,93.8,11.9,1,2,7,4
1,42,190,51.6,26.0,4,1,-8,14
1,57,189,80.0,26.0,5,2,3,14
1,29,186,102.6,28.0,1,2,2,13
0,43,194,102.6,16.9,4,0,0,11
1,29,156,103.6,14.2,3,1,-6,5
0,20,162,60.9,23.8,5,0,0,13
1,40,166,101.5,22.1,3,2,5,11
0,57,177,74.3,26.7,1,0,0,7
1,28,157,76.1,24.5,5,0,0,12
1,31,170,78.3,26.1,2,1,-4,5
1,54,152,58.1,13.2,3,1,-2,6
1,27,183,64.6,16.1,2,2,5,8
1,25,195,97.7,24.3,3,1,-7,15
1,57,193,77.0,29.3,1,1,-5,11
1,25,177,78.5,29.7,2,0,0,6
0,45,173,82.4,25.8,2,1,-8,8
1,44,156,88.5,22.7,1,2,5,4
1,36,192,100.3,20.5,4,2,6,15
1,37,162,90.8,20.0,2,2,8,9
0,42,172,72.8,14.9,2,0,0,8
1,33,189,94.4,19.4,4,2,3,6
0,56,151,81.9,12.8,2,2,5,14
1,29,190,99.1,21.6,5,2,4,10
0,19,154,81.0,0.0,2,0,0,6
1,28,169,91.4,0.0,4,1,-7,13
0,58,178,69.5,29.6,1,1,-4,12
1,49,180,59.7,29.9,1,0,0,11
0,40,181,77.1,14.1,2,1,-4,16
1,24,180,80.2,21.9,4,1,-7,16
0,40,178,67.3,20.0,3,0,0,6
0,25,186,79.8,28.1,1,2,7,12
1,29,160,90.0,21.7,5,2,8,10
1,57,161,82.2,0.0,3,0,0,9
0,39,177,95.0,16.2,4,1,-8,5
0,33,162,74.5,10.3,5,0,0,15
1,40,163,53.5,10.8,5,2,7,14
1,30,172,75.1,21.8,5,2,3,10
1,31,195,52.6,21.7,1,1,-2,4
1,58,156,53.8,24.5,2,0,0,7
0,35,190,74.8,29.5,2,1,-6,4
1,35,192,58.2,28.4,4,2,6,7
1,38,167,55.5,13.9,4,0,0,5
1,50,176,107.2,0.0,1,1,-6,5
0,27,180,96.8,25.6,1,0,0,9
0,53,200,79.5,20.9,5,2,7,4
1,60,168,108.7,24.5,1,2,4,16
0,30,180,71.8,0.0,4,1,-6,16
1,33,157,79.5,27.0,4,0,0,8
0,21,163,74.8,25.0,4,0,0,8
0,43,169,105.1,0.0,4,2,5,16
0,44,154,77.4,21.4,3,0,0,10
1,58,181,67.6,17.1,4,0,0,9
0,53,193,110.0,28.7,2,1,-3,7
1,26,189,84.9,0.0,5,0,0,14
0,56,155,94.0,21.6,2,1,-5,4
0,58,155,69.5,13.2,1,0,0,16
1,22,198,102.6,12.7,1,0,0,6
1,54,154,104.7,26.4,2,1,-5,6
0,31,187,87.2,17.4,5,2,8,11
0,18,193,71.8,16.9,2,0,0,13
1,25,195,101.4,15.4,5,1,-8,5
0,51,155,73.3,26.3,5,1,-2,9
0,19,186,99.4,13.8,2,0,0,8
1,46,180,86.5,24.6,3,2,4,6
0,33,177,102.2,0.0,1,1,-3,9
0,52,171,104.8,27.4,1,1,-5,12
0,21,190,85.9,28.0,1,0,0,9
1,51,161,79.8,17.9,3,2,4,11
0,28,171,61.8,25.5,5,2,6,7
1,41,195,63.9,16.3,5,1,-7,14
0,27,192,79.8,22.7,3,0,0,5
1,45,192,75.7,0.0,1,1,-8,16
1,47,194,93.3,21.2,2,2,6,12
0,51,162,54.8,0.0,2,0,0,16
1,43,180,89.8,20.6,1,0,0,16
0,41,155,99.7,16.0,2,1,-5,16
1,23,161,91.5,13.8,5,0,0,12
1,60,181,102.5,0.0,3,0,0,4
0,28,170,62.3,0.0,2,2,8,7
0,51,160,76.1,24.3,3,0,0,4
0,39,189,95.0,20.4,2,2,4,10
0,23,179,56.1,0.0,4,2,6,13
0,19,164,106.3,15.7,5,1,-6,8
0,35,183,90.9,23.5,1,1,-7,9
0,38,159,90.3,25.5,3,0,0,5
1,34,151,82.8,16.1,2,1,-2,15
1,23,174,91.3,0.0,5,2,5,16
1,36,162,100.1,13.1,1,2,5,8
0,40,193,55.9,14.3,3,0,0,8
0,29,161,62.6,23.3,4,2,2,6
0,20,175,62.3,12.4,4,0,0,5
1,54,156,92.7,12.2,1,2,2,11
0,22,195,62.7,0.0,4,2,4,4
0,25,182,83.5,21.0,1,1,-4,6
1,40,176,84.5,20.2,4,2,5,5
1,53,168,97.1,13.5,4,0,0,11
1,25,179,52.8,14.2,3,1,-5,16
0,37,188,83.2,12.3,4,1,-6,7
1,46,168,102.5,29.8,3,2,3,10
0,21,165,59.6,12.7,2,0,0,4
0,34,192,81.1,14.3,5,2,3,12
1,33,161,80.9,17.4,4,2,6,10
1,54,196,109.0,0.0,4,2,2,8
1,58,198,78.8,10.1,4,1,-5,15
0,29,175,89.7,24.3,4,1,-7,4
1,35,172,102.2,28.3,5,2,6,13
1,32,163,100.1,15.5,2,0,0,16
0,30,178,63.4,20.7,1,2,8,13
0,59,155,100.3,16.8,2,0,0,10
1,24,183,88.6,20.6,5,0,0,10
1,20,156,71.9,25.9,1,2,4,13
0,39,183,73.9,20.6,4,1,-6,16
1,45,182,79.1,21.1,3,2,3,7
0,40,157,101.1,20.9,1,0,0,16
0,47,168,86.2,29.5,3,0,0,15
1,19,160,81.1,17.5,5,2,8,11
1,46,166,64.7,17.5,2,1,-5,5
0,59,152,62.2,17.6,4,1,-2,16
0,32,160,93.0,20.5,2,0,0,12
0,59,180,108.1,21.8,3,1,-6,6
1,26,168,102.0,0.0,4,2,7,14
1,41,173,99.7,18.2,2,1,-5,9
0,43,173,63.2,15.6,2,0,0,14
1,39,151,82.4,19.3,5,2,5,11
1,23,191,71.4,15.9,1,1,-6,10
1,30,161,105.6,15.8,4,2,5,14
1,44,179,56.6,24.3,5,0,0,11
0,21,165,80.2,0.0,4,1,-2,15
0,28,198,66.6,28.1,3,2,4,4
1,39,179,87.1,27.5,1,2,4,16
1,51,172,91.4,18.6,2,2,3,10
0,50,156,51.7,25.8,1,1,-6,11
0,31,200,60.4,0.0,4,1,-7,12
1,36,165,57.4,24.7,4,0,0,10
1,19,157,61.5,25.7,5,2,6,15
0,57,186,51.0,27.9,2,1,-6,5
1,56,182,106.2,0.0,3,2,5,14
1,48,176,56.6,26.2,1,1,-4,12
0,26,175,65.3,0.0,4,2,7,7
1,44,153,74.9,16.3,4,1,-3,7
0,55,184,105.6,15.5,1,1,-5,4
1,39,178,99.4,12.8,5,0,0,11
1,31,198,106.6,25.8,1,0,0,8
1,47,181,62.3,23.3,5,2,4,10
0,34,171,97.9,17.8,5,0,0,15
1,50,164,104.7,21.9,2,2,8,9
1,59,188,52.9,24.1,4,1,-2,7
0,22,171,92.9,11.8,5,0,0,14
0,50,195,109.6,19.7,5,0,0,7
0,19,198,65.9,20.7,5,1,-8,14
0,52,183,93.6,17.3,2,2,2,8
1,41,162,53.5,19.5,4,1,-3,13
1,50,199,84.3,0.0,3,0,0,12
1,42,184,72.9,28.2,2,2,8,10
0,28,178,103.8,22.5,2,1,-3,10
0,45,200,105.5,26.0,2,0,0,14
1,40,168,106.6,27.2,2,0,0,11
1,30,151,58.2,25.9,3,1,-3,9
1,47,186,67.9,24.2,4,1,-7,11
1,33,186,103.3,25.9,1,2,4,6
0,50,197,100.0,0.0,5,0,0,14
1,55,174,87.2,13.6,5,1,-6,14
1,59,155,88.8,14.5,2,0,0,13
1,44,162,103.2,14.7,5,0,0,13
0,49,157,104.2,22.8,3,0,0,6
0,39,154,95.2,10.6,3,0,0,13
0,48,173,100.2,15.5,2,2,4,7
0,58,150,105.9,10.4,3,1,-6,9
0,47,179,76.6,17.7,1,0,0,5
1,42,165,68.2,23.0,2,2,4,14
0,39,185,89.4,23.7,5,2,6,6
0,34,186,91.5,0.0,2,0,0,15
1,54,177,75.7,13.8,3,1,-7,10
1,48,179,97.9,12.7,1,2,4,16
1,36,182,93.7,18.4,1,2,6,9
0,59,167,93.2,10.9,3,1,-4,16
0,43,166,106.0,29.0,5,0,0,16
1,39,190,93.0,0.0,4,1,-4,4
0,50,174,81.3,17.7,1,2,6,15
0,44,197,91.2,10.7,5,2,7,9
0,54,189,62.8,29.9,5,2,8,10
0,44,155,94.5,25.2,4,0,0,5
1,55,184,106.2,14.5,3,0,0,10
0,55,180,97.9,23.4,5,1,-6,8
1,23,181,69.2,18.6,5,0,0,13
0,43,192,86.4,12.9,2,0,0,6
0,48,190,58.0,24.7,1,0,0,14
1,42,176,108.5,15.3,3,1,-8,7
1,47,151,101.7,0.0,4,2,2,10
1,30,180,96.3,22.2,4,0,0,5
1,18,197,94.4,26.8,3,1,-5,7
0,52,184,52.0,11.8,1,1,-7,11
1,59,163,89.2,16.9,5,0,0,11
1,31,154,91.9,0.0,2,1,-5,15
1,41,176,59.4,19.9,4,1,-5,8
1,25,192,77.2,14.1,2,1,-2,11
0,56,157,68.9,27.8,1,1,-7,11
0,24,195,72.1,13.8,3,2,2,6
1,58,194,64.3,11.3,2,0,0,9
0,57,182,77.0,18.3,4,2,6,14
1,34,176,87.5,29.2,4,1,-2,12
1,31,181,101.8,10.8,1,0,0,13
1,31,157,99.7,0.0,2,1,-3,11
0,35,200,54.2,0.0,2,1,-3,6
1,44,173,55.9,21.2,4,0,0,11
1,22,192,65.7,18.5,5,2,8,9
1,32,155,94.0,24.1,1,2,6,13
1,48,151,55.2,28.3,2,1,-7,14
1,38,166,82.9,26.9,5,1,-7,7
0,53,175,107.4,15.1,3,1,-8,13
0,47,154,99.8,28.5,5,2,3,10
1,54,160,82.7,24.2,2,2,5,12
0,49,174,64.6,19.7,2,0,0,14
0,60,190,103.6,16.7,1,0,0,16
0,26,193,92.9,24.8,4,0,0,12
0,22,153,91.8,15.5,2,1,-6,10
1,52,150,58.2,0.0,1,0,0,11
1,59,194,80.0,28.3,2,2,5,8
0,18,199,80.2,26.7,2,2,7,9
1,22,158,93.2,0.0,4,0,0,16
0,49,152,51.4,28.4,3,0,0,10
1,43,176,50.8,15.0,5,1,-3,4
1,29,172,96.5,12.7,4,0,0,4
1,44,168,58.9,25.5,3,2,5,8
1,29,194,65.0,0.0,2,0,0,11
1,49,193,108.9,23.4,5,0,0,5
1,53,176,74.8,24.6,4,0,0,12
0,23,187,71.8,29.0,5,0,0,11
1,60,158,68.9,10.5,1,2,7,6
0,20,169,83.0,17.3,4,0,0,5
1,46,192,104.2,20.9,5,0,0,14
1,58,167,101.5,23.6,4,2,8,10
1,22,154,53.1,18.1,3,0,0,11
1,37,152,93.4,13.0,2,1,-6,15
0,41,192,88.6,18.5,2,0,0,14
0,36,198,72.1,0.0,3,2,6,12
0,33,173,99.5,0.0,5,2,2,10
1,27,168,73.7,16.1,3,0,0,10
1,45,190,52.0,14.4,5,2,3,11
1,30,185,79.7,23.7,5,1,-6,10
1,39,155,107.0,13.5,5,2,3,13
0,60,153,91.2,24.7,3,1,-2,6
0,33,159,64.6,19.7,1,1,-7,9
1,58,175,79.1,26.4,5,0,0,11
0,49,156,102.0,12.8,4,0,0,11
1,36,157,99.1,18.2,2,1,-4,7
1,25,192,104.2,0.0,5,1,-3,4
0,59,168,91.2,14.5,1,2,3,7
0,33,177,98.6,20.0,2,2,6,16
1,53,159,71.5,16.6,2,2,2,15
0,59,156,90.9,10.7,2,2,4,14
0,57,183,106.2,21.5,4,2,6,12
0,33,176,91.0,21.9,4,1,-5,10
1,44,187,100.2,16.9,3,0,0,5
0,27,179,98.2,15.5,5,2,3,10
0,46,170,102.8,28.8,2,0,0,4
0,39,197,64.1,17.7,5,1,-7,8
0,20,175,61.6,10.8,5,1,-7,10
0,41,167,70.4,13.5,1,1,-3,4
1,54,177,69.4,21.1,4,0,0,11
0,29,190,50.9,25.5,5,1,-6,9
0,46,157,108.4,27.9,5,2,7,13
1,30,152,73.3,14.6,5,1,-5,8
0,33,152,64.3,26.3,3,2,6,11
0,57,185,74.1,17.7,2,1,-4,10
1,44,189,109.9,22.4,4,0,0,10
0,39,166,72.3,0.0,1,0,0,6
1,30,171,75.0,0.0,2,0,0,8
0,53,176,89.9,28.2,3,0,0,10
1,35,191,55.5,27.8,1,2,6,5
1,60,173,53.5,0.0,2,0,0,8
1,50,175,93.3,16.4,4,1,-7,15
1,57,198,71.3,23.1,2,0,0,15
0,26,169,69.3,26.2,4,1,-8,8
0,33,169,94.0,25.6,3,1,-5,12
1,59,184,79.0,24.8,1,1,-8,10
1,52,174,68.8,0.0,5,0,0,16
0,59,185,97.0,26.1,5,2,2,14
0,51,159,56.5,25.0,2,1,-7,8
0,53,191,74.9,21.6,3,2,4,10
0,32,175,69.2,16.2,3,2,4,14
0,55,167,69.5,28.4,4,2,7,15
1,35,155,93.0,27.3,2,2,4,4
0,22,171,50.2,23.1,2,1,-5,6
0,21,150,86.1,15.1,5,0,0,5
0,34,194,59.7,13.7,1,0,0,15
1,37,182,67.7,19.3,5,1,-7,5
1,24,171,54.5,12.5,3,0,0,9
1,42,187,106.3,23.4,5,2,2,13
1,41,190,99.4,13.1,2,1,-2,7
1,40,171,86.9,10.3,3,2,6,11
1,56,188,57.0,0.0,5,1,-8,8
0,58,182,106.7,0.0,1,1,-8,4
0,30,170,71.6,24.7,5,2,7,9
1,23,194,98.4,18.4,4,0,0,15
1,33,188,58.1,20.9,1,0,0,14
0,26,181,65.5,25.1,4,1,-7,11
1,38,170,78.4,0.0,2,0,0,15
0,44,178,107.3,26.3,3,2,2,6
0,41,187,105.5,20.3,2,1,-6,15
0,40,152,78.1,29.2,4,0,0,11
0,31,159,94.7,19.5,3,2,3,13
1,37,191,69.7,0.0,3,2,8,6
1,59,193,61.6,11.1,4,1,-6,14
1,19,168,93.1,0.0,3,2,5,11
0,26,200,77.3,20.9,3,0,0,11
1,49,169,86.1,11.0,2,1,-4,4
0,39,181,104.9,11.8,2,0,0,15
0,24,155,79.7,21.1,3,0,0,7
0,58,175,79.6,0.0,1,1,-5,16
1,24,161,58.9,17.6,4,1,-3,7
1,57,153,93.4,0.0,2,1,-5,16
0,52,170,50.3,25.1,5,1,-6,5
1,49,191,80.3,29.2,4,1,-5,10
1,28,189,87.6,12.7,5,2,3,15
1,22,191,84.9,25.2,2,0,0,6
0,31,198,66.7,0.0,5,2,2,6
1,23,193,104.0,19.7,3,0,0,16
1,43,181,71.8,23.0,5,2,8,5
0,21,187,62.3,14.6,1,2,7,12
0,33,198,75.6,28.9,3,1,-8,14
0,39,152,96.5,0.0,3,1,-6,5
0,48,160,64.9,0.0,3,1,-8,12
1,58,178,93.1,21.2,2,1,-4,14
1,38,197,97.3,13.5,3,0,0,15
1,28,182,106.1,15.6,2,0,0,10
1,49,175,97.3,22.6,4,0,0,16
0,50,179,93.3,25.6,1,1,-2,7
1,40,154,78.2,13.0,1,1,-3,15
0,39,156,78.2,17.1,2,0,0,14
0,55,157,104.1,0.0,3,1,-6,7
0,49,157,69.4,0.0,3,0,0,7
0,33,173,99.2,14.3,1,2,2,15
0,59,177,101.5,23.8,2,2,5,5
0,34,152,83.3,17.2,1,1,-4,9
1,27,159,70.3,25.3,3,2,8,16
1,24,162,109.7,28.2,5,1,-6,8
1,48,172,85.7,19.0,5,2,3,14
1,48,177,96.8,0.0,5,1,-6,15
0,55,186,90.6,16.8,3,2,8,4
0,36,169,70.8,17.6,4,2,5,8
0,48,194,92.8,27.3,2,0,0,14
1,52,157,93.4,0.0,3,0,0,10
0,43,196,72.7,0.0,3,2,4,13
1,49,163,107.7,26.5,4,1,-3,5
1,44,185,72.1,20.1,4,0,0,4
1,46,199,102.5,11.2,3,0,0,8
0,43,199,87.9,23.1,1,0,0,10
1,35,182,99.7,15.1,4,1,-4,15
0,51,173,53.6,22.7,3,0,0,11
0,33,155,52.1,13.7,1,0,0,9
1,18,184,75.4,0.0,2,2,3,5
0,54,168,76.7,21.3,3,2,8,5
0,33,165,94.0,16.0,1,1,-7,8
1,27,189,98.3,23.1,4,0,0,15
0,57,192,108.5,0.0,5,1,-5,16
0,31,151,108.0,29.6,2,1,-4,13
1,41,179,86.7,10.4,5,1,-3,6
0,57,176,90.0,0.0,1,1,-5,15
1,31,181,84.5,17.3,4,2,7,11
0,57,152,76.9,23.1,3,2,2,4
1,50,187,66.1,21.9,2,2,6,6
1,40,169,85.4,24.2,4,2,3,12
1,40,171,73.2,0.0,3,1,-4,16
1,31,188,72.8,11.1,5,0,0,6
1,26,188,102.4,0.0,4,0,0,5
1,57,198,92.1,21.9,1,2,2,12
0,51,190,53.9,23.9,2,1,-7,15
0,20,163,83.0,23.2,4,1,-4,11
1,50,180,102.2,28.0,3,0,0,13
1,34,159,103.9,0.0,2,0,0,8
0,52,171,107.6,18.1,5,0,0,9
1,60,189,89.3,0.0,1,0,0,14
1,39,150,97.8,12.6,5,2,2,6
1,39,163,60.8,11.5,1,2,6,6
0,58,151,94.1,25.1,4,1,-8,11
1,53,188,102.4,13.5,4,2,3,9
0,45,196,80.0,16.9,5,1,-4,7
0,30,167,54.0,16.2,3,2,2,4
1,26,172,107.8,11.4,4,2,8,8
1,31,187,77.9,24.9,2,2,8,9
1,24,180,77.2,0.0,2,2,4,6
1,40,154,69.2,12.9,3,2,8,15
0,39,154,98.9,29.0,2,2,5,16
0,42,185,53.0,26.9,2,2,7,7
1,26,162,86.0,18.3,4,1,-4,10
0,40,176,51.8,28.5,5,2,6,13
0,43,189,77.7,28.5,4,0,0,16
1,27,171,73.2,20.9,4,0,0,12
1,52,181,70.1,23.6,4,1,-6,9
0,37,159,69.2,16.5,1,0,0,13
0,29,179,66.6,24.3,3,2,7,6
0,32,180,52.4,30.0,1,2,2,8
0,35,153,79.5,14.1,3,2,8,14
0,25,179,78.2,25.3,3,2,7,15
0,42,181,72.4,10.4,5,1,-7,5
1,49,173,77.5,16.6,4,2,8,16
0,23,176,97.2,26.5,2,1,-5,5
1,52,180,102.4,0.0,1,1,-2,16
0,30,174,100.8,26.5,2,2,8,12
1,55,200,83.9,20.6,5,0,0,4
1,42,160,84.9,28.1,1,0,0,12
0,59,187,56.4,29.1,1,2,7,13
0,34,157,63.5,0.0,4,1,-6,7
1,29,153,56.7,17.9,3,0,0,16
1,57,186,82.2,16.9,5,2,4,12
1,25,171,82.9,10.1,5,1,-4,14
0,53,164,103.3,20.0,1,2,3,9
0,19,192,64.0,25.5,4,1,-6,16
0,35,190,105.8,13.4,2,0,0,6
0,53,151,73.4,20.9,2,2,5,9
1,56,188,74.1,12.1,4,1,-2,14
1,20,164,68.0,22.3,5,0,0,7
0,40,198,77.6,24.6,2,2,7,8
0,43,151,88.4,23.0,4,0,0,8
0,52,193,53.2,10.7,2,2,2,8
1,46,195,54.3,26.0,5,0,0,12
0,30,168,84.4,29.9,3,2,2,9
0,56,194,65.4,24.2,3,0,0,13
1,35,182,54.1,11.4,4,0,0,12
1,41,158,58.1,24.0,5,1,-4,11
0,23,160,66.3,12.2,5,0,0,11
0,34,164,74.6,0.0,3,0,0,8
1,28,167,73.6,22.0,1,2,5,11
1,47,187,74.8,15.8,3,2,4,9
0,44,151,60.6,16.8,5,1,-5,5
1,19,150,88.8,17.0,1,2,8,7
0,47,154,69.5,27.7,1,2,7,7
1,53,165,60.7,28.7,4,0,0,8
1,59,154,63.5,12.1,5,1,-3,4
0,54,161,60.9,10.3,1,0,0,13
0,47,196,98.4,17.0,4,0,0,6
0,29,198,78.1,21.5,1,0,0,16
1,41,181,72.7,14.3,2,0,0,13
1,39,167,57.3,28.0,5,1,-4,5
1,28,174,86.2,27.0,2,2,4,8
0,19,153,96.0,24.7,3,0,0,15
0,28,154,72.4,22.5,3,2,5,15
1,53,186,75.0,27.0,5,1,-7,8
0,53,161,56.0,20.7,4,1,-2,13
1,23,154,60.4,0.0,3,0,0,4
1,52,174,104.3,20.0,5,0,0,7
1,50,156,57.4,22.6,2,1,-6,6
1,48,159,61.6,16.6,2,1,-4,6
0,44,193,62.1,28.0,5,2,4,11
1,57,195,53.5,16.5,2,0,0,9
1,47,150,54.9,28.1,1,1,-7,14
0,33,198,54.8,19.2,3,2,7,13
1,20,197,85.4,0.0,4,0,0,9
0,20,190,78.1,16.8,5,1,-6,10
0,60,192,97.5,11.5,2,2,4,8
0,30,186,70.1,23.1,2,1,-7,16
1,51,170,71.2,12.0,3,2,3,10
0,19,179,83.9,0.0,1,0,0,8
1,44,169,81.9,0.0,4,2,7,15
1,33,186,109.7,0.0,5,2,8,8
0,37,178,78.3,0.0,1,0,0,9
0,49,172,68.1,25.2,3,0,0,9
0,28,179,53.4,0.0,2,0,0,6
0,23,173,75.2,0.0,1,2,8,4
1,21,175,70.1,26.6,2,1,-4,14
0,42,173,108.8,24.9,5,0,0,14
1,46,176,51.5,10.9,1,0,0,8
0,37,150,51.5,23.8,5,2,7,13
0,35,162,73.0,0.0,5,1,-8,16
0,42,198,56.0,16.9,1,1,-3,11
1,44,152,89.1,19.9,4,2,5,11
1,54,175,55.9,10.0,5,0,0,4
0,28,165,79.0,16.7,5,2,3,15
1,57,169,63.8,11.8,5,2,2,8
0,31,155,71.6,12.2,5,0,0,8
0,54,156,78.2,21.6,2,0,0,7
1,47,165,69.4,18.2,2,1,-7,11
0,47,187,65.4,29.8,3,0,0,14
1,57,179,109.6,19.0,1,0,0,12
1,44,192,109.6,24.1,5,1,-6,16
1,39,194,67.5,0.0,4,0,0,6
0,54,192,78.7,27.3,1,1,-8,16
0,36,196,83.8,22.6,3,1,-8,15
0,57,168,91.8,22.8,1,2,7,14
1,60,182,82.7,19.9,1,2,3,16
0,29,190,108.5,29.4,2,2,4,13
0,22,196,86.2,24.7,4,2,2,11
1,54,187,94.8,24.1,4,2,3,12
1,32,192,64.9,15.9,1,2,8,4
0,52,160,50.2,0.0,5,0,0,13
0,48,186,107.6,19.6,2,1,-5,9
0,24,191,64.8,0.0,3,0,0,5
0,31,156,58.6,20.1,2,1,-6,11
1,42,180,93.2,18.1,3,1,-6,11
1,21,181,69.9,0.0,5,1,-2,12
0,42,167,109.4,15.3,4,2,2,5
0,18,200,104.1,26.4,4,1,-4,15
0,31,186,81.1,13.6,5,2,4,13
0,49,167,88.8,13.8,2,1,-2,5
1,28,191,93.4,26.0,5,1,-8,16
0,36,160,102.3,17.8,2,1,-4,5
0,46,161,58.0,22.3,2,0,0,15
0,60,173,58.0,0.0,2,0,0,7
0,59,157,96.6,17.1,5,1,-2,5
1,33,167,64.7,12.8,4,2,3,11
1,21,160,57.9,28.3,5,0,0,4
0,36,184,75.0,0.0,5,0,0,13
0,33,152,87.8,27.7,2,0,0,13
1,46,157,52.1,13.1,5,0,0,8
1,18,196,87.8,19.1,2,1,-8,15
1,49,173,60.8,12.3,4,2,8,13
1,51,166,61.3,16.1,2,2,4,14
0,55,156,107.4,0.0,3,0,0,4
1,60,164,70.9,0.0,1,1,-8,5
0,50,170,70.7,20.8,2,1,-6,5
0,28,185,66.1,16.8,2,0,0,13
0,42,172,68.0,16.6,4,2,6,6
0,32,162,77.4,19.1,2,2,6,5
0,32,197,65.5,0.0,5,1,-8,15
1,48,186,58.8,18.5,5,0,0,8
0,59,170,71.5,0.0,1,0,0,9
0,38,180,54.0,16.8,3,0,0,12
1,34,167,100.4,28.5,5,0,0,9
0,38,182,60.2,0.0,2,1,-8,15
1,25,153,68.6,24.2,3,1,-2,10
0,28,181,83.6,21.6,3,1,-2,12
1,49,198,95.8,24.7,1,1,-3,8
1,22,197,53.3,15.4,5,0,0,9
0,34,183,89.6,13.1,1,0,0,4
0,36,169,104.5,19.1,4,1,-7,14
1,59,179,52.4,20.6,4,0,0,5
1,19,172,81.7,11.5,4,0,0,15
0,49,163,50.0,26.2,3,1,-7,8
0,34,161,79.8,21.1,1,2,7,13
1,51,199,64.1,14.7,5,2,7,13
1,21,198,54.1,0.0,3,0,0,9
0,21,182,95.5,16.4,5,1,-6,11
0,59,194,95.3,17.2,4,2,6,11
0,20,172,63.0,16.2,5,1,-7,5
1,52,172,101.4,27.2,1,1,-7,14
1,42,167,102.5,19.8,1,0,0,11
0,50,182,74.9,25.6,3,1,-6,14
0,50,197,80.5,28.4,5,0,0,15
0,52,163,80.8,11.9,5,1,-6,12
0,30,150,105.5,21.8,5,0,0,11
1,41,174,109.5,0.0,5,0,0,5
1,47,187,97.6,0.0,1,0,0,16
1,51,160,89.5,18.2,5,0,0,7
1,47,180,78.2,20.8,1,2,4,8
0,43,195,54.0,14.8,1,0,0,9
1,60,194,105.9,10.9,5,0,0,9
1,30,199,105.0,22.7,3,0,0,4
1,39,176,108.3,14.6,5,1,-7,13
0,59,163,96.2,0.0,3,2,8,15
1,54,161,96.8,10.1,3,2,5,10
0,58,177,80.0,24.7,4,1,-2,5
1,44,161,70.6,21.6,4,0,0,14
1,40,198,52.2,21.3,4,0,0,10
1,51,171,73.4,19.3,5,0,0,11
0,32,156,61.8,12.4,1,0,0,4
0,59,197,106.9,12.1,1,2,5,15
0,57,154,99.6,18.9,2,2,4,15
1,59,153,65.1,29.3,2,1,-4,7
0,49,197,51.5,14.9,3,1,-3,16
1,47,200,101.1,0.0,2,1,-2,9
1,36,179,61.3,27.4,2,2,3,7
0,36,160,59.9,24.4,2,2,2,10
0,37,192,59.2,23.9,1,0,0,11
0,40,166,106.5,17.9,5,1,-7,6
1,33,178,99.5,29.6,4,2,6,7
0,48,153,100.0,28.2,5,0,0,15
0,28,152,66.8,23.0,4,0,0,4
1,55,170,91.1,16.6,1,1,-7,10
1,54,171,68.2,27.2,1,0,0,12
0,44,158,60.4,20.4,4,1,-2,15
1,20,186,73.6,14.7,1,0,0,9
1,42,175,77.3,17.1,3,2,7,5
1,28,186,70.9,0.0,2,1,-8,7
0,31,184,51.5,10.2,3,0,0,14
0,51,193,52.1,10.1,4,2,4,7
1,42,193,55.7,24.3,5,1,-6,12
1,59,171,100.4,28.2,1,0,0,7
0,29,182,69.9,0.0,1,2,7,15
0,40,174,107.0,21.9,3,0,0,12
1,28,186,75.1,23.5,5,1,-3,15
1,27,165,102.5,19.7,2,1,-8,15
0,48,176,76.9,17.1,2,0,0,13
1,33,167,67.3,0.0,4,1,-6,8
0,25,167,103.7,24.5,4,2,2,4
0,51,177,62.9,24.9,5,2,6,16
1,50,157,60.7,24.8,5,0,0,6
0,24,188,58.4,11.1,2,2,5,8
0,45,194,67.3,10.2,5,1,-7,13
0,48,151,76.9,23.1,4,0,0,10
0,54,157,81.5,14.3,1,1,-5,8
1,42,175,69.5,28.1,5,0,0,8
0,58,158,79.4,29.7,2,2,4,11
0,27,170,90.6,0.0,1,1,-7,11
0,35,156,65.1,18.3,5,0,0,9
1,60,163,84.7,24.8,1,0,0,9
1,54,162,52.2,11.1,4,0,0,12
0,39,192,103.0,25.9,4,0,0,13
0,27,198,55.8,0.0,5,2,6,5
0,41,185,88.9,23.2,3,0,0,7
1,29,198,71.4,29.2,4,1,-3,6
1,35,156,92.2,12.0,1,1,-6,15
1,28,162,96.7,16.2,4,1,-3,13
1,52,197,70.8,20.6,1,2,4,5
0,38,199,105.4,11.9,4,1,-8,5
1,46,157,82.7,20.7,3,1,-6,7
1,24,169,81.8,18.0,5,2,6,12
0,35,190,96.3,18.5,5,2,4,9
1,38,158,57.4,12.9,1,0,0,16
1,42,199,86.8,0.0,2,2,8,10
0,40,178,78.7,0.0,2,2,4,12
0,39,177,100.0,16.0,1,1,-6,12
1,53,150,106.8,0.0,1,0,0,7
0,40,180,105.0,21.1,3,0,0,10
0,30,186,79.4,16.9,1,2,7,5
0,19,176,71.8,20.1,2,0,0,5
0,30,171,102.2,21.8,4,2,8,6
0,56,196,97.5,15.5,1,2,3,11
1,56,166,109.2,14.1,2,2,2,16
1,41,176,88.3,13.1,4,0,0,7
1,51,179,69.9,21.0,1,2,6,5
1,57,194,50.3,25.9,5,1,-8,9
1,39,175,81.0,0.0,1,2,8,10
0,53,167,109.9,19.5,2,1,-4,4
0,25,198,93.3,26.5,5,2,2,7
0,27,156,82.7,0.0,3,1,-7,4
1,20,158,87.8,11.3,2,0,0,13
0,51,185,52.4,27.7,3,2,7,5
0,54,157,79.0,23.9,2,2,8,14
1,50,169,51.1,21.7,1,2,7,16
1,36,197,52.8,26.0,5,1,-3,15
1,51,196,105.5,23.0,4,1,-3,4
0,28,186,93.1,22.0,4,2,8,10
1,25,179,85.8,28.7,1,0,0,6
0,29,184,75.5,29.6,5,2,3,13
0,60,157,78.8,0.0,1,1,-4,16
1,31,168,52.3,15.5,2,1,-8,14
0,37,164,100.4,18.9,3,0,0,8
1,28,182,80.0,15.4,3,2,7,15
0,25,150,62.8,20.1,4,0,0,10
0,35,189,85.6,11.2,1,1,-6,7
0,60,190,69.3,21.6,2,0,0,6
1,31,200,64.4,13.3,3,0,0,11
0,57,179,106.6,25.9,4,2,5,4
1,35,172,70.7,11.3,4,1,-7,12
0,42,155,106.2,18.8,3,1,-4,10
1,53,164,63.2,0.0,2,2,2,7
1,50,166,85.2,10.4,5,0,0,16
0,25,155,91.8,27.7,4,1,-6,11
1,57,198,97.7,14.9,4,0,0,8
0,56,196,78.1,10.6,4,1,-2,15
0,35,189,52.3,29.1,2,2,5,12
1,54,176,101.5,10.5,3,0,0,16
0,32,170,64.0,13.9,2,0,0,10
0,29,193,66.9,0.0,1,0,0,10
1,19,156,69.9,13.0,2,0,0,9
1,26,150,102.8,25.3,5,1,-5,4
0,33,150,50.3,26.4,2,1,-2,8
1,28,157,64.3,28.9,5,0,0,10
1,48,188,102.3,18.0,3,2,6,5
0,39,162,89.6,29.8,5,2,7,12
0,52,160,109.4,17.3,5,2,6,11
0,44,154,63.9,11.6,3,0,0,15
0,58,182,98.0,18.8,3,2,8,6
1,58,188,86.8,28.3,1,0,0,11
1,59,160,58.7,0.0,5,1,-3,10
1,30,182,54.7,26.0,5,0,0,6
0,44,185,84.4,11.3,2,1,-6,13
0,26,192,71.5,27.3,1,1,-8,10
1,49,200,98.3,16.6,1,1,-7,4
0,34,190,89.3,14.5,3,1,-4,10
0,49,166,82.3,23.5,5,2,7,12
1,20,180,60.2,18.6,3,2,5,4
1,23,161,60.9,25.5,4,1,-6,15
0,49,193,60.2,28.9,5,2,2,9
1,46,152,80.0,11.7,1,1,-4,6
0,33,194,86.6,25.7,4,1,-8,12
0,52,173,69.1,20.4,1,1,-2,16
1,56,176,59.4,21.6,4,2,3,13
1,18,187,74.6,23.1,5,0,0,9
0,29,172,75.6,0.0,4,2,8,4
1,50,179,68.4,21.5,3,0,0,5
0,20,154,92.0,18.9,5,2,7,16
1,21,162,67.4,10.2,3,2,5,14
1,34,150,78.0,0.0,5,2,8,14
1,34,177,71.7,19.1,5,1,-6,9
1,59,160,89.3,23.5,3,2,3,8
1,56,187,55.0,11.8,3,1,-4,11
1,26,166,98.2,26.0,4,0,0,5
0,43,199,76.2,22.6,1,1,-8,15
0,37,177,86.9,26.3,5,2,2,9
0,35,183,82.2,0.0,5,1,-4,4
1,58,187,76.5,13.6,2,0,0,5
0,54,188,100.9,25.7,3,2,3,16
0,39,177,99.5,25.8,5,1,-4,12
0,41,194,50.9,0.0,3,1,-2,6
1,49,172,88.4,0.0,4,2,8,7
0,31,186,92.0,23.9,5,0,0,4
1,42,161,98.4,25.7,4,0,0,9
1,21,173,71.1,12.1,2,1,-3,9
0,36,194,107.1,22.6,5,2,5,5
1,43,200,90.4,28.7,4,2,2,10
0,37,155,62.2,12.6,5,1,-3,11
0,54,183,80.4,15.1,1,0,0,4
1,57,199,82.2,11.5,2,1,-3,11
1,31,193,85.1,23.3,2,1,-8,11
1,32,156,65.7,22.1,2,0,0,8
0,20,155,95.9,20.1,2,2,4,5
1,54,161,63.2,11.3,2,1,-4,8
0,44,162,62.1,21.9,1,1,-6,11
1,25,153,67.3,23.5,1,0,0,5
0,32,172,65.5,27.3,4,2,3,5
1,51,160,67.7,28.6,5,1,-7,9
1,41,188,91.6,29.3,1,1,-6,9
1,52,180,94.7,20.5,3,0,0,10
0,29,193,86.1,29.4,3,2,3,10
1,39,156,70.8,0.0,1,2,4,6
1,53,165,72.2,16.3,5,0,0,5
0,33,153,95.5,10.2,4,1,-6,6
0,43,164,51.0,29.2,3,0,0,8
1,41,189,103.8,0.0,4,0,0,15
0,54,187,88.0,0.0,2,2,7,12
0,26,157,82.9,17.4,5,2,3,16
0,37,181,84.4,15.6,4,0,0,7
1,54,187,82.4,16.5,2,0,0,7
0,35,160,83.2,0.0,5,1,-4,10
1,30,159,53.2,26.4,5,1,-7,5
0,23,153,80.2,27.7,3,0,0,16
0,34,160,71.6,10.6,2,1,-2,10
1,20,158,97.8,29.8,4,1,-6,8
0,27,174,91.5,10.7,5,2,5,7
1,58,154,63.5,25.5,1,2,4,10
1,55,200,89.8,24.8,3,2,7,8
0,55,159,88.2,18.4,5,2,7,8
0,32,154,103.7,13.9,1,2,3,9
1,57,161,53.6,17.0,4,1,-3,8
1,25,151,63.2,0.0,2,2,2,11
1,19,156,54.7,28.6,3,0,0,12
1,26,156,69.6,26.1,3,0,0,13
0,21,165,78.3,26.4,2,0,0,16
1,57,175,96.8,16.4,4,2,5,16
0,32,177,86.3,22.4,2,0,0,11
1,28,186,57.8,12.9,1,1,-8,6
1,27,187,85.9,21.9,5,0,0,10
0,55,177,99.5,23.1,1,0,0,13
1,56,168,67.1,27.3,5,1,-7,7
1,39,163,72.4,0.0,4,1,-8,12
1,39,158,55.7,10.3,2,2,6,9
0,51,159,104.9,21.6,5,2,6,10
1,39,188,92.2,13.4,5,2,6,5
1,18,157,86.6,10.4,1,0,0,15
1,19,162,105.4,18.7,4,0,0,8
1,54,155,50.4,20.5,3,1,-8,13
0,28,150,98.4,26.7,1,1,-5,13
0,42,173,57.9,29.7,5,2,8,9
0,39,182,56.1,0.0,4,0,0,4
0,45,156,72.5,26.9,5,0,0,9
0,47,179,64.5,27.9,5,0,0,8
1,33,200,94.1,16.5,1,2,8,9
0,19,186,87.8,16.4,5,0,0,13
1,37,170,87.5,14.7,2,1,-8,7
0,23,159,80.4,26.2,3,0,0,8
0,58,182,54.7,20.7,4,0,0,7
1,57,154,86.1,26.8,3,2,4,12
1,43,171,101.3,27.7,4,0,0,5
0,29,153,64.2,12.2,5,1,-2,10
1,36,180,61.1,25.0,4,0,0,6
0,43,163,66.2,0.0,5,2,5,7
1,25,180,109.6,23.9,4,0,0,5
1,52,157,71.6,15.2,3,2,5,15
1,18,181,98.2,28.8,1,1,-4,7
0,42,158,62.8,24.4,3,2,3,6
0,28,191,57.1,29.9,2,1,-7,10
1,48,151,84.9,10.4,2,1,-7,15
0,44,193,52.6,15.4,5,0,0,16
0,60,198,79.8,10.2,3,0,0,8
1,38,152,75.2,28.1,3,2,3,5
1,38,196,93.9,13.8,5,2,4,12
1,55,155,96.8,12.3,1,0,0,5
0,52,158,70.2,24.5,2,2,3,12
0,38,168,53.6,20.1,1,2,8,4
1,54,152,74.5,14.7,5,1,-5,13
0,35,179,107.7,13.7,3,1,-3,7
0,33,179,91.7,15.4,2,1,-7,7
1,22,184,54.1,0.0,5,0,0,10
1,18,155,92.0,14.8,5,2,3,9
0,30,192,94.0,13.3,5,2,5,13
0,22,200,50.3,13.0,3,1,-8,10
1,23,164,91.2,14.1,5,1,-5,5
0,50,158,100.9,19.3,3,1,-4,15
1,22,169,79.0,17.7,2,2,5,13
1,55,183,81.1,28.4,4,0,0,14
1,52,172,50.6,25.5,5,2,6,6
0,19,181,105.0,25.2,5,1,-3,14
1,55,154,70.8,12.8,4,2,7,12
0,38,179,74.5,26.3,3,2,4,13
1,45,178,80.4,19.4,1,2,6,4
0,23,165,98.4,28.9,4,2,3,10
0,52,193,109.7,28.6,5,2,3,6
1,43,177,62.1,16.4,3,2,4,4
0,23,170,105.9,0.0,4,1,-2,10
0,44,191,60.2,16.8,4,0,0,4
1,38,169,85.8,17.9,1,2,2,7
0,22,179,59.9,12.2,1,0,0,8
0,36,196,74.8,17.3,5,2,8,13
0,53,157,98.7,0.0,3,1,-3,11
0,58,158,79.1,19.3,3,2,8,14
1,19,190,76.4,25.1,1,1,-7,10
0,35,155,66.1,17.9,3,1,-8,14
1,34,165,56.8,0.0,5,2,2,14
1,53,191,79.1,26.0,4,0,0,11
0,37,194,92.5,13.9,2,0,0,6
0,34,180,52.1,14.1,1,2,3,12
0,54,153,87.4,0.0,5,2,5,5
1,36,168,100.7,22.2,1,2,8,5
1,50,167,87.4,28.3,5,1,-4,8
0,43,172,56.0,24.3,5,2,4,12
1,23,153,75.9,0.0,1,0,0,14
1,57,182,61.4,0.0,1,1,-2,11
0,49,162,102.2,14.8,2,1,-5,7
0,32,181,75.7,29.9,5,1,-2,7
0,56,171,78.2,19.3,2,2,7,10
1,53,166,61.8,14.9,4,1,-2,6
0,40,157,50.3,17.5,2,1,-3,7
1,19,171,82.3,12.2,5,2,4,16
1,56,193,59.3,14.6,3,0,0,6
0,19,160,53.2,17.9,4,0,0,14
1,44,165,81.2,29.8,1,0,0,16
0,28,169,89.7,29.2,3,2,5,16
0,54,177,59.1,19.5,5,2,6,7
1,57,189,94.2,24.2,3,2,7,5
1,29,200,61.5,0.0,5,1,-5,10
0,29,164,87.0,19.4,2,1,-7,6
1,53,187,59.4,16.3,5,1,-6,8
0,35,194,69.1,14.6,2,0,0,5
0,35,199,95.9,15.3,1,2,2,11
1,46,189,75.6,28.5,1,2,7,4
0,33,163,101.5,28.7,2,0,0,13
1,32,163,62.7,17.1,5,2,3,11
0,44,175,97.9,23.6,2,0,0,7
1,18,177,91.9,22.7,1,2,6,15
0,57,199,100.7,16.7,1,1,-7,4
0,48,164,90.1,0.0,4,2,6,11
0,55,178,78.1,15.5,2,2,6,14
0,27,168,62.2,0.0,1,2,7,14
1,44,168,51.9,28.8,1,0,0,13
1,43,152,88.6,0.0,3,2,5,16
0,41,160,83.2,25.5,2,1,-2,9
1,35,154,87.5,0.0,2,1,-5,10
0,50,171,88.8,0.0,1,1,-7,4
1,40,188,76.3,17.9,3,2,7,14
0,20,190,95.7,23.0,1,0,0,9
0,19,196,51.8,28.6,1,2,7,12
0,23,168,70.8,0.0,4,0,0,7
1,54,166,101.9,0.0,1,2,4,14
0,45,171,71.4,25.5,4,2,2,9
1,60,183,65.0,0.0,5,0,0,4
1,29,183,89.7,14.8,4,1,-3,10
1,37,157,67.1,23.2,3,0,0,6
1,34,165,103.3,22.6,5,1,-5,8
1,30,177,86.9,27.6,4,1,-3,5
1,48,188,70.5,12.3,1,1,-5,4
1,37,159,81.0,17.7,2,2,3,15
1,42,196,97.6,29.3,2,2,5,16
0,21,189,65.0,23.6,5,2,7,15
0,51,193,57.2,12.0,2,0,0,12
1,20,151,69.9,0.0,2,1,-6,12
0,57,171,70.8,22.3,3,0,0,12
1,29,154,90.2,17.7,4,1,-2,8
0,25,185,107.1,0.0,2,1,-2,7
1,49,181,54.9,22.8,5,1,-2,10
1,58,184,57.8,13.3,4,0,0,6
0,28,157,88.2,28.3,3,1,-7,11
0,60,160,58.1,0.0,4,2,5,15
1,54,197,73.6,19.5,5,0,0,6
1,18,169,63.4,22.2,5,2,2,10
0,51,186,101.4,13.9,5,2,2,15
1,59,190,88.1,0.0,2,1,-3,7
0,19,187,89.6,0.0,5,2,6,16
0,34,189,98.6,27.2,1,0,0,12
1,57,195,60.7,29.4,5,2,8,10
1,23,162,106.8,17.5,1,2,2,5
0,44,151,96.5,10.8,2,2,5,13
0,27,151,63.9,22.6,3,1,-7,9
1,37,165,100.1,16.7,2,2,2,15
0,51,193,82.7,29.1,4,2,3,9
0,21,162,95.1,21.1,3,2,4,7
0,25,186,51.9,26.4,2,1,-8,14
1,38,152,94.9,24.4,4,2,6,16
0,44,184,101.0,17.0,2,2,8,10
0,35,180,77.3,23.3,5,1,-8,9
1,41,180,57.9,17.5,1,0,0,8
0,19,171,75.6,0.0,4,2,6,16
1,30,151,50.4,16.3,3,2,6,4
0,45,192,88.5,22.9,3,0,0,5
1,21,171,94.6,10.6,1,2,2,11
0,34,197,53.9,13.1,4,1,-6,9
0,46,183,58.8,23.6,3,2,2,13
1,28,179,60.9,13.2,5,1,-3,11
1,27,190,67.5,22.9,3,0,0,5
0,27,182,98.4,0.0,3,2,3,5
0,59,190,70.5,28.0,3,2,3,10
1,36,170,67.8,29.2,4,0,0,4
0,29,178,64.4,27.0,3,2,6,4
1,36,161,80.4,27.2,5,2,2,13
0,32,177,56.2,18.5,4,2,3,15
0,59,194,100.6,12.8,5,0,0,8
1,33,187,95.4,0.0,3,2,4,5
0,55,194,70.5,0.0,1,0,0,7
0,32,187,68.9,26.4,1,0,0,9
0,18,154,53.0,0.0,5,0,0,14
0,23,183,56.0,0.0,2,0,0,4
1,60,163,77.4,0.0,1,2,6,10
1,52,152,92.6,17.7,1,2,2,13
0,50,178,106.0,27.2,5,1,-4,14
1,21,197,92.9,18.6,5,2,7,8
0,30,181,92.3,28.6,5,1,-2,11
0,54,180,91.9,23.8,1,2,3,14
1,34,160,70.4,28.4,5,1,-8,8
1,59,186,82.6,0.0,2,1,-7,14
1,18,167,90.3,24.5,3,2,3,12
0,48,153,55.4,0.0,5,0,0,16
1,19,152,54.1,19.5,3,0,0,11
1,35,162,103.1,21.3,2,0,0,4
1,18,159,82.2,14.4,3,2,3,8
0,26,187,98.6,0.0,4,2,8,12
0,44,167,95.2,0.0,3,0,0,10
1,20,164,78.3,10.3,4,0,0,13
1,57,152,51.1,20.3,3,1,-5,4
1,44,188,83.7,0.0,3,0,0,16
0,58,156,51.1,16.0,2,0,0,12
0,56,158,101.8,29.6,2,1,-5,6
0,41,165,78.5,0.0,5,1,-4,5
1,27,170,83.2,27.9,1,0,0,9
1,41,191,59.0,12.3,2,2,2,4
1,29,151,66.8,27.7,3,2,3,4
0,34,159,96.3,25.9,5,1,-7,4
1,37,161,55.3,21.2,3,2,8,13
0,48,192,93.4,14.4,2,1,-5,12
0,52,150,65.5,16.1,1,1,-5,6
0,28,163,95.3,29.1,1,2,7,4
0,49,194,92.5,28.1,2,0,0,14
0,45,165,105.2,16.5,2,0,0,13
0,33,166,78.1,22.9,3,0,0,16
0,50,191,69.5,30.0,3,0,0,11
1,46,186,55.3,17.6,1,2,5,11
1,40,183,76.1,20.6,3,0,0,5
1,49,183,56.7,0.0,5,1,-4,9
1,34,163,59.7,24.6,1,1,-5,5
0,34,164,109.8,0.0,1,1,-5,7
1,47,189,61.4,12.7,1,1,-3,9
0,45,194,106.2,0.0,4,2,2,12
0,19,198,83.2,27.3,1,2,3,14
1,21,199,85.5,0.0,2,2,6,5
1,60,196,57.1,29.2,5,0,0,12
1,47,153,107.0,0.0,3,1,-4,6
0,19,179,67.6,11.0,3,0,0,7
0,21,162,102.0,0.0,4,0,0,16
1,50,180,70.5,27.0,5,0,0,6
0,40,184,69.8,19.8,5,1,-8,16
1,52,174,90.5,28.2,5,0,0,5
1,27,164,52.9,10.9,1,0,0,10
1,56,159,66.1,20.1,4,1,-8,9
1,37,154,52.8,24.5,2,0,0,13
0,41,171,79.9,26.9,5,0,0,7
0,39,193,91.3,23.2,1,0,0,15
1,35,160,80.6,18.0,3,2,6,8
0,29,192,83.7,17.2,5,0,0,5
1,49,200,58.4,14.8,5,1,-8,9
0,50,166,104.9,24.2,3,0,0,11
1,29,186,107.5,26.7,5,2,2,11
1,38,161,84.9,11.8,2,2,3,8
0,43,197,86.9,16.7,1,2,7,5
0,48,199,102.2,28.1,4,0,0,6
1,35,186,95.4,20.9,2,1,-8,15
1,45,183,99.5,10.6,4,0,0,5
0,20,186,90.0,20.7,4,0,0,12
0,43,186,68.2,27.0,2,0,0,13
0,48,171,86.7,16.4,3,0,0,14
0,29,153,73.7,24.9,3,0,0,4
1,55,174,91.7,24.0,3,1,-2,10
1,47,196,65.6,12.7,5,2,5,15
1,30,176,96.3,17.0,1,1,-8,10
1,28,171,95.0,28.4,1,2,2,16
0,44,173,56.4,11.7,2,1,-6,9
0,37,195,57.6,25.7,2,1,-7,4
1,24,173,84.4,21.5,2,0,0,4
1,53,189,66.4,21.8,4,2,5,15
0,20,167,103.0,21.2,1,2,7,10
1,58,172,68.0,18.1,2,2,6,12
0,42,195,60.7,24.1,4,2,7,6
0,29,151,98.6,14.1,2,2,4,6
1,46,164,56.0,24.2,3,2,6,16
1,45,200,74.2,17.3,3,2,4,7
0,53,199,104.6,29.1,3,1,-5,7
0,43,189,90.9,16.4,2,1,-3,15
1,18,155,66.7,25.1,2,1,-5,16
0,43,169,103.5,24.0,1,1,-5,16
1,50,168,95.9,18.7,5,1,-4,11
0,19,193,83.7,12.4,1,2,3,10
0,48,153,108.3,0.0,5,2,7,10
1,46,166,103.8,24.8,1,0,0,6
1,42,161,96.6,27.0,4,0,0,16
1,54,170,83.9,17.4,2,0,0,11
0,28,199,92.6,11.7,1,1,-4,15
1,37,176,62.2,24.4,1,2,6,16
1,26,187,104.2,22.5,5,2,3,16
1,42,168,72.0,23.3,4,2,6,8
0,44,158,100.6,29.4,3,2,7,12
1,32,153,90.0,13.1,2,2,2,12
1,30,175,92.5,24.0,5,0,0,10
1,31,168,95.6,28.5,3,2,8,10
1,53,200,100.2,26.4,3,2,3,6
0,34,159,83.7,24.0,5,2,4,14
0,32,188,60.6,10.4,5,1,-5,8
1,39,177,60.6,26.7,3,1,-7,6
0,34,155,89.3,21.6,1,1,-4,9
0,24,162,60.7,29.9,5,0,0,10
1,53,194,68.6,11.1,1,0,0,15
0,38,199,68.0,27.0,4,1,-6,10
0,23,176,96.0,27.5,3,2,4,11
0,29,162,57.5,0.0,5,1,-3,11
1,53,193,84.4,23.1,3,1,-6,10
0,59,178,97.0,25.0,2,2,7,7
0,34,180,67.8,22.5,2,2,6,4
0,27,180,55.7,0.0,3,2,5,16
0,42,187,90.8,15.8,1,0,0,14
0,54,195,57.2,27.4,1,2,4,16
1,21,166,64.0,14.1,1,1,-2,8
1,32,152,89.4,13.5,3,1,-5,8
1,28,155,62.7,12.6,5,1,-3,16
0,31,196,100.8,0.0,2,0,0,13
1,35,179,68.5,11.6,3,1,-2,4
1,27,177,104.3,26.9,1,1,-6,5
1,55,154,62.1,16.2,1,2,4,11
0,52,166,95.9,23.0,4,0,0,13
0,46,186,77.1,24.4,1,0,0,11
1,20,182,51.5,20.5,4,1,-3,15
1,57,159,61.2,0.0,3,0,0,14
0,34,151,89.0,14.3,5,2,8,12
0,51,183,99.8,12.8,2,0,0,7
0,54,162,53.6,27.2,2,2,2,6
0,21,167,81.9,12.4,5,1,-5,8
1,26,191,95.9,18.1,1,1,-5,7
0,44,180,51.6,0.0,5,0,0,14
1,57,182,59.6,29.5,3,2,5,9
0,18,197,62.6,29.9,3,1,-6,9
0,45,179,90.7,20.3,3,2,2,15
1,20,197,69.3,10.3,1,0,0,14
1,44,154,67.2,13.7,4,2,7,4
1,54,174,102.4,13.6,3,1,-2,13
0,43,183,56.6,28.5,5,2,4,16
1,53,154,63.9,0.0,5,2,7,7
0,51,156,62.8,21.1,1,2,2,13
1,43,181,59.6,17.6,5,0,0,13
1,38,177,61.2,0.0,1,0,0,11
1,50,194,92.3,24.1,4,2,4,10
0,24,184,95.7,12.2,5,0,0,5
1,19,173,57.7,21.3,5,0,0,11
1,38,151,54.6,24.8,3,1,-7,13
0,55,159,92.7,0.0,2,0,0,9
0,20,191,92.9,26.3,4,0,0,5
0,57,172,52.5,27.7,4,1,-7,15
0,53,163,70.2,15.9,4,2,7,8
0,29,173,105.5,23.5,5,0,0,15
0,24,168,65.0,14.9,5,0,0,5
0,24,184,89.8,13.6,2,1,-5,15
0,32,173,83.3,27.3,4,1,-8,13
0,31,165,107.9,21.2,3,1,-2,12
0,26,189,78.9,21.4,1,1,-7,11
1,34,194,104.4,16.1,3,1,-6,9
1,60,164,103.9,29.5,2,0,0,6
1,34,157,77.3,15.4,3,2,8,16
1,30,179,50.9,25.1,5,1,-7,5
1,22,194,54.5,19.4,4,1,-7,16
0,43,178,109.7,26.7,4,0,0,10
1,32,198,90.7,20.7,3,1,-5,12
1,28,199,56.5,12.8,3,1,-3,4
1,18,160,88.7,18.7,1,0,0,9
0,36,185,72.3,24.9,5,2,4,13
1,50,190,91.6,22.7,3,2,2,13
0,44,155,63.0,0.0,4,1,-6,16
1,56,183,97.7,0.0,3,0,0,12
0,54,179,58.8,24.3,2,0,0,7
1,53,193,82.6,0.0,4,0,0,11
1,60,159,101.9,27.4,4,2,5,7
0,60,178,106.0,0.0,4,1,-4,12
1,24,196,106.4,14.7,1,0,0,11
1,22,183,68.4,12.0,2,1,-3,6
1,30,199,56.0,0.0,2,1,-4,9
1,36,157,90.0,19.1,3,2,6,16
0,26,192,100.3,23.8,4,1,-2,9
0,36,164,90.3,25.8,2,2,8,11
0,49,150,81.0,23.7,4,2,5,5
0,34,198,70.1,12.0,1,1,-3,16
1,43,167,54.0,14.1,3,1,-5,8
0,53,182,79.0,19.3,5,1,-2,8
0,41,189,85.8,29.7,2,1,-8,14
1,48,192,82.9,29.5,2,2,3,5
1,44,171,89.5,0.0,5,1,-2,12
1,50,151,100.8,0.0,3,0,0,5
1,55,167,74.8,30.0,1,0,0,16
1,22,184,108.1,10.0,5,2,2,9
1,25,169,91.2,23.7,2,2,5,5
1,32,172,84.5,22.6,3,2,5,10
0,55,184,85.7,29.8,4,1,-7,5
0,57,180,87.4,10.2,5,1,-2,10
0,27,157,70.2,17.3,5,2,2,16
0,55,161,66.0,21.3,2,1,-2,12
1,45,187,105.4,15.4,4,1,-8,12
1,19,156,79.6,21.3,3,0,0,4
1,54,165,58.3,14.4,2,1,-6,7
0,58,163,59.1,16.3,2,0,0,15
1,38,182,95.9,24.2,1,2,4,12
1,54,185,98.9,17.8,1,0,0,16
0,42,192,77.2,15.0,3,2,4,15
0,37,182,89.8,25.6,1,0,0,14
1,21,158,105.4,24.0,4,0,0,16
0,50,161,62.7,18.1,3,0,0,6
1,45,180,93.1,21.8,2,2,4,7
0,49,198,77.5,0.0,1,1,-7,5
0,28,180,102.0,27.2,4,1,-6,6
1,32,198,83.5,0.0,2,1,-3,7
1,18,183,78.0,22.2,4,1,-4,12
0,35,177,50.8,16.6,2,1,-3,7
1,50,151,64.4,19.5,4,0,0,5
0,57,164,107.6,0.0,4,2,4,11
0,23,163,61.2,13.2,3,1,-2,14
0,47,153,62.0,0.0,3,1,-2,12
1,49,167,56.2,11.5,5,2,6,16
0,34,194,109.4,27.9,4,1,-8,15
1,38,165,75.2,26.2,4,2,5,9
0,30,198,75.2,25.4,5,2,8,7
0,30,175,96.0,21.4,5,1,-7,14
1,57,156,85.2,11.5,5,0,0,7
1,59,160,53.5,25.1,1,1,-5,12
1,52,159,96.0,16.0,4,1,-5,4
1,35,192,80.6,14.4,3,2,7,16
0,57,182,91.6,0.0,1,1,-4,15
0,58,150,91.4,29.5,3,2,3,16
0,22,153,71.7,10.3,4,1,-6,10
0,55,158,83.1,25.8,2,0,0,12
1,24,172,72.5,25.0,4,1,-5,8
1,26,189,56.3,12.0,5,0,0,15
1,48,175,86.1,27.7,2,0,0,15
1,29,173,57.4,0.0,5,1,-4,16
0,58,170,101.0,27.3,5,1,-3,12
0,23,150,85.0,0.0,3,1,-7,14
1,51,163,72.0,0.0,5,1,-2,8
0,50,184,81.4,27.4,5,2,2,12
0,53,177,64.1,19.7,2,1,-3,16
1,53,156,90.5,29.8,1,2,6,15
0,27,177,103.7,11.8,1,2,7,16
0,23,192,54.9,23.4,3,0,0,13
0,59,194,54.8,11.4,5,1,-5,11
0,54,183,94.6,18.1,2,1,-6,6
0,25,197,59.7,27.8,1,1,-8,6
1,47,169,74.8,22.4,1,0,0,5
0,19,177,79.2,24.5,1,1,-3,4
1,47,156,65.2,0.0,4,1,-3,13
1,47,189,103.5,21.2,2,0,0,13
1,48,165,91.2,28.5,3,0,0,12
1,34,171,77.1,16.5,4,1,-8,14
1,51,168,60.0,16.5,2,2,4,12
1,19,192,80.1,0.0,3,1,-6,5
1,44,153,83.5,0.0,2,0,0,16
1,31,166,66.3,16.6,3,1,-3,6
1,50,199,67.0,15.7,4,1,-2,12
0,43,179,109.3,19.5,4,0,0,7
0,48,189,85.3,0.0,5,2,4,14
0,44,200,63.2,12.3,3,0,0,9
1,39,178,95.4,15.1,1,1,-7,15
0,28,157,50.1,0.0,1,2,6,9
0,23,160,81.9,28.2,4,0,0,5
0,32,199,80.9,17.0,4,1,-3,8
0,27,164,83.4,17.3,4,2,8,15
0,30,154,51.0,26.1,2,2,7,9
1,42,195,57.3,15.7,5,2,3,4
0,35,168,50.5,13.4,3,1,-7,15
0,53,151,109.0,28.3,1,0,0,16
1,37,168,98.0,12.7,3,2,3,12
0,57,199,77.6,19.2,5,0,0,4
0,25,191,75.2,0.0,2,2,7,13
1,37,169,93.9,25.5,3,2,7,15
1,22,189,85.7,14.6,4,0,0,15
0,47,170,83.2,24.0,2,0,0,4
1,34,180,63.3,22.4,1,1,-8,4
0,24,195,101.3,26.6,5,0,0,10
0,42,164,56.4,12.2,5,1,-4,13
1,59,192,95.5,16.2,5,1,-4,5
1,38,155,83.8,24.1,2,2,2,12
1,38,173,100.2,14.2,1,2,7,10
1,28,151,99.3,28.3,2,2,2,7
1,56,190,63.9,19.5,1,0,0,12
0,23,156,95.0,13.1,4,2,3,12
1,42,191,96.5,21.0,1,0,0,16
0,52,157,61.4,24.5,4,0,0,11
1,36,163,58.2,25.2,1,2,5,15
0,24,160,72.2,24.0,1,0,0,12
0,41,185,88.5,23.5,1,0,0,13
0,21,165,99.7,22.7,2,1,-8,14
1,50,190,60.5,11.7,2,1,-2,5
0,38,195,76.9,29.5,1,2,5,16
0,47,168,66.9,0.0,3,0,0,5
1,31,169,51.7,18.9,5,0,0,11
0,38,169,53.2,21.1,5,1,-6,11
0,50,191,78.3,20.4,5,1,-3,9
0,58,162,91.8,15.9,2,2,7,14
0,56,173,108.0,26.0,3,2,5,10
1,46,198,93.7,20.3,3,0,0,9
0,27,175,70.8,11.9,4,0,0,4
1,60,181,83.2,16.6,4,2,8,15
1,20,172,57.1,0.0,4,2,7,9
1,19,150,70.0,19.1,2,2,2,6
0,24,160,96.8,0.0,5,2,3,9
1,37,175,100.0,19.2,5,1,-2,11
0,60,178,109.5,14.5,4,2,5,5
0,52,188,81.8,22.4,1,0,0,13
0,33,190,63.2,18.0,2,1,-3,16
1,41,170,98.4,17.5,4,2,5,7
0,20,159,97.0,20.3,3,0,0,15
0,25,198,80.0,29.8,5,0,0,6
0,19,164,84.1,16.3,3,0,0,4
1,44,169,71.4,0.0,1,1,-5,16
0,46,150,95.3,0.0,3,0,0,7
1,31,193,73.6,21.1,5,0,0,4
1,24,178,85.8,11.9,3,1,-2,11
1,58,183,86.6,17.9,3,1,-6,4
1,43,167,92.2,25.9,4,0,0,14
1,19,188,61.2,0.0,5,1,-2,9
0,47,164,93.2,10.1,2,0,0,11
1,27,176,61.2,0.0,2,0,0,15
1,52,162,52.5,17.5,3,1,-8,11
1,33,166,69.8,28.4,2,2,2,12
1,35,158,59.7,24.2,3,0,0,11
1,35,183,67.1,27.7,3,0,0,7
1,20,157,87.8,28.0,3,0,0,15
0,47,171,92.3,0.0,2,1,-3,13
1,19,197,56.9,0.0,1,1,-8,10
0,45,173,92.9,10.4,4,2,7,11
0,39,199,51.5,19.6,5,0,0,12
1,29,184,56.9,18.5,5,1,-2,7
1,18,196,109.8,29.3,5,0,0,12
1,53,170,76.1,20.6,5,0,0,8
1,55,167,73.6,28.1,1,2,7,13
0,33,181,108.6,20.6,2,0,0,10
0,31,176,77.2,24.0,1,0,0,13
0,49,164,61.5,10.8,5,0,0,15
1,45,167,84.7,15.7,2,1,-2,7
1,42,157,60.8,0.0,1,1,-4,16
0,24,195,69.4,12.5,5,1,-6,4
1,52,173,105.2,21.8,2,0,0,11
1,46,150,97.5,0.0,2,2,6,8
1,57,154,79.7,15.4,4,1,-5,11
1,29,167,106.3,27.0,4,0,0,11
1,30,150,53.9,0.0,4,0,0,6
1,46,167,93.7,17.0,5,0,0,15
1,32,191,69.3,25.7,2,0,0,13
1,50,188,69.3,10.5,3,0,0,16
0,52,190,80.6,0.0,5,0,0,16
1,59,195,95.6,14.8,3,0,0,14
1,57,161,81.6,0.0,3,1,-4,7
1,26,175,85.4,15.8,3,0,0,13
1,47,195,101.8,15.1,1,1,-3,5
1,42,173,52.3,19.1,2,0,0,9
0,45,184,70.9,20.6,4,2,4,8
1,35,171,103.7,11.1,2,0,0,9
0,19,163,88.8,0.0,3,0,0,8
0,54,165,83.0,25.3,3,1,-5,14
1,18,164,106.4,28.6,4,0,0,13
0,25,156,82.8,25.7,4,0,0,13
0,34,169,83.2,0.0,1,0,0,4
1,28,194,61.2,0.0,1,0,0,11
0,42,174,57.0,29.5,3,0,0,10
0,50,185,58.8,20.6,2,0,0,8
0,26,197,107.0,21.9,3,2,4,12
0,59,163,55.2,27.7,1,2,4,16
0,28,187,79.6,11.5,2,2,2,14
0,19,196,99.2,29.1,3,1,-4,4
1,19,150,102.7,22.2,5,0,0,13
1,43,161,62.6,27.5,3,0,0,10
1,60,190,93.4,16.3,2,1,-6,4
0,30,192,83.9,26.9,2,1,-7,13
1,54,188,100.9,19.8,3,0,0,7
0,50,181,79.5,28.4,2,0,0,6
0,26,179,61.2,15.7,5,2,6,13
0,55,182,100.3,20.4,1,0,0,7
1,60,153,78.1,0.0,1,0,0,5
0,40,193,51.1,12.8,3,0,0,11
1,34,159,95.5,11.6,4,1,-2,16
1,39,169,74.9,11.7,3,2,6,4
0,29,182,81.5,13.4,3,1,-5,5
0,18,181,61.7,19.8,2,1,-8,5
0,30,157,55.0,13.3,2,0,0,8
1,41,179,74.4,19.3,1,0,0,9
1,28,183,72.8,15.5,3,0,0,11
1,58,186,79.4,20.9,1,1,-2,15
1,38,185,84.1,10.1,3,1,-4,12
1,23,180,108.2,29.9,3,2,2,5
1,21,177,69.7,19.0,1,2,3,16
0,38,173,58.8,22.5,4,1,-4,15
0,31,150,109.2,18.1,2,0,0,14
0,33,156,68.9,11.6,1,1,-2,6
1,20,196,67.3,17.0,4,2,3,8
0,37,152,72.5,28.3,5,1,-5,8
1,26,184,90.9,18.1,5,0,0,11
0,59,176,59.4,16.7,3,0,0,15
1,38,185,80.4,25.5,1,2,5,10
0,50,158,105.5,13.1,5,0,0,9
0,32,180,77.6,29.9,1,1,-8,15
0,54,196,57.0,13.9,2,2,4,6
1,27,192,51.9,28.3,1,0,0,15
1,36,177,78.8,11.3,4,1,-5,13
1,50,185,69.3,21.2,5,2,8,5
1,32,193,81.0,12.4,5,1,-5,16
0,49,169,59.8,13.2,3,2,8,9
1,59,199,89.6,13.5,5,2,7,10
1,27,183,92.2,0.0,3,0,0,5
1,42,183,55.9,13.4,4,1,-5,5
1,39,165,98.7,25.2,2,1,-3,10
1,26,171,67.9,10.7,4,2,8,8
1,58,159,56.3,0.0,2,0,0,15
1,56,176,70.0,19.8,5,0,0,5
1,32,199,66.3,16.0,3,2,4,4
1,51,196,92.3,10.6,2,0,0,6
1,24,198,61.2,27.3,4,2,7,5
0,43,179,67.4,16.5,2,0,0,4
1,47,200,103.5,29.2,4,2,7,14
1,51,157,65.4,17.6,1,1,-4,11
0,54,189,93.2,0.0,4,0,0,10
0,54,176,63.4,16.3,2,0,0,11
1,45,151,99.4,0.0,3,2,6,7
1,22,163,102.0,19.8,4,1,-2,5
0,22,193,86.4,0.0,5,0,0,12
1,53,172,50.2,28.5,5,1,-4,16
0,37,150,51.5,13.8,5,2,7,9
1,51,193,106.9,0.0,1,0,0,8
0,36,184,107.4,0.0,3,1,-8,7
1,31,200,86.4,0.0,4,1,-8,7
0,30,165,58.1,0.0,1,0,0,10
1,18,185,103.5,14.9,1,1,-5,15
1,19,166,91.4,28.8,5,2,7,5
0,46,200,81.9,0.0,3,0,0,5
0,60,154,98.2,19.9,1,2,7,11
0,39,170,105.2,29.5,3,2,3,11
0,42,177,101.3,19.8,1,0,0,10
1,49,198,102.7,12.7,1,2,7,15
0,47,181,63.2,28.5,2,0,0,12
0,33,158,59.2,28.3,4,1,-2,10
1,60,196,109.6,25.2,1,0,0,7
0,54,198,53.7,22.4,5,2,4,14
1,52,167,87.6,0.0,2,1,-5,15
1,60,185,73.8,22.3,1,1,-8,8
1,43,184,63.9,20.9,1,2,8,7
0,46,192,80.0,26.0,4,0,0,13
1,32,177,61.7,21.2,3,2,3,15
0,24,184,78.7,0.0,1,1,-8,5
0,53,178,51.3,27.2,2,2,7,15
0,60,165,106.5,20.2,3,0,0,8
1,24,183,56.5,12.9,5,0,0,12
0,25,171,88.8,23.8,5,0,0,9
0,53,183,80.4,22.7,5,2,5,9
0,21,186,82.8,16.3,3,0,0,16
0,21,150,93.1,13.6,1,2,8,15
0,59,185,51.4,0.0,2,2,3,7
1,41,196,109.5,23.6,4,2,5,16
0,26,151,84.1,23.0,2,1,-6,4
1,20,176,98.5,27.9,2,2,8,14
0,41,192,91.0,29.2,3,2,4,15
0,44,176,90.6,10.6,2,0,0,4
0,31,173,53.6,0.0,2,1,-3,12
0,41,187,85.4,24.5,3,0,0,4
0,60,175,108.5,25.5,2,2,7,11
1,28,166,68.9,14.9,2,0,0,4
0,36,189,58.5,12.1,4,0,0,7
0,21,175,58.7,23.9,5,2,8,13
0,47,154,108.3,14.0,5,2,7,14
0,35,166,79.3,28.0,5,0,0,4
1,32,161,56.3,0.0,2,0,0,7
0,49,175,87.5,14.3,4,2,4,13
1,33,160,70.4,20.8,5,2,3,13
1,54,169,50.7,23.6,4,1,-6,14
0,47,191,85.6,14.0,2,1,-7,8
0,18,160,56.9,19.0,2,1,-2,6
1,31,200,106.4,0.0,2,1,-3,6
1,28,181,68.0,16.9,4,0,0,7
1,32,154,85.2,16.4,3,1,-5,11
1,46,168,59.0,14.9,3,1,-6,13
0,44,168,81.1,11.9,3,0,0,8
1,19,184,70.2,23.8,3,2,8,12
1,39,159,70.3,28.7,3,2,6,13
0,31,185,61.3,11.1,1,2,4,16
1,46,174,68.9,19.2,5,1,-5,11
0,54,174,85.2,23.5,5,0,0,10
1,44,178,88.1,0.0,5,2,5,6
0,41,160,87.0,24.8,1,1,-8,6
1,25,164,93.2,27.5,1,0,0,6
0,29,196,109.1,23.3,2,1,-4,14
0,20,159,81.9,19.8,4,2,7,5
0,59,190,86.3,0.0,1,1,-4,8
0,44,197,79.7,0.0,5,2,2,14
1,57,177,54.7,22.2,4,2,6,9
1,19,200,88.4,24.8,1,1,-2,13
0,47,185,83.3,23.7,4,0,0,9
1,37,165,106.6,19.2,4,1,-3,13
0,18,181,88.2,15.8,1,2,8,14
0,34,197,53.0,22.3,3,0,0,14
0,35,189,94.9,25.9,5,1,-6,13
1,56,191,76.9,26.8,2,2,6,4
0,30,155,65.4,24.3,5,0,0,14
0,44,174,69.0,25.7,1,2,5,16
1,41,166,90.3,24.8,2,2,3,10
1,53,190,76.1,0.0,2,1,-8,15
0,23,180,105.6,20.4,3,0,0,7
1,26,161,91.0,22.3,5,2,3,13
0,46,163,100.2,18.7,1,2,4,10
0,52,189,106.8,28.0,3,2,4,13
0,20,180,87.0,21.5,5,0,0,9
1,52,163,84.2,25.6,5,1,-6,16
1,36,164,63.5,21.8,2,0,0,16
0,24,171,63.5,21.7,5,2,3,16
0,39,150,92.9,0.0,2,2,8,13
0,25,189,76.2,23.7,3,0,0,9
1,36,173,53.0,23.9,3,2,8,7
0,37,169,64.9,18.1,5,2,4,16
1,53,193,54.1,15.7,2,0,0,6
0,30,159,102.4,0.0,1,1,-5,16
1,24,197,52.6,15.0,4,0,0,5
0,59,158,53.2,26.1,1,0,0,9
0,53,150,51.3,18.6,2,0,0,10
0,32,183,109.6,26.0,4,1,-7,6
0,56,181,91.3,0.0,2,2,6,12
1,22,186,67.8,12.7,1,0,0,4
1,28,160,74.9,20.6,3,1,-7,11
0,26,199,89.4,23.4,3,2,3,12
0,21,165,87.4,15.3,3,2,2,8
1,22,181,68.0,14.9,2,1,-8,14
0,42,194,63.2,22.3,5,0,0,9
0,43,190,98.5,29.5,2,2,7,7
0,59,173,108.9,10.2,5,1,-4,12
1,57,164,96.1,17.2,4,1,-3,16
0,55,199,71.9,12.8,4,0,0,5
1,18,177,65.6,13.8,1,1,-7,16
0,41,189,79.6,26.2,3,2,8,15
1,30,181,80.8,22.9,1,0,0,14
0,48,158,58.6,14.7,2,1,-8,16
0,50,178,100.1,18.4,2,2,8,8
1,23,190,59.3,16.8,1,0,0,10
1,48,159,51.7,14.4,5,1,-6,12
0,54,174,88.0,0.0,5,2,8,10
1,50,173,76.5,27.5,3,1,-2,7
1,37,161,53.6,17.1,3,0,0,15
1,33,187,64.5,24.3,3,1,-4,16
1,31,188,84.4,21.8,3,1,-8,5
0,54,186,92.0,24.1,2,1,-2,11
0,27,189,51.6,22.4,5,1,-4,13
0,39,155,69.1,17.8,2,0,0,12
0,59,199,86.8,0.0,5,2,2,12
1,56,190,88.2,17.3,2,2,5,14
1,47,159,78.3,26.2,3,2,6,6
1,56,166,93.6,29.7,5,2,8,7
0,51,195,91.9,0.0,5,0,0,16
1,46,184,59.3,18.6,4,1,-2,7
1,26,157,68.3,21.5,2,2,4,12
1,30,182,97.8,18.9,1,1,-6,10
0,30,183,55.5,23.3,3,0,0,9
0,54,166,71.1,0.0,4,2,4,10
0,19,156,76.4,27.1,1,0,0,5
0,58,152,109.5,21.9,3,2,3,10
1,29,197,89.4,15.1,1,0,0,12
0,36,198,91.1,0.0,3,0,0,5
0,42,176,101.1,16.4,1,2,6,13
0,55,195,81.4,20.3,2,2,4,15
0,44,179,99.7,21.1,4,2,2,13
1,39,177,100.3,25.5,2,0,0,8
1,45,181,75.5,29.1,2,1,-4,15
0,46,152,98.7,10.4,4,1,-8,10
1,54,200,89.5,20.8,1,1,-8,9
1,47,193,65.6,13.3,4,2,6,10
0,37,199,105.3,0.0,2,2,7,16
1,24,174,89.3,17.7,4,1,-7,7
0,28,192,104.7,23.5,1,2,7,6
1,39,183,75.7,18.7,3,2,5,4
1,24,150,88.7,19.2,1,0,0,16
0,46,198,74.3,26.8,4,2,6,15
0,27,199,65.5,29.1,4,1,-4,6
0,55,183,87.8,28.6,2,1,-5,13
1,27,196,106.0,25.9,2,0,0,10
1,26,158,97.9,29.2,5,0,0,13
1,49,165,94.6,18.5,1,0,0,11
0,49,159,63.1,28.9,5,0,0,16
0,41,186,75.2,18.3,2,0,0,11
1,35,183,88.8,10.9,3,2,2,13
1,31,164,52.2,22.0,4,1,-5,13
1,58,163,95.4,23.4,3,0,0,15
0,36,154,83.3,20.0,1,2,7,13
0,18,175,68.1,0.0,1,2,4,14
0,25,153,104.5,13.6,1,2,8,15
0,18,169,94.8,28.3,5,0,0,5
0,29,184,71.9,27.3,5,0,0,14
1,59,153,59.8,24.5,1,0,0,12
0,25,198,71.8,15.3,1,0,0,11
1,48,175,105.1,10.2,5,1,-7,6
0,38,199,66.0,27.9,1,0,0,12
1,60,159,96.4,29.5,1,0,0,7
1,54,163,88.7,17.7,2,0,0,13
1,34,151,54.0,13.0,3,2,5,10
1,35,164,57.2,19.4,3,1,-8,6
0,40,161,101.6,0.0,2,1,-2,13
0,47,161,79.9,26.5,3,2,2,7
1,31,153,78.3,26.4,2,2,6,5
1,28,196,75.3,28.8,2,0,0,7
0,34,163,82.4,0.0,2,1,-3,6
0,60,188,95.4,24.2,5,0,0,5
0,40,190,99.8,12.2,4,0,0,6
0,55,197,108.7,10.2,3,2,6,14
0,54,162,94.7,19.6,5,1,-2,6
1,54,190,76.8,0.0,1,0,0,8
1,30,169,95.1,27.7,3,0,0,14
1,20,172,62.3,0.0,3,1,-2,8
0,19,176,66.4,22.7,5,2,3,12
1,59,191,58.9,27.7,4,2,8,14
1,19,166,60.0,22.6,3,2,4,10
1,45,176,73.6,14.4,1,2,2,7
1,50,178,105.2,19.5,2,2,4,13
1,55,160,73.3,14.1,5,1,-5,7
0,55,188,102.4,15.9,1,2,6,5
0,59,163,91.8,25.0,4,2,4,12
0,46,162,99.1,12.4,4,1,-7,5
1,25,187,64.3,11.7,5,2,8,14
1,57,194,64.3,15.9,4,1,-5,16
0,47,152,82.7,24.5,2,2,5,16
0,29,162,94.6,12.3,4,1,-8,12
1,34,166,75.4,21.0,1,1,-3,13
0,18,168,81.4,0.0,3,2,7,7
1,22,199,69.8,23.1,1,1,-4,8
1,42,161,64.5,13.5,2,0,0,9
1,51,178,71.9,29.4,3,1,-4,10
0,25,199,94.7,26.5,1,2,5,14
1,41,198,99.9,29.2,2,2,6,9
1,26,155,80.5,26.6,3,2,6,7
1,47,157,98.9,29.0,2,2,7,8
0,27,172,109.5,17.1,2,2,7,13
1,47,187,84.3,16.0,2,2,2,10
1,32,162,104.6,19.1,5,0,0,4
0,18,192,76.5,23.8,2,1,-3,8
0,40,190,51.4,17.3,2,0,0,14
0,46,185,98.3,13.9,1,0,0,9
1,21,187,101.8,26.6,2,1,-4,10
0,50,180,75.7,18.9,1,2,7,6
0,18,184,65.9,22.9,2,1,-8,7
0,39,194,80.8,25.8,2,0,0,16
1,50,190,104.0,11.8,3,1,-4,15
0,54,160,88.6,21.5,5,1,-5,15
0,44,156,75.6,17.9,1,1,-3,16
1,20,197,88.5,0.0,4,0,0,13
0,38,157,92.0,17.6,4,0,0,10
0,29,160,107.6,17.8,3,0,0,7
1,49,154,88.8,0.0,4,0,0,7
1,25,180,65.9,14.5,3,2,2,10
1,26,164,64.7,23.8,2,2,8,6
0,42,186,72.6,14.2,5,0,0,10
0,41,164,81.0,0.0,1,1,-6,13
1,32,168,80.4,22.1,1,1,-7,11
1,22,157,92.4,13.6,5,0,0,7
0,33,160,73.6,0.0,2,2,8,13
0,20,153,53.3,0.0,2,0,0,15
1,28,164,77.7,12.9,4,0,0,16
1,33,190,91.2,28.0,2,1,-2,7
0,32,195,50.4,26.5,2,2,6,4
1,55,191,100.9,22.8,5,2,7,9
1,30,174,65.5,12.6,4,1,-3,15
1,57,197,77.7,17.7,1,2,5,11
1,56,197,71.9,12.6,5,0,0,16
1,18,179,89.5,29.2,2,1,-4,6
0,40,179,101.7,17.8,5,1,-7,11
1,24,197,91.4,13.5,1,1,-7,5
1,52,160,109.6,24.9,5,0,0,5
0,46,155,106.7,0.0,1,1,-4,5
1,48,186,52.6,28.5,2,0,0,7
1,39,156,51.9,25.1,1,1,-4,5
1,46,187,67.8,0.0,3,1,-7,5
0,19,189,91.0,18.8,2,2,7,10
1,35,171,71.2,25.8,5,0,0,6
1,45,161,85.4,27.6,4,2,6,10
1,32,163,60.1,26.0,2,0,0,13
0,55,163,58.0,20.9,4,0,0,6
0,31,165,62.6,10.3,5,1,-4,11
1,25,163,100.7,0.0,2,2,4,12
1,21,186,61.3,28.8,1,0,0,6
0,19,167,78.1,23.4,5,1,-6,10
1,35,150,58.4,13.6,2,0,0,13
1,25,186,51.1,17.2,5,0,0,16
1,27,174,62.6,0.0,5,1,-5,6
0,55,185,93.2,0.0,3,1,-5,8
1,42,178,57.7,23.0,1,1,-6,4
0,57,188,79.2,29.0,3,2,8,7
1,28,169,76.7,29.7,1,1,-6,11
1,37,194,109.0,0.0,1,1,-8,7
1,26,160,80.5,23.0,2,2,3,8
1,37,166,96.4,29.1,1,1,-4,11
0,41,185,56.9,17.5,5,1,-4,14
1,58,196,79.3,10.4,3,1,-4,15
0,45,186,60.4,28.9,5,2,7,15
0,38,185,63.2,14.6,4,1,-4,8
1,45,181,68.1,12.0,1,1,-8,8
0,40,153,70.8,20.0,1,2,2,10
0,22,179,109.3,28.6,3,0,0,12
1,33,165,84.0,11.3,2,0,0,10
0,42,178,59.7,10.7,4,1,-7,15
1,19,175,83.8,11.7,1,0,0,10
0,26,197,95.1,13.2,1,2,5,16
1,18,161,54.3,11.8,2,2,7,8
0,36,163,64.8,15.7,1,2,7,10
1,34,196,83.9,27.6,3,1,-7,6
1,55,173,98.0,27.6,2,1,-6,15
1,26,154,69.7,15.8,1,1,-8,9
1,24,166,59.0,18.6,5,0,0,7
1,25,198,56.2,28.2,3,0,0,13
1,56,185,68.9,14.9,2,2,8,11
1,60,162,64.0,19.4,4,2,4,4
1,43,168,96.8,14.7,2,1,-7,16
1,59,195,98.5,15.0,3,2,6,16
1,36,197,50.9,14.9,4,1,-7,10
1,20,152,50.9,24.0,5,1,-3,4
0,41,175,71.8,14.2,3,1,-7,14
1,54,162,60.0,28.3,4,0,0,8
1,58,156,65.6,15.5,2,2,2,15
1,26,167,95.4,19.2,1,2,8,16
1,56,181,79.0,16.6,5,2,2,5
1,43,160,54.2,18.2,4,2,5,14
1,18,197,89.5,23.7,1,1,-7,14
0,49,172,104.3,0.0,1,0,0,6
1,22,198,96.3,17.0,2,1,-3,16
0,39,192,83.8,11.4,1,0,0,15
0,54,194,89.6,26.0,3,1,-7,5
1,25,177,65.0,20.9,4,0,0,13
1,19,151,99.8,15.3,2,2,3,6
0,37,169,57.7,16.3,3,2,5,8
1,45,150,68.3,12.5,4,2,8,16
0,49,171,94.5,28.0,2,1,-5,10
1,59,165,69.8,24.9,2,1,-4,6
0,51,161,50.1,0.0,5,0,0,5
1,58,172,75.3,0.0,4,2,2,7
1,18,178,108.5,16.4,5,2,2,5
0,58,174,79.5,29.7,4,2,4,10
1,19,196,99.9,17.0,5,2,4,13
0,35,181,54.2,27.6,1,1,-3,11
0,18,170,86.8,13.4,4,1,-3,16
1,21,161,88.8,13.5,4,0,0,12
1,40,199,70.9,14.4,2,0,0,14
0,19,162,108.9,25.2,3,1,-6,9
0,34,154,59.3,28.5,5,1,-3,15
0,29,169,51.5,28.3,5,2,5,5
0,45,187,108.3,25.1,3,0,0,7
0,37,161,63.0,11.8,4,2,4,12
0,53,155,89.2,20.1,5,2,8,14
1,21,165,109.0,25.6,5,0,0,12
0,19,195,62.5,28.8,3,0,0,12
0,35,165,58.7,19.4,2,1,-3,7
1,21,200,108.4,22.6,5,2,4,7
0,23,168,92.3,10.5,2,0,0,9
0,47,168,84.8,16.9,4,0,0,6
1,59,154,78.5,0.0,1,2,4,11
0,32,174,60.2,10.7,5,1,-4,10
1,41,196,104.5,13.1,1,2,6,16
1,20,187,73.9,11.0,5,0,0,6
0,55,198,95.7,0.0,2,1,-4,8
0,49,175,92.5,17.2,3,0,0,7
1,23,164,50.1,25.3,3,2,5,7
0,20,180,99.5,0.0,3,0,0,13
0,38,191,52.2,19.7,2,1,-6,12
0,25,159,56.9,19.7,5,2,3,6
0,23,196,95.2,24.2,2,1,-3,11
1,26,152,81.9,11.4,1,0,0,13
0,22,186,76.7,21.9,4,1,-7,13
0,39,191,63.0,22.6,3,0,0,9
1,25,199,86.3,17.8,4,2,8,12
1,49,176,54.3,0.0,4,2,5,7
0,38,184,86.2,13.8,2,0,0,13
0,50,168,109.3,12.3,3,2,6,12
1,48,177,83.4,0.0,1,0,0,10
1,50,163,97.1,26.6,2,2,3,13
0,37,197,51.7,17.1,5,0,0,8
1,32,161,80.1,26.3,5,1,-7,11
1,22,174,97.2,24.1,2,0,0,12
0,22,162,61.8,14.9,5,1,-7,11
1,24,180,81.5,11.8,3,2,2,10
1,19,182,62.9,19.9,3,0,0,10
0,31,193,97.4,17.6,3,0,0,4
1,46,190,50.9,21.6,1,0,0,4
0,45,163,87.0,21.3,5,2,6,16
1,18,185,105.5,25.2,3,1,-4,9
1,30,167,99.0,20.0,3,0,0,12
0,20,187,83.2,22.8,2,1,-7,15
0,24,195,85.1,11.7,5,2,7,16
1,36,198,87.7,19.4,4,2,5,16
1,31,193,97.0,12.6,4,2,7,8
1,43,167,100.4,14.6,2,1,-7,9
1,39,158,82.1,17.7,4,2,4,14
1,43,163,79.7,19.1,2,2,2,16
1,43,182,105.2,22.1,5,2,8,4
0,31,171,90.9,24.3,2,1,-5,7
0,48,196,68.3,11.3,4,1,-5,15
0,29,169,56.4,0.0,5,1,-2,10
1,48,158,93.4,11.9,3,0,0,14
1,34,185,106.7,24.4,1,2,3,12
1,42,191,51.5,0.0,5,0,0,8
0,36,168,75.5,25.1,1,0,0,5
0,55,158,104.2,24.3,4,1,-3,16
0,31,156,102.0,28.9,1,2,8,12
0,53,185,81.3,0.0,3,1,-2,16
1,53,188,96.7,29.5,2,0,0,9
1,55,167,99.7,23.1,5,2,5,6
0,49,155,106.0,0.0,3,1,-3,15
0,30,188,87.0,19.7,1,0,0,13
1,49,194,100.7,27.9,1,1,-7,16
0,37,185,91.7,14.7,3,2,6,7
0,42,168,54.7,19.2,4,1,-4,11
0,36,187,86.4,23.0,4,0,0,12
1,37,198,107.3,25.1,3,1,-8,12
1,55,163,52.4,0.0,1,2,8,12
1,39,191,75.7,27.6,5,1,-2,6
0,30,154,51.7,10.2,3,1,-7,9
1,49,156,76.4,20.0,3,2,8,6
1,41,183,63.0,0.0,2,2,6,9
1,29,161,89.0,15.7,4,1,-8,6
1,40,185,95.6,13.8,4,0,0,12
0,49,175,89.0,12.5,5,1,-5,12
1,41,157,84.9,10.4,2,2,6,8
1,21,175,93.9,12.2,5,0,0,11
1,57,159,104.4,20.8,1,0,0,8
0,36,178,99.1,20.2,3,1,-3,8
0,56,171,86.9,17.5,3,2,7,10
1,44,197,50.5,23.5,2,2,6,11
1,53,160,67.7,17.5,2,1,-8,7
0,34,185,97.7,20.5,5,0,0,14
0,47,188,109.5,22.4,4,0,0,6
0,58,155,51.1,21.1,4,1,-5,8
1,32,176,96.7,24.8,5,2,6,15
1,41,159,79.0,16.6,5,2,5,13
1,55,176,76.8,0.0,4,2,3,13
0,19,177,83.3,19.6,5,1,-6,5
0,19,167,53.8,21.1,2,1,-6,6
0,47,172,72.1,26.8,5,0,0,16
1,30,151,64.8,0.0,2,0,0,4
0,28,170,57.7,29.6,4,1,-5,6
0,50,167,97.0,13.3,1,2,6,10
1,43,180,93.7,23.3,1,0,0,12
0,24,189,73.2,28.9,1,0,0,10
1,55,182,81.2,20.5,4,0,0,6
0,22,182,54.7,12.6,3,2,7,16
0,23,191,56.5,16.1,1,0,0,4
0,42,178,93.2,0.0,2,2,6,10
1,59,162,80.3,11.0,2,1,-7,15
1,22,168,98.6,11.2,5,1,-7,15
0,26,165,80.5,12.2,4,1,-6,11
0,24,176,68.7,0.0,5,2,4,15
1,35,198,93.9,0.0,3,2,3,4
0,50,174,78.2,16.5,5,0,0,13
1,37,178,79.8,20.1,2,0,0,16
0,30,173,63.6,24.1,5,2,7,6
1,58,163,78.4,12.4,5,1,-4,11
1,38,200,90.1,23.6,3,1,-4,10
0,49,173,101.4,26.9,5,0,0,11
0,45,198,107.0,11.7,4,1,-5,16
1,36,159,57.0,10.2,4,1,-2,10
1,31,166,74.6,22.6,5,1,-3,7
1,58,185,55.7,29.3,5,1,-6,8
0,47,150,57.3,25.0,4,2,7,14
0,30,157,98.5,15.8,1,0,0,8
1,31,195,67.9,11.5,2,1,-7,5
0,46,170,59.2,0.0,3,2,2,6
1,54,199,76.4,23.9,5,0,0,4
1,49,170,82.5,13.1,1,2,5,14
0,28,153,64.0,14.7,1,2,3,8
1,55,150,75.5,12.1,1,1,-4,10
1,59,173,93.1,19.8,2,2,4,14
1,18,151,60.0,18.9,2,0,0,11
0,18,197,66.5,10.0,2,1,-8,9
1,52,185,106.5,11.9,1,2,5,15
1,39,160,77.8,10.6,3,2,6,12
1,18,153,80.8,25.2,4,1,-7,6
0,41,193,63.3,0.0,2,2,3,6
0,58,190,106.0,0.0,1,1,-5,13
1,23,191,72.0,24.5,2,1,-8,14
0,22,186,92.3,10.1,5,0,0,11
1,53,164,100.0,24.1,5,0,0,4
0,38,179,70.4,25.1,2,1,-8,15
1,58,177,61.5,19.7,4,1,-4,10
1,18,185,90.6,17.7,4,2,3,8
1,48,167,98.3,18.6,2,0,0,11
1,41,161,100.3,23.7,2,0,0,7
0,20,184,60.6,19.6,1,0,0,10
1,33,157,51.2,19.2,4,0,0,5
0,46,199,88.8,20.6,1,0,0,15
1,54,193,96.3,15.3,1,0,0,6
1,52,158,80.9,14.2,5,1,-3,14
0,47,199,89.0,28.4,3,2,8,11
1,43,196,68.3,0.0,4,2,5,10
1,32,165,82.0,25.4,4,2,5,13
1,26,181,106.5,0.0,1,1,-3,14
0,34,152,100.3,17.4,2,2,4,10
0,23,167,95.4,0.0,3,1,-7,16
1,46,194,97.0,22.8,2,1,-7,12
0,59,175,91.7,13.1,1,2,7,15
0,57,170,95.7,22.6,1,1,-6,10
0,25,200,62.3,22.4,4,0,0,16
1,36,167,54.2,11.0,3,2,7,15
0,55,161,78.5,15.6,2,0,0,10
0,56,186,108.4,27.9,2,1,-7,10
0,56,156,100.1,21.2,2,1,-8,10
0,50,186,58.8,13.3,2,0,0,7
1,40,187,71.9,23.7,2,2,6,9
1,28,178,94.2,10.8,3,2,5,9
0,33,197,106.3,25.6,3,0,0,7
1,44,190,93.2,22.5,1,2,5,4
0,32,183,108.9,23.4,3,1,-3,5
1,38,190,73.2,0.0,4,1,-8,6
1,39,181,90.2,16.5,3,2,7,11
0,38,171,83.2,0.0,4,2,2,4
0,53,187,75.3,29.2,2,0,0,7
1,51,156,82.3,21.0,4,2,5,5
0,54,198,78.4,12.3,5,2,6,9
0,39,193,97.6,23.8,5,1,-8,10
1,35,168,50.9,0.0,4,0,0,10
0,28,192,100.9,0.0,5,2,8,10
0,32,167,92.7,18.2,3,1,-2,6
1,44,164,60.6,12.6,1,0,0,8
1,52,151,83.5,28.7,1,0,0,8
0,60,153,85.5,18.8,3,2,4,10
0,44,180,104.9,20.9,4,2,3,10
0,39,196,61.2,19.4,1,1,-7,14
1,29,155,81.6,0.0,2,2,2,11
0,22,161,109.2,12.8,2,0,0,12
1,31,172,65.9,26.4,1,2,6,10
0,47,166,66.8,28.1,4,0,0,16
0,57,172,102.9,11.9,1,2,7,15
0,43,165,85.5,17.0,4,1,-6,8
1,30,194,74.0,18.3,5,0,0,5
0,26,198,63.6,18.5,3,1,-7,8
0,47,150,88.8,26.7,1,1,-8,15
1,50,159,100.2,17.8,3,0,0,16
1,51,168,63.1,0.0,2,1,-4,6
1,31,185,69.9,26.9,2,0,0,13
0,34,175,76.9,25.6,2,2,2,6
1,47,198,73.6,10.2,2,2,5,10
0,26,154,64.9,14.1,1,0,0,13
0,23,179,74.8,22.2,5,1,-4,15
1,49,175,90.7,29.1,5,0,0,11
0,29,176,88.0,29.1,1,0,0,6
1,18,180,72.5,25.5,4,2,5,7
0,45,195,98.8,22.6,5,1,-8,16
1,19,200,91.6,14.9,4,1,-3,5
1,46,198,81.5,0.0,3,0,0,9
1,53,150,109.3,29.8,5,2,8,15
0,42,185,98.8,18.8,3,1,-3,9
1,56,191,59.1,15.0,5,2,5,13
0,22,173,76.2,15.6,4,2,5,14
0,35,174,73.7,17.0,1,1,-2,7
0,29,159,90.0,28.0,1,1,-6,11
1,60,156,86.5,13.1,1,1,-2,16
0,54,163,102.0,23.9,2,2,4,4
1,39,187,67.8,12.8,1,1,-4,13
0,33,196,107.3,10.3,1,2,3,11
0,36,158,75.5,0.0,5,0,0,5
0,45,165,69.3,16.2,2,2,6,16
0,50,175,71.1,26.5,3,0,0,11
1,38,169,60.3,0.0,3,2,4,11
0,48,171,60.2,18.7,4,1,-3,10
1,42,168,76.5,0.0,2,1,-5,8
1,30,188,104.8,27.5,4,0,0,6
0,19,189,107.7,15.5,2,0,0,5
1,25,188,82.5,18.8,4,2,8,7
0,58,157,58.7,11.6,5,0,0,11
0,31,157,57.2,15.4,2,0,0,14
0,43,175,93.5,29.1,4,2,6,4
0,18,164,86.4,21.3,4,1,-3,7
0,22,159,109.2,11.9,2,1,-7,11
0,25,194,51.4,27.8,4,1,-5,9
1,40,171,87.7,15.0,4,0,0,7
0,28,174,73.0,25.2,2,0,0,11
0,57,159,94.6,15.3,2,0,0,13
0,50,157,70.9,29.3,4,1,-2,5
0,51,154,107.3,18.2,2,1,-3,8
1,34,172,76.1,24.8,5,1,-7,8
1,49,163,79.7,26.2,1,2,5,8
0,23,186,93.1,25.3,4,0,0,4
1,31,184,100.4,0.0,1,1,-6,7
0,24,180,52.8,29.2,2,0,0,13
1,50,191,74.7,15.4,3,2,3,14
0,41,193,56.8,0.0,3,2,8,4
1,26,177,73.1,24.5,2,2,7,9
0,52,160,71.1,26.9,3,2,2,8
0,21,190,52.6,10.8,2,0,0,11
1,50,185,76.1,14.5,5,2,2,12
0,29,167,83.5,21.1,4,2,2,12
1,37,169,75.4,13.3,2,1,-8,11
0,46,158,69.8,25.4,2,1,-4,7
0,45,173,89.7,15.0,5,0,0,11
0,58,194,89.8,26.7,3,0,0,8
0,37,157,90.2,16.1,2,0,0,14
1,44,195,71.1,19.9,2,2,5,13
0,22,170,76.2,18.9,2,1,-7,16
0,44,160,80.7,18.2,5,1,-2,11
0,41,183,101.2,17.7,4,0,0,16
0,22,162,84.4,20.4,3,2,2,8
1,32,176,99.3,17.4,5,1,-8,16
1,43,164,50.4,22.8,4,2,5,10
0,21,163,59.2,20.5,1,2,2,10
0,59,184,57.8,20.6,2,0,0,15
0,36,152,65.9,0.0,2,0,0,16
0,55,188,98.3,26.9,5,2,4,13
0,30,159,82.7,17.7,4,2,3,8
0,26,165,100.4,28.6,5,1,-6,14
0,49,168,81.5,0.0,5,0,0,14
1,38,151,108.8,25.5,5,1,-4,5
1,38,162,78.4,10.3,2,2,8,14
0,24,192,54.6,26.8,1,2,6,14
1,59,186,102.3,21.2,2,0,0,14
0,28,198,50.7,18.2,5,2,8,6
0,38,153,108.9,24.2,4,2,8,7
1,58,182,64.5,0.0,1,2,6,15
1,55,163,51.6,25.6,3,1,-7,12
0,26,164,106.9,21.6,2,1,-3,14
0,45,158,65.7,16.0,3,0,0,7
1,49,187,81.8,29.2,5,0,0,15
1,46,198,88.0,26.7,2,2,6,5
0,31,165,102.9,29.2,1,1,-6,10
0,52,169,104.2,0.0,5,0,0,14
1,46,175,98.1,14.2,2,0,0,8
0,35,157,109.8,17.7,1,1,-5,7
0,32,168,57.6,10.1,5,1,-6,11
0,49,184,95.7,26.6,2,2,8,8
1,45,196,99.0,21.7,3,0,0,4
0,31,176,55.4,20.4,3,0,0,13
1,44,155,67.6,16.4,3,0,0,8
0,36,161,105.8,13.8,1,1,-7,7
1,24,164,70.9,10.7,4,2,4,6
0,50,169,54.6,17.2,1,2,3,10
1,20,155,66.1,28.9,5,2,7,15
0,34,184,74.4,16.5,4,0,0,15
1,48,180,80.6,26.3,4,2,5,16
0,58,199,86.8,0.0,4,0,0,10
1,48,172,105.6,18.4,3,2,3,7
0,53,190,50.6,10.8,5,0,0,16
1,59,182,100.5,13.2,1,0,0,5
1,57,174,52.9,24.8,4,0,0,8
1,51,152,97.1,16.2,3,1,-7,11
1,34,185,96.3,20.9,4,1,-5,16
0,47,170,86.6,0.0,2,1,-3,12
1,32,159,82.9,10.7,4,1,-7,12
1,35,157,53.0,20.2,1,2,2,6
1,26,170,94.6,0.0,4,1,-5,8
1,30,153,104.8,29.9,1,2,7,5
0,53,178,101.0,16.0,1,2,5,9
1,43,154,96.6,22.7,3,1,-2,16
0,19,187,73.4,0.0,4,0,0,10
0,60,197,61.3,0.0,3,0,0,14
0,47,183,99.1,12.6,4,2,6,10
0,24,166,74.6,14.9,3,1,-3,13
0,55,186,64.2,19.2,1,2,7,9
1,26,178,53.2,13.9,1,2,7,8
1,34,183,54.2,22.4,3,1,-5,13
1,21,182,62.6,12.0,1,1,-2,6
0,23,180,76.5,16.8,5,0,0,12
1,53,200,91.5,19.7,5,0,0,8
0,50,167,72.9,26.5,4,1,-4,9
0,45,185,93.6,24.5,2,2,2,13
1,36,177,103.3,0.0,4,1,-2,13
0,27,160,99.5,0.0,3,1,-4,6
1,36,174,95.6,25.9,1,1,-8,11
0,41,170,78.6,19.3,3,0,0,11
1,18,182,71.6,15.3,1,1,-5,11
1,44,152,89.8,16.1,4,2,3,5
1,22,194,53.9,28.4,5,2,2,15
0,58,176,89.8,25.7,1,2,7,12
0,19,198,67.1,26.5,4,0,0,7
0,52,191,78.0,25.9,1,0,0,10
1,33,181,98.5,0.0,5,1,-6,11
1,28,166,68.5,29.8,5,1,-2,8
1,56,182,75.1,22.8,2,1,-2,6
0,57,187,70.3,26.9,3,2,7,5
1,60,187,93.9,21.4,5,2,5,8
1,58,180,59.7,0.0,2,0,0,16
1,38,182,92.5,13.7,5,0,0,12
1,41,155,78.1,20.5,1,1,-6,12
0,53,190,68.8,23.5,5,0,0,6
0,42,192,104.6,0.0,2,1,-5,11
1,31,182,69.9,19.8,1,0,0,15
0,52,195,88.7,20.8,4,1,-5,7
1,54,164,102.7,28.7,3,0,0,9
0,60,157,92.8,14.2,5,2,3,5
1,58,180,91.4,0.0,1,1,-5,9
1,57,199,106.7,0.0,5,2,2,16
1,49,164,84.4,17.2,5,2,8,15
1,42,167,100.4,16.7,4,2,5,5
1,28,175,89.6,13.2,3,1,-2,12
1,25,174,85.1,29.8,4,0,0,4
0,32,165,88.1,27.4,1,1,-4,13
0,48,162,67.3,0.0,3,2,7,6
1,23,173,55.2,13.5,5,1,-7,6
0,27,168,54.3,23.4,5,2,2,11
1,56,150,74.7,25.9,4,2,5,9
1,37,164,54.0,18.8,3,2,7,7
0,25,150,74.1,12.5,4,1,-4,4
0,41,175,101.0,0.0,1,0,0,11
0,45,188,61.0,0.0,1,0,0,9
0,25,182,56.9,24.3,3,1,-3,6
1,18,174,105.1,14.8,4,1,-4,4
0,47,167,74.1,0.0,3,0,0,6
0,39,179,81.6,0.0,4,1,-3,14
1,54,176,91.6,17.2,1,2,8,5
1,51,157,71.5,28.7,2,1,-5,14
1,18,152,68.8,12.9,3,1,-6,11
0,48,167,61.4,11.9,4,0,0,12
1,28,169,88.5,0.0,3,0,0,7
1,25,161,106.0,26.2,4,0,0,6
0,19,174,79.0,0.0,1,1,-8,14
0,59,168,56.6,19.4,2,1,-7,5
0,53,187,82.9,11.3,3,0,0,12
0,38,193,71.6,15.1,4,2,6,11
0,38,154,102.2,18.8,4,1,-6,7
1,31,185,106.7,25.6,5,0,0,12
0,29,194,76.0,29.2,5,1,-4,4
0,48,153,108.4,19.6,2,2,2,16
1,56,183,93.1,0.0,1,1,-7,7
0,57,161,79.9,14.6,3,0,0,7
0,32,161,69.1,28.3,5,2,3,5
0,35,196,61.9,20.6,5,2,6,4
0,42,177,64.7,10.2,3,0,0,16
0,24,168,56.2,11.7,4,1,-7,9
1,49,165,102.3,28.8,2,2,5,9
0,28,176,77.5,0.0,4,2,5,6
1,26,177,52.1,17.8,4,0,0,15
1,23,179,87.1,16.9,3,0,0,12
0,44,166,82.8,11.1,5,2,7,13
1,60,166,52.7,11.6,4,2,7,9
1,21,192,101.3,22.5,2,0,0,11
0,30,188,105.9,18.8,2,1,-4,13
1,55,182,68.5,29.4,3,2,6,4
1,19,150,99.0,21.2,5,1,-8,16
1,18,181,101.0,18.7,5,0,0,13
1,27,152,55.8,24.6,2,2,2,5
1,57,171,93.5,25.0,5,2,5,5
0,21,200,106.0,15.6,5,2,6,14
0,31,185,81.2,20.9,2,2,7,7
1,26,185,59.9,16.1,1,1,-4,13
0,24,159,60.5,26.3,2,1,-8,13
1,50,181,86.5,28.3,1,0,0,8
1,48,159,66.8,0.0,5,0,0,9
0,36,150,106.3,0.0,5,2,8,12
0,42,156,100.4,20.5,3,1,-3,10
0,41,180,67.7,17.4,5,1,-8,5
1,56,176,97.3,0.0,1,0,0,5
1,34,161,76.1,20.1,2,0,0,14
1,23,172,91.7,26.3,3,1,-2,13
1,29,175,51.9,18.9,4,2,3,14
0,18,181,87.8,21.8,3,2,3,5
1,32,183,85.5,24.0,4,2,8,13
1,49,184,67.0,22.5,3,0,0,15
0,26,200,107.4,22.1,3,0,0,12
1,52,176,68.2,21.4,2,0,0,6
0,48,175,68.4,29.3,5,1,-2,13
0,45,186,99.7,11.7,5,0,0,8
1,45,151,70.1,0.0,2,0,0,4
0,52,169,106.2,21.1,2,2,4,15
0,57,200,52.9,22.4,5,1,-7,7
0,36,168,108.3,15.4,3,0,0,5
1,30,173,76.1,26.5,4,2,8,15
0,38,167,106.3,22.0,2,2,8,12
0,35,152,71.3,15.2,5,0,0,15
0,31,194,94.8,25.2,5,2,7,14
1,53,188,103.7,0.0,2,2,2,15
1,31,197,60.5,22.4,5,2,3,4
0,23,157,61.1,12.1,5,2,4,15
0,45,152,85.1,15.4,5,1,-8,12
0,39,166,62.8,26.3,4,1,-6,15
1,46,187,74.3,16.0,1,1,-5,4
0,41,197,58.6,19.9,3,1,-5,8
1,30,200,71.7,18.5,2,2,7,12
1,18,151,96.0,28.5,1,2,4,11
1,23,186,95.7,25.5,1,2,8,8
1,24,182,62.1,0.0,4,1,-7,5
0,56,157,52.1,15.8,4,2,4,11
1,34,197,103.3,27.3,1,2,3,9
0,35,160,93.2,11.9,2,0,0,6
1,28,197,83.7,19.0,4,2,8,8
0,37,191,64.8,0.0,4,0,0,14
1,37,193,65.1,0.0,1,2,2,7
1,42,186,80.3,29.0,4,1,-4,7
0,55,169,76.2,10.3,2,2,2,14
0,29,183,60.2,12.0,3,2,3,12
1,29,157,71.9,12.6,3,2,7,14
1,22,156,109.3,23.3,5,1,-8,10
1,27,188,89.7,17.6,5,2,6,13
0,58,155,73.3,27.1,2,0,0,16
0,35,159,66.9,21.9,5,0,0,12
0,27,190,84.4,19.7,5,2,2,10
0,59,156,86.1,19.7,2,2,7,13
1,33,175,57.6,14.4,5,0,0,5
1,34,189,81.2,12.3,5,0,0,15
0,57,186,63.1,24.2,5,2,7,8
0,33,169,59.1,12.8,1,0,0,11
0,32,185,51.4,10.9,1,0,0,5
1,28,186,76.8,23.5,5,1,-7,7
1,40,183,78.5,13.4,2,0,0,16
0,37,176,76.0,28.8,1,0,0,15
1,24,160,62.7,12.2,2,2,8,12
1,35,184,93.4,20.1,2,1,-4,15
1,43,181,59.2,10.3,3,0,0,12
0,43,163,88.2,12.3,4,2,7,4
1,47,173,83.2,11.7,2,2,5,16
1,40,159,105.9,16.2,1,2,8,6
1,32,155,56.2,12.1,3,1,-6,14
1,36,179,100.8,18.6,2,0,0,5
0,50,195,72.5,21.7,1,0,0,7
1,36,191,69.2,16.0,3,0,0,4
1,59,165,67.0,29.7,1,2,5,10
1,29,178,63.1,15.5,1,1,-8,7
1,36,169,85.8,0.0,1,0,0,15
1,40,158,90.0,0.0,5,1,-6,5
0,41,192,52.9,0.0,3,1,-7,9
0,60,164,62.4,27.0,4,1,-5,11
1,53,174,102.0,19.0,4,1,-3,15
0,31,163,96.0,19.4,3,1,-3,11
1,25,190,101.0,25.6,4,1,-6,12
0,44,187,61.5,26.7,2,0,0,12
0,18,196,52.7,20.0,2,1,-4,5
0,59,191,92.0,10.2,4,1,-3,9
1,20,175,97.7,27.1,3,2,4,4
0,21,181,59.6,24.6,1,0,0,7
1,18,171,57.7,28.1,3,1,-3,11
1,24,179,91.0,16.2,3,1,-4,4
0,35,184,69.6,28.7,2,0,0,5
0,55,156,79.7,22.3,3,0,0,5
1,43,154,98.7,21.8,2,1,-3,5
1,35,184,108.1,13.7,3,2,7,6
1,23,163,102.4,11.4,3,0,0,12
0,33,151,76.9,17.6,5,0,0,12
1,31,154,85.6,16.1,4,1,-4,9
1,58,181,90.7,23.7,1,2,4,7
0,52,175,92.3,28.3,5,1,-6,8
0,44,177,72.9,27.7,3,2,6,13
0,54,182,69.6,13.8,4,0,0,10
0,56,199,104.3,18.5,4,0,0,14
0,35,153,103.2,17.2,5,1,-7,12
1,46,150,87.6,27.1,5,1,-6,11
1,43,195,86.1,24.0,1,1,-7,7
0,58,175,57.9,0.0,1,1,-6,7
1,42,179,63.6,22.4,3,0,0,14
0,27,185,102.7,29.3,5,0,0,12
1,52,164,93.4,14.2,2,2,8,15
0,60,182,52.1,26.4,3,1,-2,16
0,57,199,57.9,27.6,2,2,2,14
0,22,169,59.8,29.3,5,1,-3,9
1,38,197,51.2,0.0,3,2,3,4
1,46,188,64.0,0.0,1,1,-2,13
0,53,169,75.4,0.0,4,0,0,11
0,48,167,57.3,12.3,3,2,4,8
0,47,176,92.6,24.9,4,2,6,15
0,41,167,92.5,0.0,2,0,0,4
1,28,161,51.4,0.0,4,0,0,14
1,51,178,78.3,24.4,3,0,0,16
1,32,177,92.9,13.6,1,2,6,16
1,47,181,88.7,29.5,2,0,0,11
0,20,164,83.4,25.2,4,2,4,15
0,58,200,89.3,14.8,4,0,0,13
1,32,196,70.8,10.2,5,1,-7,10
1,25,198,89.1,22.0,4,1,-4,6
0,31,162,62.7,24.2,1,2,8,11
0,32,190,97.9,18.9,5,1,-7,6
0,42,192,73.9,16.2,1,1,-4,13
1,23,171,93.1,13.2,4,2,3,9
0,40,168,107.7,25.8,2,1,-5,5
0,25,196,68.5,19.3,3,0,0,6
1,42,156,73.3,14.6,4,0,0,15
1,55,178,100.4,21.5,3,0,0,11
1,22,172,107.7,29.9,4,1,-7,13
1,40,164,102.9,21.3,3,1,-3,7
1,21,197,92.4,0.0,4,0,0,14
0,57,191,88.6,0.0,5,0,0,16
1,28,195,63.8,15.2,4,0,0,10
0,36,183,109.4,0.0,5,0,0,14
0,22,162,81.3,11.6,3,2,5,6
0,54,200,57.0,14.0,1,2,2,7
0,47,153,51.4,21.6,3,1,-3,14
0,42,157,68.8,26.4,1,2,7,12
0,30,189,92.5,27.1,4,0,0,7
1,55,193,83.5,15.5,5,0,0,9
1,43,186,82.1,25.6,3,2,7,16
1,46,198,79.1,28.7,1,1,-2,14
0,55,176,86.0,14.5,5,2,6,11
0,35,181,87.4,10.7,5,0,0,8
0,34,170,103.3,21.2,2,2,3,10
1,50,195,94.0,26.5,4,2,6,6
0,20,158,83.4,12.9,3,0,0,8
1,35,194,68.3,22.8,2,2,2,6
0,48,178,61.0,27.5,5,2,5,5
1,42,163,93.0,26.9,4,0,0,5
1,51,155,99.7,27.0,4,1,-7,15
1,46,181,62.2,11.2,1,1,-6,15
0,47,160,71.3,12.1,1,0,0,4
1,33,154,70.4,14.3,3,0,0,11
1,36,162,86.9,0.0,5,0,0,14
1,47,178,75.7,15.4,3,1,-6,15
0,36,194,65.9,24.5,2,0,0,7
1,44,161,109.0,19.7,4,1,-3,13
0,50,151,82.5,10.9,3,0,0,15
1,53,186,100.4,19.9,5,2,4,5
0,23,187,94.6,14.0,5,1,-7,6
0,41,200,57.3,13.0,1,0,0,5
0,34,166,53.8,27.6,5,0,0,16
0,36,161,71.8,26.9,2,0,0,11
1,29,151,103.9,26.9,2,0,0,4
0,48,178,79.6,28.8,2,2,3,16
0,28,162,87.0,27.3,3,1,-8,8
0,22,199,57.8,27.5,5,2,4,13
0,44,173,62.3,24.5,4,1,-2,12
0,24,154,98.0,0.0,3,0,0,6
1,55,167,52.9,0.0,4,0,0,4
1,22,150,96.6,22.1,4,2,8,8
0,41,188,57.9,27.0,2,1,-8,5
0,53,197,63.4,13.7,5,2,4,10
1,50,159,62.6,16.3,5,0,0,5
1,53,159,82.6,12.1,3,1,-6,8
0,43,172,99.9,24.0,1,1,-3,15
1,45,156,95.8,29.1,5,2,7,16
0,53,165,95.5,25.6,1,1,-8,4
0,58,191,67.4,27.8,2,0,0,16
1,47,173,106.1,16.1,3,1,-4,4
0,47,189,64.4,0.0,1,0,0,16
1,34,154,60.3,29.2,2,1,-4,4
1,50,188,61.7,25.8,2,0,0,8
1,45,184,70.9,28.0,5,0,0,13
1,20,188,100.4,27.0,5,0,0,16
0,26,185,82.9,25.1,2,1,-2,4
1,57,160,61.1,26.9,3,2,7,12
1,44,168,100.4,24.9,1,1,-6,9
1,34,192,72.0,15.8,3,2,3,13
1,48,157,56.9,0.0,2,2,2,15
1,38,190,96.0,10.0,3,1,-5,16
1,46,168,69.8,27.2,4,2,7,10
0,44,199,91.0,0.0,1,2,5,14
1,55,161,98.5,22.3,5,2,7,16
0,47,199,83.0,27.3,3,1,-7,16
0,38,170,66.6,25.9,1,0,0,13
0,44,159,68.3,16.2,3,1,-7,14
1,42,169,67.1,13.3,1,0,0,13
1,57,155,52.3,12.5,3,1,-6,14
0,39,156,87.3,16.0,2,1,-6,6
1,34,164,80.2,20.8,5,1,-8,10
1,52,200,95.3,16.5,4,2,3,16
1,32,150,65.7,12.7,4,2,5,14
1,40,166,67.7,0.0,5,1,-4,6
0,48,156,98.0,19.6,3,0,0,15
0,51,166,93.7,13.6,1,1,-8,4
0,34,187,61.6,26.3,5,0,0,16
0,51,164,60.4,16.2,1,2,4,9
1,50,164,96.8,27.1,3,0,0,16
0,20,178,105.7,14.7,2,0,0,9
1,21,182,83.9,10.5,3,1,-6,6
1,29,169,66.1,16.3,3,0,0,15
0,37,177,81.6,23.3,4,0,0,14
1,41,173,52.1,0.0,4,1,-4,9
0,48,186,50.5,21.9,2,0,0,11
0,41,174,61.7,11.8,3,2,5,13
0,35,198,88.8,26.7,3,1,-2,4
0,29,171,93.3,23.4,3,2,4,13
0,46,155,79.1,0.0,5,1,-3,14
1,41,151,68.6,18.5,3,0,0,11
0,23,196,96.6,16.4,4,2,4,13
1,37,184,97.1,17.9,5,2,4,14
0,40,191,88.4,17.0,3,0,0,6
0,34,170,107.5,27.9,1,1,-5,14
0,54,173,66.2,25.0,4,0,0,5
1,32,162,108.3,13.1,4,2,2,13
0,53,194,98.9,28.3,1,1,-3,4
1,55,153,95.3,28.0,1,1,-6,6
1,40,199,52.5,24.6,3,2,4,12
0,48,195,78.3,14.6,4,1,-5,5
1,29,183,81.7,24.6,1,0,0,11
0,26,174,77.0,29.4,1,0,0,13
0,25,189,99.2,14.2,2,0,0,11
0,51,176,75.6,10.5,2,0,0,6
0,56,188,51.6,25.6,3,1,-6,4
0,20,183,91.9,19.2,5,2,4,10
0,54,150,92.7,26.7,2,2,6,4
1,40,185,76.6,14.2,4,2,7,11
0,48,185,94.6,0.0,1,0,0,7
1,21,178,100.5,20.0,3,2,2,10
1,27,187,97.7,20.3,3,2,3,14
1,37,164,62.9,25.8,4,2,6,10
1,20,156,51.5,26.4,3,0,0,5
0,25,181,95.2,10.7,5,0,0,5
1,40,171,100.0,28.9,1,0,0,16
1,42,195,99.2,20.1,4,0,0,6
1,23,177,78.1,0.0,1,2,5,4
0,54,175,96.2,29.6,1,0,0,15
0,18,172,68.4,13.6,5,2,4,6
1,20,152,81.6,26.7,2,1,-6,4
1,48,176,104.9,17.2,1,2,2,4
0,26,170,105.6,17.1,4,0,0,11
0,60,198,89.2,30.0,4,0,0,9
1,25,178,58.9,0.0,3,0,0,7
0,28,173,99.5,28.7,3,0,0,5
0,48,182,63.2,13.0,1,1,-8,5
0,42,152,69.1,14.6,1,1,-4,6
1,31,172,95.5,20.7,1,0,0,12
0,45,171,94.5,0.0,5,1,-8,5
1,26,158,53.0,13.2,4,1,-4,14
0,57,165,110.0,0.0,1,1,-7,6
1,37,185,99.2,25.2,5,0,0,15
0,37,151,54.9,22.6,4,2,6,14
1,43,162,94.8,13.9,1,1,-4,16
0,58,194,88.5,12.7,5,2,5,6
1,41,151,107.6,21.7,2,0,0,14
1,20,172,75.3,26.2,4,0,0,7
0,39,161,64.5,18.2,2,1,-6,10
0,20,169,73.1,12.9,1,0,0,6
0,29,173,91.3,29.2,3,2,6,13
0,25,182,58.9,17.9,4,2,2,7
0,23,164,78.9,0.0,5,0,0,14
1,23,180,79.9,0.0,2,1,-8,11
0,29,196,88.5,17.3,3,1,-7,10
1,41,192,72.6,25.9,4,0,0,11
0,39,191,59.1,14.7,1,1,-7,6
1,45,161,98.2,12.5,4,2,5,10
0,18,193,62.7,0.0,4,0,0,7
0,46,150,106.1,25.2,1,1,-2,12
0,48,163,90.3,26.3,2,1,-4,14
1,59,200,105.4,12.4,4,0,0,4
0,43,177,56.3,0.0,4,2,2,11
1,29,162,60.8,18.0,2,0,0,11
1,47,172,66.4,14.2,4,2,5,10
0,22,193,52.5,0.0,1,1,-4,14
0,29,159,82.6,0.0,4,2,6,12
0,44,190,84.5,22.4,3,1,-6,4
1,18,185,107.6,19.6,5,2,5,16
1,32,170,76.6,0.0,5,1,-8,4
0,23,174,106.0,18.8,5,0,0,9
0,47,159,95.2,28.4,2,2,7,10
1,39,168,50.4,10.1,2,0,0,5
0,31,178,59.5,26.0,2,1,-5,5
0,47,171,97.5,11.6,4,1,-4,9
0,54,176,75.3,10.9,4,2,8,7
0,21,195,81.8,20.8,3,2,2,12
1,24,198,106.5,26.6,5,1,-6,12
1,21,191,75.4,13.8,1,0,0,9
0,44,171,105.1,16.4,4,0,0,6
1,57,182,77.2,19.6,4,0,0,13
1,18,179,65.6,11.0,3,0,0,4
1,47,187,89.3,24.1,5,2,8,16
1,28,182,104.8,18.4,3,0,0,7
0,54,155,58.1,28.2,1,0,0,12
0,52,174,82.8,28.1,5,2,6,14
0,20,190,66.9,0.0,3,1,-7,6
1,25,166,81.4,0.0,4,2,8,11
0,29,161,65.0,23.0,5,2,6,12
1,49,152,58.7,24.5,4,1,-6,13
1,28,182,105.3,20.8,4,0,0,5
1,43,177,66.4,16.0,4,0,0,10
0,54,172,102.8,10.7,1,0,0,9
1,49,154,52.0,26.8,1,0,0,5
1,40,185,70.6,0.0,5,2,3,16
1,41,153,66.3,14.8,1,2,2,5
1,55,193,50.9,0.0,5,0,0,11
0,24,168,52.1,21.5,2,1,-7,4
0,48,187,94.9,21.6,2,1,-7,16
0,41,187,97.0,0.0,1,0,0,16
0,56,188,97.7,29.4,1,0,0,7
0,24,178,65.8,10.5,5,1,-3,9
1,34,162,76.2,28.0,4,1,-8,14
0,28,185,103.7,0.0,3,0,0,7
1,46,176,82.8,23.3,5,0,0,8
1,50,153,87.4,19.3,2,0,0,8
1,59,195,55.3,0.0,1,2,5,9
1,26,170,107.8,0.0,3,0,0,7
0,51,165,82.8,25.2,4,0,0,8
1,39,157,85.8,12.4,5,1,-2,10
1,54,169,83.5,23.3,3,2,5,11
1,49,166,104.8,14.4,1,2,4,15
0,39,186,64.4,14.4,1,2,8,9
0,40,159,87.7,0.0,1,1,-7,11
1,49,176,91.7,27.3,5,0,0,7
1,58,160,93.0,22.2,5,2,7,11
0,46,179,89.4,13.1,5,0,0,7
1,50,179,53.1,20.2,4,1,-2,8
0,59,164,94.5,22.4,3,0,0,12
0,33,197,85.3,26.7,3,0,0,7
1,28,173,81.8,15.6,5,1,-3,7
1,32,180,64.3,14.2,2,2,7,7
1,35,175,88.1,29.9,1,1,-7,16
0,48,200,86.5,19.9,1,2,8,13
0,53,150,89.7,15.3,3,2,3,8
1,22,191,67.5,10.9,2,1,-7,11
1,56,184,54.5,11.6,5,2,7,12
1,52,150,53.8,18.0,2,1,-4,5
0,58,190,71.8,13.6,1,0,0,4
1,31,179,63.3,0.0,3,1,-5,5
0,56,188,67.8,10.1,1,1,-4,11
1,60,176,50.0,22.2,2,2,7,6
1,18,158,80.7,14.3,4,2,4,8
1,35,162,80.9,27.0,2,1,-8,16
1,51,180,93.1,24.9,1,0,0,8
1,59,180,108.7,15.4,2,0,0,15
1,37,153,52.1,21.2,2,0,0,5
0,19,181,64.2,28.4,3,1,-8,14
0,58,153,106.3,16.6,5,1,-6,12
1,48,187,68.2,19.7,3,2,2,8
1,24,162,91.5,0.0,1,1,-5,4
1,33,162,66.6,18.2,5,2,3,8
1,55,152,53.7,29.4,1,1,-6,5
0,24,152,109.5,25.6,5,0,0,6
1,56,176,84.9,21.8,1,1,-7,14
0,48,158,77.7,0.0,2,2,2,10
0,44,173,59.2,29.2,3,1,-7,8
0,29,180,75.8,17.5,1,0,0,6
1,32,178,105.0,28.7,4,2,7,9
1,37,194,94.6,0.0,4,2,8,12
1,21,198,67.0,19.2,2,2,4,13
1,47,164,101.1,17.2,5,2,3,10
0,55,188,85.0,29.0,2,2,5,6
0,23,164,72.0,12.5,2,2,2,12
1,39,150,80.1,25.0,3,0,0,13
0,37,165,68.8,18.3,5,0,0,8
0,39,152,104.3,0.0,5,0,0,16
0,49,176,78.8,11.0,5,0,0,12
0,29,153,66.1,20.1,1,0,0,15
0,45,177,79.9,29.2,1,0,0,8
0,23,196,89.7,18.1,5,1,-6,15
1,50,194,92.8,19.7,3,2,5,8
0,27,175,97.7,10.9,2,1,-6,12
1,54,161,80.1,0.0,3,2,5,8
1,29,184,94.2,0.0,2,2,2,14
1,18,193,59.8,11.6,5,1,-8,10
1,37,183,76.3,17.0,3,2,4,4
0,31,167,89.4,16.3,5,1,-4,14
0,49,151,79.4,16.8,1,1,-5,7
0,35,158,59.4,0.0,3,0,0,12
0,41,160,53.4,23.6,2,0,0,6
0,21,163,78.4,25.5,3,2,8,10
1,25,158,81.8,12.3,5,2,5,5
1,25,170,51.4,27.8,2,0,0,7
0,24,167,56.1,11.1,4,0,0,10
1,22,184,74.2,0.0,2,0,0,4
0,49,181,58.0,29.3,3,1,-6,10
1,57,199,56.2,23.6,3,0,0,7
0,23,177,107.9,27.5,2,0,0,5
1,40,169,52.7,15.9,3,0,0,8
1,40,199,94.6,16.7,1,0,0,10
0,24,186,66.1,28.9,1,0,0,6
0,46,171,84.4,0.0,1,2,3,8
1,46,176,51.3,19.0,5,1,-6,11
1,23,172,67.7,0.0,1,0,0,15
1,23,197,86.3,23.2,5,1,-3,6
1,31,161,65.5,21.8,2,2,3,16
1,28,189,88.6,24.6,2,1,-5,10
0,35,191,85.7,12.2,3,1,-5,4
1,46,186,75.8,18.3,1,2,5,7
1,27,183,71.3,21.6,5,0,0,7
1,36,182,89.8,24.1,4,0,0,16
1,35,154,99.4,18.4,5,0,0,13
0,38,180,59.1,14.7,5,2,7,11
0,20,197,96.5,10.7,3,0,0,5
1,33,160,96.1,17.9,4,1,-5,15
0,22,164,84.5,0.0,2,1,-5,13
0,53,173,85.4,15.7,5,0,0,12
0,29,165,73.0,29.0,5,1,-7,4
0,37,164,92.4,24.3,5,2,4,16
0,32,173,105.5,12.5,3,2,7,6
1,27,172,50.3,28.3,1,1,-8,11
1,31,155,57.8,23.2,4,2,3,10
1,21,162,62.2,0.0,5,1,-2,8
0,43,150,58.0,24.2,1,2,3,12
1,30,179,53.4,16.0,5,0,0,8
1,18,174,96.3,0.0,1,0,0,7
1,58,177,66.4,29.7,5,2,5,8
1,44,152,103.2,16.7,1,0,0,4
1,22,163,81.2,14.6,5,2,8,15
0,38,188,71.1,26.3,4,0,0,7
1,55,200,92.3,20.2,4,0,0,11
1,34,199,83.8,26.4,3,1,-6,7
0,41,169,57.3,25.4,5,2,6,5
0,39,191,102.8,18.6,1,2,2,15
0,53,156,67.5,12.3,5,0,0,6
1,56,191,75.0,17.5,1,2,5,16
0,53,171,107.3,27.4,1,1,-2,10
1,54,198,86.1,22.8,3,1,-4,11
1,47,169,74.2,11.6,5,0,0,15
1,51,150,76.9,15.2,4,1,-7,11
0,38,200,72.5,0.0,1,0,0,12
1,56,177,60.9,23.0,5,2,2,14
1,30,182,98.6,21.9,5,2,2,5
1,30,192,66.3,25.9,1,2,4,4
1,58,189,63.2,0.0,2,0,0,5
0,18,200,78.1,21.7,2,2,6,14
0,42,200,67.0,18.0,4,1,-6,4
1,37,153,109.0,0.0,1,2,7,14
1,42,163,100.3,29.0,1,0,0,11
1,21,171,61.6,18.5,2,0,0,7
0,30,187,60.3,20.4,1,1,-7,6
0,42,169,87.0,0.0,4,1,-8,4
0,28,185,102.6,24.7,5,2,5,7
0,32,161,101.5,12.3,3,1,-8,14
1,25,188,73.6,12.0,4,0,0,16
0,27,179,55.2,20.6,1,1,-3,12
1,20,186,61.7,10.9,1,2,5,14
0,42,178,98.5,0.0,3,2,2,11
0,55,150,79.3,0.0,4,1,-2,4
1,30,174,106.1,20.7,3,0,0,11
0,31,198,51.9,17.6,2,2,4,13
0,30,198,59.4,11.7,1,1,-6,6
1,54,159,89.2,17.0,4,0,0,15
1,45,193,73.8,28.1,2,1,-6,16
0,54,163,82.1,19.6,2,1,-4,11
0,48,154,76.8,21.4,4,2,7,7
0,53,182,109.4,18.9,5,0,0,16
0,55,180,65.4,13.3,5,1,-5,7
1,36,163,56.2,26.9,4,0,0,12
1,44,163,53.1,14.0,4,2,5,7
1,32,179,71.8,16.5,2,0,0,4
0,50,200,99.2,0.0,5,0,0,14
0,52,155,86.6,11.9,5,0,0,7
1,44,177,56.4,26.5,3,1,-5,16
0,50,195,76.6,28.6,1,0,0,14
1,41,182,63.6,19.9,4,1,-8,10
0,21,154,94.8,18.1,2,0,0,13
1,41,170,89.4,22.8,2,1,-6,13
1,22,159,71.7,14.4,1,2,6,6
1,53,187,79.8,10.9,3,0,0,8
1,27,179,85.6,0.0,4,1,-8,9
0,21,200,94.4,28.6,2,2,4,14
0,35,193,58.4,21.6,5,1,-6,9
0,56,189,93.1,18.0,2,0,0,11
0,45,150,90.5,10.1,1,1,-4,4
0,29,191,66.9,27.7,1,0,0,10
1,43,168,90.2,0.0,1,2,5,15
0,35,185,53.3,17.4,5,1,-4,8
1,43,186,66.5,22.4,1,0,0,10
0,38,190,72.4,0.0,3,1,-8,14
0,19,161,105.7,16.5,5,0,0,9
1,23,184,53.9,11.3,2,2,3,5
0,29,181,92.6,19.9,5,1,-6,12
0,48,158,60.5,25.5,3,0,0,8
0,20,185,73.8,25.5,2,1,-7,11
0,53,159,83.9,0.0,4,0,0,5
1,57,196,60.0,0.0,4,0,0,12
1,58,170,81.6,0.0,5,0,0,15
0,33,189,69.1,24.2,2,0,0,4
1,45,174,97.2,23.4,1,0,0,13
0,37,162,93.6,28.8,5,2,2,11
1,59,151,104.7,14.7,5,2,7,11
1,31,161,71.3,25.9,3,0,0,4
0,59,165,69.7,23.2,2,2,8,8
0,59,189,87.6,15.4,2,1,-4,16
1,45,162,66.1,11.5,5,0,0,5
1,21,163,109.9,0.0,2,2,3,6
0,57,180,84.4,11.0,2,1,-8,13
0,27,170,58.8,16.7,1,1,-8,16
1,30,177,87.4,23.1,4,2,7,14
0,35,165,67.6,20.8,3,1,-4,10
1,30,168,86.5,22.0,2,2,4,10
1,30,171,89.7,12.1,5,0,0,14
0,53,181,65.7,28.0,4,1,-8,16
1,40,158,84.5,0.0,4,0,0,8
0,33,167,65.6,20.0,1,2,2,10
0,27,194,95.4,0.0,5,0,0,13
1,59,179,64.4,17.7,4,2,3,10
1,53,171,99.1,20.5,5,1,-8,10
1,59,185,61.9,19.2,3,1,-2,16
0,22,179,76.3,29.6,2,0,0,13
0,45,189,89.8,0.0,4,2,3,9
1,21,164,98.1,27.2,4,1,-8,15
1,49,178,70.8,0.0,2,2,8,10
0,25,200,69.2,12.0,4,2,4,6
1,50,163,80.7,21.7,4,1,-4,11
0,59,165,50.1,16.9,2,1,-3,12
1,41,159,101.5,22.9,5,1,-2,14
1,58,159,57.1,28.4,2,0,0,4
1,50,166,72.1,28.7,4,1,-8,11
1,50,175,77.4,22.9,5,2,5,12
1,38,184,78.9,15.3,3,0,0,16
1,52,195,102.5,19.5,1,2,7,5
0,18,183,71.3,28.9,3,0,0,13
0,52,196,82.8,16.9,5,2,7,16
1,44,168,58.3,15.9,5,2,6,13
1,33,199,58.6,12.1,5,1,-6,6
1,28,152,98.5,10.4,5,2,7,12
0,46,181,67.2,16.8,2,1,-4,13
0,35,162,78.8,25.1,4,2,4,15
1,50,150,63.1,17.0,1,2,2,11
0,51,195,58.4,12.2,4,2,2,7
0,26,155,58.3,17.4,5,1,-5,14
1,42,180,60.6,27.5,4,0,0,12
0,26,198,104.0,14.7,5,2,6,12
1,37,189,91.2,21.6,2,0,0,8
1,18,151,105.7,17.5,5,1,-8,14
0,60,200,100.0,15.4,1,1,-6,11
1,34,174,61.9,29.0,1,1,-2,4
0,36,193,86.1,24.6,3,0,0,8
1,40,155,102.3,23.7,5,0,0,5
0,25,199,66.1,22.0,2,1,-5,7
0,27,180,70.5,17.7,4,0,0,12
0,56,195,109.3,29.6,1,2,2,10
1,44,169,65.0,23.2,1,1,-7,6
0,31,184,99.4,0.0,5,0,0,14
0,27,182,56.6,19.1,3,1,-4,16
0,55,161,108.4,10.6,4,0,0,5
0,40,197,108.2,16.5,5,2,4,13
1,35,194,102.5,14.3,2,2,8,11
1,19,166,95.0,10.3,5,2,4,9
0,39,199,56.4,14.8,2,0,0,13
0,27,187,92.8,13.7,3,1,-6,5
1,27,159,64.7,22.0,4,1,-3,13
1,24,189,57.3,20.8,5,0,0,9
1,18,158,82.5,19.3,4,2,8,8
1,18,185,80.2,11.6,2,1,-8,13
1,58,178,104.5,12.6,4,1,-2,16
1,55,176,77.2,19.5,2,1,-2,5
1,34,158,66.6,17.8,5,1,-4,6
0,26,168,83.3,13.5,5,2,6,7
0,42,167,69.8,27.3,3,0,0,4
1,49,182,109.5,22.2,1,0,0,14
1,56,194,92.9,0.0,3,1,-3,7
0,39,182,85.2,19.5,4,1,-8,5
0,51,170,54.6,24.9,3,1,-2,6
1,24,155,89.4,25.5,3,1,-7,14
0,21,177,108.2,17.8,1,1,-7,6
0,55,175,95.8,27.2,5,0,0,14
1,41,155,103.3,29.0,1,0,0,8
0,22,168,72.7,12.1,3,2,5,4
1,45,156,103.5,28.6,5,0,0,13
1,33,162,93.1,14.2,4,0,0,7
1,60,173,93.4,19.4,5,0,0,6
0,51,187,68.3,0.0,4,0,0,13
0,36,156,52.2,19.6,5,0,0,15
1,54,190,71.6,11.6,3,1,-8,8
0,19,162,84.7,28.0,2,0,0,15
1,34,157,74.8,0.0,3,0,0,15
0,54,197,52.1,26.1,3,1,-4,7
1,54,158,51.5,18.2,4,0,0,11
0,52,193,99.5,0.0,1,0,0,8
1,25,200,56.9,10.0,2,1,-7,13
1,36,177,75.2,27.1,5,1,-5,14
1,37,185,109.4,11.8,4,2,2,11
0,22,164,96.5,14.2,3,0,0,14
1,54,167,94.3,0.0,2,1,-3,14
0,37,200,68.5,21.3,3,0,0,12
1,32,187,73.0,24.0,4,0,0,11
1,47,196,91.2,11.0,5,2,7,12
0,23,154,101.0,28.6,3,1,-4,4
0,40,176,80.2,15.4,5,2,4,5
0,38,175,79.9,12.9,2,0,0,7
0,28,195,88.2,12.4,3,0,0,8
1,60,194,74.5,29.3,2,2,2,11
1,43,183,68.8,15.0,5,1,-7,12
1,33,173,102.0,11.8,2,2,2,15
1,52,185,52.1,15.9,4,1,-2,16
0,46,174,98.8,26.0,1,2,2,16
0,18,187,58.8,0.0,1,1,-2,11
0,26,153,52.1,17.9,2,2,6,11
1,24,197,108.6,0.0,3,1,-7,6
1,39,150,66.0,22.9,5,2,6,11
1,45,164,53.7,27.8,5,2,8,11
0,48,168,56.4,29.6,3,2,8,4
0,31,189,63.5,15.3,4,1,-3,11
1,57,188,83.0,28.3,2,0,0,13
0,59,168,98.9,20.2,2,2,3,9
0,38,197,105.6,12.6,2,1,-5,7
0,39,195,100.8,12.6,1,1,-4,10
0,39,193,51.0,26.0,2,1,-2,13
1,22,174,65.6,28.3,3,0,0,11
0,43,155,89.7,27.3,1,0,0,16
1,19,188,105.5,21.9,2,2,3,14
0,55,181,83.4,22.0,3,1,-8,9
0,33,173,85.8,23.2,4,0,0,11
1,37,168,66.1,15.8,5,1,-3,7
0,51,167,100.5,22.2,1,0,0,13
1,48,177,90.1,15.7,5,1,-3,10
0,52,156,75.5,0.0,1,1,-3,14
0,33,199,69.8,18.5,3,2,7,15
0,45,158,81.0,25.0,2,2,8,4
0,44,192,58.6,13.1,4,2,8,6
1,19,195,94.1,0.0,5,2,5,16
1,52,186,69.4,15.0,1,1,-7,8
1,60,150,99.1,10.8,4,1,-2,14
1,55,168,63.8,26.2,4,2,8,8
1,21,162,89.2,10.4,2,0,0,7
1,23,186,96.4,13.3,2,0,0,8
0,23,182,57.6,0.0,4,1,-6,5
0,55,197,98.9,19.8,1,2,4,6
1,50,196,90.1,27.7,1,2,2,15
0,31,156,102.5,21.9,3,2,8,4
1,35,156,74.2,0.0,1,1,-7,8
0,26,173,108.1,15.1,3,0,0,4
1,43,181,61.4,14.3,5,1,-2,11
1,23,192,100.7,0.0,4,2,7,7
0,19,187,105.8,23.2,5,0,0,6
0,52,172,78.1,0.0,3,1,-4,14
1,40,168,96.1,0.0,1,0,0,16
0,19,163,69.2,16.2,2,1,-8,5
0,45,159,68.9,0.0,4,2,4,7
1,39,176,65.1,20.0,5,2,4,4
0,49,173,65.8,0.0,1,0,0,9
0,35,194,64.1,28.7,1,1,-7,10
1,34,181,70.6,10.3,4,0,0,12
0,32,183,56.3,21.9,4,1,-5,16
1,20,198,101.5,0.0,4,2,4,8
0,46,176,103.4,14.3,2,0,0,12
1,34,153,78.3,21.3,4,2,7,8
1,46,178,88.8,26.4,5,0,0,5
0,27,155,75.8,10.6,1,1,-7,7
0,48,197,80.7,12.7,4,1,-3,7
0,41,155,74.1,0.0,4,2,7,16
1,24,155,55.0,26.0,3,2,2,4
0,26,184,80.2,17.2,5,1,-3,10
1,58,179,66.3,22.8,2,1,-4,10
0,22,197,80.9,11.2,3,0,0,14
0,59,180,93.3,28.3,5,1,-4,12
1,52,161,59.3,28.0,5,1,-7,16
0,49,195,106.2,0.0,5,2,4,10
0,30,157,108.7,27.6,4,1,-4,5
1,34,187,84.4,0.0,2,0,0,11
1,43,191,60.0,12.4,4,2,8,13
1,50,183,87.3,20.0,1,2,8,4
1,37,158,53.2,0.0,1,0,0,10
0,54,167,93.4,21.8,1,0,0,14
1,57,152,105.1,17.4,1,1,-7,14
0,19,178,60.1,0.0,2,0,0,13
0,45,165,103.7,15.4,1,1,-6,10
0,28,190,77.8,21.0,4,1,-2,9
0,47,192,72.4,24.3,5,2,2,8
1,56,156,95.2,27.0,2,0,0,11
0,35,195,80.3,21.9,4,0,0,16
1,25,162,62.6,17.2,5,0,0,7
1,41,157,82.7,24.9,1,1,-7,5
0,59,152,86.5,23.8,1,2,4,10
0,54,185,59.0,19.5,5,0,0,13
1,47,174,68.0,27.3,2,1,-7,10
1,58,194,99.2,0.0,5,0,0,7
0,27,152,98.9,0.0,3,2,6,15
0,56,164,55.6,0.0,1,0,0,16
0,38,173,96.5,26.9,3,1,-8,16
0,44,194,91.8,29.9,3,1,-6,14
1,24,165,77.8,13.9,3,1,-3,15
0,52,194,93.1,17.2,2,2,8,6
1,34,188,68.7,17.9,3,1,-6,15
1,57,168,76.5,19.9,5,0,0,11
1,21,178,69.8,14.3,1,2,8,16
1,51,186,57.4,14.1,2,2,7,7
1,21,185,88.7,15.9,3,0,0,8
0,28,153,91.6,18.3,3,1,-3,7
1,27,193,89.1,19.2,4,2,4,14
0,52,175,73.3,11.8,4,1,-6,11
0,59,179,85.6,28.6,5,2,6,9
1,49,183,85.4,0.0,3,2,8,8
0,28,159,65.6,20.7,5,0,0,8
0,49,150,98.0,27.3,5,2,4,10
1,20,175,100.3,0.0,3,1,-2,5
0,42,169,72.4,14.1,3,0,0,11
1,41,174,60.1,21.0,2,2,2,13
1,59,160,80.1,0.0,2,2,3,15
1,27,169,79.3,25.0,4,0,0,13
0,19,165,55.2,13.1,1,1,-2,10
0,19,154,78.8,15.0,2,1,-2,16
1,52,199,71.2,13.4,1,1,-5,15
1,57,174,106.5,14.1,1,1,-6,7
1,20,187,108.4,16.2,4,0,0,9
0,43,191,79.5,19.4,4,2,4,7
1,27,179,59.1,23.1,2,0,0,7
0,28,150,70.8,11.6,3,2,4,12
1,24,163,96.0,29.3,5,0,0,12
1,50,198,98.7,12.1,3,1,-7,14
1,28,178,97.9,25.6,3,2,7,16
1,25,150,82.4,0.0,4,0,0,4
1,57,151,75.5,10.8,4,0,0,5
0,26,155,96.8,10.5,1,2,4,9
1,49,184,94.5,27.5,4,1,-3,12
0,18,174,102.9,28.4,5,2,7,11
1,42,160,70.4,14.7,2,1,-2,10
0,55,156,100.2,26.9,1,0,0,5
1,54,157,76.4,12.9,4,1,-7,12
0,22,177,107.8,28.2,2,0,0,8
1,40,187,94.5,10.6,1,2,4,13
1,29,199,69.7,27.3,2,1,-6,4
1,54,163,83.6,29.6,4,2,5,11
1,58,179,89.7,28.8,5,0,0,14
0,27,194,79.1,0.0,4,2,7,11
0,21,154,82.2,24.7,1,1,-2,6
1,32,186,81.9,23.7,2,2,4,11
1,23,188,86.3,0.0,3,0,0,4
0,31,199,85.4,10.1,3,1,-5,9
0,50,151,104.4,0.0,5,2,6,13
1,23,200,74.5,0.0,2,1,-6,13
1,22,194,64.6,27.9,4,1,-8,16
1,57,167,74.9,17.4,1,0,0,15
0,26,185,97.7,0.0,3,0,0,11
1,18,198,67.1,27.7,2,2,3,8
0,33,175,92.9,10.8,4,1,-3,12
1,56,163,103.7,14.4,4,2,4,12
0,25,188,68.3,19.4,5,1,-7,15
0,32,167,106.9,0.0,5,0,0,13
1,60,176,73.7,10.9,4,2,2,14
0,38,190,96.9,17.2,4,0,0,13
1,18,171,89.1,0.0,5,2,6,7
0,47,192,72.2,10.2,2,0,0,4
0,30,187,60.8,23.9,3,1,-8,8
0,24,187,107.8,0.0,3,1,-5,8
0,43,187,102.2,22.3,2,1,-7,6
0,27,158,87.3,18.7,2,2,5,16
1,54,176,51.1,23.4,2,2,5,12
0,50,187,98.0,24.2,5,2,7,11
0,24,185,96.2,29.8,4,1,-3,6
1,27,179,99.3,14.3,4,2,2,15
1,22,167,76.7,0.0,3,2,2,13
1,40,168,68.7,18.0,3,0,0,13
0,49,150,109.1,0.0,2,0,0,4
0,54,177,101.3,21.4,1,2,2,11
1,30,155,68.3,17.4,3,1,-6,13
1,41,157,100.4,10.0,3,2,2,16
0,22,155,102.3,18.0,1,1,-7,16
1,20,186,77.6,15.7,5,1,-6,14
1,45,194,84.7,11.0,1,1,-2,11
1,26,175,53.5,0.0,4,0,0,11
1,35,153,105.8,21.3,1,0,0,16
1,18,150,86.1,17.2,2,1,-3,15
0,19,173,96.7,18.3,5,0,0,9
1,20,166,75.7,22.7,3,2,2,6
1,52,169,85.3,24.4,4,1,-7,16
0,31,162,101.3,29.1,5,0,0,9
1,58,168,65.2,24.3,1,0,0,13
1,41,170,91.5,17.2,4,1,-3,5
1,23,187,106.3,21.9,2,0,0,9
1,32,175,106.5,10.1,5,1,-5,4
1,30,200,105.3,25.2,3,0,0,8
1,49,195,100.4,10.9,5,1,-6,8
0,39,182,79.8,19.2,1,2,8,10
1,60,184,103.3,26.8,3,1,-7,4
1,56,150,63.7,12.8,5,1,-2,7
1,25,153,64.4,17.1,2,2,5,13
0,18,152,70.1,28.5,1,0,0,6
1,54,182,105.2,16.0,5,0,0,15
0,50,190,55.8,16.0,1,1,-7,15
1,21,153,67.1,13.5,2,0,0,16
0,33,171,58.6,21.1,2,2,2,11
0,33,178,55.5,23.4,5,1,-4,8
0,47,171,67.9,25.3,1,1,-2,7
1,56,158,52.9,21.7,4,0,0,12
0,57,196,95.3,0.0,4,0,0,7
1,31,197,58.3,18.9,2,0,0,4
1,39,188,64.4,27.9,4,0,0,6
1,28,184,98.3,22.5,1,1,-3,4
0,37,190,70.0,25.0,3,2,2,7
0,54,171,54.6,22.2,4,1,-8,12
0,52,173,67.8,27.6,4,1,-5,14
0,36,183,90.3,0.0,4,0,0,4
1,42,200,87.6,27.4,2,2,5,7
1,57,179,98.0,0.0,4,2,6,6
1,19,156,75.8,12.8,5,1,-8,4
1,29,184,87.7,18.0,3,0,0,16
1,47,168,62.2,21.5,5,1,-3,15
0,57,164,78.6,20.2,1,0,0,11
0,18,171,50.6,12.1,5,2,4,7
0,30,191,52.8,30.0,2,0,0,14
1,50,190,80.3,27.9,2,1,-8,5
1,31,172,103.8,20.4,1,1,-4,9
0,55,156,72.7,11.5,1,2,7,4
0,56,186,108.4,16.8,5,1,-4,13
0,52,153,101.4,15.0,3,1,-4,13
0,49,180,90.4,15.3,1,1,-6,7
0,24,169,90.6,0.0,2,2,6,4
0,21,193,88.4,10.8,1,1,-3,5
0,46,178,103.8,18.3,3,1,-7,14
1,59,188,104.8,24.8,1,2,5,9
0,27,188,99.9,24.3,1,2,5,12
1,25,155,81.5,15.0,2,0,0,4
0,20,156,69.5,25.0,2,1,-8,14
1,41,175,101.0,14.8,2,2,5,6
0,25,165,71.1,25.2,3,2,7,5
1,34,186,105.4,18.4,2,0,0,9
0,27,162,104.4,24.6,3,1,-8,9
1,39,154,88.9,15.8,1,0,0,11
1,25,198,101.2,27.1,3,0,0,13
1,55,152,95.1,0.0,4,0,0,13
0,24,191,98.4,20.4,4,1,-3,15
1,38,196,93.3,0.0,2,1,-7,15
1,58,151,62.2,28.1,5,1,-5,12
1,40,200,96.8,19.4,4,0,0,14
1,41,150,92.0,26.1,1,2,2,16
1,26,187,109.3,19.8,5,1,-3,11
0,29,165,67.2,23.7,5,0,0,5
1,28,160,85.9,22.2,3,2,5,15
0,44,161,103.2,14.6,4,2,6,14
1,46,150,77.3,22.0,4,0,0,11
1,60,164,64.0,0.0,2,1,-5,11
0,45,179,101.8,18.2,3,0,0,8
0,22,192,97.9,0.0,3,1,-3,4
1,59,180,61.0,13.9,4,0,0,11
1,50,154,80.4,15.0,1,2,5,9
0,18,150,108.0,18.0,2,1,-3,14
1,34,192,86.3,14.3,4,1,-3,10
1,50,152,79.2,27.3,1,2,3,7
1,40,195,80.3,27.6,1,1,-8,4
1,54,176,79.4,0.0,5,2,3,11
1,32,199,91.9,24.2,2,2,4,6
0,18,157,58.2,27.6,5,1,-3,4
0,37,170,62.3,17.1,1,1,-6,7
1,56,176,94.5,0.0,4,2,4,10
1,31,155,68.9,28.5,5,1,-3,6
0,56,179,101.4,11.9,3,1,-7,14
0,23,179,59.4,13.7,4,1,-8,10
1,59,182,79.7,26.8,1,0,0,16
0,58,187,107.1,14.2,1,1,-6,15
0,53,189,91.0,13.4,5,0,0,4
0,50,172,53.2,16.1,4,2,8,4
0,32,188,100.9,0.0,5,2,8,9
0,24,174,98.6,20.1,3,2,2,15
1,49,187,72.6,20.0,2,2,6,9
1,43,153,101.5,24.2,1,1,-8,6
0,25,191,75.1,14.4,3,0,0,11
0,27,194,62.1,14.8,4,0,0,14
0,60,151,82.8,20.8,5,1,-2,15
0,43,193,102.0,25.2,1,2,6,15
1,19,173,107.8,18.6,2,2,7,10
0,57,190,85.3,10.3,5,1,-2,11
1,20,170,60.4,15.9,2,0,0,9
1,59,150,92.9,10.8,5,1,-5,11
1,38,166,76.9,0.0,4,2,5,8
0,60,175,96.7,17.1,4,0,0,7
0,37,199,65.2,12.3,4,0,0,4
0,55,182,74.2,16.5,1,1,-3,11
1,45,198,62.3,28.6,5,2,8,14
1,47,178,51.0,12.5,4,2,7,7
1,20,153,77.7,0.0,4,2,4,12
0,45,183,50.2,26.2,4,0,0,6
1,34,153,58.2,24.2,5,1,-6,7
0,20,153,95.5,21.6,2,1,-4,14
0,40,166,71.8,27.5,3,0,0,16
0,46,191,51.4,16.4,4,2,8,10
0,35,192,72.0,27.3,2,2,7,4
0,34,160,59.1,0.0,2,1,-3,10
1,44,167,84.9,28.9,4,0,0,13
0,32,152,99.6,21.3,4,2,6,8
0,60,164,99.2,15.3,4,1,-7,12
1,33,173,83.8,0.0,1,0,0,10
1,29,186,86.4,28.0,5,2,7,11
1,23,165,70.6,13.0,3,0,0,7
0,19,193,60.3,23.4,1,1,-6,4
1,40,151,106.5,20.0,2,1,-3,4
0,58,166,56.1,28.7,1,0,0,14
0,44,187,75.8,14.7,1,0,0,10
1,36,174,99.1,14.0,3,1,-8,4
0,52,166,109.6,0.0,1,1,-3,14
0,36,175,90.2,0.0,3,0,0,4
0,18,155,50.7,0.0,2,0,0,5
1,32,172,64.3,21.4,4,1,-6,6
0,25,181,100.5,28.0,1,2,2,5
0,53,171,98.3,10.7,2,2,8,13
0,19,161,66.9,14.2,1,0,0,9
0,45,162,64.9,18.9,5,0,0,15
1,41,192,66.6,22.5,3,0,0,10
1,21,157,65.4,16.4,3,2,5,9
0,39,166,97.0,0.0,3,1,-7,10
1,22,175,99.2,0.0,2,0,0,4
0,59,158,51.4,12.0,2,0,0,10
1,31,198,78.8,0.0,5,0,0,13
1,58,164,85.6,10.1,3,2,3,9
1,42,168,58.0,22.4,1,0,0,7
0,31,153,80.3,18.7,2,2,6,7
1,45,163,82.2,0.0,4,1,-4,13
0,34,193,87.6,11.8,3,0,0,11
0,43,190,73.8,0.0,4,0,0,13
1,60,199,100.8,28.0,2,1,-2,5
1,27,175,85.5,21.2,1,2,8,7
0,37,167,51.3,0.0,4,1,-7,6
0,25,151,106.4,0.0,4,1,-5,9
0,32,183,56.3,27.6,4,0,0,15
1,35,200,95.1,11.3,1,2,4,14
1,50,196,84.2,20.0,1,0,0,8
1,53,191,105.7,0.0,1,0,0,16
0,55,180,62.2,14.8,5,1,-6,5
0,31,195,76.9,24.8,1,0,0,9
1,38,170,92.1,0.0,2,2,2,4
1,19,156,66.3,10.7,2,0,0,5
0,27,199,95.0,20.0,5,1,-5,16
0,42,167,71.7,29.7,5,0,0,6
0,28,198,105.2,20.0,4,2,5,16
1,24,165,98.0,0.0,5,1,-4,15
0,43,189,50.9,0.0,5,2,8,13
0,60,152,85.5,15.8,3,1,-3,11
1,50,163,57.5,21.8,5,2,6,9
0,20,155,69.0,0.0,4,1,-7,14
0,18,194,76.1,19.7,4,1,-3,16
1,58,184,58.1,17.0,3,2,3,8
1,48,161,104.8,23.2,3,2,5,5
1,48,190,100.3,16.2,2,0,0,16
0,41,158,92.8,21.0,3,2,5,11
0,58,185,78.8,22.5,4,0,0,11
1,56,163,90.0,18.5,1,1,-4,12
1,33,189,80.9,0.0,3,0,0,6
1,53,168,84.0,15.4,2,2,7,5
0,26,185,100.4,28.2,5,0,0,5
0,59,192,77.1,12.4,2,1,-6,15
1,49,174,89.4,0.0,5,1,-6,7
1,60,152,90.1,22.2,1,0,0,12
1,31,179,65.0,26.2,2,1,-4,7
1,38,181,66.3,20.2,4,1,-4,9
0,57,157,103.0,16.9,1,1,-3,5
0,34,160,92.7,14.5,3,1,-8,9
0,58,165,68.5,0.0,4,1,-8,9
0,56,174,89.0,29.1,2,0,0,13
1,55,200,92.4,19.1,2,0,0,4
1,25,165,104.0,29.6,2,1,-2,12
1,23,164,79.3,12.0,2,0,0,8
1,41,171,65.9,18.0,2,0,0,10
0,30,178,73.6,0.0,2,0,0,16
1,48,169,108.7,10.6,3,2,4,4
0,60,151,100.7,26.4,1,1,-2,12
0,30,155,80.8,24.1,3,2,5,14
0,46,153,107.5,28.5,2,2,8,16
0,29,192,80.2,10.7,3,1,-5,6
0,22,179,103.0,19.1,5,2,8,5
1,35,162,73.7,25.8,1,0,0,11
0,56,187,66.2,0.0,4,2,5,5
0,55,161,94.5,18.8,1,2,8,10
0,22,181,59.7,18.5,2,2,2,15
0,25,178,108.1,21.7,4,2,4,8
0,24,163,103.1,21.0,2,2,2,5
0,50,166,105.1,23.6,5,1,-2,4
0,54,153,98.3,18.3,4,0,0,8
0,25,152,52.8,11.0,3,2,6,15
0,47,154,104.0,19.3,4,0,0,9
0,30,186,52.1,12.4,2,2,7,13
0,53,191,91.2,29.9,1,0,0,6
0,19,173,59.6,11.1,3,0,0,16
0,33,169,100.3,11.4,2,0,0,9
1,38,186,82.8,15.0,1,2,4,12
0,48,153,92.3,13.8,5,0,0,6
1,59,198,55.8,15.5,2,2,3,13
1,47,163,95.3,15.4,1,1,-8,4
1,26,156,104.0,13.1,5,0,0,8
0,18,182,76.8,21.8,1,0,0,10
0,20,194,98.0,26.9,1,1,-3,10
0,39,168,68.9,17.2,5,0,0,4
1,42,155,55.1,27.8,3,0,0,12
1,27,181,56.5,12.0,3,1,-7,8
0,38,160,95.9,21.3,2,0,0,14
0,32,185,73.2,16.8,3,1,-7,15
1,44,155,84.2,17.2,4,2,2,13
0,35,168,64.4,17.4,3,1,-7,13
0,56,150,72.3,0.0,1,0,0,12
1,40,173,100.2,11.6,3,0,0,16
0,19,156,50.2,29.1,5,0,0,10
0,27,160,74.3,14.1,4,2,6,10
0,54,170,83.1,15.4,1,0,0,10
1,18,168,93.6,21.7,4,1,-5,12
0,39,185,64.0,0.0,4,2,6,13
1,53,187,60.9,15.7,4,2,3,8
1,31,170,61.9,18.2,1,0,0,9
0,24,169,79.7,11.0,1,1,-6,6
1,56,197,82.3,17.2,1,0,0,4
1,27,180,89.3,22.3,1,1,-2,14
0,20,194,67.1,29.3,2,2,5,8
1,53,183,52.7,29.6,1,0,0,11
0,52,154,72.3,21.3,4,0,0,5
1,22,183,97.5,18.8,3,0,0,7
0,57,197,94.2,14.1,2,2,5,4
1,50,182,73.0,18.1,3,1,-4,4
1,32,170,81.7,12.2,1,0,0,15
1,39,150,106.5,24.4,4,1,-3,4
1,55,160,77.7,12.4,4,1,-5,11
0,38,157,67.1,19.1,3,2,4,4
1,21,159,95.0,0.0,5,1,-2,7
1,35,150,108.5,16.0,5,0,0,16
0,44,154,54.7,17.3,4,2,8,10
0,41,168,94.7,27.2,2,2,4,8
1,32,196,73.9,23.4,5,0,0,7
0,18,150,76.8,12.6,3,1,-2,15
1,27,165,106.7,16.1,3,2,6,5
0,48,168,85.8,22.2,1,1,-8,9
0,58,179,95.7,27.2,3,1,-3,15
0,21,178,80.9,17.6,4,2,3,12
1,54,192,80.3,24.5,5,2,5,5
0,20,152,101.8,29.5,5,0,0,6
0,45,150,60.5,14.0,2,1,-2,9
0,36,170,59.1,21.4,5,1,-8,4
1,40,170,62.1,13.8,4,2,5,10
1,22,170,87.5,0.0,4,1,-3,4
0,39,183,103.9,20.4,5,1,-5,5
0,47,170,57.7,17.8,1,1,-4,9
1,52,175,79.1,10.1,3,0,0,13
1,44,192,54.4,28.1,4,0,0,8
1,22,189,85.5,14.8,4,2,2,12
1,51,159,65.2,24.7,1,1,-4,15
1,30,167,94.8,13.0,3,1,-7,15
0,43,172,76.4,16.3,4,1,-8,15
1,45,161,106.2,17.5,4,1,-7,5
1,47,194,77.4,17.4,4,2,8,12
0,41,153,108.7,29.5,3,2,7,4
1,36,187,93.4,13.9,3,1,-2,12
0,52,185,107.7,27.3,2,1,-5,15
0,50,193,50.0,13.3,2,2,7,7
1,22,169,94.5,19.9,3,1,-8,16
0,41,192,54.7,0.0,1,1,-2,9
0,47,189,83.1,10.5,1,0,0,8
0,48,170,84.3,28.6,4,1,-6,16
0,38,195,82.5,20.2,1,2,8,10
0,39,167,102.8,21.6,4,1,-5,7
0,41,192,106.4,27.0,4,1,-7,13
0,30,181,84.1,14.8,1,1,-3,4
0,37,186,85.0,10.7,1,1,-2,16
0,47,166,87.6,13.7,2,2,2,16
0,50,190,62.7,17.6,1,2,6,8
0,19,173,60.1,14.8,3,2,5,16
0,39,150,86.2,24.7,3,0,0,9
1,59,195,83.6,21.5,4,0,0,15
1,43,199,105.5,22.7,2,0,0,6
1,52,159,74.4,20.8,5,2,4,11
1,45,153,66.0,11.3,2,1,-6,15
0,31,177,99.2,25.8,3,1,-4,16
0,31,151,84.3,21.4,2,0,0,6
1,22,188,107.7,0.0,1,0,0,16
0,28,191,105.6,13.5,4,1,-7,7
1,53,156,102.0,21.7,4,0,0,12
0,18,172,82.2,15.5,1,2,2,12
1,40,189,91.4,27.0,1,2,7,7
1,29,152,51.2,14.7,3,0,0,14
1,32,176,78.5,26.3,5,2,4,5
0,47,174,90.6,26.0,2,1,-4,13
0,52,164,57.5,11.8,5,0,0,15
1,45,195,95.1,29.9,4,2,5,16
0,47,186,54.0,16.1,1,1,-8,14
1,33,198,92.6,11.5,2,1,-8,8
0,25,179,102.1,15.2,4,0,0,11
0,42,173,75.2,10.8,4,0,0,4
0,31,172,99.4,28.0,5,2,4,9
0,49,199,96.8,22.4,1,0,0,13
0,21,198,57.4,30.0,3,1,-6,13
1,21,194,89.0,26.5,3,0,0,12
1,36,176,96.3,10.1,5,1,-3,5
1,48,150,85.5,0.0,4,0,0,14
1,47,186,81.4,0.0,2,0,0,13
0,49,167,90.6,0.0,1,0,0,6
1,54,190,88.9,0.0,4,0,0,4
0,46,163,66.4,14.9,4,1,-7,15
1,27,177,67.8,19.7,2,1,-8,6
1,58,195,107.9,27.5,3,2,6,13
0,20,163,100.3,0.0,2,2,6,7
0,35,164,62.9,21.5,2,1,-5,15
1,27,199,109.3,24.6,5,2,5,5
1,36,197,93.4,28.1,2,0,0,14
1,31,174,93.6,0.0,4,1,-7,13
0,40,193,76.6,0.0,5,1,-5,10
0,24,184,66.1,0.0,5,0,0,11
1,36,188,87.8,14.6,1,2,7,14
0,49,153,81.7,13.8,3,0,0,5
0,19,183,101.6,17.9,4,0,0,6
0,47,171,92.5,27.7,2,2,2,12
0,53,199,65.0,18.2,1,0,0,6
1,51,171,59.3,29.7,2,0,0,6
1,44,172,109.8,0.0,5,2,3,13
1,40,170,100.4,21.8,5,2,8,7
1,30,198,71.4,16.1,2,2,7,6
1,58,200,65.8,15.9,3,0,0,7
1,25,150,70.6,23.7,1,1,-8,14
0,37,172,107.6,12.3,3,2,3,4
0,28,158,74.7,12.1,5,0,0,10
1,34,159,80.7,25.3,5,0,0,4
1,31,199,78.9,17.6,1,0,0,13
0,34,174,78.3,0.0,3,1,-6,13
1,40,166,103.3,23.5,1,1,-4,7
0,21,194,88.5,25.3,4,1,-5,4
0,44,158,107.7,23.3,4,2,8,5
0,51,197,88.5,21.4,2,1,-2,4
0,32,195,85.8,0.0,1,2,8,10
0,19,175,93.5,22.2,1,1,-3,9
1,23,198,95.9,10.7,5,2,8,7
1,59,167,71.0,16.7,1,0,0,14
0,22,150,73.0,11.5,1,1,-5,11
0,21,169,64.3,27.5,3,2,4,13
0,24,175,52.2,21.0,5,2,8,4
1,49,179,56.9,28.5,3,2,8,10
1,44,174,53.9,10.0,3,2,2,7
0,60,154,51.2,0.0,4,1,-6,12
0,47,186,71.9,25.9,5,2,6,8
1,45,164,86.8,14.5,5,2,5,15
0,48,153,55.6,30.0,2,0,0,14
1,57,187,82.1,0.0,4,2,7,8
0,50,187,75.3,12.7,3,1,-7,12
0,60,169,63.5,11.7,1,2,8,7
0,20,176,71.8,12.2,2,2,2,14
0,30,188,91.0,18.6,1,1,-6,10
0,26,175,65.0,13.1,2,1,-8,11
0,53,192,65.9,24.3,4,0,0,8
0,56,163,97.6,11.8,3,0,0,9
1,21,171,69.5,23.1,5,2,5,4
1,26,162,92.4,18.0,2,1,-6,12
0,43,195,50.4,28.9,1,1,-2,5
0,32,183,66.0,27.9,3,0,0,4
0,58,164,57.8,26.1,4,0,0,15
0,25,155,60.0,29.6,2,1,-2,6
1,29,158,106.0,24.3,3,1,-2,16
0,20,164,58.4,23.4,3,2,4,9
0,50,175,85.7,19.4,5,0,0,12
0,20,176,54.5,26.1,2,2,7,5
1,28,167,81.7,28.6,1,0,0,14
0,56,167,75.6,15.3,1,0,0,5
0,51,185,94.5,29.0,5,2,3,4
0,26,192,82.1,18.5,1,1,-7,6
1,38,154,81.4,27.3,5,2,7,14
0,50,183,55.4,20.2,5,0,0,16
0,21,162,84.1,13.7,4,0,0,10
0,41,156,89.3,25.8,5,2,5,10
0,28,172,71.1,13.7,3,1,-4,14
0,21,191,54.5,17.7,1,0,0,15
0,48,174,98.0,25.6,3,0,0,13
0,26,170,101.1,24.0,4,0,0,5
1,22,163,90.1,24.5,2,2,5,7
0,41,169,89.0,11.6,3,0,0,14
0,54,175,62.7,20.9,5,2,8,16
0,46,192,63.6,20.3,2,1,-2,6
1,38,183,70.9,26.7,4,2,4,7
0,20,197,92.8,10.8,1,1,-8,16
0,35,198,96.7,26.6,1,2,3,13
0,58,175,88.6,0.0,2,2,5,5
1,49,180,79.5,27.1,4,2,5,6
0,48,167,78.1,15.9,2,2,7,8
1,56,174,59.2,23.9,4,1,-2,10
0,44,161,75.3,18.8,3,0,0,9
1,26,198,58.1,23.6,2,2,8,11
0,43,168,60.9,0.0,3,1,-8,8
1,38,182,60.4,10.8,3,1,-2,13
0,35,181,68.0,20.6,3,2,3,15
1,19,199,91.4,26.1,2,2,6,10
1,23,196,73.1,11.7,1,2,4,13
1,36,151,73.8,0.0,5,2,5,8
0,33,157,78.9,19.7,1,1,-6,12
0,42,197,84.6,17.2,2,2,4,10
1,44,164,94.1,0.0,3,1,-3,16
0,26,200,99.6,0.0,1,0,0,6
0,36,194,107.3,0.0,1,0,0,13
0,32,169,104.2,21.5,2,2,6,14
1,52,189,92.0,22.0,5,2,4,9
1,49,155,67.2,22.5,1,2,4,16
1,34,164,91.5,15.1,1,2,7,5
0,45,170,93.0,12.9,1,0,0,6
0,41,155,65.7,27.0,2,0,0,7
0,39,200,102.8,27.9,4,0,0,6
1,29,175,102.6,20.7,5,2,5,16
1,48,182,52.6,24.5,3,2,5,16
0,51,194,57.9,10.1,1,0,0,10
1,44,173,81.1,0.0,1,2,7,12
1,34,200,88.9,21.6,4,2,3,5
1,45,197,75.1,22.9,2,2,8,4
0,30,168,95.8,12.6,3,0,0,15
0,50,175,80.8,0.0,3,2,2,11
0,35,163,57.6,25.1,1,2,8,15
0,22,173,72.6,28.7,5,1,-3,12
1,43,154,89.4,29.4,1,2,5,14
1,28,174,75.7,15.2,4,0,0,9
0,51,191,93.4,16.9,2,2,2,12
1,25,162,94.8,18.5,5,1,-5,12
1,44,152,82.5,17.7,5,1,-5,12
0,30,153,85.6,28.5,1,0,0,10
1,44,155,60.5,16.0,5,2,5,9
0,50,166,94.2,23.4,1,1,-2,12
1,42,194,90.7,10.2,1,0,0,16
0,27,195,61.7,15.3,2,0,0,16
1,31,193,77.3,10.2,5,2,5,13
0,55,157,53.8,25.1,2,2,6,10
1,53,172,107.7,18.3,2,0,0,12
1,58,155,84.3,0.0,1,0,0,5
1,22,198,72.6,15.7,4,2,7,7
0,19,168,100.8,16.3,4,1,-8,4
0,57,166,83.8,0.0,2,2,7,10
1,35,185,57.5,20.7,4,1,-4,13
1,22,161,56.0,17.4,3,1,-2,13
0,19,196,62.8,0.0,5,2,7,4
0,26,151,107.3,11.8,5,1,-3,14
0,18,168,62.4,13.7,2,0,0,4
1,42,176,107.8,18.3,1,1,-4,11
1,49,162,59.4,18.5,3,0,0,9
0,46,186,92.4,29.6,3,2,4,12
1,59,170,52.7,13.2,2,2,2,11
1,22,180,97.8,27.8,3,0,0,6
1,59,195,91.8,17.4,1,1,-6,7
1,51,174,108.8,20.3,1,0,0,6
1,60,165,83.0,25.3,4,2,7,8
1,20,186,80.3,26.7,1,0,0,12
1,23,150,62.9,14.4,5,0,0,15
1,29,154,86.8,28.0,3,1,-6,13
0,18,166,56.1,0.0,3,1,-3,11
0,50,150,92.0,25.7,3,1,-8,10
0,22,171,85.2,20.4,4,0,0,15
1,20,185,106.2,0.0,1,2,6,15
1,30,198,67.4,0.0,5,0,0,16
0,19,185,88.4,19.0,1,1,-8,15
1,60,166,69.3,16.3,5,2,7,11
1,36,158,97.3,10.1,2,2,6,13
1,56,200,94.6,20.2,1,0,0,7
1,29,154,89.9,23.3,3,0,0,6
1,53,155,71.4,13.5,2,0,0,10
1,31,189,100.0,13.5,4,1,-5,12
1,19,168,65.7,22.4,4,2,5,9
0,41,187,69.2,16.9,3,0,0,9
0,29,196,88.0,20.8,5,0,0,15
1,57,157,57.5,16.3,3,2,5,10
1,59,176,73.5,0.0,2,2,3,8
0,28,154,107.3,14.0,4,1,-6,8
1,19,175,105.4,19.0,1,1,-3,14
1,23,156,95.1,10.7,3,1,-5,9
0,20,171,85.6,12.5,4,0,0,5
0,34,189,82.1,10.2,4,1,-4,13
0,44,198,65.9,21.4,4,0,0,7
0,20,163,62.8,0.0,3,2,6,10
1,59,196,68.7,17.5,5,2,6,12
1,25,151,89.0,14.4,1,2,6,13
1,22,188,85.3,0.0,4,1,-4,16
0,28,191,69.9,14.8,3,2,8,10
0,27,188,97.2,21.9,2,1,-4,6
1,40,174,61.7,16.4,4,2,8,9
0,24,154,84.3,25.8,5,1,-5,4
0,29,164,52.7,28.6,1,0,0,4
0,24,160,95.6,26.6,1,1,-6,12
0,30,152,75.7,29.0,5,0,0,5
0,57,180,91.7,19.2,1,1,-8,10
0,37,178,78.6,0.0,5,0,0,6
1,37,189,101.4,27.7,5,1,-4,7
0,55,156,60.0,16.4,1,2,6,16
1,50,156,54.5,23.7,4,1,-6,14
1,22,166,58.3,26.8,3,0,0,8
0,42,161,74.9,11.8,5,1,-5,9
0,43,198,107.8,25.2,1,2,6,12
1,21,192,88.4,26.4,5,1,-5,7
1,32,166,64.5,19.3,1,0,0,4
1,59,160,64.3,12.1,2,2,6,5
0,56,199,99.2,17.8,4,2,7,14
0,19,153,81.9,20.8,5,1,-8,15
0,32,168,106.1,11.9,1,1,-8,9
0,56,196,80.4,29.1,3,0,0,4
1,55,174,101.8,22.7,2,2,3,5
1,52,168,70.9,21.5,3,2,3,12
0,55,200,90.0,21.1,2,0,0,9
1,32,164,84.6,13.3,1,2,4,11
0,32,171,54.3,16.2,2,2,5,10
0,39,191,54.8,15.1,2,0,0,11
0,22,176,105.4,0.0,4,0,0,7
0,43,190,105.8,0.0,3,1,-8,9
0,54,151,64.8,29.8,3,1,-2,5
1,56,150,59.3,25.6,2,2,5,6
0,36,178,62.8,10.8,2,2,4,4
1,33,180,58.7,22.2,1,1,-6,5
1,19,198,65.6,0.0,5,1,-8,4
0,56,180,109.3,24.8,1,1,-6,8
1,53,190,60.9,18.7,3,0,0,14
0,36,190,88.1,25.0,2,0,0,6
0,21,182,83.8,14.6,5,1,-2,10
1,58,195,62.3,0.0,2,1,-3,4
0,31,169,58.5,29.5,2,2,6,4
0,59,187,54.4,0.0,3,2,8,11
0,21,168,91.2,16.0,1,2,5,7
1,33,174,86.8,17.4,5,2,8,16
0,36,150,98.9,25.5,2,0,0,8
1,33,191,90.5,29.5,1,1,-5,6
0,37,176,61.4,15.1,3,0,0,6
0,60,180,104.2,27.7,4,1,-7,9
0,33,171,95.0,29.7,2,2,2,15
1,57,151,59.4,10.9,2,0,0,15
0,51,161,99.8,0.0,5,0,0,13
0,21,199,80.3,16.2,3,2,6,7
1,34,187,99.0,19.8,5,1,-3,4
0,25,196,61.7,15.8,3,0,0,6
0,34,194,100.0,13.3,2,0,0,4
0,29,161,68.7,24.1,3,0,0,12
1,54,183,98.7,24.9,1,0,0,9
0,59,185,58.3,14.7,2,1,-6,7
1,42,198,88.9,28.2,1,2,7,12
0,41,156,106.1,10.5,3,2,7,15
0,28,157,109.3,26.8,1,1,-6,13
0,23,176,94.3,12.4,4,2,6,15
0,34,174,108.8,24.9,5,1,-2,13
0,25,179,50.7,16.9,5,0,0,13
1,50,186,59.6,18.8,2,2,2,6
1,58,186,71.3,12.3,4,2,4,15
1,33,183,62.6,15.4,3,2,6,6
0,45,180,88.4,12.8,5,0,0,16
0,20,183,79.7,12.0,4,2,6,4
0,51,195,51.9,0.0,5,1,-2,16
1,21,158,109.8,18.6,5,2,4,7
0,24,171,66.2,24.3,4,1,-4,11
1,25,156,86.2,19.5,2,1,-2,12
0,39,175,78.2,27.1,1,2,8,9
0,49,171,97.9,15.3,3,1,-7,4
0,18,173,104.1,15.0,2,2,2,10
0,47,181,58.6,0.0,2,1,-5,12
1,29,171,88.2,25.1,5,2,3,16
1,32,171,86.3,23.8,2,2,7,5
1,26,150,58.4,19.7,2,0,0,5
0,29,173,56.2,29.7,4,1,-3,8
0,47,186,70.2,12.7,3,0,0,14
0,29,188,57.6,11.8,2,2,7,10
1,20,185,58.4,0.0,3,0,0,14
0,19,176,80.3,0.0,4,0,0,5
0,36,197,62.9,27.1,2,2,8,6
1,33,159,67.8,18.8,1,2,7,8
1,44,187,69.7,22.9,2,2,7,13
1,27,187,69.6,28.1,3,2,5,6
1,46,155,95.3,10.2,5,1,-4,16
1,50,172,108.2,14.1,1,1,-2,11
1,19,152,103.1,25.4,1,0,0,14
0,18,179,87.5,29.9,4,0,0,15
0,55,193,86.3,26.7,5,0,0,7
0,54,183,80.2,13.7,2,0,0,5
1,28,185,103.0,0.0,5,1,-4,6
1,34,166,95.0,17.9,1,1,-5,9
1,58,169,94.9,26.2,2,2,8,7
1,43,187,87.1,0.0,1,2,4,5
0,59,163,109.6,14.0,1,0,0,11
0,54,175,58.5,22.0,5,2,3,7
0,30,173,64.8,0.0,2,1,-3,10
0,56,195,56.5,24.5,5,1,-5,8
1,40,170,103.9,24.3,2,2,3,8
1,40,188,77.4,26.1,1,0,0,5
1,29,173,58.6,28.2,1,0,0,8
0,55,193,100.2,28.3,4,2,6,12
1,21,171,64.3,22.8,4,1,-4,13
0,45,159,58.0,29.2,1,1,-5,14
1,56,194,69.4,24.8,1,2,2,10
1,23,194,62.9,29.7,2,1,-5,15
1,34,168,98.2,0.0,1,1,-7,10
0,47,186,106.0,29.6,4,1,-8,12
0,50,167,96.9,29.0,5,0,0,8
1,36,187,57.6,17.3,1,1,-2,4
0,33,174,73.3,0.0,2,2,8,11
1,32,182,101.4,23.2,1,2,5,6
1,53,180,69.0,19.5,5,2,3,14
0,57,159,55.7,20.7,2,2,6,10
0,58,150,85.5,0.0,4,2,7,8
0,54,171,67.2,19.3,3,1,-6,6
1,48,173,79.3,14.0,4,1,-3,13
1,41,164,86.8,0.0,4,2,4,10
1,35,179,92.1,26.8,2,2,6,5
0,42,160,109.4,22.2,1,2,4,14
0,24,199,100.9,17.9,3,1,-8,11
0,21,153,77.2,22.2,2,0,0,6
0,47,179,61.3,29.1,2,0,0,5
1,21,157,83.6,0.0,1,1,-2,11
1,35,189,102.3,25.3,1,0,0,6
1,20,165,52.7,0.0,4,1,-8,13
1,26,198,80.4,0.0,1,1,-7,8
0,33,166,87.1,28.2,3,2,8,4
0,46,171,83.2,15.2,1,0,0,6
0,50,173,77.8,25.9,1,2,3,4
1,20,166,79.0,0.0,5,2,2,8
1,55,175,77.3,12.5,4,0,0,11
1,27,175,82.1,18.8,4,1,-2,9
0,57,169,82.5,28.4,1,1,-5,5
0,57,177,102.1,21.8,2,0,0,5
1,32,172,90.2,23.0,1,2,6,15
0,40,154,94.6,12.5,5,1,-4,11
0,23,154,104.0,20.9,1,0,0,13
1,55,190,82.9,26.2,1,2,5,11
0,19,156,69.5,20.2,5,0,0,5
1,40,184,52.7,19.5,1,0,0,9
0,59,194,98.3,17.3,4,2,7,14
0,43,169,52.7,0.0,3,1,-5,10
1,52,194,51.9,10.8,5,2,7,16
1,54,179,69.0,15.8,5,0,0,10
0,38,152,75.5,0.0,5,1,-4,4
1,58,187,102.3,14.7,2,2,5,12
1,33,185,54.5,13.4,4,1,-3,14
1,30,166,54.5,26.3,2,1,-5,7
0,32,166,83.2,0.0,4,2,8,14
1,46,163,101.7,0.0,5,2,4,13
0,30,200,96.6,11.9,4,0,0,6
0,50,154,60.5,13.0,2,1,-8,10
0,43,197,105.2,11.0,4,0,0,10
1,44,158,52.3,28.9,2,2,3,8
0,26,194,108.4,25.8,1,2,4,11
0,31,175,72.2,14.6,2,1,-5,12
1,53,187,54.6,23.9,5,2,4,15
1,18,160,108.6,16.5,2,0,0,4
0,21,177,86.2,21.1,1,2,4,5
1,55,157,103.2,11.7,2,2,7,4
1,60,169,84.3,12.0,4,1,-4,12
1,50,161,74.0,12.3,3,2,3,14
0,34,185,67.0,15.8,2,2,3,13
0,20,159,57.6,15.3,4,1,-5,5
1,54,157,92.1,26.8,5,1,-4,15
0,29,181,85.9,0.0,5,2,2,15
1,31,186,55.7,18.4,2,2,8,6
0,44,177,75.1,24.6,5,2,5,6
1,27,187,64.6,26.2,5,1,-6,8
1,39,181,86.6,29.7,4,2,7,4
0,51,181,71.6,19.9,5,2,7,14
0,26,184,65.8,16.5,3,2,8,7
1,23,158,71.5,27.2,1,1,-8,4
0,27,170,63.6,10.4,2,0,0,11
0,38,186,50.9,26.9,5,2,6,10
0,48,191,84.4,0.0,2,1,-7,16
1,45,159,54.4,24.0,4,1,-2,12
1,37,178,83.5,12.5,3,2,4,9
1,54,158,63.8,26.1,2,0,0,12
1,55,157,74.2,24.2,2,1,-7,14
0,48,157,58.9,0.0,2,1,-2,6
0,57,156,63.1,0.0,4,1,-3,6
0,44,199,77.1,0.0,3,0,0,9
1,29,159,88.9,20.1,1,1,-4,16
1,53,186,54.3,19.6,2,1,-4,10
1,40,176,58.8,18.1,1,2,8,4
0,56,175,81.2,22.5,2,1,-4,12
0,40,197,81.9,0.0,2,1,-7,7
1,52,189,60.1,11.6,1,1,-2,9
0,25,171,86.8,30.0,1,2,3,10
1,58,176,84.4,27.6,3,0,0,13
0,27,190,58.9,0.0,4,1,-2,5
1,18,156,77.5,22.1,3,1,-8,6
0,37,177,76.9,17.1,2,0,0,4
1,57,171,109.9,21.2,1,0,0,8
1,51,180,95.7,13.6,1,0,0,8
1,24,150,64.9,23.1,5,2,7,13
0,21,200,80.5,29.8,5,0,0,4
0,29,168,101.8,10.9,4,2,3,4
1,42,187,99.4,27.5,4,2,4,11
1,44,190,63.8,13.5,2,1,-8,7
1,25,181,83.1,10.8,2,2,2,4
1,40,193,81.6,10.4,1,0,0,5
0,25,154,64.8,19.1,5,1,-4,13
0,23,173,95.9,12.2,1,2,2,9
1,20,184,80.5,28.7,4,1,-4,7
1,22,190,87.5,16.6,3,2,4,14
0,39,191,88.4,22.2,1,1,-8,12
1,50,197,73.0,28.8,3,1,-7,14
0,20,156,79.1,0.0,4,0,0,16
0,27,198,98.9,11.8,3,0,0,8
1,19,176,78.8,21.2,1,1,-6,7
1,47,175,58.3,29.8,5,1,-8,10
0,46,191,109.3,29.5,5,2,4,4
1,30,151,66.3,26.3,5,2,4,7
1,52,193,74.0,26.8,1,2,2,8
0,21,199,86.7,0.0,3,0,0,5
1,57,189,59.0,10.9,2,0,0,12
0,30,152,69.2,26.8,3,1,-7,13
0,55,196,85.0,29.9,3,0,0,7
0,37,162,109.9,15.1,4,2,2,6
1,28,187,96.0,27.6,5,1,-4,15
0,46,190,78.0,22.8,3,1,-2,12
1,44,194,58.0,0.0,1,2,6,15
0,20,153,66.7,21.6,2,1,-5,11
0,28,172,50.2,0.0,2,0,0,11
0,21,175,62.0,22.1,5,0,0,15
1,41,194,103.1,25.2,5,0,0,5
0,33,169,104.6,13.8,1,0,0,4
0,29,170,61.3,20.6,4,1,-5,15
0,36,194,75.7,10.1,5,1,-6,12
1,50,200,89.0,26.1,3,2,8,8
1,55,175,79.7,0.0,1,0,0,13
1,24,176,53.9,22.9,3,2,3,6
0,48,193,69.0,0.0,3,0,0,10
0,49,175,103.1,20.7,4,2,6,4
1,37,194,57.9,25.4,3,1,-4,4
1,21,185,56.9,15.1,5,1,-7,6
0,51,177,109.4,21.0,3,0,0,4
1,57,178,92.7,25.2,5,0,0,8
0,24,154,76.4,12.7,3,0,0,7
0,44,176,88.0,20.7,1,2,4,4
0,44,171,66.6,0.0,4,0,0,16
0,47,180,66.9,17.9,3,2,8,7
0,55,159,92.5,13.9,2,0,0,14
0,47,199,63.7,26.1,2,2,8,14
0,32,160,77.2,16.4,2,1,-2,15
0,40,165,99.4,14.2,3,0,0,6
0,44,198,89.8,26.9,3,1,-3,15
0,44,175,63.0,28.8,2,2,6,16
1,25,180,56.8,17.2,5,1,-4,10
1,19,170,64.8,11.0,2,1,-4,14
1,49,173,107.6,12.7,2,1,-5,5
0,39,177,61.3,0.0,4,2,2,13
0,29,169,105.1,20.6,4,0,0,7
0,52,170,63.0,24.7,1,2,4,14
0,43,169,68.4,0.0,1,2,7,10
1,59,162,59.8,25.3,2,2,8,12
0,29,158,59.3,15.1,4,2,3,6
0,34,183,51.2,21.3,1,0,0,12
0,44,198,55.0,29.3,2,0,0,7
0,33,199,51.4,13.8,2,2,3,5
1,51,168,57.4,16.8,3,0,0,8
1,51,170,91.7,17.9,2,2,6,5
0,22,197,104.6,13.5,4,0,0,7
1,19,171,106.6,26.5,1,1,-2,6
0,51,175,67.2,21.1,4,1,-3,16
0,18,154,71.7,0.0,5,2,3,4
0,46,199,89.5,0.0,5,1,-4,6
0,40,178,64.7,0.0,5,2,3,15
1,48,179,67.9,0.0,1,2,8,7
1,21,192,66.3,12.8,1,1,-3,7
0,45,165,82.9,11.7,3,1,-5,4
0,19,199,105.6,17.9,2,2,2,15
0,54,189,59.3,26.3,1,0,0,16
1,55,169,95.9,24.0,2,0,0,14
0,52,174,57.5,26.7,3,0,0,10
1,24,158,57.8,27.3,4,1,-8,14
0,45,177,58.2,11.8,3,2,7,7
0,44,163,86.5,19.5,2,1,-3,16
1,21,156,84.1,12.4,1,2,8,16
0,18,176,87.0,20.0,1,1,-4,15
1,58,182,63.2,29.6,1,1,-3,15
0,18,200,101.5,11.6,5,0,0,11
1,59,185,86.6,13.0,1,0,0,6
1,36,166,99.3,0.0,5,1,-7,11
1,42,162,99.5,25.6,4,0,0,6
0,20,183,59.1,0.0,1,1,-5,10
0,58,183,53.4,15.2,3,0,0,13
0,31,178,66.8,19.4,4,0,0,9
1,28,166,87.3,23.5,1,1,-8,4
0,43,157,66.9,0.0,5,0,0,5
0,60,165,100.7,13.1,1,1,-7,7
1,18,180,77.5,26.6,2,1,-6,9
0,42,189,56.7,12.9,5,2,4,13
0,20,181,90.5,0.0,5,0,0,8
0,48,199,92.4,29.1,2,2,4,11
1,50,150,63.8,25.7,2,0,0,8
1,22,163,82.4,12.8,5,1,-5,7
1,20,192,86.4,10.8,2,2,2,9
0,38,171,89.4,12.2,5,2,2,8
0,43,169,74.9,15.3,5,0,0,10
1,50,170,58.5,11.0,5,1,-7,9
0,50,159,59.0,14.4,4,2,7,10
0,46,197,95.2,22.9,4,0,0,15
0,40,190,84.2,20.7,4,2,4,10
0,40,183,80.4,12.7,1,2,2,9
1,24,188,106.9,10.8,4,1,-3,6
1,39,168,109.5,0.0,3,0,0,13
0,36,160,105.9,21.3,3,1,-2,4
1,26,163,75.9,17.4,4,2,7,4
1,42,180,65.0,22.2,2,0,0,9
0,37,195,79.5,12.8,4,1,-5,8
0,55,176,52.6,11.7,2,1,-6,9
1,58,170,91.2,26.1,5,1,-8,9
1,46,155,108.1,12.3,1,1,-4,10
0,58,180,64.0,13.7,1,0,0,6
1,22,195,71.3,25.8,3,0,0,9
1,24,199,95.3,22.2,2,1,-6,6
0,50,179,62.8,16.6,2,0,0,8
0,34,200,104.3,13.1,1,2,4,4
1,21,189,92.1,0.0,5,1,-7,16
1,60,152,97.3,16.4,1,1,-3,8
0,51,173,93.3,0.0,4,1,-7,6
0,29,183,75.7,13.3,2,0,0,8
0,47,187,66.4,28.9,2,2,6,16
0,32,179,107.0,25.2,3,2,6,7
1,28,176,109.0,10.0,4,2,2,15
0,37,187,108.3,0.0,4,0,0,11
1,28,176,82.4,29.4,1,0,0,6
0,42,157,76.0,0.0,3,2,4,8
1,31,150,104.9,20.8,1,0,0,7
1,26,167,86.3,27.9,1,0,0,13
0,36,150,58.3,28.4,2,1,-4,14
0,47,159,97.3,26.2,1,2,6,13
1,39,179,55.6,28.1,5,0,0,15
1,43,160,109.6,19.7,1,0,0,13
1,26,167,64.8,11.8,4,0,0,10
1,21,154,50.3,18.2,1,1,-5,5
0,21,164,81.3,18.0,4,0,0,8
0,52,185,74.9,10.6,2,2,2,12
0,48,154,58.4,0.0,1,0,0,4
1,52,181,58.1,0.0,5,0,0,5
1,48,178,87.0,15.7,5,0,0,11
1,53,177,108.9,18.4,2,1,-4,5
0,58,175,90.1,13.4,2,1,-7,5
0,60,191,108.7,19.0,4,0,0,13
1,48,153,94.9,21.5,2,1,-6,16
0,38,165,86.3,16.0,1,2,8,12
1,34,186,79.5,28.0,4,0,0,12
1,53,199,77.8,22.4,5,0,0,5
1,28,152,54.3,12.5,3,2,5,13
1,43,163,77.8,17.8,3,0,0,12
0,53,192,76.1,13.0,1,0,0,13
1,38,157,81.8,13.2,5,1,-6,12
1,40,167,67.2,26.8,3,0,0,5
1,38,184,80.7,26.3,2,1,-5,10
1,51,168,58.7,0.0,2,0,0,13
0,54,180,109.8,14.3,1,1,-2,7
0,36,152,83.4,22.2,3,1,-5,8
0,47,176,64.6,28.6,1,1,-2,12
0,43,167,93.3,29.8,3,2,7,9
0,50,196,57.9,10.1,4,2,3,9
1,59,151,78.9,18.8,3,2,3,8
0,38,186,104.1,13.4,2,1,-4,13
0,35,177,107.1,20.7,3,0,0,6
1,58,200,85.7,22.6,3,1,-8,4
0,33,167,70.7,13.0,3,2,4,8
1,20,192,108.8,27.4,2,2,3,7
0,21,157,93.5,29.6,3,2,6,16
0,55,182,62.2,0.0,2,1,-6,5
1,43,176,86.0,11.6,1,2,5,8
1,55,151,107.9,21.3,5,0,0,5
1,49,159,63.7,23.0,2,1,-8,9
1,46,156,101.6,15.9,1,2,6,11
1,49,162,106.3,25.9,2,2,2,4
0,23,152,85.4,27.9,2,0,0,11
0,31,190,67.4,23.0,4,0,0,7
0,53,193,53.1,0.0,1,2,8,4
1,60,182,56.2,23.0,1,2,4,7
0,51,194,62.9,0.0,4,2,2,4
0,39,154,100.8,23.9,2,1,-8,12
0,29,173,91.0,21.6,3,2,2,14
0,60,164,67.3,24.5,3,2,8,12
0,40,163,66.3,22.2,2,0,0,6
1,54,154,109.8,18.3,4,2,2,9
1,37,180,107.6,25.0,4,0,0,15
1,53,150,90.5,25.9,1,0,0,16
0,33,165,55.1,18.4,5,1,-3,12
0,53,194,81.8,10.2,5,0,0,14
1,24,188,103.0,10.8,1,0,0,6
0,60,172,89.3,14.3,3,2,7,12
1,28,189,90.9,22.6,4,2,2,11
0,48,170,87.7,0.0,1,2,7,11
1,18,195,93.9,25.4,5,0,0,16
0,37,174,52.7,11.9,3,0,0,5
0,30,173,53.5,19.2,4,2,7,8
1,56,170,60.0,10.8,5,1,-7,9
1,50,173,87.3,13.4,2,2,8,13
0,36,192,54.8,0.0,5,1,-3,12
0,40,190,64.4,0.0,3,0,0,14
1,42,179,56.9,16.6,4,1,-3,6
1,47,166,97.9,11.9,3,2,4,9
1,19,170,59.4,22.8,5,2,5,10
1,60,158,72.4,11.5,5,1,-8,15
0,30,187,99.1,0.0,3,2,3,5
0,33,170,89.8,18.5,2,2,3,6
0,36,156,88.3,27.9,4,2,5,13
1,18,159,56.2,27.4,1,1,-4,7
0,42,151,64.4,18.9,4,0,0,12
0,20,171,90.6,13.6,4,0,0,15
1,43,184,54.4,15.4,1,1,-5,14
1,35,177,85.6,24.5,1,0,0,6
0,50,196,68.9,12.9,4,0,0,14
0,57,195,51.8,11.4,4,0,0,12
1,30,198,59.6,25.6,2,2,6,12
0,58,190,63.6,28.8,3,0,0,7
0,37,192,62.5,13.2,2,2,3,16
0,25,199,89.2,11.2,3,1,-4,5
1,32,196,82.9,0.0,1,1,-4,15
0,33,156,105.4,17.3,4,0,0,9
1,37,171,86.1,27.6,4,0,0,12
1,29,154,102.7,29.5,3,2,6,11
0,18,160,107.4,23.6,4,0,0,12
1,24,163,52.7,23.2,4,2,3,14
1,30,166,65.3,21.6,3,2,5,13
1,48,157,90.6,23.2,1,0,0,10
1,24,160,72.3,22.7,4,1,-8,16
1,46,170,108.5,25.3,3,1,-6,14
1,60,176,69.7,12.1,5,2,6,6
0,23,159,84.2,23.3,2,1,-7,7
0,37,155,73.5,19.6,3,2,5,11
0,33,194,96.6,24.0,4,2,4,5
1,60,200,98.2,10.2,1,1,-6,11
1,50,181,60.0,24.8,3,0,0,8
0,42,168,91.2,25.7,4,0,0,16
0,59,175,52.6,26.6,3,1,-2,5
1,56,156,81.9,0.0,3,0,0,7
1,35,177,74.6,0.0,1,0,0,6
1,58,155,62.9,0.0,4,2,2,15
0,29,180,58.1,28.3,1,1,-3,10
1,52,162,63.7,26.7,5,1,-2,6
1,57,176,103.4,17.6,1,0,0,16
0,27,180,63.0,29.9,4,2,6,12
1,19,176,74.4,28.7,1,0,0,5
1,47,189,77.4,20.5,3,0,0,11
0,50,171,79.0,0.0,5,0,0,14
1,57,184,77.4,0.0,1,1,-6,7
1,50,184,85.3,27.7,3,2,4,14
1,18,181,72.7,11.5,3,2,7,6
0,50,165,99.0,28.1,1,1,-3,4
0,34,174,95.6,17.6,1,0,0,13
0,53,174,102.3,20.6,2,2,6,7
0,34,168,70.7,29.0,4,0,0,7
0,58,185,70.3,26.4,5,0,0,15
0,47,158,72.0,26.2,1,2,2,7
1,27,170,60.9,19.0,2,2,3,9
1,56,175,80.5,0.0,1,2,7,9
1,44,162,66.2,10.5,5,2,3,7
0,35,186,56.9,10.6,1,2,2,16
0,56,167,88.6,0.0,4,0,0,15
1,24,193,52.6,19.4,1,0,0,16
0,23,180,77.3,23.4,4,2,5,16
0,41,182,69.4,23.2,5,0,0,14
1,53,161,63.5,0.0,2,0,0,9
1,46,164,103.3,29.4,2,2,6,8
1,59,190,86.0,0.0,2,1,-2,13
0,39,189,98.4,23.1,5,2,7,11
0,22,150,50.1,15.1,1,2,6,7
1,35,161,81.5,0.0,1,0,0,10
0,26,162,52.0,12.4,2,0,0,9
0,45,177,51.4,0.0,2,0,0,13
0,19,187,67.7,17.2,1,2,8,6
0,33,196,90.9,25.6,3,0,0,4
0,24,168,89.9,0.0,4,0,0,5
1,19,185,108.9,25.2,3,2,5,8
1,30,165,70.7,10.3,3,2,8,8
1,46,185,62.2,11.4,5,1,-5,14
0,51,189,71.0,15.3,5,1,-7,16
0,30,185,54.1,18.6,1,2,8,12
1,26,199,66.7,29.2,1,1,-5,14
0,27,166,72.9,24.9,3,1,-7,6
0,42,179,107.2,28.8,1,0,0,9
0,29,188,93.3,13.6,1,0,0,16
1,32,152,75.7,19.0,2,2,8,11
1,28,176,109.7,13.0,2,2,7,13
1,22,172,66.1,10.5,1,1,-8,11
1,30,192,74.4,25.7,5,2,2,16
0,51,193,54.1,18.9,1,2,3,4
0,55,168,56.7,0.0,4,2,2,15
0,58,155,98.8,0.0,3,2,2,5
0,26,157,80.2,12.6,1,2,6,14
1,31,166,71.3,0.0,1,1,-6,10
0,50,161,69.6,10.8,1,1,-6,9
0,52,195,89.5,16.4,4,0,0,15
0,60,192,74.7,18.2,2,1,-5,14
0,51,183,105.4,14.1,1,2,7,8
0,24,189,104.3,11.4,5,2,8,13
1,39,200,107.3,0.0,5,0,0,15
0,48,197,52.2,21.3,5,0,0,10
1,40,200,93.6,23.4,4,0,0,6
1,31,151,96.3,0.0,5,0,0,4
1,28,179,59.1,17.2,5,0,0,13
1,32,159,56.1,11.4,4,0,0,6
0,40,154,79.9,20.3,4,1,-8,13
1,52,170,73.6,17.8,5,0,0,10
1,51,194,52.7,23.4,1,2,6,10
1,26,176,85.9,18.9,3,0,0,9
1,20,162,85.5,20.6,4,1,-6,7
0,53,197,62.5,20.9,3,0,0,14
1,58,168,98.9,26.8,4,0,0,15
0,56,179,78.8,29.6,3,0,0,11
0,32,153,83.4,26.4,5,0,0,12
0,31,157,73.9,21.5,4,1,-4,15
0,36,154,77.5,21.7,1,1,-6,5
1,21,152,72.8,18.4,4,0,0,14
0,22,191,109.0,20.2,5,1,-8,7
1,18,161,94.1,26.9,5,0,0,8
1,20,188,65.4,12.6,4,1,-2,11
0,38,186,77.6,0.0,4,2,3,5
1,53,160,78.5,25.6,4,1,-2,6
0,57,179,93.4,23.5,5,0,0,13
0,38,165,90.0,16.7,3,0,0,6
0,19,200,63.2,15.9,5,2,2,4
0,41,192,52.7,26.1,4,1,-5,10
1,56,156,51.7,0.0,5,2,7,10
1,52,159,104.7,23.0,1,1,-2,6
0,40,193,62.9,22.5,3,2,2,15
0,55,159,58.7,17.0,5,1,-6,8
1,58,166,107.6,19.2,5,2,4,16
0,46,177,69.9,18.3,4,1,-4,5
0,23,159,84.7,27.0,2,0,0,11
0,49,166,77.1,29.0,3,2,5,13
0,60,157,72.1,20.0,2,1,-3,15
1,45,181,91.8,14.4,3,0,0,8
1,20,160,83.7,23.3,5,0,0,15
1,30,185,59.7,28.1,1,2,7,11
1,22,157,100.8,14.4,3,2,2,10
1,19,185,86.0,20.1,4,1,-7,4
1,34,193,97.5,14.4,2,1,-7,8
0,41,173,86.8,13.7,5,0,0,14
0,51,185,62.7,0.0,2,1,-6,12
1,40,178,55.3,20.6,4,2,4,15
1,54,188,65.8,29.5,5,2,6,11
1,45,170,74.6,16.6,5,2,6,4
1,55,170,90.1,19.5,3,1,-8,5
0,52,182,52.9,24.3,4,0,0,10
0,41,177,70.5,14.8,4,1,-8,7
1,28,174,105.2,13.2,2,0,0,11
1,56,180,59.9,17.0,4,2,4,4
1,29,188,83.1,0.0,2,0,0,10
1,54,176,93.5,19.6,3,0,0,12
1,31,151,107.5,12.7,2,1,-4,15
1,18,181,105.2,27.7,3,2,3,16
0,55,176,100.3,24.9,3,0,0,14
0,56,179,92.5,12.7,1,1,-5,12
0,58,171,57.2,25.5,2,1,-2,8
0,21,163,68.5,17.5,5,0,0,16
1,60,189,64.6,23.5,2,0,0,13
1,52,150,62.9,0.0,2,2,7,9
1,46,198,107.9,23.6,5,0,0,4
1,35,183,50.8,19.3,1,0,0,13
1,53,164,92.5,18.5,2,0,0,15
1,18,191,62.3,27.0,1,1,-3,14
0,18,160,72.2,29.4,4,2,8,12
1,50,150,83.8,21.7,3,0,0,9
1,20,189,60.8,23.2,5,0,0,9
0,19,190,68.5,21.1,2,0,0,9
0,44,185,86.8,0.0,5,0,0,7
0,41,160,62.4,23.6,4,0,0,6
0,24,175,55.5,21.2,5,0,0,14
1,59,182,62.1,0.0,4,0,0,12
1,53,199,75.3,16.7,4,0,0,7
0,33,190,51.8,26.0,3,0,0,14
0,43,192,104.3,11.3,5,2,3,14
1,34,151,98.9,22.5,5,0,0,7
1,34,180,92.2,21.5,3,1,-4,15
0,27,193,70.8,11.2,5,0,0,14
0,38,191,109.5,0.0,4,2,7,6
0,20,178,99.3,17.6,2,2,6,5
0,60,157,75.3,18.7,3,1,-6,13
1,56,184,92.9,25.8,3,1,-4,10
1,59,158,95.3,26.9,2,2,2,16
1,55,197,101.6,26.7,1,0,0,9
1,52,175,87.6,24.7,3,1,-6,6
1,29,150,107.3,19.8,1,1,-5,9
0,45,193,57.1,20.7,5,0,0,13
0,59,174,84.5,10.2,4,0,0,8
0,35,163,70.8,0.0,2,0,0,6
0,33,171,82.1,11.8,3,0,0,14
0,47,197,101.8,25.9,1,1,-2,5
1,26,160,98.4,15.6,4,2,5,10
0,27,179,76.0,10.1,2,0,0,12
1,21,177,94.7,11.4,4,0,0,9
1,26,191,104.9,28.4,4,2,2,14
1,46,200,62.2,10.8,2,0,0,14
1,34,150,81.2,10.6,3,2,7,16
0,24,193,83.9,17.0,5,2,3,16
1,19,168,106.1,18.2,4,1,-7,6
1,44,183,96.7,24.4,2,1,-2,12
0,43,168,64.8,10.8,5,0,0,16
0,44,194,64.9,20.6,2,1,-4,15
0,52,174,83.0,27.7,2,1,-4,15
1,46,157,78.6,0.0,2,1,-8,16
1,53,151,54.8,22.5,3,1,-3,15
0,58,150,100.7,26.5,1,1,-8,14
0,55,170,84.2,24.5,4,0,0,11
0,54,172,83.2,24.4,1,2,7,12
0,21,172,99.4,28.4,4,0,0,6
1,26,151,101.6,18.6,5,0,0,15
0,36,159,51.6,14.4,5,2,3,14
1,27,178,69.8,17.3,3,1,-2,8
1,25,190,100.6,24.4,5,0,0,8
1,53,184,83.6,27.3,3,1,-3,9
0,40,164,97.4,12.8,4,0,0,11
1,49,181,87.9,24.2,4,1,-8,6
0,33,163,75.7,14.6,2,1,-7,5
0,31,172,81.0,18.3,3,2,5,14
1,51,185,105.4,13.1,2,0,0,4
0,53,173,73.8,20.9,5,2,2,4
1,56,166,98.8,17.0,3,1,-8,8
1,27,166,84.1,12.8,5,1,-7,14
0,21,193,81.2,29.1,1,1,-3,5
0,30,156,50.9,17.4,1,2,3,16
0,56,177,88.0,10.0,2,1,-7,14
0,29,193,51.3,23.5,4,1,-3,6
0,55,172,85.2,28.2,4,1,-2,6
0,36,175,64.0,27.4,1,0,0,16
0,18,159,107.8,0.0,3,2,7,7
1,25,200,86.0,19.6,4,0,0,13
0,46,156,79.1,22.3,1,0,0,11
1,29,186,52.8,10.1,5,0,0,8
0,56,197,92.8,24.0,1,0,0,10
1,22,187,70.8,23.5,2,2,7,16
0,42,170,68.2,17.3,5,2,3,15
0,49,159,60.0,14.1,5,1,-2,13
0,42,184,99.7,17.9,1,1,-4,11
1,25,168,71.1,16.3,1,0,0,6
0,24,155,75.4,16.1,1,1,-4,8
1,41,171,109.5,20.1,1,2,7,6
0,46,197,87.6,0.0,2,0,0,9
1,53,189,103.2,19.7,5,1,-4,11
1,42,154,96.5,13.4,4,2,8,5
0,29,163,88.7,27.9,4,0,0,8
0,44,175,108.5,27.1,3,2,7,12
1,60,199,106.6,11.9,4,2,4,7
0,51,164,51.2,20.0,1,2,7,15
0,50,155,106.3,18.2,3,1,-7,7
0,18,196,108.0,21.3,4,1,-4,6
1,58,165,68.7,11.3,4,1,-8,11
0,27,154,98.5,27.4,4,2,5,6
1,37,155,94.7,16.1,4,1,-6,12
1,44,168,50.4,0.0,5,0,0,6
0,54,198,70.7,25.9,2,2,6,10
1,58,183,73.9,18.6,5,0,0,13
1,34,189,57.3,0.0,5,0,0,8
1,26,184,80.8,11.0,2,2,7,11
1,36,157,81.4,19.0,2,0,0,15
0,22,151,63.9,16.0,4,2,2,11
0,55,167,79.8,11.3,5,0,0,12
1,34,196,97.3,28.1,1,2,2,16
1,31,183,62.1,26.8,4,1,-4,6
0,22,170,81.9,23.3,3,1,-6,9
0,51,186,55.2,11.6,1,0,0,10
0,30,169,54.1,20.5,4,0,0,8
1,25,193,50.1,25.9,4,2,7,8
0,36,164,106.2,11.8,5,2,2,5
0,24,178,79.2,13.9,4,2,6,14
1,44,183,94.0,29.4,5,1,-7,10
0,56,165,79.7,28.2,4,1,-5,7
0,18,159,73.7,21.1,3,0,0,12
0,28,188,72.0,0.0,5,0,0,10
0,32,154,84.4,24.2,2,0,0,7
1,59,189,89.8,10.1,4,2,5,8
0,29,177,71.5,20.5,4,1,-5,8
1,54,176,95.1,19.8,1,0,0,4
0,34,168,82.9,26.2,3,0,0,5
1,42,198,70.8,18.2,4,2,3,8
1,21,190,78.6,24.4,4,2,8,15
1,60,191,90.9,13.4,5,0,0,15
0,39,154,87.5,11.4,4,0,0,6
0,21,178,107.5,19.4,2,2,3,4
1,51,192,90.6,18.3,4,0,0,13
1,20,191,64.7,14.1,5,1,-2,9
0,26,186,51.3,27.8,5,2,8,14
1,29,184,60.3,11.2,1,2,8,13
0,55,170,109.0,17.0,1,0,0,10
0,60,181,82.4,24.8,5,2,8,11
1,21,169,71.4,21.9,3,2,4,6
1,29,166,77.1,18.2,3,0,0,14
0,42,187,77.9,0.0,1,2,8,12
0,30,187,89.8,18.2,2,1,-3,11
1,35,198,90.3,16.9,1,0,0,11
1,51,153,98.7,11.0,3,2,3,10
0,60,190,74.5,23.6,3,0,0,6
0,28,170,87.8,17.8,3,0,0,12
0,31,182,100.6,14.5,3,1,-3,11
0,48,188,52.0,25.6,4,0,0,6
0,53,197,54.2,20.6,1,1,-7,14
0,60,150,109.6,10.3,4,0,0,5
1,36,153,99.9,0.0,1,2,4,9
1,21,198,85.4,13.0,5,2,8,4
1,45,196,89.2,11.9,3,1,-3,9
0,46,151,77.9,23.3,5,0,0,10
1,46,199,80.6,29.9,1,1,-6,9
1,32,175,80.6,26.2,2,0,0,5
1,19,184,86.1,0.0,5,2,3,13
0,42,184,105.0,14.1,4,2,3,13
0,55,161,78.5,19.1,5,2,7,16
0,34,183,53.9,20.2,3,1,-2,14
0,58,152,84.3,15.2,2,1,-4,12
1,45,192,59.7,15.4,2,1,-6,5
0,41,198,88.5,16.2,2,2,3,6
0,34,170,109.4,20.0,1,0,0,6
0,42,188,61.4,16.0,2,0,0,5
0,20,167,104.0,27.6,3,1,-4,13
1,22,178,96.3,29.3,3,2,5,9
0,52,176,72.0,23.5,5,1,-4,14
0,30,166,61.2,0.0,5,1,-7,10
0,60,185,61.3,21.5,4,1,-7,11
0,52,164,92.4,17.0,4,1,-8,16
1,25,157,72.2,24.4,5,1,-4,5
0,18,176,108.1,27.2,3,1,-5,12
0,29,178,76.7,10.4,4,2,4,8
1,26,195,70.7,10.7,4,2,4,13
0,43,178,95.3,0.0,2,0,0,5
1,50,152,73.4,14.6,1,2,8,14
0,21,150,73.8,16.9,1,1,-7,14
1,29,153,76.1,17.6,2,2,7,16
0,36,156,92.4,0.0,4,2,3,6
0,37,187,52.1,11.6,4,0,0,9
1,38,152,103.6,18.2,2,1,-6,8
1,43,179,55.0,21.6,2,0,0,13
1,32,157,93.1,22.8,4,1,-3,8
1,28,186,105.8,0.0,3,0,0,4
1,27,177,74.9,0.0,5,2,6,13
1,58,156,84.5,26.3,4,2,6,4
1,24,161,107.2,0.0,3,1,-2,15
1,45,191,65.7,18.3,5,2,2,16
0,53,168,55.8,20.3,3,0,0,5
0,57,194,84.3,25.4,3,2,4,5
0,34,157,83.3,12.3,4,0,0,15
1,33,176,65.7,20.8,5,2,8,9
1,27,162,80.1,22.5,5,2,7,5
0,19,171,61.2,23.4,4,1,-4,11
1,28,162,60.9,0.0,1,2,5,14
0,25,151,76.1,18.6,3,0,0,8
1,49,185,85.7,23.5,2,1,-7,10
1,46,184,105.2,10.0,2,1,-7,5
0,42,172,101.4,12.6,5,1,-8,14
1,55,159,84.9,18.5,3,2,4,15
0,59,151,72.9,11.0,2,2,8,14
0,24,194,52.0,11.7,5,0,0,14
1,18,194,63.1,16.9,5,0,0,12
0,24,158,92.7,15.2,3,2,6,13
0,29,193,54.6,0.0,3,2,5,15
1,45,164,52.8,15.5,5,0,0,6
1,39,182,100.6,12.2,1,0,0,4
0,53,185,50.6,29.7,3,0,0,15
0,26,165,82.3,13.5,5,0,0,15
1,33,199,94.0,27.1,4,0,0,12
1,58,165,61.4,10.8,4,2,7,8
0,29,172,105.1,25.8,5,1,-3,11
0,40,187,66.6,21.4,1,0,0,16
1,60,167,94.4,0.0,4,2,8,9
0,33,195,103.5,20.5,2,2,7,7
1,39,157,76.4,0.0,2,0,0,8
0,27,194,56.6,13.0,1,0,0,15
1,30,193,72.4,17.6,3,0,0,6
1,26,183,102.4,0.0,1,1,-3,16
1,60,198,60.9,16.3,5,0,0,9
1,30,161,78.8,21.2,3,2,2,11
0,21,164,96.4,26.4,3,2,2,16
0,36,154,99.1,15.7,5,2,2,14
1,54,164,59.6,10.3,5,2,2,14
0,47,195,70.3,13.4,2,1,-7,11
0,50,153,64.7,0.0,2,0,0,10
0,41,197,55.8,0.0,1,0,0,15
1,60,165,89.7,0.0,4,1,-3,8
1,33,185,93.5,20.1,2,0,0,10
1,34,189,109.9,0.0,5,2,3,6
1,29,190,94.8,16.4,3,0,0,13
1,36,200,101.9,10.2,5,1,-6,14
0,45,162,102.1,26.3,1,0,0,11
0,44,167,53.6,28.8,5,2,7,9
0,38,160,60.3,25.8,3,2,2,10
1,32,183,72.3,12.0,4,2,3,15
1,33,154,79.9,20.6,2,1,-6,4
1,38,190,70.8,19.7,4,0,0,11
1,40,196,100.3,30.0,3,1,-3,11
1,32,160,99.8,0.0,2,1,-2,6
0,33,182,85.6,17.6,4,0,0,6
0,39,188,109.4,15.8,1,2,7,4
0,44,180,85.5,17.0,3,2,5,8
0,45,187,84.8,17.3,1,1,-6,13
1,30,191,80.0,10.5,2,0,0,15
0,51,159,64.9,27.4,5,1,-8,14
1,25,194,76.4,0.0,5,1,-7,10
1,30,175,56.0,18.2,5,2,7,9
0,32,184,71.5,21.8,3,1,-8,4
1,20,162,65.3,12.9,1,1,-5,11
1,25,174,53.5,20.6,5,1,-5,14
0,27,168,87.9,21.1,4,1,-8,13
1,48,190,50.6,0.0,2,0,0,12
0,53,180,62.9,23.2,5,2,4,11
1,52,153,75.1,21.3,5,0,0,4
1,45,156,67.0,17.7,1,2,6,15
1,25,184,65.3,12.3,1,0,0,11
0,32,167,58.4,11.3,3,2,8,15
1,18,171,78.1,19.0,4,2,8,12
0,26,165,100.2,13.6,1,1,-5,11
1,54,193,107.6,0.0,3,1,-8,9
0,33,169,88.9,0.0,4,0,0,9
0,44,176,105.3,24.9,5,0,0,16
0,21,197,78.5,0.0,4,2,4,16
1,39,159,94.0,14.0,1,2,3,11
0,57,152,72.5,29.1,3,1,-4,4
1,57,158,81.5,27.4,3,0,0,8
0,26,165,101.6,20.1,4,1,-8,11
0,18,169,72.8,18.7,5,2,6,7
1,23,160,59.7,0.0,4,2,4,9
0,32,198,96.5,26.2,1,0,0,11
0,36,177,102.2,12.9,4,2,3,8
0,39,189,78.9,22.8,4,0,0,15
0,55,192,66.3,28.7,4,2,3,7
0,19,184,73.6,13.8,1,1,-3,13
0,52,159,108.9,26.3,1,2,3,14
0,29,155,76.1,11.6,2,2,7,16
1,43,190,54.4,28.9,2,0,0,15
1,50,191,107.3,18.9,1,1,-8,9
0,48,196,84.5,26.5,4,0,0,12
1,46,180,84.9,16.7,2,0,0,8
0,26,193,92.5,18.6,4,2,5,16
1,22,187,62.8,10.4,3,1,-2,13
0,36,185,106.2,14.0,3,0,0,16
0,47,154,85.4,22.3,5,0,0,11
0,19,161,57.7,27.6,4,2,7,10
1,34,185,104.5,12.8,4,2,5,9
1,41,191,90.3,29.9,5,2,4,13
1,47,185,65.8,0.0,4,1,-2,7
0,32,200,96.7,13.5,5,2,4,11
1,60,184,84.6,22.6,1,1,-4,10
0,27,198,50.1,16.9,3,0,0,12
1,18,165,64.5,20.9,4,0,0,13
1,40,159,84.6,0.0,2,0,0,6
0,52,192,91.3,22.7,5,0,0,10
1,46,194,103.2,0.0,2,1,-8,11
1,43,186,94.7,25.3,4,2,6,10
1,31,163,70.0,17.6,5,2,6,13
1,29,154,84.0,26.4,4,2,3,13
0,48,157,97.6,24.8,5,2,6,15
0,45,159,83.4,14.4,5,0,0,7
1,23,154,57.1,0.0,3,0,0,11
0,43,167,58.5,22.8,2,0,0,5
1,42,171,93.4,26.5,1,1,-5,13
1,19,159,85.0,16.9,4,0,0,4
0,41,188,52.0,27.1,1,0,0,8
1,37,151,68.3,0.0,1,2,4,13
0,52,181,64.0,29.5,3,1,-2,10
1,38,196,67.7,11.0,4,0,0,12
0,25,167,60.4,0.0,3,1,-5,13
0,60,172,91.6,12.1,2,1,-8,10
0,34,152,56.7,20.7,5,2,4,13
1,20,199,59.3,25.5,2,2,2,12
1,59,186,72.8,20.0,5,0,0,12
1,55,191,108.3,12.9,4,2,5,9
0,41,184,88.7,0.0,3,2,4,10
0,48,155,74.4,23.5,1,2,7,9
1,60,186,59.0,26.3,1,1,-7,5
0,52,197,78.8,25.6,4,0,0,6
1,57,166,52.1,13.8,4,0,0,9
1,24,165,60.9,28.9,5,0,0,11
0,43,177,52.3,12.4,1,1,-7,15
0,46,159,71.3,28.0,3,1,-5,14
1,19,182,102.0,25.9,4,0,0,10
1,50,190,101.7,16.9,2,2,8,8
0,59,175,54.7,28.0,2,1,-3,5
0,39,179,74.7,0.0,1,1,-7,8
1,60,151,79.4,12.8,1,2,5,10
1,54,167,74.1,12.9,5,0,0,5
0,41,178,76.6,28.7,3,0,0,12
0,58,194,84.7,25.5,1,1,-5,12
1,18,150,97.7,16.5,2,2,3,10
0,55,199,63.0,18.6,5,2,7,14
1,51,158,100.8,28.7,5,1,-3,9
1,28,159,90.0,23.6,4,2,3,12
1,42,186,96.9,21.9,1,2,5,11
1,43,180,71.3,15.8,1,2,4,4
0,20,174,62.7,25.5,2,1,-8,12
1,58,191,104.6,29.3,4,1,-4,12
0,44,161,68.5,19.0,3,2,4,14
1,40,152,75.3,25.1,4,0,0,8
1,18,192,97.2,10.0,4,0,0,15
1,23,164,105.8,10.3,3,2,7,4
0,44,162,102.6,24.8,1,1,-8,15
0,57,155,97.7,19.7,4,1,-6,9
0,56,161,81.8,22.2,5,1,-5,9
1,57,192,108.1,22.3,4,0,0,6
0,56,179,81.9,10.9,2,0,0,5
0,27,161,72.0,0.0,5,1,-4,13
0,22,179,57.9,0.0,2,1,-6,14
1,27,158,91.6,11.2,5,0,0,8
1,19,175,62.0,23.9,1,2,3,14
1,29,163,96.4,13.9,4,2,8,5
1,38,158,75.4,24.9,5,0,0,5
1,54,197,67.3,26.3,1,0,0,11
1,27,164,93.7,0.0,5,1,-8,6
0,23,194,70.1,25.5,1,2,7,14
0,19,195,101.7,26.7,2,2,3,16
0,34,198,60.9,15.7,2,2,3,13
0,31,180,78.5,28.5,4,2,4,12
1,47,183,92.6,0.0,5,0,0,4
0,58,163,98.2,0.0,3,2,6,9
1,26,176,99.4,26.5,3,2,4,15
0,33,170,84.5,0.0,1,2,8,15
0,46,197,101.4,29.9,4,0,0,14
1,50,171,109.6,28.1,3,1,-2,16
1,58,171,79.7,25.1,2,1,-8,7
1,40,166,50.6,0.0,5,0,0,8
0,31,168,107.7,19.8,3,2,6,12
0,59,198,72.1,25.5,3,2,5,16
0,46,154,55.9,14.0,5,2,2,7
1,44,200,65.1,21.0,4,0,0,9
1,35,179,78.9,15.4,5,1,-2,7
0,53,172,102.6,13.8,3,2,6,13
0,36,165,104.2,10.1,5,0,0,15
1,34,166,87.3,21.4,2,2,5,15
1,50,156,52.6,15.8,1,0,0,5
1,36,171,52.3,19.7,2,1,-6,10
0,36,169,56.5,15.1,1,2,2,9
0,36,158,56.5,18.2,2,2,4,9
0,30,168,100.6,22.9,5,2,5,9
0,32,179,53.1,0.0,3,0,0,5
0,37,183,103.0,10.2,5,2,5,7
0,50,196,65.7,16.4,3,2,7,10
0,49,199,86.0,12.1,5,0,0,8
0,30,150,102.2,14.9,4,1,-7,15
0,33,192,108.1,23.3,4,1,-4,5
1,42,155,67.5,14.8,3,1,-8,11
0,29,190,97.6,25.6,3,2,4,14
0,21,159,57.5,10.3,2,2,4,12
1,21,187,54.5,12.3,2,2,7,7
1,39,177,62.8,26.9,1,2,4,10
1,29,193,63.1,13.6,1,2,2,12
1,48,198,72.1,23.9,5,2,6,15
0,31,162,99.8,15.5,4,2,4,7
1,27,162,64.9,0.0,3,1,-8,10
1,23,177,72.1,24.7,1,2,3,10
0,34,165,77.2,18.2,4,2,5,13
0,36,158,101.2,15.4,5,2,5,16
1,22,177,73.4,23.5,3,2,4,7
1,53,163,57.9,26.2,3,0,0,11
0,55,193,75.8,17.9,1,1,-5,9
0,47,159,66.8,17.0,4,1,-2,4
0,40,156,78.6,0.0,1,1,-2,4
1,19,177,92.3,10.4,3,2,5,10
0,37,156,102.2,28.9,5,2,2,15
0,52,167,82.4,24.6,4,2,6,14
1,22,187,109.0,25.8,4,2,4,5
1,33,196,96.2,16.9,4,2,4,4
1,31,168,107.5,28.6,1,1,-4,9
1,36,165,91.4,21.5,3,2,5,12
0,21,177,107.1,27.0,2,2,2,6
0,35,168,81.4,16.8,1,1,-4,13
0,39,186,65.0,10.9,3,1,-4,5
0,46,181,65.4,17.1,3,1,-4,8
0,59,194,80.3,17.9,1,1,-6,7
1,24,162,80.5,28.0,1,1,-7,14
0,33,163,64.4,0.0,3,2,8,8
0,27,188,81.5,11.7,1,0,0,15
1,41,154,64.9,10.2,2,1,-4,14
1,57,198,86.2,20.7,5,1,-7,9
0,29,154,63.4,17.8,5,1,-2,11
0,43,197,58.2,16.3,5,2,3,13
1,58,170,109.4,16.1,1,2,3,15
1,31,160,98.9,27.7,4,1,-2,8
1,40,177,64.7,0.0,3,1,-4,14
1,54,150,109.9,24.1,4,0,0,14
1,21,170,90.8,15.9,3,0,0,12
1,45,178,66.4,17.4,2,2,7,13
1,39,190,75.6,26.6,5,1,-4,15
1,20,163,103.4,13.4,4,0,0,14
0,49,154,71.0,24.0,4,2,3,14
0,21,155,76.0,13.5,3,0,0,12
1,56,170,55.9,22.8,3,2,6,15
0,20,181,71.9,24.2,1,1,-3,12
0,44,192,71.1,25.1,1,0,0,14
0,29,189,108.7,10.0,4,1,-6,13
0,27,163,74.8,0.0,4,2,7,14
0,49,167,91.6,0.0,5,1,-3,16
0,21,160,58.8,17.5,4,0,0,4
1,20,157,70.4,15.0,3,2,5,5
1,37,198,77.0,21.5,5,1,-3,11
0,41,151,85.5,10.6,4,2,5,14
1,58,169,94.7,23.8,3,0,0,6
0,53,151,63.9,23.0,3,0,0,14
1,54,197,90.4,19.2,5,0,0,8
0,60,157,51.3,0.0,1,1,-3,10
1,44,154,52.5,10.9,2,2,7,4
1,35,170,95.3,11.9,5,0,0,13
0,19,177,80.7,27.3,4,0,0,9
1,36,154,99.1,21.0,1,1,-8,11
0,32,200,74.3,16.6,1,0,0,10
1,35,170,102.7,15.3,2,0,0,13
1,46,175,71.5,0.0,2,0,0,10
0,55,151,93.9,29.0,4,2,8,13
0,45,156,62.9,20.8,2,1,-4,15
1,24,153,56.8,15.5,3,0,0,14
0,54,171,60.3,0.0,5,1,-4,8
0,42,164,94.2,29.1,3,0,0,7
1,28,158,90.3,0.0,3,0,0,15
1,19,156,109.4,10.9,2,0,0,13
1,22,162,72.9,24.9,5,2,7,10
0,40,180,79.2,0.0,3,2,7,14
0,60,154,92.9,19.6,1,2,7,10
1,52,154,60.5,15.5,2,2,4,8
0,41,193,62.6,16.0,1,2,5,9
1,56,198,108.6,18.2,1,2,5,12
0,59,155,78.5,26.6,5,0,0,14
1,58,182,92.7,24.9,2,0,0,15
1,45,160,57.5,11.7,2,1,-4,7
1,50,157,65.7,17.1,3,2,8,12
1,23,193,79.8,29.4,5,1,-3,16
1,38,174,72.2,0.0,2,2,6,6
1,36,198,107.8,24.2,3,1,-8,16
0,41,153,68.0,13.4,1,1,-7,11
1,58,193,71.1,25.8,4,2,8,8
1,39,153,68.5,21.9,3,2,7,15
0,29,180,65.0,22.7,1,1,-7,10
0,48,184,78.4,12.6,5,2,6,11
0,37,155,103.8,17.2,4,2,6,9
0,56,158,76.4,29.6,4,2,7,9
1,40,157,92.2,19.4,3,0,0,6
1,56,192,108.2,10.8,3,1,-2,8
0,45,200,89.1,12.7,2,2,2,12
1,42,166,66.7,23.3,5,0,0,15
1,58,164,101.7,0.0,1,0,0,16
1,59,177,103.9,25.5,5,1,-6,12
1,29,167,55.3,0.0,3,0,0,16
1,41,167,60.5,29.7,3,2,8,7
1,28,197,81.7,21.7,1,0,0,14
1,36,169,56.0,23.7,5,2,3,7
0,30,174,50.6,20.9,5,1,-8,4
1,43,187,73.5,0.0,1,2,2,5
1,56,170,64.8,26.7,1,1,-7,16
0,36,156,60.3,0.0,4,0,0,15
1,26,176,86.0,29.3,3,2,2,12
1,54,164,108.2,14.0,1,2,8,16
0,48,151,82.9,28.0,5,1,-5,12
0,18,163,57.7,23.9,4,0,0,6
1,57,152,69.4,19.6,1,2,4,16
0,35,187,79.9,24.3,4,0,0,5
0,32,163,59.1,11.9,3,1,-8,6
0,47,166,78.8,0.0,5,1,-3,15
0,50,183,55.9,17.2,5,0,0,7
1,19,157,77.1,12.7,5,0,0,8
1,48,158,50.1,10.2,5,2,6,9
1,52,163,96.1,14.7,2,0,0,4
0,22,159,66.5,29.3,2,1,-8,14
1,27,175,71.6,29.3,3,2,8,11
0,34,171,103.4,0.0,2,0,0,11
1,30,194,65.9,0.0,3,0,0,6
0,32,179,54.6,26.4,1,1,-4,7
0,39,164,104.1,14.3,1,2,8,6
1,44,176,77.6,28.0,3,1,-2,9
0,47,195,58.1,29.4,3,2,7,16
0,32,151,72.2,28.2,2,1,-6,15
0,25,197,70.6,23.3,2,0,0,6
0,45,197,73.4,29.1,5,0,0,16
0,43,155,64.4,20.3,3,1,-7,7
1,36,188,98.2,27.8,4,2,6,7
0,41,196,83.8,26.2,3,0,0,12
1,31,200,71.0,27.8,4,0,0,12
0,47,157,94.2,22.9,3,1,-8,9
1,54,184,96.0,12.7,1,2,8,7
1,51,193,94.5,15.3,5,2,2,13
1,36,192,77.9,0.0,4,2,4,10
0,28,183,90.9,0.0,5,1,-4,7
1,22,170,79.5,29.8,2,2,4,7
0,57,161,106.7,24.4,2,2,2,10
0,27,172,104.0,0.0,4,0,0,5
1,52,178,54.8,0.0,2,1,-3,7
1,45,167,87.2,0.0,5,1,-8,4
1,49,180,57.5,24.5,1,1,-5,4
0,21,168,79.6,17.6,4,1,-5,6
0,35,200,54.2,23.8,4,1,-3,5
0,24,171,79.7,20.6,5,1,-7,10
1,45,192,55.3,29.5,1,1,-2,10
0,38,167,83.1,15.3,2,0,0,13
1,57,162,74.5,11.3,5,0,0,12
1,36,156,78.5,0.0,2,2,7,8
1,57,180,74.3,14.8,2,0,0,9
0,45,151,100.4,23.4,3,2,3,15
1,60,196,73.7,0.0,3,1,-7,15
0,27,198,52.0,0.0,2,1,-2,10
0,32,162,86.7,20.2,3,2,5,12
0,43,184,52.6,15.5,1,0,0,15
1,30,151,103.9,0.0,5,0,0,4
1,53,192,61.6,0.0,2,2,4,14
1,51,155,67.1,16.1,1,1,-2,10
0,40,152,100.8,12.3,5,0,0,5
1,50,156,86.6,17.3,2,0,0,13
0,46,195,70.1,11.7,1,2,2,16
0,44,175,100.2,27.4,3,1,-3,8
1,24,171,88.3,11.8,4,2,6,6
0,40,151,61.0,14.5,5,2,5,8
0,54,191,61.5,27.9,4,0,0,16
1,28,189,100.5,11.6,4,2,7,14
0,58,189,61.2,13.8,2,1,-3,7
0,36,161,104.7,16.8,3,1,-6,4
1,46,182,69.8,0.0,4,0,0,7
0,31,182,76.3,14.0,2,0,0,9
0,22,163,109.0,13.3,1,0,0,6
0,47,186,90.0,11.3,3,0,0,16
0,31,197,95.8,14.5,5,2,4,15
1,56,162,65.5,25.6,5,0,0,6
1,50,178,88.2,19.9,1,0,0,4
1,52,181,52.9,15.7,1,2,7,6
0,46,199,75.1,25.8,2,2,5,4
1,57,155,87.0,12.4,1,2,7,5
0,25,163,94.7,24.7,2,0,0,9
1,60,153,62.4,28.5,4,2,3,13
0,49,184,82.8,0.0,2,0,0,13
0,33,151,54.5,0.0,1,0,0,11
0,21,174,64.1,18.3,1,1,-2,4
0,25,183,78.2,11.3,5,1,-7,9
1,20,188,65.3,15.6,1,1,-4,14
1,23,159,97.6,29.2,3,2,2,15
1,49,154,108.6,17.6,2,0,0,6
0,30,189,89.8,0.0,3,1,-6,4
1,38,186,74.1,12.5,4,1,-8,13
0,57,160,80.3,11.2,5,1,-2,16
1,31,153,77.9,16.8,1,0,0,4
1,41,172,109.3,10.6,1,2,3,7
0,45,188,84.2,26.6,1,2,2,14
1,54,170,87.3,0.0,5,2,3,6
0,31,162,102.4,22.8,3,1,-8,11
1,50,180,51.8,12.3,4,2,4,7
1,60,191,77.0,14.5,3,2,7,10
1,50,157,86.9,0.0,5,2,8,5
0,25,153,88.9,16.8,2,0,0,15
0,22,194,87.5,10.4,3,0,0,7
0,45,180,51.8,23.8,4,2,4,10
1,51,160,96.8,19.4,1,0,0,15
1,52,158,77.2,20.0,4,2,6,16
1,40,190,81.8,27.1,2,2,7,7
1,51,169,59.9,18.6,3,0,0,13
1,25,193,55.9,27.0,5,0,0,14
1,50,200,90.4,21.1,4,0,0,9
0,47,192,95.2,18.5,3,2,4,10
1,41,183,71.3,13.7,2,2,7,8
1,30,166,109.7,23.4,2,2,4,10
1,24,179,88.3,22.3,5,1,-5,11
1,44,185,78.9,24.9,4,0,0,10
0,45,159,70.4,17.4,3,0,0,14
0,39,185,91.0,13.2,3,1,-2,10
1,27,180,91.2,23.0,5,2,2,4
1,29,151,56.9,0.0,4,2,5,13
1,45,150,103.3,25.6,1,2,5,9
1,56,180,82.1,0.0,3,2,6,4
1,35,198,98.7,27.8,4,2,7,5
1,43,160,109.2,11.6,3,1,-8,9
0,33,185,67.2,26.6,4,0,0,15
1,29,170,109.9,23.4,4,2,4,13
1,51,154,81.3,22.4,4,0,0,11
0,32,158,52.5,15.3,3,1,-2,10
1,24,158,105.5,12.2,5,0,0,16
0,23,171,82.8,23.4,4,0,0,7
0,48,176,103.9,0.0,1,0,0,16
1,51,177,78.7,16.6,5,2,2,10
1,37,152,58.6,18.4,4,0,0,5
1,46,154,101.6,17.9,1,1,-5,13
1,42,160,59.2,0.0,2,0,0,12
1,23,163,84.2,0.0,3,2,4,15
1,40,180,96.3,14.1,3,2,4,14
0,53,166,57.8,27.0,2,2,7,9
1,37,189,54.2,22.4,3,0,0,8
1,51,186,86.9,21.0,1,2,2,12
1,41,164,78.5,0.0,3,1,-7,13
0,34,192,59.1,14.8,5,1,-4,12
0,39,191,88.2,29.6,1,0,0,14
1,31,175,68.3,15.2,3,2,8,4
1,58,182,52.0,16.2,2,1,-7,12
0,39,160,54.5,12.6,4,2,2,12
0,42,188,89.6,27.8,2,0,0,14
1,49,161,93.2,17.3,3,0,0,8
0,57,156,58.3,24.4,2,0,0,9
1,57,179,78.3,0.0,1,2,5,13
0,44,171,102.9,14.1,4,0,0,10
1,49,185,95.8,26.9,1,1,-4,13
0,18,181,76.1,27.4,5,1,-8,7
1,58,157,68.8,13.8,3,2,3,5
0,39,195,66.6,16.4,1,1,-6,14
1,29,194,57.6,24.1,2,2,5,10
0,32,166,83.9,18.1,1,2,8,15
1,31,152,58.9,21.4,3,1,-5,10
1,37,195,72.8,0.0,3,1,-8,4
0,59,195,97.6,10.1,3,2,8,5
1,51,192,62.8,15.9,2,0,0,15
0,27,188,85.2,11.4,1,1,-3,16
1,35,158,76.7,14.5,1,0,0,15
0,34,191,54.9,26.9,1,2,5,11
0,41,156,50.8,19.7,5,1,-5,11
1,53,150,69.9,0.0,4,1,-8,5
0,47,179,104.6,0.0,2,2,4,11
1,45,161,97.7,26.3,5,1,-3,6
1,28,170,90.6,0.0,1,1,-4,6
0,44,178,87.2,28.7,4,0,0,15
0,30,159,86.2,25.4,1,1,-8,12
0,21,160,76.2,13.2,3,2,4,11
1,60,183,103.1,0.0,4,2,5,10
0,29,178,63.7,26.6,2,2,8,15
0,35,160,87.3,0.0,2,1,-8,5
1,38,188,68.7,25.5,1,2,6,10
1,26,193,67.5,17.0,5,0,0,10
0,54,164,105.1,28.8,3,0,0,14
0,26,180,108.0,11.0,3,0,0,10
1,32,196,108.6,15.5,5,1,-5,5
1,29,154,67.5,23.9,2,2,6,11
0,54,159,72.3,0.0,3,1,-4,15
1,25,194,93.8,0.0,2,0,0,16
1,41,170,65.0,0.0,4,0,0,9
1,46,187,55.9,21.4,2,2,6,16
1,19,193,72.1,27.0,2,0,0,5
0,46,160,93.7,24.2,1,1,-2,13
1,46,158,97.1,12.0,3,2,6,7
1,59,168,103.4,22.8,4,1,-4,6
0,56,184,76.7,16.7,1,0,0,13
1,31,178,99.0,24.5,1,2,4,5
1,48,169,100.2,22.8,5,0,0,11
1,23,191,63.1,10.9,3,1,-3,6
0,42,170,65.4,22.8,2,0,0,15
0,40,150,89.8,16.0,2,1,-4,7
0,49,198,86.1,19.6,4,1,-2,5
1,49,189,77.7,21.7,4,1,-7,16
1,55,153,68.6,26.8,5,2,8,14
1,28,189,66.9,21.4,4,2,8,11
0,42,194,90.6,12.5,3,0,0,4
0,47,197,65.0,16.0,4,0,0,11
1,37,168,71.3,12.1,2,2,4,9
1,21,182,99.9,14.5,2,2,7,6
1,40,189,73.4,15.5,2,1,-3,10
0,21,152,61.8,17.3,5,0,0,6
1,56,157,78.8,13.6,4,0,0,12
0,49,151,75.8,28.7,3,0,0,14
1,39,166,53.6,21.0,4,1,-4,12
0,35,192,85.7,27.9,4,2,7,5
1,44,190,81.7,28.2,4,0,0,16
0,52,154,52.4,0.0,2,0,0,13
1,35,194,86.2,24.2,3,0,0,15
0,56,193,106.1,12.1,3,2,2,9
0,48,178,102.4,10.6,4,2,5,5
1,18,153,69.6,23.9,3,1,-5,5
0,54,194,54.6,0.0,5,0,0,8
1,33,195,64.6,29.0,1,0,0,15
1,45,167,103.3,20.1,3,0,0,8
1,43,159,63.4,0.0,2,1,-5,10
0,19,158,84.2,21.1,5,0,0,14
0,26,161,97.6,25.7,3,0,0,11
0,18,198,63.7,25.1,3,1,-2,6
1,33,195,99.6,10.5,1,2,7,9
0,35,183,57.9,23.0,3,1,-2,5
0,56,189,61.9,15.2,4,2,3,16
0,20,187,76.0,16.8,5,0,0,14
1,30,176,82.8,14.9,3,1,-3,5
1,43,199,78.7,28.9,4,1,-3,13
1,54,164,104.3,0.0,3,1,-7,4
1,47,168,65.7,0.0,5,0,0,5
0,25,189,60.2,12.8,1,0,0,10
0,39,177,96.1,0.0,5,2,4,6
1,54,168,56.3,11.8,2,0,0,12
1,57,174,77.3,17.7,2,1,-7,10
0,53,185,89.3,21.5,1,2,6,11
1,19,174,76.2,16.6,5,0,0,4
0,40,179,84.6,27.4,3,0,0,14
0,40,195,82.6,20.1,5,1,-2,8
1,44,177,88.6,29.1,1,1,-4,8
1,58,150,100.6,0.0,4,0,0,8
0,44,185,83.9,13.5,5,1,-6,11
1,24,186,102.8,29.5,1,2,3,13
0,60,198,105.4,23.6,1,1,-6,16
0,43,176,63.5,19.5,5,0,0,10
1,22,185,69.5,25.1,4,1,-8,7
1,28,159,84.6,17.5,2,1,-4,9
1,21,195,54.9,0.0,4,2,2,6
0,52,162,58.8,19.5,2,0,0,13
1,39,183,68.5,26.8,4,2,7,13
1,33,166,67.5,25.8,3,2,3,4
0,39,195,64.5,17.9,3,2,2,7
1,40,184,78.8,21.2,1,2,6,13
1,48,171,65.7,0.0,2,0,0,14
1,53,150,63.0,16.2,5,2,7,12
0,24,194,104.7,26.8,3,2,2,11
1,43,163,53.0,14.6,2,2,7,8
0,36,159,85.6,23.4,3,2,8,7
0,43,172,60.9,26.6,5,0,0,9
1,18,195,61.9,27.0,1,0,0,10
0,60,158,62.7,23.4,2,0,0,4
0,20,166,102.1,27.6,2,0,0,4
1,51,179,50.3,26.5,3,1,-4,4
1,41,193,76.1,28.8,3,2,8,16
0,29,162,86.3,21.0,1,0,0,11
0,28,198,68.8,25.7,5,2,4,5
0,23,177,55.4,26.4,4,1,-4,16
0,33,166,97.6,19.4,1,2,3,5
1,31,163,96.6,10.8,3,2,2,15
0,33,177,76.4,25.1,4,1,-4,13
0,39,189,51.8,11.4,2,2,6,13
0,38,188,77.4,23.6,5,2,8,11
0,27,196,99.0,0.0,1,0,0,10
0,19,154,64.8,0.0,5,0,0,7
1,46,189,61.5,18.1,2,2,6,16
1,20,174,74.6,23.3,2,0,0,8
0,58,184,95.7,19.2,3,0,0,4
0,36,181,98.3,26.8,1,1,-4,5
0,52,190,82.1,24.4,1,1,-8,14
1,52,165,96.3,0.0,4,0,0,4
0,58,189,56.6,24.1,2,0,0,4
0,23,195,89.3,14.6,1,0,0,13
1,26,174,102.2,15.2,4,1,-7,8
0,24,194,81.4,25.5,2,2,8,4
1,58,173,56.5,27.9,3,1,-5,9
1,22,189,65.9,23.1,2,2,5,12
0,27,166,72.4,14.6,4,2,7,16
1,19,196,68.2,12.2,3,0,0,6
1,23,197,101.3,21.8,2,1,-6,16
1,39,165,86.6,26.8,5,2,8,4
1,33,198,92.0,22.7,1,0,0,16
0,53,164,92.5,26.6,4,0,0,7
1,25,180,66.0,18.4,1,1,-5,12
1,51,163,105.9,0.0,1,1,-5,15
1,24,153,61.4,23.2,5,1,-3,9
1,34,176,67.7,18.8,3,1,-8,10
0,31,191,62.8,15.9,2,0,0,4
1,52,190,56.7,29.6,1,2,6,15
1,44,177,81.7,22.8,5,2,4,11
0,21,186,92.8,26.2,5,0,0,10
0,35,181,52.9,16.4,5,0,0,5
0,21,162,63.9,26.5,2,1,-4,15
1,34,155,75.5,21.3,4,2,2,7
0,59,172,84.8,28.8,5,0,0,11
0,32,176,105.1,26.7,2,2,5,4
0,47,191,79.9,10.5,5,1,-4,7
1,49,160,103.2,0.0,2,0,0,8
0,41,165,92.2,25.6,4,2,2,15
0,45,179,85.6,12.4,5,0,0,10
1,38,180,77.7,20.3,4,2,6,4
1,18,155,99.1,12.8,4,2,4,5
1,48,158,85.9,14.7,4,1,-8,11
0,37,159,104.1,25.6,5,2,2,13
0,37,171,66.0,24.4,3,1,-3,10
1,52,189,78.9,0.0,4,1,-5,4
1,21,198,96.5,0.0,5,1,-4,6
0,40,154,95.6,12.1,1,1,-5,5
1,45,154,68.6,18.6,5,2,2,15
1,55,150,102.8,15.1,1,2,5,5
0,53,185,99.6,22.6,2,2,7,14
0,24,196,107.9,23.4,5,0,0,7
0,18,166,59.1,22.2,5,2,4,11
0,36,154,58.5,0.0,5,2,2,7
0,39,169,67.7,12.9,4,2,3,13
1,58,200,93.2,0.0,5,2,8,5
0,19,174,57.3,0.0,5,0,0,14
1,29,184,105.3,17.0,2,1,-5,9
1,32,175,97.9,26.3,4,0,0,6
0,42,171,99.0,0.0,1,0,0,8
1,28,180,78.2,25.4,5,2,8,7
0,41,199,77.2,25.9,5,2,8,8
1,21,184,52.6,0.0,4,2,6,15
1,48,156,66.9,27.0,1,1,-8,5
1,59,168,109.9,24.3,3,2,8,5
1,29,197,55.1,0.0,5,1,-5,11
1,44,198,71.7,24.5,3,0,0,16
1,33,186,99.1,0.0,3,0,0,9
0,34,156,71.8,25.3,1,2,8,11
1,24,193,84.6,0.0,4,1,-5,15
1,39,161,94.2,12.6,3,2,5,11
0,25,189,95.0,0.0,1,2,8,8
1,54,166,94.1,23.5,1,1,-3,9
1,31,189,75.8,19.1,1,0,0,5
0,36,191,71.7,0.0,4,2,8,8
0,34,171,83.4,0.0,3,0,0,11
0,19,187,50.2,19.9,3,2,4,15
1,35,173,82.3,28.2,4,0,0,11
1,25,150,103.8,24.3,5,2,3,9
1,59,189,99.0,17.1,1,1,-5,5
0,19,200,96.8,10.7,2,1,-8,14
1,31,159,84.2,16.3,4,0,0,11
0,20,189,79.2,12.6,4,0,0,7
1,56,166,97.9,17.0,1,0,0,5
1,31,165,78.6,14.5,1,0,0,10
0,39,178,89.4,14.8,4,1,-3,4
1,45,191,93.7,28.0,3,1,-4,5
1,29,173,88.8,29.3,3,0,0,4
0,47,175,68.6,11.2,5,2,4,6
1,31,157,78.2,15.4,1,0,0,13
0,48,163,81.7,24.1,4,0,0,13
0,28,188,56.0,0.0,4,0,0,8
0,56,198,95.4,14.7,3,0,0,15
0,48,187,54.6,23.0,5,1,-8,10
0,51,169,81.8,16.6,1,0,0,10
0,26,158,98.4,24.5,5,0,0,15
1,34,180,100.4,0.0,5,1,-8,4
0,53,165,90.4,0.0,2,2,5,15
0,44,181,86.5,0.0,3,1,-8,6
0,23,192,82.9,0.0,4,0,0,12
1,59,185,97.4,0.0,1,1,-6,5
0,25,191,105.7,18.8,3,0,0,15
0,20,176,90.1,20.0,4,1,-4,5
1,28,155,98.8,13.7,2,2,3,9
0,50,160,105.6,0.0,1,2,5,12
1,29,193,63.0,16.1,1,0,0,16
0,30,163,50.1,0.0,5,0,0,11
1,42,151,108.7,17.5,1,1,-3,15
0,33,172,76.4,18.4,3,2,7,6
0,43,170,86.9,23.5,3,2,8,6
1,59,168,56.1,14.1,4,1,-8,11
0,60,200,62.5,11.5,5,2,5,16
1,42,181,67.6,13.3,4,2,2,10
0,24,177,108.2,14.9,4,0,0,4
0,19,175,88.1,10.7,1,1,-4,13
0,60,174,58.7,22.1,4,2,8,12
1,27,176,55.0,27.8,5,0,0,12
0,35,174,61.6,27.5,5,2,4,4
0,52,152,56.4,10.9,5,1,-2,6
0,28,171,93.3,17.1,3,0,0,15
0,48,158,73.9,17.7,5,2,2,5
1,44,163,57.9,0.0,2,0,0,15
1,20,183,57.6,25.3,1,0,0,14
1,41,171,83.3,0.0,5,2,7,8
1,54,155,95.3,12.0,5,1,-4,16
1,24,198,84.8,26.2,2,2,2,15
1,30,198,88.0,21.1,2,2,3,7
0,34,200,100.8,22.6,5,0,0,10
1,24,185,96.6,0.0,3,2,2,8
1,18,191,56.9,27.5,3,0,0,14
1,38,170,79.3,0.0,5,2,5,15
1,51,181,100.8,11.9,4,0,0,11
1,50,150,64.9,18.7,5,1,-7,16
0,50,182,71.5,0.0,1,2,4,12
1,27,198,72.9,25.2,1,1,-8,7
0,38,177,109.4,19.3,4,0,0,12
1,24,161,106.9,14.4,2,1,-8,13
0,26,186,52.6,24.6,3,0,0,10
1,18,151,88.4,0.0,1,2,7,9
1,49,184,103.9,11.7,4,2,5,4
0,22,199,93.6,29.8,4,0,0,7
0,52,180,78.5,22.7,3,1,-4,11
0,26,159,78.2,26.7,5,2,3,5
1,31,169,104.5,16.8,3,2,2,4
1,40,163,107.7,22.5,4,1,-3,8
0,60,158,51.5,16.1,2,1,-7,12
1,22,160,65.2,26.2,3,2,8,9
1,20,170,72.0,20.0,3,0,0,11
0,52,184,102.9,10.1,2,0,0,4
1,31,150,87.5,12.2,2,0,0,5
0,21,150,82.5,28.0,3,2,6,5
0,37,151,91.6,0.0,2,0,0,16
1,21,192,77.7,18.2,1,0,0,11
0,24,196,91.1,27.2,5,1,-4,12
0,18,195,64.0,27.6,2,1,-3,4
0,19,178,63.3,24.6,3,2,8,11
1,37,182,50.3,25.7,2,2,3,15
1,59,168,50.2,12.6,3,1,-8,15
1,18,151,82.8,16.3,3,1,-5,12
1,41,198,57.1,10.4,1,0,0,10
0,45,178,95.5,18.8,4,1,-7,7
1,19,196,73.4,0.0,1,1,-7,10
0,49,182,58.2,0.0,3,1,-8,5
1,30,198,83.1,19.9,2,2,5,10
1,21,152,60.4,14.8,3,1,-3,7
0,38,187,79.3,15.2,3,2,2,8
1,34,180,63.4,18.3,4,1,-7,10
1,40,181,76.8,19.4,1,1,-3,13
0,50,174,109.4,21.1,3,1,-6,4
1,29,155,104.2,29.8,2,0,0,5
1,52,170,72.5,13.3,2,1,-5,12
1,57,194,87.9,13.7,3,1,-5,11
0,46,158,77.3,10.2,5,0,0,7
1,27,153,83.5,28.1,2,0,0,7
0,36,161,69.9,19.7,1,0,0,8
0,45,165,55.3,0.0,4,0,0,9
1,18,173,109.6,20.0,5,2,8,6
0,22,166,75.4,14.7,3,2,7,11
0,58,175,63.5,13.7,5,2,6,15
0,42,189,83.8,13.5,5,1,-7,9
1,37,186,110.0,0.0,1,2,3,11
0,50,200,98.2,14.3,1,2,6,8
0,44,152,74.6,25.3,2,1,-3,13
1,38,156,77.1,15.1,5,1,-8,9
0,21,171,64.8,20.6,1,0,0,16
0,45,185,81.2,27.9,1,1,-5,6
0,24,182,74.1,18.6,3,2,8,9
0,39,170,98.6,26.1,2,1,-7,10
0,57,169,56.0,10.8,3,0,0,9
1,58,190,93.2,0.0,2,0,0,9
0,24,150,76.3,23.8,3,2,4,8
1,29,188,96.0,18.1,2,1,-7,13
1,43,161,52.6,0.0,1,2,8,14
1,31,195,85.2,19.9,5,0,0,13
1,38,172,60.6,19.0,2,0,0,7
1,28,200,59.5,26.3,3,0,0,15
0,35,158,74.3,0.0,3,1,-8,6
1,28,198,86.9,13.6,2,1,-4,9
0,33,185,97.6,12.1,3,1,-3,8
0,51,164,58.4,15.8,4,2,4,8
1,43,180,70.4,23.2,4,1,-7,6
1,27,154,94.2,24.9,3,0,0,8
1,30,176,67.8,29.6,1,1,-4,14
0,26,158,62.0,22.7,3,1,-3,5
1,35,175,55.5,14.6,2,0,0,6
0,52,170,99.5,25.1,4,1,-8,16
0,34,174,72.7,25.4,2,1,-6,6
1,28,153,52.7,0.0,2,1,-4,8
0,52,191,81.1,15.5,5,1,-3,12
0,39,199,89.9,25.8,2,0,0,6
0,37,192,96.4,13.8,4,0,0,15
1,39,155,68.9,25.9,5,0,0,12
1,33,189,101.8,20.7,3,1,-8,7
1,40,168,82.1,14.1,2,2,2,4
0,57,158,97.0,26.2,4,0,0,10
0,42,173,73.5,18.5,4,1,-4,10
1,57,191,77.8,13.1,3,1,-4,4
0,37,166,51.2,19.5,2,0,0,15
0,21,164,63.0,18.3,4,1,-4,16
0,38,152,61.8,22.3,5,2,2,10
0,60,177,57.3,18.3,2,2,2,12
1,39,152,83.5,11.2,5,1,-6,12
0,49,150,89.5,24.9,4,2,8,6
1,60,176,102.8,14.0,3,2,8,15
1,34,199,52.1,24.5,4,1,-8,8
1,52,169,75.9,28.3,3,1,-6,4
1,52,165,61.4,21.8,1,1,-2,13
1,55,153,107.1,29.2,5,0,0,7
0,44,196,109.5,29.1,1,0,0,8
1,35,151,89.9,12.9,1,1,-4,10
1,35,173,52.7,19.2,4,0,0,9
1,23,168,74.4,0.0,1,0,0,15
0,32,170,81.8,25.4,2,2,3,5
0,27,178,83.1,19.2,5,1,-6,9
1,20,177,78.4,29.4,2,0,0,8
0,52,185,85.4,0.0,4,0,0,7
1,28,191,85.6,24.0,4,2,7,15
0,51,193,61.4,17.8,4,0,0,16
1,46,193,73.5,20.3,3,1,-2,16
1,53,184,95.4,0.0,2,2,2,15
0,30,151,86.3,25.7,5,2,4,11
1,38,155,86.9,21.2,1,0,0,5
0,48,193,101.6,11.2,3,2,4,10
1,24,173,108.6,22.6,5,0,0,11
0,26,175,63.9,13.6,2,0,0,9
0,45,191,56.2,14.7,5,2,2,6
0,19,159,71.7,0.0,2,1,-4,9
0,44,194,97.5,15.2,1,0,0,4
0,45,199,93.9,14.5,2,0,0,4
0,27,152,83.2,24.4,4,0,0,10
0,48,186,69.2,19.6,5,1,-6,16
1,21,175,99.5,0.0,1,2,5,5
1,39,188,68.9,26.8,4,0,0,7
1,51,176,91.0,14.1,1,0,0,9
1,25,185,51.4,27.1,1,2,2,11
0,52,168,107.0,0.0,2,2,7,5
1,59,173,76.9,20.7,1,0,0,16
0,48,179,78.4,19.2,4,0,0,8
0,20,154,56.5,13.5,1,0,0,9
1,57,174,87.1,0.0,1,2,5,6
1,22,194,58.5,29.3,5,1,-8,5
0,39,154,104.4,29.4,5,2,5,12
0,30,187,55.4,10.3,3,1,-8,14
1,40,156,60.8,23.9,5,1,-6,7
1,60,178,75.3,12.2,4,2,7,4
1,41,183,50.4,0.0,3,0,0,4
0,57,196,55.2,16.8,5,0,0,9
0,44,194,80.4,21.9,1,1,-8,7
1,57,153,100.6,0.0,3,2,3,5
0,21,195,98.8,13.3,5,1,-4,7
1,39,191,76.8,28.4,5,1,-7,7
0,35,154,101.1,14.1,4,1,-7,14
0,34,192,62.4,0.0,3,1,-8,7
1,59,175,88.8,0.0,2,0,0,7
1,31,151,72.3,0.0,1,0,0,6
0,26,163,65.6,17.8,3,2,5,16
0,48,162,78.6,24.6,2,0,0,7
0,19,156,69.4,26.7,4,2,6,13
1,60,151,58.2,25.9,2,2,2,15
1,26,192,75.1,14.4,4,2,3,15
0,25,180,61.4,0.0,2,0,0,5
0,54,173,55.7,24.9,5,1,-7,6
1,19,179,95.4,24.1,3,1,-4,12
0,43,171,65.0,24.7,5,0,0,4
0,51,166,74.6,16.2,1,1,-8,5
0,31,175,72.6,13.4,3,0,0,5
1,39,199,85.4,19.7,3,2,5,13
1,31,166,97.8,19.1,1,0,0,6
0,24,196,71.5,0.0,4,2,3,14
0,40,152,92.0,20.1,1,0,0,6
0,40,150,57.5,22.1,5,0,0,5
1,36,167,103.0,23.7,5,0,0,5
0,45,162,56.8,10.7,5,2,8,10
1,40,190,84.4,24.6,4,0,0,7
1,51,182,61.2,26.5,3,2,2,10
1,45,163,94.0,15.0,4,2,5,5
0,43,175,87.9,29.7,4,1,-7,14
1,26,181,82.6,12.7,2,2,3,14
1,44,154,78.7,22.4,2,0,0,6
0,54,160,89.7,26.3,5,1,-3,11
0,19,155,59.5,22.8,3,1,-7,13
1,38,159,57.2,24.1,1,1,-2,13
1,19,156,55.4,12.8,5,0,0,9
1,42,184,95.8,27.9,2,2,5,12
0,27,195,65.8,18.1,3,2,8,5
1,31,156,76.1,28.2,2,2,7,7
0,27,172,63.2,27.5,3,2,4,10
0,37,178,65.2,18.8,3,2,3,7
0,52,152,106.6,14.8,1,0,0,10
1,57,185,92.5,0.0,2,2,4,11
0,19,180,73.5,0.0,4,2,7,12
1,56,188,90.4,11.8,1,1,-8,7
1,54,160,79.7,29.5,1,1,-3,10
0,48,186,109.5,17.5,1,2,4,9
0,24,179,73.2,24.7,5,1,-8,15
1,44,150,51.9,17.7,4,1,-7,14
0,20,181,95.0,15.1,1,0,0,16
1,34,170,53.9,28.0,5,1,-8,15
0,26,186,92.3,24.3,5,0,0,10
0,22,166,67.7,21.3,5,0,0,12
0,43,188,57.4,12.3,5,1,-3,11
1,48,185,102.5,10.2,5,0,0,5
1,34,152,77.7,0.0,4,1,-4,8
0,30,153,85.3,20.4,5,1,-5,4
0,56,165,73.9,0.0,5,1,-8,12
1,58,169,95.3,23.9,5,0,0,11
1,54,180,93.7,20.0,5,1,-5,4
0,42,156,89.7,13.4,3,0,0,10
1,28,194,81.5,16.6,2,0,0,12
1,40,160,100.6,18.4,3,2,4,6
0,24,164,50.2,19.7,1,1,-5,9
1,25,197,83.6,0.0,1,1,-4,4
1,50,164,99.0,29.9,1,1,-7,11
0,28,199,64.6,23.1,2,0,0,6
0,46,166,80.8,21.9,5,1,-3,6
0,21,172,97.9,11.7,2,2,6,7
0,53,189,106.8,23.1,4,2,6,14
0,27,198,61.6,14.6,1,2,6,4
1,59,188,62.2,18.0,5,0,0,16
1,19,179,79.8,0.0,5,0,0,11
1,29,158,55.7,14.0,3,0,0,14
0,28,193,58.2,15.3,2,1,-4,11
1,23,152,76.3,19.6,5,0,0,11
0,38,177,106.6,12.4,4,1,-7,15
1,43,178,95.8,16.3,4,1,-8,9
1,46,192,90.0,29.3,5,1,-4,12
0,45,188,77.4,0.0,1,2,5,12
1,18,181,92.2,0.0,2,0,0,15
0,38,189,56.3,25.2,2,1,-4,11
0,24,164,62.2,11.9,3,1,-6,7
1,44,175,70.0,27.4,2,2,5,10
1,55,193,105.1,14.9,4,1,-2,5
1,38,195,87.7,13.5,3,2,6,14
1,22,195,63.7,21.0,1,1,-8,13
1,26,175,100.9,24.8,2,0,0,8
0,36,179,50.6,11.4,2,1,-3,12
0,32,188,95.5,25.0,3,1,-3,4
0,30,199,83.7,26.2,1,0,0,16
0,50,151,91.8,21.1,4,1,-4,4
1,52,157,96.4,26.2,3,2,8,6
0,34,164,92.5,15.5,2,2,3,9
1,48,183,71.3,18.6,2,1,-7,4
1,32,155,102.1,24.5,3,0,0,8
1,30,158,73.5,24.7,1,0,0,11
1,41,181,98.9,17.2,4,2,2,13
0,29,183,65.1,12.4,3,0,0,13
0,39,189,77.2,15.7,3,2,5,5
1,21,195,88.1,22.2,5,0,0,11
0,29,153,81.2,15.4,5,1,-5,7
1,21,157,85.5,21.2,4,2,5,8
1,27,182,72.4,18.6,2,0,0,15
1,52,193,58.3,0.0,3,2,8,4
1,20,183,69.7,20.2,5,2,7,9
0,18,183,79.2,27.6,3,0,0,7
0,25,192,68.4,20.6,3,0,0,16
1,42,181,97.4,11.9,4,1,-3,11
0,40,153,59.1,23.0,4,0,0,8
1,45,172,96.8,27.5,3,1,-7,12
1,54,193,97.3,15.4,2,0,0,6
1,36,186,62.7,0.0,2,2,2,9
0,49,173,55.8,25.0,3,2,6,10
0,35,167,89.2,0.0,4,0,0,11
0,38,166,92.4,13.5,1,1,-4,6
1,57,175,77.7,11.9,4,0,0,5
0,27,150,82.8,21.0,3,1,-6,4
1,53,199,91.0,14.8,5,0,0,9
0,33,194,56.1,19.1,4,0,0,11
1,39,186,80.8,16.4,4,2,2,6
1,19,150,66.9,29.6,3,2,5,12
1,59,175,95.4,28.5,2,0,0,8
0,32,170,97.2,0.0,3,1,-3,5
0,30,154,76.0,14.5,5,0,0,14
1,46,151,94.3,21.9,3,1,-4,16
0,23,198,83.7,22.9,1,1,-6,10
0,41,192,68.7,10.6,5,0,0,9
1,28,171,105.7,18.6,1,0,0,10
1,50,192,69.9,11.0,1,2,7,16
1,22,178,73.8,22.8,1,0,0,15
0,21,153,60.0,29.0,1,0,0,10
1,48,199,77.7,14.0,2,0,0,9
0,28,158,103.4,11.5,2,0,0,9
1,25,185,96.0,17.9,2,0,0,11
0,26,181,93.3,11.7,1,1,-7,16
1,55,170,64.2,14.5,3,2,5,10
1,46,187,71.6,20.7,5,1,-8,16
1,51,187,73.5,13.0,1,0,0,4
0,40,179,88.8,14.3,1,1,-4,16
0,55,165,73.2,14.6,5,1,-3,13
0,47,187,50.0,14.3,3,0,0,12
1,51,166,76.3,26.8,2,0,0,12
0,29,180,67.8,29.4,1,1,-8,6
1,59,159,105.7,28.0,1,0,0,8
1,47,167,93.4,13.5,5,0,0,14
1,39,174,78.7,21.3,1,1,-8,16
1,21,171,98.8,0.0,2,2,8,7
0,34,162,87.4,29.3,5,2,7,5
1,35,184,61.6,10.6,4,1,-5,4
1,44,163,61.7,0.0,4,2,5,12
1,42,170,94.2,24.1,4,2,7,9
1,34,164,90.5,27.7,2,2,4,14
0,21,177,91.9,17.0,3,1,-7,12
1,60,170,63.3,24.8,1,2,5,11
0,43,174,57.7,25.7,5,0,0,9
1,20,186,99.9,25.9,5,1,-2,5
0,27,194,74.8,21.9,1,2,2,10
0,50,171,63.9,18.4,4,1,-4,6
0,20,196,73.7,23.3,4,0,0,4
0,31,179,68.6,26.9,1,1,-4,14
0,45,197,101.2,27.5,2,2,3,5
0,42,192,73.0,18.5,4,2,7,12
1,22,182,105.8,13.5,4,0,0,9
0,36,171,84.3,28.0,3,0,0,10
0,56,159,52.6,29.9,3,1,-4,5
1,56,160,71.8,22.3,1,2,8,12
1,36,180,64.6,19.8,1,0,0,12
0,51,164,70.8,23.0,5,2,4,8
0,19,174,90.0,0.0,2,1,-3,16
1,42,169,68.7,23.5,1,0,0,13
0,29,163,108.4,0.0,1,2,8,16
1,49,189,70.2,21.8,5,0,0,8
1,46,152,93.0,25.4,1,2,4,7
1,22,180,91.9,20.7,4,0,0,8
0,47,193,59.4,0.0,4,1,-6,16
1,33,181,84.3,25.4,1,2,4,9
1,25,198,53.2,19.9,1,2,7,13
0,21,193,108.2,22.4,4,2,4,6
1,56,175,105.2,23.4,1,2,4,9
0,59,162,99.3,20.0,1,1,-6,5
1,19,195,105.6,21.3,4,0,0,5
0,56,192,101.2,15.9,3,2,4,7
1,37,190,103.2,18.1,5,2,8,9
1,50,200,62.6,20.3,1,2,8,9
1,29,192,50.9,15.9,4,2,3,16
1,29,181,102.6,0.0,3,0,0,16
1,59,170,68.0,12.5,4,1,-6,15
0,54,167,101.7,0.0,3,0,0,11
0,53,175,52.2,18.9,1,1,-7,9
1,33,183,106.5,13.1,2,1,-4,8
0,33,160,100.5,27.3,1,0,0,5
0,31,159,83.6,20.2,1,0,0,7
0,47,194,97.7,0.0,2,1,-8,9
1,21,188,109.9,10.2,1,2,6,11
1,30,165,59.6,18.8,2,1,-3,10
1,55,150,56.4,15.8,2,1,-2,7
0,59,171,83.1,27.3,1,0,0,8
1,39,174,68.3,25.3,2,2,7,13
0,51,169,95.0,13.2,1,0,0,11
1,34,187,52.5,29.1,3,0,0,13
0,59,178,90.1,10.4,2,2,3,15
1,51,157,73.1,17.1,2,0,0,6
0,40,161,54.5,11.4,2,0,0,9
0,52,199,53.5,15.2,2,2,2,6
1,23,165,96.2,18.6,4,1,-6,12
1,38,165,64.2,21.1,5,1,-3,4
1,57,200,54.1,20.1,2,2,4,5
0,54,151,58.4,15.7,5,2,2,15
1,57,156,85.7,18.6,2,1,-3,15
0,53,151,62.4,26.2,1,0,0,15
1,23,185,104.9,18.2,4,0,0,16
0,58,196,73.4,20.4,3,0,0,6
1,43,160,83.9,14.8,5,2,4,13
1,30,165,91.0,10.6,3,0,0,8
1,49,171,93.2,10.2,3,1,-5,8
1,50,183,87.5,13.9,5,2,2,13
0,38,188,84.7,0.0,5,2,8,16
1,35,192,50.5,27.3,5,2,4,10
0,22,183,97.1,0.0,1,1,-8,12
1,43,150,79.6,25.2,5,1,-8,15
1,21,195,103.0,16.7,4,1,-2,8
1,36,189,67.8,27.6,2,2,8,14
1,46,190,72.6,26.8,2,0,0,10
1,30,166,70.4,15.3,3,1,-2,9
0,49,183,67.9,27.1,4,2,6,16
1,20,170,57.1,0.0,2,0,0,15
1,60,200,86.5,28.9,3,2,7,5
1,51,178,53.8,0.0,4,1,-8,14
0,58,160,101.3,20.6,2,2,8,13
0,58,199,94.0,0.0,4,0,0,10
1,59,192,81.4,22.5,2,2,3,15
0,19,167,72.5,14.3,5,1,-7,10
0,34,188,92.9,15.9,2,1,-3,13
1,31,199,57.4,22.9,2,1,-7,10
0,31,169,51.1,19.2,1,0,0,12
0,49,183,87.1,11.6,2,2,8,6
0,40,171,85.1,23.4,3,1,-8,16
0,59,180,81.7,19.0,4,2,6,14
0,60,186,80.3,24.6,4,2,2,16
1,49,182,63.6,18.4,1,2,7,13
1,36,178,70.2,24.3,4,2,6,4
1,49,186,79.9,11.5,2,1,-5,10
1,53,159,88.2,20.4,4,2,5,7
0,53,151,91.1,22.8,3,1,-2,8
1,54,180,103.8,28.8,2,2,7,4
0,56,162,99.5,20.4,1,0,0,6
1,60,191,81.0,16.8,2,1,-2,10
0,37,180,109.1,0.0,5,2,2,4
1,32,159,98.7,0.0,4,1,-5,16
0,47,194,100.0,27.0,1,0,0,8
1,24,171,102.0,29.0,4,1,-2,15
1,39,185,66.0,20.5,2,2,3,13
1,42,166,103.3,17.5,3,1,-5,6
1,34,171,107.1,12.5,3,1,-5,11
1,59,200,91.3,27.7,5,2,5,11
1,23,169,104.7,22.3,1,1,-3,13
0,46,164,107.2,22.1,3,0,0,7
0,59,160,54.8,16.5,4,1,-6,16
1,53,164,105.4,14.5,5,0,0,14
1,40,157,75.7,26.1,2,1,-4,4
1,30,167,86.8,25.2,5,1,-3,4
0,51,190,101.8,23.6,5,1,-6,8
1,60,166,86.4,20.1,2,1,-3,15
0,33,177,83.0,20.9,5,0,0,11
1,39,187,77.4,14.0,2,0,0,10
1,21,166,110.0,0.0,2,1,-6,9
1,41,169,84.7,14.2,1,0,0,5
1,51,187,65.0,0.0,4,2,2,11
1,26,185,92.5,13.7,3,2,8,9
0,20,153,97.6,18.0,5,1,-2,12
0,20,168,78.2,16.2,3,2,7,9
1,43,156,97.4,29.3,3,0,0,14
1,35,161,97.4,19.3,5,1,-8,14
1,59,152,74.2,0.0,3,2,4,12
0,52,154,92.5,0.0,5,0,0,11
1,47,195,51.4,18.1,4,2,3,14
1,20,167,108.9,14.0,1,2,2,16
1,45,177,67.2,0.0,1,0,0,16
1,46,157,102.0,24.3,4,2,3,13
0,37,184,95.5,0.0,2,0,0,6
1,57,193,88.8,17.0,5,0,0,4
0,40,151,100.5,25.1,5,0,0,10
0,48,165,67.8,18.7,1,0,0,15
1,29,160,86.8,28.6,2,2,3,4
0,56,196,73.9,0.0,1,2,7,9
1,44,199,81.6,17.0,4,2,4,7
0,32,174,107.9,16.5,4,1,-7,5
1,25,157,87.6,13.5,2,2,2,11
0,26,173,107.1,12.3,1,0,0,14
0,25,172,73.5,27.6,3,2,7,5
0,44,193,96.1,14.3,2,1,-3,16
0,30,167,58.2,0.0,4,2,4,12
0,42,188,70.8,26.7,5,2,7,4
0,51,191,87.7,29.0,1,1,-3,4
0,41,186,58.2,12.1,2,0,0,7
1,24,187,95.4,0.0,2,0,0,13
0,29,197,57.8,10.3,2,1,-4,16
1,18,160,90.7,22.0,3,1,-7,15
0,32,177,58.8,18.7,4,2,8,7
1,57,172,70.7,18.8,4,0,0,12
0,39,185,67.6,0.0,1,1,-6,10
1,49,171,97.4,18.7,4,0,0,6
1,44,161,77.4,13.9,5,2,2,13
0,52,173,105.0,25.7,1,0,0,9
0,49,177,89.4,17.8,5,2,2,11
0,27,199,100.5,22.5,2,0,0,16
0,59,189,109.4,29.3,3,0,0,8
1,31,183,110.0,27.8,4,2,3,7
0,18,178,103.1,28.9,3,1,-4,10
1,22,175,96.3,0.0,4,1,-5,11
0,27,189,87.8,18.6,4,1,-3,10
1,45,160,87.5,15.2,2,2,4,13
0,23,156,51.9,23.3,2,1,-7,8
0,51,156,90.8,21.6,3,0,0,12
0,52,184,91.5,29.5,1,2,7,16
0,44,172,60.2,0.0,4,1,-3,9
1,42,191,62.2,20.5,4,2,7,15
1,21,170,83.8,28.4,3,0,0,8
1,26,171,81.7,18.6,5,1,-8,5
1,31,181,62.7,25.5,2,1,-6,13
0,46,162,74.8,26.3,3,2,4,7
0,25,195,56.2,25.8,1,1,-5,6
0,21,166,76.8,12.2,3,0,0,7
0,18,155,81.7,26.4,5,1,-2,4
0,26,183,59.8,10.7,2,2,8,16
1,37,156,67.4,0.0,1,1,-3,4
0,37,195,54.8,18.1,4,2,2,13
1,46,180,87.1,19.5,4,2,7,6
0,25,187,66.9,17.0,3,1,-3,6
0,52,196,105.9,20.3,5,1,-5,11
0,34,154,64.0,0.0,3,2,3,6
1,30,191,94.3,0.0,2,0,0,4
0,32,156,101.1,10.6,1,1,-5,8
0,23,170,97.6,17.7,5,1,-7,13
1,26,181,78.6,29.0,2,2,7,5
0,27,151,81.2,19.2,5,1,-7,9
1,40,155,67.5,13.7,5,1,-3,9
0,53,198,89.6,14.7,4,2,4,4
1,54,188,86.8,10.4,5,0,0,12
0,20,154,105.2,14.9,1,1,-7,10
0,22,167,78.0,23.9,1,0,0,7
0,27,166,87.5,17.1,5,1,-7,16
0,27,153,58.1,16.5,2,0,0,14
0,39,177,89.2,29.4,3,2,8,10
0,37,193,73.3,0.0,3,0,0,8
1,53,166,62.2,20.3,5,0,0,12
0,57,157,53.7,12.1,2,2,8,14
0,41,151,99.9,19.1,4,0,0,15
0,38,198,78.6,13.4,4,0,0,7
1,30,176,50.9,13.1,5,2,2,13
0,18,188,89.7,10.3,3,0,0,13
1,28,165,102.0,12.4,2,0,0,8
1,28,156,91.2,24.0,4,1,-5,7
1,35,179,103.4,16.9,5,2,2,13
0,38,175,94.7,17.5,2,0,0,10
1,22,190,99.0,24.4,1,0,0,8
1,53,157,76.7,0.0,1,1,-5,14
1,39,167,55.5,18.6,3,0,0,8
1,53,185,56.3,0.0,5,0,0,11
0,42,158,67.5,15.7,5,2,5,15
0,54,193,104.2,21.8,3,2,8,4
1,20,161,64.6,0.0,2,1,-5,5
1,30,191,81.4,12.0,5,0,0,11
0,29,163,68.2,0.0,2,1,-5,10
1,57,156,93.9,23.0,5,1,-3,11
0,29,179,54.0,15.2,5,0,0,14
1,22,152,108.6,0.0,5,2,4,7
1,48,167,94.6,12.2,1,0,0,15
1,20,157,105.5,22.3,2,1,-7,14
1,37,195,61.0,14.2,1,0,0,7
1,55,193,62.4,27.7,1,0,0,15
1,53,199,58.8,15.0,3,1,-3,10
0,24,171,88.5,15.4,4,2,4,13
0,25,186,80.5,19.4,4,2,2,14
1,43,150,107.1,10.6,4,2,4,10
0,48,191,84.0,24.9,4,2,8,11
1,41,164,53.2,15.6,3,2,2,12
1,27,182,87.5,14.3,5,0,0,8
1,41,189,106.7,21.1,5,1,-2,4
0,41,160,87.2,22.7,3,0,0,11
0,33,156,55.4,12.0,1,1,-4,15
0,38,160,65.3,18.0,4,2,5,9
1,59,166,93.8,28.2,3,1,-3,4
1,31,150,62.1,20.1,1,1,-5,16
0,45,183,79.8,12.0,1,0,0,11
1,25,156,56.1,21.5,5,2,3,13
0,55,167,105.8,12.3,2,2,2,7
1,47,190,100.2,10.7,1,1,-2,4
0,23,192,98.6,11.0,2,1,-7,4
1,60,200,92.6,11.2,3,1,-6,12
1,34,172,61.9,15.5,5,1,-3,6
1,47,157,99.6,0.0,1,2,8,5
0,44,167,64.2,22.4,1,1,-3,16
0,41,174,108.4,10.1,3,0,0,16
1,22,190,89.1,25.6,3,2,8,13
0,42,180,106.3,10.7,4,1,-5,7
0,47,169,79.1,23.1,2,0,0,10
1,27,158,87.5,22.7,5,1,-7,12
0,32,168,107.8,14.8,1,0,0,12
0,56,175,58.3,21.4,5,2,3,13
1,20,166,75.9,0.0,3,0,0,15
1,23,183,98.6,18.9,4,1,-8,6
1,33,187,85.7,0.0,3,2,5,9
1,33,164,99.8,22.4,3,0,0,5
1,47,185,84.3,22.9,2,2,8,12
1,22,171,102.4,0.0,3,2,4,16
1,25,195,70.1,19.3,5,2,3,10
0,18,184,95.2,0.0,4,0,0,14
1,43,184,106.4,15.0,1,1,-4,16
1,47,199,81.0,23.6,5,0,0,5
0,23,159,104.6,0.0,3,1,-2,4
1,45,196,66.1,26.5,2,1,-6,15
0,27,170,99.8,21.6,4,0,0,6
0,57,180,100.2,13.1,2,1,-5,16
1,49,183,86.2,28.1,3,0,0,5
1,45,157,99.8,15.2,5,1,-2,15
1,46,173,100.6,19.5,5,0,0,7
0,40,159,58.0,12.1,3,2,4,6
1,57,183,77.6,23.5,2,2,6,14
1,54,178,52.3,0.0,4,1,-8,13
1,18,192,94.1,11.6,1,1,-4,6
1,50,199,107.9,25.5,2,0,0,13
1,41,170,107.6,27.1,5,0,0,16
1,27,154,52.4,13.0,3,1,-3,16
0,33,153,73.6,28.6,3,2,6,13
0,47,161,62.9,15.6,5,1,-3,12
1,34,181,85.2,15.7,1,2,4,9
1,54,152,87.9,22.4,2,2,2,5
1,41,168,61.3,19.3,1,2,7,15
1,21,158,54.2,10.1,2,1,-6,7
0,39,176,80.9,19.6,5,1,-5,12
0,59,157,97.5,14.5,3,2,8,12
1,48,178,52.4,26.2,4,1,-2,8
0,56,164,80.6,19.9,1,2,7,13
0,55,155,109.0,26.1,2,1,-5,16
0,31,171,58.9,14.7,4,1,-2,8
1,31,166,80.6,22.4,4,0,0,7
0,38,200,89.0,18.0,4,0,0,14
1,37,187,53.0,13.2,3,1,-8,7
0,36,173,82.7,21.5,5,1,-3,7
0,44,161,65.3,20.2,4,2,4,14
0,43,190,97.8,0.0,2,1,-7,6
1,54,190,63.4,18.4,5,2,2,13
1,30,183,99.7,16.0,3,0,0,12
1,57,199,104.3,27.2,1,0,0,15
0,38,171,75.7,0.0,4,0,0,13
0,59,193,97.9,26.6,3,0,0,6
0,19,184,92.1,14.4,1,2,8,4
0,50,155,74.2,25.3,5,1,-8,11
1,45,183,63.8,14.9,3,0,0,4
0,39,177,105.5,16.9,3,2,6,13
1,56,177,97.1,16.8,4,2,3,12
1,49,186,77.2,27.6,5,2,5,9
1,29,195,101.1,17.4,5,0,0,5
0,41,177,56.1,21.5,1,1,-8,13
0,44,187,92.9,17.7,1,2,3,10
1,23,160,97.5,12.6,3,2,4,5
0,48,180,72.5,22.8,4,2,6,4
0,43,154,67.8,14.1,3,1,-2,7
0,56,152,59.9,18.7,5,1,-8,10
1,60,169,60.4,14.5,1,1,-5,12
0,39,192,101.5,13.9,2,2,2,13
0,46,165,103.7,19.2,4,1,-7,4
0,35,183,91.9,14.2,1,1,-7,14
1,41,197,56.3,12.2,3,1,-7,4
1,53,167,95.6,0.0,5,1,-5,8
1,39,168,50.8,16.7,3,2,3,14
0,40,160,64.8,29.9,4,0,0,12
1,48,152,53.4,16.5,3,2,7,16
1,55,186,65.5,14.3,1,2,2,14
0,32,189,105.3,18.0,1,2,6,10
1,52,154,74.1,0.0,5,0,0,8
1,24,159,82.4,13.7,3,2,2,15
1,59,153,80.1,12.3,4,0,0,7
1,44,164,98.8,23.4,3,1,-2,9
0,32,186,91.1,23.3,1,0,0,13
1,45,173,101.9,23.5,4,2,6,6
1,49,164,67.9,15.5,4,0,0,4
0,51,178,106.3,24.4,1,1,-5,8
0,40,200,64.8,20.5,3,2,2,11
1,23,165,97.4,25.0,3,1,-7,4
1,27,170,59.3,12.8,5,0,0,6
0,46,166,106.3,10.9,5,1,-4,13
1,23,199,98.6,11.7,2,0,0,9
0,36,160,62.7,24.7,3,1,-5,11
1,18,196,72.2,15.7,1,1,-5,14
0,60,168,82.8,24.5,2,2,6,10
0,20,187,58.5,10.8,5,2,3,9
1,41,167,71.8,21.1,3,0,0,14
0,52,187,106.9,11.3,4,2,3,10
1,54,173,92.7,13.1,2,0,0,13
1,37,192,106.5,0.0,4,2,3,13
1,57,174,99.9,18.7,5,1,-8,6
1,33,158,107.0,15.0,1,2,7,11
1,47,198,67.6,16.5,5,2,3,6
1,51,188,51.6,17.5,4,2,5,9
0,34,156,102.6,16.2,2,0,0,12
1,28,156,79.5,19.1,1,2,7,8
1,25,186,53.0,11.9,1,0,0,6
1,29,160,68.1,16.6,3,0,0,16
0,35,191,53.2,21.6,2,1,-3,9
0,18,191,89.0,14.5,1,0,0,6
1,57,189,78.8,24.6,3,2,5,6
1,36,160,74.9,21.9,2,0,0,16
0,45,176,74.9,27.6,1,2,6,16
0,36,156,96.9,22.2,3,2,4,13
0,24,158,71.1,11.2,1,0,0,4
0,49,170,81.0,10.6,5,2,5,8
1,50,176,92.2,18.8,3,1,-7,12
0,25,171,93.3,27.0,2,0,0,11
1,33,184,71.4,0.0,4,0,0,13
1,52,169,73.4,0.0,2,2,2,9
0,37,192,52.4,16.6,3,0,0,13
1,28,183,103.3,0.0,2,2,2,15
0,36,166,106.3,20.4,2,0,0,9
1,38,172,107.1,0.0,4,0,0,12
0,35,168,53.0,0.0,5,1,-4,9
0,60,158,88.9,16.2,5,1,-3,7
0,42,187,64.9,0.0,1,1,-4,13
0,41,200,63.8,14.0,5,2,5,15
1,42,175,78.7,16.5,3,1,-7,11
1,32,165,107.4,20.0,5,0,0,5
1,37,189,74.2,19.1,2,1,-4,14
1,20,192,97.2,20.4,4,2,3,12
1,35,165,107.2,14.9,4,0,0,13
0,40,150,92.5,25.6,3,0,0,8
1,45,155,59.0,27.9,1,2,4,7
1,59,151,72.2,0.0,5,2,4,11
0,59,187,73.3,0.0,5,2,5,13
1,21,173,94.3,0.0,3,0,0,11
0,26,167,66.8,13.2,2,1,-6,13
1,39,155,50.3,13.2,1,1,-5,10
1,26,198,71.6,12.1,3,2,7,13
1,53,196,104.2,17.5,3,2,5,15
1,59,194,53.5,0.0,1,2,5,4
1,23,159,90.9,12.8,2,2,6,12
0,18,170,74.7,28.7,3,2,7,10
1,24,185,65.6,0.0,4,0,0,15
1,18,151,68.9,26.8,5,0,0,7
0,36,170,107.4,27.2,1,1,-5,14
1,25,192,63.0,11.3,4,2,3,6
0,22,178,78.4,17.1,5,0,0,9
0,30,161,78.9,16.3,1,0,0,7
1,57,186,86.3,16.1,3,1,-7,5
1,49,194,109.5,13.4,1,2,4,16
0,34,160,66.1,18.4,3,2,8,11
1,57,157,98.5,13.7,2,2,6,9
1,28,181,70.4,14.4,5,0,0,6
0,39,184,86.8,20.7,3,0,0,6
0,33,151,86.6,21.8,1,0,0,8
1,37,182,109.4,14.2,3,0,0,6
0,21,152,75.1,13.4,4,2,8,5
0,58,160,95.8,28.4,1,1,-3,5
1,46,190,77.2,29.8,3,1,-4,5
1,21,192,94.5,29.1,4,0,0,16
0,28,187,100.3,15.9,3,2,7,10
0,20,165,78.1,24.7,1,0,0,6
0,18,188,79.7,27.2,5,2,4,13
0,32,175,107.7,0.0,5,0,0,12
1,32,180,75.3,0.0,4,1,-4,14
1,50,162,61.7,14.1,3,1,-4,13
0,31,159,101.5,13.5,1,2,3,14
1,23,175,105.4,11.0,2,1,-2,15
0,30,157,54.1,13.3,3,0,0,13
1,53,155,100.2,11.8,2,1,-8,15
1,25,151,96.1,21.4,2,0,0,12
1,59,163,88.8,12.5,2,1,-7,15
1,28,161,109.8,29.7,5,1,-8,15
0,43,163,54.3,18.0,3,0,0,9
0,26,159,75.8,12.4,5,1,-5,11
0,27,154,76.6,23.7,2,0,0,8
0,29,182,62.9,19.9,4,2,6,13
1,36,190,88.3,15.6,2,1,-7,9
1,25,197,50.2,19.6,5,2,8,15
1,44,162,103.4,29.8,5,2,5,14
0,43,175,55.8,26.6,1,0,0,14
1,25,190,71.6,19.8,4,0,0,7
0,20,172,107.4,13.7,2,1,-2,13
1,52,184,76.5,22.7,4,2,6,9
1,18,183,67.6,25.8,4,1,-8,16
1,48,199,73.5,12.8,3,1,-8,14
1,44,162,86.0,10.3,5,0,0,13
1,57,156,91.9,22.9,4,1,-5,10
0,25,150,88.4,13.2,3,1,-8,6
0,21,193,97.4,20.3,1,2,8,15
0,20,181,87.1,22.7,3,1,-5,4
1,56,163,83.8,28.6,1,2,8,14
0,46,178,52.5,10.5,2,0,0,10
0,25,183,54.8,14.1,5,1,-6,12
1,56,189,76.1,23.3,2,0,0,10
0,19,170,89.4,14.7,4,1,-4,11
0,43,195,69.6,29.8,1,1,-2,12
0,54,165,94.2,0.0,4,1,-6,6
1,56,181,58.9,27.0,4,1,-2,7
0,39,171,104.3,22.2,5,2,7,7
0,28,200,102.4,0.0,1,1,-8,4
0,57,171,81.7,14.4,5,1,-7,13
0,30,158,94.0,0.0,4,0,0,6
0,45,195,53.9,23.4,3,1,-5,5
1,58,181,99.5,18.6,5,1,-6,8
0,30,192,107.6,11.8,4,0,0,13
1,58,158,77.6,23.3,5,1,-6,7
1,40,178,87.0,19.9,3,2,5,9
1,53,188,101.6,0.0,1,2,2,9
0,43,183,88.5,0.0,1,2,6,8
1,36,168,78.1,0.0,3,0,0,4
1,27,173,105.6,29.3,5,2,6,16
1,22,195,67.0,17.9,1,0,0,9
0,45,185,52.9,17.4,5,0,0,8
0,44,185,98.6,11.5,2,0,0,8
0,43,190,78.5,13.5,2,0,0,7
0,29,150,104.9,16.5,1,1,-4,13
1,46,166,52.6,29.0,2,0,0,16
1,33,191,80.2,20.3,3,1,-4,4
0,39,188,97.2,26.0,3,0,0,6
1,18,197,109.3,0.0,2,0,0,15
1,45,185,100.8,24.3,4,2,8,7
0,22,169,74.0,16.2,2,0,0,11
1,58,180,91.6,0.0,2,0,0,11
1,18,160,106.1,26.3,4,2,7,4
1,26,157,62.5,11.8,3,2,3,6
1,30,152,51.3,0.0,4,0,0,13
0,59,192,94.8,0.0,3,1,-7,9
0,38,174,74.6,21.4,2,1,-3,14
1,31,169,74.1,10.4,1,1,-8,5
1,52,196,71.2,24.8,4,0,0,11
0,40,177,59.4,18.2,4,1,-4,6
0,31,182,55.4,15.6,4,2,6,13
0,18,171,82.9,12.2,2,0,0,13
0,51,170,74.7,26.5,5,0,0,8
1,50,188,61.6,20.4,2,1,-7,13
1,55,191,101.2,18.6,5,0,0,10
0,35,151,63.4,22.3,1,2,2,5
1,39,162,98.3,10.1,4,2,5,12
0,26,168,91.3,0.0,3,1,-3,4
0,60,195,58.1,16.2,2,1,-8,11
0,33,166,86.0,16.0,4,1,-2,6
1,24,161,94.0,10.3,2,2,3,10
1,28,195,75.6,20.7,5,2,8,9
0,48,161,74.1,10.4,5,1,-7,5
0,45,183,87.2,17.6,1,2,2,12
0,29,199,90.4,10.6,2,0,0,8
0,36,151,76.6,17.3,1,1,-6,11
1,28,154,87.5,25.3,1,0,0,7
1,45,199,79.2,10.3,4,0,0,5
0,25,160,73.5,27.9,2,0,0,4
1,44,175,90.7,29.6,1,1,-2,11
0,51,188,60.8,21.6,4,1,-4,9
1,53,190,54.1,22.1,5,1,-8,12
0,57,192,87.6,0.0,5,0,0,15
1,18,187,106.5,19.4,1,2,5,16
0,31,188,108.8,18.1,5,0,0,12
0,45,191,71.8,16.6,3,1,-5,5
1,24,159,101.9,24.5,3,2,8,11
1,31,185,56.9,11.2,1,1,-3,8
0,42,188,68.4,22.9,2,0,0,12
0,33,163,82.0,23.7,5,2,7,16
0,59,181,107.0,11.9,2,0,0,8
0,55,200,83.9,0.0,2,0,0,15
1,55,192,76.7,0.0,5,1,-2,7
0,38,175,71.1,0.0,2,2,7,10
1,38,177,81.9,14.7,1,0,0,6
1,32,181,91.1,17.3,1,2,7,14
0,39,175,70.2,11.0,3,1,-3,16
0,45,192,60.4,19.8,2,0,0,10
1,33,150,53.0,24.7,4,1,-3,5
0,56,186,70.8,29.9,5,1,-4,8
0,33,156,61.5,0.0,4,1,-6,4
1,31,163,81.1,0.0,3,2,5,10
0,58,159,73.1,20.2,1,1,-3,9
1,27,161,81.4,0.0,1,1,-2,9
0,42,177,100.7,24.8,5,2,4,15
0,42,176,105.8,18.9,3,2,7,13
0,43,186,50.4,22.6,3,0,0,14
1,55,169,98.9,21.2,3,1,-8,4
0,52,191,70.2,21.4,5,2,8,8
1,18,173,65.0,0.0,2,0,0,11
0,54,178,101.2,23.4,3,0,0,7
0,49,195,98.4,15.2,3,1,-3,9
1,35,173,51.0,27.2,3,1,-5,12
0,35,160,68.0,12.3,3,2,4,7
1,31,200,63.3,17.6,5,0,0,11
1,37,189,90.6,26.3,1,2,5,12
1,60,181,104.8,21.5,3,1,-6,10
1,31,184,95.8,11.8,4,0,0,15
0,50,168,52.1,21.9,1,1,-8,8
1,59,159,80.7,16.0,2,2,2,8
1,31,151,54.2,12.6,2,0,0,9
0,36,172,80.2,0.0,5,2,6,15
1,55,159,107.7,26.5,1,0,0,15
1,55,166,60.2,21.2,5,0,0,12
0,57,173,55.7,23.7,4,0,0,10
0,27,152,83.3,0.0,3,0,0,7
0,18,190,82.4,25.8,1,1,-6,11
0,56,191,68.4,20.0,2,2,2,12
0,58,195,70.8,29.3,4,0,0,11
1,41,153,108.7,12.1,3,2,5,10
1,23,190,77.9,27.6,2,2,5,14
0,56,180,72.8,11.2,4,0,0,15
1,42,156,82.6,19.7,2,0,0,14
1,41,200,52.7,14.9,1,1,-4,10
0,56,150,97.9,24.9,4,1,-2,10
0,21,181,73.8,0.0,5,2,8,7
0,38,182,55.3,22.0,5,2,8,8
0,48,185,53.1,21.0,3,1,-8,10
0,47,173,96.7,28.3,4,1,-2,9
1,51,183,85.8,25.3,2,0,0,10
1,32,150,60.0,23.5,1,2,8,8
0,21,151,64.1,10.7,1,1,-6,4
0,56,153,73.1,12.9,1,1,-5,15
0,19,153,80.7,0.0,4,0,0,11
0,43,154,96.3,16.3,3,2,3,10
1,40,171,52.1,16.5,1,2,7,5
1,44,175,58.5,21.1,4,2,4,9
1,35,157,105.5,29.5,2,2,7,16
1,54,165,72.0,24.1,1,0,0,4
1,45,159,94.0,16.3,2,1,-8,4
1,26,195,107.5,20.8,3,0,0,6
0,24,153,63.0,18.1,2,1,-4,6
1,51,182,74.7,0.0,2,0,0,7
0,60,173,89.2,20.6,1,0,0,9
0,33,161,58.6,0.0,5,2,5,13
0,57,192,64.4,15.2,3,1,-8,11
1,42,188,108.4,0.0,4,1,-8,12
1,20,194,104.1,0.0,5,1,-5,5
1,33,191,68.5,16.6,1,2,2,10
0,23,170,64.6,0.0,3,2,6,13
1,60,163,66.0,0.0,2,2,8,16
0,51,169,103.4,15.9,2,2,6,6
1,35,156,60.4,0.0,2,2,8,4
1,36,176,98.8,27.7,3,0,0,4
1,19,186,108.1,20.3,5,0,0,14
0,44,152,104.7,12.3,3,2,5,15
1,35,184,60.1,12.7,3,1,-4,5
0,45,169,67.8,13.5,3,2,5,5
1,51,151,79.4,28.1,1,2,3,14
1,43,160,108.8,25.0,1,1,-8,15
0,26,188,87.9,20.6,5,2,3,4
1,50,153,65.3,0.0,1,0,0,10
1,27,173,87.3,29.6,5,0,0,4
0,35,196,90.2,26.7,2,1,-7,16
0,50,166,109.4,0.0,2,2,7,15
1,19,165,102.1,12.5,5,0,0,15
0,26,152,54.0,23.4,2,0,0,8
0,45,172,94.5,12.3,3,1,-7,14
1,27,179,77.6,21.7,2,2,2,14
1,40,172,64.4,13.8,2,2,6,13
1,23,169,101.8,10.9,5,0,0,9
0,41,176,65.8,27.9,1,1,-5,12
1,30,168,63.6,15.2,1,2,7,10
1,27,166,89.3,29.8,3,1,-7,7
0,52,180,58.9,12.3,4,0,0,5
0,39,162,70.0,17.2,3,2,5,9
0,38,160,85.6,11.9,4,1,-6,7
0,19,182,92.0,18.9,4,1,-7,6
0,38,166,84.9,20.9,1,2,3,15
1,20,182,70.3,12.9,2,1,-6,9
0,42,162,57.7,11.3,3,1,-2,16
0,22,185,100.7,15.5,4,1,-2,4
0,30,187,93.9,14.5,3,0,0,4
1,33,194,102.7,26.6,3,0,0,7
1,18,162,88.1,19.6,5,0,0,6
1,25,165,61.5,26.3,4,1,-5,5
0,41,169,70.4,10.2,3,2,2,8
1,24,152,59.4,18.5,2,2,3,5
1,53,166,106.7,0.0,2,1,-4,12
0,20,168,105.6,0.0,1,1,-8,16
1,53,155,79.6,13.8,3,2,8,9
0,19,151,91.9,0.0,2,1,-3,12
0,46,170,51.7,24.1,1,1,-8,11
1,52,185,61.5,22.6,2,2,6,6
1,32,166,65.3,28.0,1,1,-6,14
1,21,184,66.7,0.0,2,1,-6,5
1,41,179,70.5,10.7,3,2,6,11
0,18,169,108.3,28.9,3,2,8,6
1,43,167,57.7,13.7,3,2,4,10
0,57,184,95.6,18.0,1,2,3,6
0,30,194,93.8,22.0,1,1,-7,11
1,58,192,86.5,0.0,5,2,8,7
0,40,172,109.8,0.0,4,2,6,12
0,26,199,77.4,26.4,1,2,7,16
1,59,179,87.5,22.4,3,0,0,15
0,52,194,90.6,23.3,3,2,6,15
1,55,165,103.8,0.0,5,1,-5,10
0,57,170,89.1,18.8,3,1,-7,4
0,18,174,56.2,25.8,4,1,-6,9
0,59,194,85.9,18.4,2,1,-2,12
1,19,164,53.6,13.9,1,0,0,8
1,37,174,50.9,26.7,4,1,-3,6
0,37,165,77.5,27.2,5,1,-4,11
0,43,168,90.0,19.9,2,0,0,11
0,38,177,107.2,28.8,2,1,-8,12
0,47,173,97.3,29.5,2,2,5,15
1,37,153,79.1,22.8,3,1,-6,8
0,48,189,87.9,29.4,4,1,-8,11
0,24,183,65.7,23.6,4,1,-6,12
0,43,183,87.4,14.2,2,0,0,11
1,37,197,96.6,0.0,1,1,-8,12
1,36,172,106.2,12.1,1,0,0,14
0,34,183,84.1,20.4,4,2,3,11
1,44,189,108.3,12.9,4,2,6,10
0,54,166,68.4,29.6,3,1,-6,10
0,23,197,97.9,16.6,4,1,-4,15
1,40,191,92.0,0.0,2,0,0,7
0,57,189,55.1,11.7,2,2,5,9
0,45,172,103.9,18.5,1,1,-5,13
1,59,188,93.1,12.7,5,0,0,7
1,22,154,110.0,22.6,1,1,-5,4
0,54,188,81.2,26.7,3,0,0,16
0,53,170,109.3,20.6,5,1,-5,9
1,18,193,101.2,21.5,1,1,-3,15
1,34,164,107.4,11.0,3,2,4,5
1,21,197,70.0,17.8,5,0,0,6
0,20,164,76.5,29.8,2,1,-5,5
0,46,181,96.7,0.0,2,0,0,6
0,53,191,92.1,26.8,3,0,0,8
0,53,173,89.0,11.0,4,0,0,8
1,42,190,66.1,27.3,5,1,-6,12
0,23,182,75.8,0.0,5,1,-8,14
0,38,187,97.8,29.2,5,0,0,8
1,39,172,58.7,18.5,5,1,-7,8
1,33,171,91.0,10.5,1,0,0,6
1,55,188,72.9,27.5,2,2,6,7
0,51,170,59.9,10.2,2,1,-7,11
0,60,185,65.9,15.2,1,2,3,5
1,25,157,65.7,18.4,4,1,-3,10
1,55,180,86.0,23.6,2,1,-8,16
1,54,158,66.2,0.0,2,1,-2,9
0,55,172,97.4,28.4,4,0,0,12
0,40,150,109.7,25.7,5,0,0,8
0,40,199,50.6,16.9,4,1,-8,12
1,38,176,57.7,27.5,4,1,-8,16
0,37,183,52.9,13.1,4,0,0,8
1,31,171,100.1,21.8,3,1,-4,12
0,29,159,91.9,23.1,1,2,8,13
1,26,172,50.4,29.2,2,0,0,12
1,37,187,66.9,0.0,5,2,2,8
0,43,178,52.6,20.4,4,1,-7,16
1,46,157,101.6,18.0,4,2,5,15
0,36,181,97.8,17.1,1,0,0,5
0,34,176,99.6,29.2,5,1,-4,15
1,23,154,96.1,25.4,2,0,0,7
1,20,158,100.5,13.8,2,1,-2,9
1,57,155,87.6,26.9,2,2,5,15
1,48,192,63.1,21.2,5,0,0,9
0,26,194,57.2,22.0,1,2,4,8
1,52,190,78.0,29.0,1,1,-4,16
1,54,164,75.8,25.3,4,0,0,8
0,44,187,64.0,13.1,5,2,3,9
0,34,183,79.4,14.1,1,2,8,12
1,54,171,93.5,15.7,4,0,0,5
1,58,189,85.3,21.6,1,0,0,15
1,57,161,66.1,22.1,2,2,3,9
0,37,160,97.4,11.1,4,2,8,11
1,53,189,86.9,18.6,2,0,0,4
0,29,180,90.1,25.3,5,0,0,8
0,26,198,59.4,0.0,2,0,0,15
0,50,185,99.9,0.0,4,0,0,10
0,29,178,89.8,0.0,5,0,0,12
0,56,185,50.6,14.9,2,0,0,10
0,56,155,79.1,12.8,5,1,-6,11
1,43,155,60.9,0.0,5,1,-3,10
1,54,168,78.9,10.2,3,2,3,14
1,43,195,63.2,0.0,1,2,4,14
0,42,151,79.2,22.0,5,1,-4,16
1,25,162,97.7,21.3,2,1,-6,13
1,59,196,80.9,0.0,2,2,3,10
0,59,173,103.5,27.1,1,0,0,7
0,51,169,86.8,29.8,1,1,-4,6
1,43,183,58.4,10.2,3,2,5,6
0,30,150,96.9,19.2,5,0,0,12
1,24,190,101.0,29.2,2,1,-7,12
0,39,161,61.1,14.8,2,1,-8,5
0,59,199,96.0,14.2,1,2,8,13
0,18,191,80.3,21.2,4,1,-7,7
1,24,186,57.8,0.0,1,2,4,8
0,43,162,101.7,12.4,5,0,0,12
1,33,163,63.4,14.5,1,2,6,10
1,30,179,74.0,11.9,2,2,6,9
0,31,187,58.2,17.8,4,0,0,15
1,29,168,87.3,30.0,3,2,6,11
0,40,199,94.8,11.0,1,0,0,6
0,60,189,87.3,11.1,1,0,0,5
0,26,188,93.9,18.6,3,0,0,9
1,34,157,97.4,0.0,1,0,0,7
1,47,164,65.2,22.8,3,0,0,8
0,23,195,100.4,18.7,1,0,0,5
1,29,177,77.3,18.3,4,0,0,4
1,56,182,105.5,0.0,5,1,-5,15
1,29,152,53.8,24.2,3,2,5,5
1,23,165,103.8,26.8,1,1,-5,13
0,49,186,77.8,20.4,3,2,7,6
1,48,197,57.2,29.5,3,2,4,10
0,29,154,77.8,19.1,5,1,-3,5
1,26,176,52.6,12.8,1,1,-2,7
1,54,160,100.8,28.3,3,2,2,10
0,48,195,54.1,23.7,3,2,3,13
1,33,187,98.9,19.4,2,1,-3,4
0,18,179,85.0,0.0,1,2,7,8
1,58,178,76.8,13.7,1,1,-7,4
0,49,152,67.6,12.8,2,0,0,13
0,47,177,69.1,22.3,2,0,0,7
0,29,184,66.0,0.0,5,1,-3,6
1,52,178,55.2,0.0,5,1,-7,13
0,37,167,59.0,0.0,1,1,-8,8
1,51,182,74.9,20.2,1,2,4,4
1,37,176,77.4,15.9,4,1,-4,10
0,57,172,83.8,16.1,2,1,-3,8
1,48,174,55.8,21.7,1,1,-3,13
1,54,176,77.5,16.2,3,2,4,10
0,47,155,91.5,28.0,2,0,0,16
1,51,150,96.7,29.2,2,2,8,15
0,32,173,94.5,24.3,2,0,0,9
0,59,187,77.6,25.6,2,1,-2,12
1,32,188,58.4,25.9,3,2,4,10
0,34,172,77.0,0.0,5,1,-7,5
1,39,174,95.0,22.8,2,1,-4,13
1,51,190,109.8,18.8,4,1,-5,11
0,44,159,102.1,0.0,4,1,-2,15
1,60,160,96.8,21.4,1,2,7,16
1,46,174,93.4,0.0,2,2,5,16
0,55,180,85.3,29.8,5,2,5,9
1,51,159,63.5,16.9,3,0,0,14
1,37,155,98.2,10.9,2,1,-7,10
0,45,166,99.5,27.1,4,0,0,15
0,58,170,77.8,21.9,4,2,5,4
1,57,169,97.9,19.7,2,2,2,7
0,24,178,80.6,13.8,2,2,2,13
0,21,157,84.0,14.1,3,1,-6,10
0,36,185,91.3,27.9,1,0,0,11
1,35,199,77.1,25.5,1,2,7,8
1,38,191,70.7,19.2,2,2,3,16
1,46,187,53.3,25.7,4,2,3,15
0,43,194,73.4,21.0,5,2,6,5
0,24,168,103.8,27.3,1,0,0,14
1,30,178,91.1,12.1,5,2,5,11
0,53,151,82.3,0.0,4,0,0,8
1,57,181,64.0,15.1,2,2,3,15
1,30,159,95.4,0.0,4,0,0,12
0,18,189,75.1,18.5,1,1,-5,4
0,49,198,69.1,0.0,3,1,-5,7
1,18,181,93.5,0.0,1,1,-7,6
1,60,155,107.8,21.8,2,1,-2,12
1,30,178,53.1,11.6,1,1,-3,9
1,20,160,64.0,19.5,1,2,8,13
1,30,175,57.2,0.0,1,1,-3,8
0,42,193,70.9,10.7,4,0,0,11
0,57,175,58.8,29.5,5,2,6,9
1,31,156,58.0,10.3,5,2,2,9
1,51,175,99.1,12.5,2,2,4,12
1,30,184,91.1,27.7,3,2,6,6
1,29,192,66.2,11.9,1,0,0,5
1,43,159,59.9,15.8,2,1,-4,5
0,49,155,82.2,16.5,2,0,0,8
1,56,155,77.6,12.2,3,0,0,8
1,35,156,80.3,24.6,4,0,0,6
1,26,159,54.0,22.8,4,1,-3,5
1,28,164,101.1,10.8,2,0,0,15
1,33,186,63.2,0.0,2,0,0,15
0,28,192,73.3,20.2,5,2,6,14
1,26,166,81.3,26.8,5,2,3,8
0,27,172,55.8,19.7,1,0,0,5
0,45,162,73.2,13.9,5,2,2,7
1,37,179,78.1,22.8,1,2,3,12
0,36,181,79.9,13.3,2,0,0,7
1,41,168,104.7,11.8,2,1,-4,16
0,59,152,72.0,10.2,5,0,0,6
0,37,194,74.2,26.0,4,2,2,7
1,30,191,60.9,28.4,1,0,0,14
0,50,186,50.4,28.8,1,1,-5,14
1,38,157,68.5,20.8,1,1,-3,6
1,41,193,107.5,0.0,5,0,0,10
1,36,154,77.3,24.2,5,0,0,7
1,26,185,51.3,26.9,1,0,0,12
0,38,167,57.4,0.0,3,1,-2,15
1,34,189,105.2,11.4,3,1,-2,14
1,35,170,109.8,16.9,5,1,-6,12
1,30,182,104.4,26.9,3,1,-8,15
0,35,156,70.8,22.5,4,2,2,5
0,19,193,96.3,16.3,4,1,-8,14
1,42,157,52.2,29.6,1,1,-4,12
0,43,158,61.4,22.4,3,2,2,4
1,48,186,52.1,16.5,4,2,3,7
0,35,185,84.7,15.6,4,2,5,7
1,29,176,75.8,0.0,5,1,-7,8
1,45,173,52.8,0.0,3,2,2,10
1,56,191,99.9,27.3,4,0,0,8
0,55,166,56.8,0.0,3,2,7,16
0,42,197,88.3,17.0,5,1,-5,13
1,24,181,104.8,17.4,5,1,-4,7
1,49,196,62.0,22.0,5,0,0,5
1,46,169,69.9,12.1,5,1,-7,13
1,42,157,66.9,0.0,4,1,-5,9
0,37,190,99.6,28.0,2,0,0,8
0,42,180,70.8,10.0,4,2,6,12
0,39,179,100.6,0.0,1,2,6,12
1,46,182,63.2,16.5,3,2,5,6
0,39,172,91.3,22.9,5,2,6,12
1,24,182,94.4,22.4,5,2,2,8
0,33,187,90.7,26.8,1,0,0,4
0,37,189,109.2,11.5,3,1,-7,13
1,50,184,91.6,17.9,3,1,-3,8
0,57,169,84.3,0.0,1,1,-8,6
0,30,177,83.4,16.2,1,1,-2,12
1,35,180,90.7,23.6,3,1,-7,9
1,18,199,53.6,28.7,4,2,5,16
0,53,178,103.7,14.4,2,1,-5,5
0,41,161,70.4,15.7,4,1,-5,11
1,58,153,100.5,18.9,5,2,8,10
1,30,193,79.2,0.0,5,0,0,12
1,54,180,55.0,12.8,3,0,0,14
0,44,164,89.2,29.0,1,0,0,9
0,37,167,56.3,10.6,4,1,-4,12
1,56,180,98.9,28.1,2,0,0,12
0,59,188,61.0,0.0,4,0,0,11
0,52,194,92.2,24.7,2,2,3,11
1,37,168,96.8,21.1,3,0,0,6
0,33,153,54.5,15.4,5,0,0,4
0,53,166,87.0,13.1,3,1,-3,15
0,59,173,102.9,25.5,1,2,7,15
0,37,156,51.4,15.9,4,2,5,7
0,58,164,50.7,20.9,2,2,4,9
0,25,161,77.6,10.8,1,2,2,6
1,35,196,77.3,24.0,1,0,0,5
1,32,186,67.0,0.0,5,0,0,7
0,31,153,61.2,14.7,3,0,0,15
0,34,151,66.3,0.0,4,1,-6,5
0,36,161,66.3,14.7,4,2,6,12
0,49,177,86.2,20.2,5,2,3,5
0,60,197,86.6,26.3,5,1,-3,9
0,37,176,101.5,0.0,3,1,-6,13
1,34,195,60.0,22.6,2,0,0,10
0,45,167,101.6,14.3,1,1,-3,16
1,20,182,52.6,0.0,2,0,0,8
0,59,185,64.5,27.4,2,2,6,15
0,55,187,101.3,0.0,5,1,-8,15
0,37,167,80.5,11.7,4,2,2,11
1,36,150,108.7,11.3,5,0,0,12
0,54,172,56.4,20.6,2,1,-8,8
0,23,200,92.1,13.3,1,0,0,5
1,30,174,96.4,27.8,4,1,-5,15
1,25,193,71.6,26.2,4,1,-7,15
1,56,176,75.3,24.0,1,2,3,12
1,28,166,103.1,11.4,5,2,3,8
0,23,185,106.0,14.9,3,1,-8,5
0,55,157,76.5,15.9,1,2,7,7
1,55,196,73.5,0.0,5,1,-7,14
1,28,196,82.5,15.4,5,2,5,16
1,19,185,83.2,0.0,1,0,0,6
0,37,150,70.2,19.5,2,1,-2,15
1,32,160,97.2,0.0,4,0,0,11
1,18,184,57.9,11.3,1,0,0,14
1,23,175,101.7,29.9,4,2,7,7
1,19,197,79.8,11.3,2,2,6,6
0,40,197,52.6,0.0,2,0,0,11
0,39,163,55.0,16.5,2,2,6,4
1,55,161,64.0,0.0,3,2,8,12
1,23,159,76.7,29.6,3,0,0,5
0,18,178,107.9,10.1,1,0,0,15
1,51,172,79.0,0.0,5,0,0,7
0,25,158,57.4,28.5,3,0,0,9
0,32,163,64.3,23.8,2,2,3,16
0,20,181,75.6,16.2,1,1,-5,14
0,27,170,50.5,13.5,2,0,0,13
0,31,150,105.6,10.7,4,0,0,6
0,19,177,91.8,16.6,2,2,5,11
1,44,154,99.5,17.1,5,1,-2,9
1,38,190,78.9,23.5,1,2,5,9
1,34,182,101.0,14.7,4,1,-8,15
1,54,183,60.4,0.0,2,0,0,9
1,25,158,104.2,0.0,4,2,6,10
1,25,163,62.7,12.9,4,0,0,4
0,22,173,82.2,25.3,3,1,-3,11
1,25,150,105.8,29.3,1,2,7,12
0,47,175,81.2,17.5,1,2,6,5
1,27,159,101.2,16.7,1,0,0,7
1,18,162,83.8,13.9,3,0,0,10
0,54,184,79.2,15.5,3,0,0,16
0,29,190,58.1,15.4,2,1,-3,16
0,26,195,102.5,22.5,4,1,-8,9
0,48,150,86.2,20.1,3,1,-6,6
0,41,191,81.9,15.8,5,0,0,10
0,48,194,58.4,27.2,4,2,4,9
1,35,190,68.2,15.2,5,2,3,9
1,27,196,50.1,26.0,2,0,0,10
0,32,189,96.5,27.5,1,1,-7,7
1,57,181,91.9,19.7,2,1,-3,12
1,47,178,72.6,0.0,2,2,8,11
1,23,163,74.6,26.3,5,1,-5,13
1,46,186,105.6,14.9,5,1,-2,14
1,38,173,53.0,19.7,3,0,0,13
1,33,184,91.8,22.5,2,1,-7,13
0,55,158,97.3,25.1,3,0,0,15
1,21,184,84.8,16.8,3,2,8,6
1,51,195,60.8,28.2,3,2,5,12
1,26,159,96.7,28.1,5,2,7,8
1,53,180,72.0,0.0,1,1,-7,14
0,51,197,50.3,23.4,1,0,0,6
1,46,187,61.0,0.0,3,0,0,11
1,29,186,103.3,23.0,4,0,0,16
1,40,160,98.6,18.3,2,2,6,8
1,60,185,71.7,24.8,1,0,0,4
1,55,181,95.1,14.0,3,2,6,9
1,60,161,107.6,0.0,4,2,3,12
1,49,166,81.8,14.4,3,1,-5,12
0,34,200,74.6,25.2,2,0,0,8
1,40,183,71.8,27.9,2,0,0,8
0,56,163,101.5,20.8,4,2,3,5
1,47,170,79.2,22.0,1,1,-5,6
0,45,170,78.7,25.9,3,1,-6,5
1,40,187,106.8,19.3,5,0,0,4
0,23,151,93.5,29.9,1,0,0,5
1,22,154,99.9,0.0,4,0,0,7
1,18,190,58.0,12.1,4,2,8,4
1,38,172,71.2,12.5,3,0,0,6
0,29,158,54.0,24.1,5,2,6,4
0,36,194,101.2,19.0,3,2,8,10
0,25,191,55.9,23.8,2,2,8,11
1,60,182,108.7,21.4,4,0,0,12
1,50,159,66.3,14.2,1,1,-5,9
1,22,187,88.3,21.2,3,0,0,12
1,41,184,101.6,21.2,2,2,8,15
0,45,173,70.3,27.8,2,0,0,4
1,59,151,59.4,21.1,2,2,2,12
0,51,181,104.1,28.5,3,0,0,14
1,40,168,61.4,11.6,1,2,4,7
0,34,163,75.0,17.1,5,2,7,9
0,46,182,60.1,15.2,1,0,0,8
0,31,175,96.3,22.9,5,1,-4,8
0,58,200,97.8,13.8,3,0,0,15
0,30,158,51.6,25.1,2,0,0,12
1,35,155,75.9,26.9,3,1,-3,9
0,29,160,53.5,25.8,4,1,-3,10
1,56,170,69.2,15.9,5,2,7,11
1,58,168,85.2,12.5,4,2,7,15
1,23,191,102.8,23.8,1,1,-4,5
0,54,187,106.2,23.9,1,2,3,12
0,26,179,84.6,21.5,1,0,0,15
1,34,176,70.1,25.3,1,1,-6,6
1,48,164,71.4,19.6,4,2,2,4
0,48,168,86.6,25.5,2,2,7,4
0,18,174,54.5,0.0,4,2,4,8
1,54,175,76.5,0.0,5,2,4,4
1,44,186,73.5,10.7,4,1,-6,13
0,31,192,82.2,10.6,1,0,0,15
1,45,162,106.7,28.7,3,2,2,6
1,54,155,70.6,0.0,3,2,5,14
1,50,150,66.7,0.0,5,0,0,6
0,36,195,65.7,25.7,2,1,-3,10
0,33,200,77.6,22.6,3,0,0,10
1,47,161,57.5,24.0,5,0,0,11
0,21,156,55.7,0.0,5,2,4,9
1,48,162,78.5,24.4,4,1,-2,6
1,44,198,85.7,15.5,2,2,3,15
1,32,164,102.6,26.6,3,1,-3,8
1,22,182,106.6,23.1,1,0,0,7
0,40,178,55.6,19.8,5,1,-4,6
1,32,196,68.7,14.1,4,2,4,9
0,59,175,50.7,13.5,1,1,-3,10
0,19,196,77.5,26.6,3,0,0,15
1,34,165,93.5,21.6,4,2,8,11
1,22,179,91.2,17.6,2,2,6,16
1,49,186,65.4,16.0,3,2,5,9
1,59,195,71.9,15.5,1,1,-3,16
0,26,161,79.9,24.3,3,1,-6,16
0,50,173,105.6,13.2,2,1,-5,12
0,59,181,73.8,23.3,2,2,2,16
1,59,197,64.9,28.6,4,2,4,13
1,26,171,84.0,12.6,5,2,2,7
1,42,164,71.4,0.0,2,2,6,15
1,56,174,77.9,24.7,4,2,3,6
1,18,158,104.7,19.6,3,2,6,14
1,25,188,90.5,19.1,3,0,0,14
1,55,172,71.0,14.5,5,2,8,14
1,43,199,102.7,0.0,3,0,0,7
1,41,153,54.4,0.0,3,0,0,7
0,51,151,51.6,26.0,2,2,4,16
1,28,172,70.9,27.9,4,0,0,16
0,23,172,67.2,23.2,5,2,5,10
1,32,166,85.7,11.2,4,1,-5,14
0,47,157,94.1,15.6,4,1,-2,10
1,43,165,74.5,22.6,5,2,5,10
1,35,170,52.5,22.8,1,1,-6,4
0,31,151,82.5,16.6,3,1,-4,5
1,29,151,51.8,0.0,5,2,2,12
1,32,179,97.1,13.0,1,1,-7,10
0,37,166,78.6,11.3,3,1,-4,8
1,20,197,63.1,16.1,3,2,8,4
0,47,170,53.2,19.7,1,1,-2,14
0,57,178,107.6,0.0,1,2,6,7
1,19,166,64.8,0.0,4,0,0,16
1,44,150,55.6,24.3,1,2,8,15
1,57,193,67.3,20.5,3,0,0,16
1,47,186,55.9,15.0,3,0,0,11
1,43,163,84.5,22.3,3,0,0,6
1,40,169,53.9,14.6,3,0,0,13
0,34,194,98.9,27.4,4,1,-7,16
1,21,187,67.3,24.7,3,0,0,12
1,52,172,61.5,13.5,2,1,-6,15
1,54,168,82.7,25.8,1,2,6,12
1,40,184,92.7,25.3,4,2,3,14
1,21,187,98.8,19.7,5,2,7,6
1,18,200,64.6,10.2,3,1,-4,11
1,33,194,108.1,10.3,2,2,3,4
1,60,197,91.5,0.0,3,0,0,16
1,41,159,92.3,12.6,4,0,0,7
0,49,155,90.6,20.2,3,1,-5,6
1,36,186,67.2,17.0,1,1,-5,6
1,48,196,95.0,10.2,5,2,4,9
0,18,173,59.6,18.8,4,0,0,7
1,51,182,95.0,22.8,3,0,0,4
1,48,156,75.9,28.7,3,1,-3,12
0,38,179,52.3,14.1,4,0,0,8
0,33,182,92.8,0.0,2,1,-3,7
0,59,167,54.0,27.9,1,2,3,12
1,39,167,65.4,29.1,4,0,0,14
1,43,155,93.4,13.9,4,1,-6,16
1,44,184,85.9,24.4,3,2,6,14
1,30,167,70.5,15.9,4,1,-7,7
1,33,164,52.4,22.8,4,2,6,7
1,56,178,63.7,21.3,3,1,-8,14
1,39,174,85.1,15.9,3,0,0,11
1,32,178,81.7,0.0,5,0,0,4
0,46,180,82.4,16.6,5,2,6,15
1,26,176,84.4,10.3,3,0,0,15
1,30,161,59.8,24.0,4,2,8,7
0,24,153,80.4,14.9,4,0,0,8
0,25,178,77.3,25.9,5,2,8,5
1,43,166,51.7,27.4,3,0,0,14
0,34,164,94.0,21.1,2,0,0,9
0,38,167,62.5,23.9,2,0,0,16
0,53,153,92.6,19.3,4,2,2,13
0,35,195,55.6,0.0,5,2,7,13
0,22,169,54.0,11.0,2,0,0,13
1,28,152,57.4,22.8,4,1,-5,6
0,37,159,84.9,15.9,1,0,0,15
0,32,173,58.2,27.1,1,0,0,8
0,35,179,95.9,28.5,2,1,-4,6
0,19,172,84.0,26.8,5,0,0,8
0,59,193,101.2,15.0,1,1,-8,7
1,45,163,50.1,0.0,2,0,0,5
1,30,163,59.0,24.8,2,1,-5,16
0,52,176,64.6,12.0,4,0,0,11
0,36,191,106.8,11.4,5,1,-3,14
1,32,169,78.5,16.7,5,2,8,15
1,52,156,102.6,19.1,4,2,3,12
0,19,178,74.9,17.5,2,2,3,11
1,53,163,81.3,24.1,1,0,0,9
1,33,177,96.2,26.8,3,1,-6,6
0,45,191,75.0,12.2,3,2,7,7
1,39,191,74.0,15.9,4,0,0,6
1,35,194,98.2,23.0,2,1,-8,14
0,21,170,101.3,15.4,3,2,7,14
0,34,162,102.3,28.7,4,2,6,13
1,52,197,90.2,15.0,4,1,-4,14
0,38,188,91.3,0.0,5,2,3,16
0,26,160,82.9,28.4,5,1,-5,7
1,44,161,58.7,18.4,3,1,-4,4
0,19,180,88.9,23.1,5,2,4,11
0,44,152,80.6,21.2,1,1,-3,4
0,38,187,55.4,18.5,2,2,2,5
1,24,187,106.3,24.3,5,2,4,4
1,56,157,106.4,22.5,5,0,0,5
0,29,175,100.2,17.5,1,2,7,4
0,48,188,93.1,19.5,3,1,-5,14
0,26,181,57.4,29.3,3,1,-6,7
0,34,183,73.2,28.6,2,1,-6,7
1,57,189,73.6,16.9,2,1,-2,12
0,45,190,97.4,0.0,5,0,0,9
0,23,190,62.2,29.6,1,0,0,9
1,59,160,63.1,21.1,1,2,6,7
0,60,175,56.1,11.6,4,0,0,8
0,60,183,67.8,0.0,2,1,-3,14
1,26,170,106.2,0.0,3,2,3,12
1,29,181,64.0,21.9,3,0,0,7
0,44,176,95.6,13.8,2,1,-2,12
1,27,175,94.9,0.0,2,0,0,6
1,28,175,78.9,26.2,5,0,0,6
1,38,168,100.5,20.2,2,0,0,11
1,34,176,98.7,0.0,4,0,0,6
1,26,151,78.5,12.0,2,0,0,9
0,24,188,105.1,25.4,2,0,0,9
1,51,172,63.0,27.9,1,2,8,6
0,52,185,101.0,15.5,2,1,-3,15
1,53,199,64.7,11.3,5,0,0,6
0,29,193,82.4,24.9,5,0,0,12
0,60,173,86.8,0.0,4,2,5,8
0,37,197,55.6,28.9,1,1,-2,8
1,57,190,56.9,16.1,5,2,2,10
1,28,153,101.2,29.0,4,2,2,13
0,52,155,93.6,20.8,5,0,0,15
0,47,189,91.2,21.6,3,1,-7,15
1,39,152,78.9,23.9,4,2,6,7
1,36,176,81.2,0.0,2,2,4,14
0,27,162,52.4,20.9,3,0,0,10
0,59,199,51.1,17.4,1,2,7,5
0,28,165,101.7,14.6,3,2,3,15
0,59,167,61.5,20.2,2,0,0,16
1,50,198,83.0,16.1,4,0,0,9
0,33,176,69.4,21.8,2,2,2,8
0,57,180,109.0,15.0,5,2,2,7
0,20,160,80.2,22.4,4,2,7,9
0,59,195,58.2,14.7,1,0,0,4
0,44,197,78.9,26.1,1,0,0,4
1,57,167,89.2,20.7,1,2,4,4
0,43,177,75.1,17.7,3,2,6,4
0,48,154,94.3,11.5,1,2,7,4
1,35,152,73.7,20.0,1,1,-5,16
0,54,175,54.5,18.7,1,2,6,8
1,33,178,83.0,12.4,5,1,-2,13
0,46,175,51.9,21.0,3,0,0,7
0,36,179,99.3,24.6,5,0,0,15
1,42,179,76.8,19.7,4,1,-3,15
0,45,180,71.0,22.4,3,2,6,6
1,36,195,90.7,26.6,4,1,-7,5
0,47,196,96.2,14.0,5,1,-3,16
0,50,169,104.9,26.0,2,0,0,10
1,45,153,83.7,22.7,4,2,5,13
1,22,150,63.8,18.3,4,1,-4,5
0,38,172,104.7,16.0,5,0,0,13
1,21,187,94.7,0.0,4,0,0,4
0,21,192,63.5,28.0,3,2,4,9
1,54,179,97.9,25.5,3,0,0,12
1,29,156,54.3,19.1,5,2,2,8
1,22,176,56.8,27.5,5,2,7,8
0,25,153,86.2,0.0,1,2,7,12
1,55,163,109.4,27.0,3,1,-3,15
0,23,177,106.5,18.9,1,1,-7,5
1,28,177,73.9,27.4,4,1,-7,10
0,59,155,78.5,28.6,1,1,-5,12
1,25,153,97.7,0.0,5,1,-7,6
1,34,159,103.9,16.9,4,1,-5,11
1,25,189,89.0,19.1,2,1,-8,15
1,54,171,81.9,15.4,5,2,8,10
0,55,156,101.2,10.1,4,2,3,15
0,39,185,67.1,0.0,3,2,2,13
1,56,197,84.1,0.0,2,1,-6,6
1,41,189,105.4,28.3,3,0,0,11
1,57,172,51.0,24.6,5,0,0,5
0,54,170,59.5,28.4,4,2,2,8
0,59,165,108.8,28.3,4,1,-8,5
1,39,181,75.3,20.7,1,0,0,9
1,22,152,67.5,0.0,2,1,-6,9
1,58,156,107.5,27.8,3,0,0,16
0,34,197,96.6,15.5,1,1,-8,13
1,21,191,93.7,0.0,1,0,0,12
0,42,170,78.3,27.5,1,0,0,16
0,35,150,86.4,28.8,2,1,-8,5
0,56,191,106.3,11.8,4,0,0,12
0,26,170,104.3,28.4,5,1,-6,16
1,33,162,105.9,16.5,4,2,7,16
1,29,181,104.7,0.0,3,1,-4,15
0,37,153,63.0,17.1,1,2,8,12
0,36,181,100.1,18.8,3,0,0,11
1,55,188,95.2,0.0,1,1,-8,9
0,57,187,87.9,0.0,5,0,0,6
1,50,162,92.9,15.2,5,2,6,14
1,55,197,50.1,27.7,3,2,8,12
1,18,200,64.7,23.4,2,2,5,13
0,35,161,55.6,21.4,3,1,-4,14
1,29,173,63.6,12.7,2,1,-6,10
0,20,166,87.2,24.8,4,1,-8,12
0,21,180,73.6,19.0,3,2,3,7
0,48,166,97.7,26.6,3,0,0,8
0,40,160,98.7,22.7,1,0,0,15
0,43,162,104.9,19.2,4,0,0,10
0,22,182,82.7,15.2,1,0,0,8
0,47,172,108.4,0.0,2,2,6,16
0,54,200,59.3,11.7,3,2,2,14
1,49,185,96.5,12.1,2,1,-6,11
0,49,156,59.1,28.1,2,2,6,9
1,21,183,75.5,14.3,4,2,2,7
0,21,153,102.4,18.7,1,0,0,14
1,37,189,108.1,28.7,4,1,-6,11
0,22,155,98.0,12.2,4,1,-3,14
0,55,182,70.8,10.2,3,2,4,5
1,25,168,50.4,22.6,3,1,-6,14
1,22,173,106.8,16.7,5,0,0,16
0,60,189,78.9,24.2,3,0,0,13
1,27,191,56.7,29.8,5,1,-7,12
1,38,172,100.5,20.6,1,1,-8,16
0,47,152,68.0,11.8,4,2,4,6
1,57,193,95.0,0.0,3,1,-8,16
1,18,177,86.2,17.9,5,1,-7,12
1,54,169,99.7,14.4,3,2,7,13
1,40,176,63.4,14.0,2,1,-2,12
0,29,182,102.2,23.2,2,2,7,12
0,28,190,109.8,21.1,1,1,-4,4
0,18,200,71.7,20.6,5,1,-3,14
1,46,169,58.6,28.5,4,1,-2,16
1,41,153,103.0,26.8,1,2,3,14
0,54,150,101.5,21.3,5,2,7,6
1,41,195,64.4,0.0,5,2,3,7
0,39,175,97.2,27.4,3,2,7,5
0,20,198,97.2,20.7,5,1,-5,8
1,24,156,61.4,0.0,3,2,2,9
0,25,168,51.3,26.0,2,1,-2,16
0,41,188,58.7,0.0,4,0,0,5
1,35,171,59.2,0.0,1,0,0,9
1,21,189,78.8,0.0,4,1,-6,5
1,49,197,51.9,25.7,3,1,-7,16
0,28,175,63.4,0.0,2,1,-4,15
0,20,173,109.3,28.3,1,0,0,11
1,39,164,62.9,13.7,1,1,-4,16
0,22,159,68.5,14.6,1,1,-3,5
1,28,177,78.3,17.0,3,0,0,8
1,44,191,97.0,13.3,4,0,0,6
0,48,200,74.2,0.0,4,2,7,5
1,34,177,77.0,19.9,4,0,0,6
0,38,183,77.0,26.3,4,2,4,9
1,54,176,78.5,0.0,5,1,-6,8
1,29,192,78.2,10.6,3,2,7,12
1,39,166,96.9,28.2,4,2,3,7
0,60,191,97.0,10.4,5,1,-2,11
1,20,172,75.1,0.0,1,0,0,6
0,46,200,106.8,14.2,2,0,0,10
1,24,179,74.1,0.0,4,0,0,13
0,41,170,59.3,16.4,5,1,-6,4
0,50,168,56.9,19.9,1,2,3,8
0,52,188,87.6,14.2,4,2,3,7
0,52,158,67.6,12.3,5,0,0,7
0,25,160,91.6,28.8,1,0,0,9
0,56,174,70.0,14.4,5,0,0,5
1,56,189,62.3,22.2,4,2,6,7
0,47,164,74.3,0.0,2,1,-6,16
0,31,182,95.1,26.1,4,0,0,4
0,58,163,71.5,14.1,5,2,3,14
0,35,157,109.9,13.4,4,0,0,7
1,18,158,63.9,27.7,1,0,0,7
1,24,199,99.4,24.4,3,1,-8,9
0,18,157,96.1,29.0,5,2,6,8
0,45,157,100.7,26.5,4,1,-2,12
1,53,179,86.3,22.2,5,0,0,13
0,49,198,79.2,22.0,3,2,8,16
0,26,173,57.4,0.0,5,1,-8,14
1,36,170,103.0,29.6,1,0,0,11
1,51,160,68.5,18.8,1,0,0,4
0,31,179,94.6,24.3,3,1,-3,11
0,48,191,65.6,13.1,4,2,7,8
0,37,155,79.8,16.4,1,1,-5,15
1,37,164,78.6,15.0,3,0,0,14
0,21,164,59.4,14.7,5,2,6,13
0,18,156,94.9,20.9,2,0,0,7
0,26,168,102.9,29.4,4,1,-3,12
1,31,190,104.3,20.6,5,1,-2,5
1,25,191,77.8,0.0,1,2,2,12
1,59,174,78.4,23.5,5,0,0,6
0,42,175,108.8,0.0,1,0,0,14
0,47,185,93.3,11.8,5,2,8,9
1,36,170,52.1,0.0,5,0,0,8
0,27,185,87.1,26.9,1,1,-3,10
0,51,175,92.1,0.0,1,1,-7,12
1,32,186,69.2,0.0,5,1,-6,11
0,49,168,53.5,28.2,1,1,-3,4
0,60,167,62.6,12.6,4,1,-8,12
0,28,156,104.9,10.0,2,1,-5,7
1,39,150,64.5,27.7,2,0,0,16
0,29,169,83.0,0.0,4,2,7,16
1,49,154,89.1,0.0,4,1,-4,6
0,36,172,86.7,27.6,2,2,2,8
0,30,162,103.3,25.2,1,0,0,7
0,53,189,51.2,10.1,2,2,4,12
0,21,160,66.5,26.5,5,0,0,7
0,52,183,74.2,27.3,3,2,3,12
1,50,175,52.7,0.0,4,2,7,15
0,55,196,97.6,14.6,2,1,-6,10
1,33,195,92.8,19.9,2,2,6,16
1,45,184,109.4,15.0,3,0,0,6
0,31,174,89.2,0.0,5,2,2,6
1,33,189,56.5,0.0,4,1,-6,14
0,28,185,69.6,0.0,1,0,0,4
0,57,168,77.0,21.7,5,2,7,6
0,27,173,85.4,25.8,3,0,0,16
0,28,170,85.4,21.6,5,0,0,8
1,23,160,62.5,0.0,2,1,-7,13
1,42,183,56.3,28.2,5,0,0,12
1,48,179,72.0,24.3,5,2,6,13
1,27,199,75.8,24.9,1,2,7,4
0,20,153,75.2,23.1,1,1,-5,12
0,51,176,70.3,24.0,4,0,0,7
0,25,165,60.3,0.0,1,2,3,8
1,49,157,61.5,21.9,5,0,0,10
0,50,181,60.1,17.6,5,1,-3,11
1,34,155,97.9,10.5,4,2,3,9
1,21,160,76.1,24.1,1,0,0,7
0,52,166,82.4,0.0,4,1,-3,9
0,44,191,61.6,0.0,1,2,5,11
1,44,199,87.7,11.5,3,0,0,8
0,57,173,106.4,13.2,2,0,0,12
1,58,184,105.5,24.6,4,2,7,14
0,41,199,54.2,14.2,2,2,4,16
1,21,183,57.8,18.5,5,1,-7,14
1,18,171,67.6,28.3,4,0,0,15
1,42,157,75.6,29.6,2,2,7,15
1,50,160,58.3,26.1,3,1,-7,15
1,49,167,94.1,24.4,1,2,8,8
1,39,181,60.4,16.2,5,0,0,13
0,58,193,91.6,24.1,4,1,-4,11
0,33,156,52.8,12.0,3,2,5,5
1,54,155,107.9,24.5,2,1,-2,15
1,19,159,82.0,28.3,4,1,-6,11
1,24,182,79.1,26.9,5,2,8,4
0,58,186,91.0,10.9,1,1,-7,9
0,48,192,93.7,29.7,1,2,5,11
1,36,183,63.7,20.9,3,2,6,14
1,28,187,66.2,20.6,4,1,-8,14
0,49,165,95.1,16.5,2,0,0,14
0,60,178,82.4,0.0,5,1,-6,12
1,20,157,62.8,15.4,1,0,0,10
0,42,180,50.2,28.1,4,0,0,5
0,35,187,86.8,22.1,5,1,-7,5
0,49,170,61.3,14.3,1,2,3,12
0,30,193,63.0,20.6,5,1,-4,6
0,49,155,57.8,10.5,5,0,0,4
1,23,200,64.7,25.8,4,0,0,16
1,59,162,57.1,22.1,1,0,0,16
0,28,194,82.4,0.0,4,0,0,16
0,36,161,55.1,0.0,1,2,3,16
1,20,151,52.3,0.0,4,1,-7,10
1,42,186,54.0,22.8,3,0,0,12
1,53,194,55.7,27.7,2,0,0,10
1,46,196,88.2,24.5,1,2,2,13
0,44,172,103.2,21.5,2,2,3,9
0,33,180,94.6,18.2,5,1,-2,6
0,30,157,86.2,15.3,2,2,3,4
1,27,157,90.4,12.7,1,1,-3,12
0,54,192,67.0,18.0,1,0,0,8
0,36,193,107.5,0.0,4,2,7,12
1,19,188,79.3,16.3,3,1,-8,8
0,53,192,82.7,11.0,5,0,0,7
0,59,179,83.5,0.0,3,0,0,12
1,42,199,96.0,16.9,5,2,5,9
1,49,195,50.9,18.1,4,0,0,6
0,20,192,52.7,24.7,2,0,0,14
0,42,171,103.5,21.1,1,0,0,16
0,41,169,81.5,26.4,2,1,-4,12
1,34,195,61.8,26.2,4,2,2,15
1,54,156,57.7,29.8,4,2,7,12
0,60,186,85.6,28.3,3,1,-6,16
1,19,184,82.4,19.5,5,0,0,16
1,42,166,78.4,25.0,4,0,0,15
0,22,184,105.4,23.5,1,1,-2,13
0,51,173,109.2,27.0,3,2,6,14
1,54,155,75.3,23.3,2,0,0,4
0,37,156,70.4,0.0,2,0,0,14
1,45,152,91.8,0.0,1,1,-2,13
1,35,173,89.8,22.0,1,2,6,5
0,40,183,55.8,21.8,4,2,2,6
1,58,190,104.0,0.0,2,2,4,6
0,43,151,74.2,27.9,1,2,3,8
1,50,163,88.7,0.0,5,0,0,7
1,32,197,97.1,28.0,2,0,0,5
1,46,190,108.6,13.1,4,0,0,16
0,52,186,65.2,18.2,2,2,7,8
0,21,168,108.8,23.4,5,0,0,16
1,45,165,82.3,0.0,3,2,2,9
0,18,178,106.9,17.5,1,1,-3,15
1,27,190,50.2,23.2,1,1,-6,11
1,34,192,63.8,0.0,4,0,0,16
0,48,184,57.0,20.3,4,2,4,10
0,30,197,104.9,21.6,5,2,3,4
0,22,191,76.4,21.0,5,0,0,11
1,28,154,61.4,21.1,1,2,6,7
1,41,176,76.9,10.0,2,2,7,7
0,22,172,86.5,24.1,1,1,-4,10
0,46,196,105.3,21.4,3,2,6,10
0,41,155,67.9,13.9,4,1,-5,16
1,55,176,56.1,14.0,3,1,-4,8
0,19,166,60.8,24.4,1,1,-2,6
0,50,185,87.7,19.5,5,1,-8,16
0,57,179,62.5,17.3,5,2,6,16
1,20,167,55.7,15.3,5,1,-2,14
0,45,199,50.4,26.6,4,2,4,5
1,46,177,85.3,25.7,5,1,-3,10
1,19,187,88.7,21.3,5,0,0,4
1,29,194,51.5,13.2,2,0,0,14
1,56,189,77.7,14.7,4,1,-5,10
1,18,180,56.4,11.6,5,2,3,8
0,52,190,52.4,0.0,5,0,0,11
1,41,195,110.0,24.1,4,1,-3,7
0,28,170,89.7,20.7,5,2,5,6
0,50,173,58.4,0.0,4,2,4,12
1,52,151,89.2,18.6,4,1,-7,13
1,60,184,51.5,15.3,1,0,0,15
0,31,185,71.1,16.0,3,2,2,12
0,45,164,52.7,17.5,2,1,-8,14
0,41,169,62.0,17.9,5,0,0,16
0,33,177,96.7,13.8,1,1,-8,9
0,47,156,59.5,27.5,5,1,-2,4
0,54,183,79.3,15.6,4,0,0,11
0,47,177,76.0,27.4,2,1,-3,8
1,41,194,94.3,22.6,5,2,2,5
0,25,171,50.3,12.4,3,1,-3,12
0,21,158,76.7,0.0,5,1,-4,11
1,31,183,78.2,22.8,2,2,7,15
1,28,156,64.6,19.4,1,1,-8,12
1,34,192,100.4,23.8,3,2,6,10
0,56,173,58.5,11.5,4,1,-4,10
0,18,184,94.8,24.1,3,0,0,11
0,52,200,63.2,0.0,5,2,4,7
1,25,170,88.7,19.2,4,0,0,5
0,18,180,79.0,17.8,1,1,-2,8
0,45,173,53.7,0.0,5,0,0,10
1,48,166,65.4,24.7,3,1,-5,11
0,35,191,77.1,0.0,2,2,2,8
1,27,185,108.9,17.6,4,1,-3,8
1,43,164,66.2,26.7,1,2,4,8
1,36,186,109.8,14.3,4,1,-4,14
0,54,153,97.5,18.9,1,0,0,5
1,23,152,74.9,0.0,1,1,-4,13
1,23,196,91.1,28.7,4,1,-7,11
1,35,171,107.3,0.0,2,2,5,16
1,60,200,62.2,16.9,3,1,-5,6
0,52,193,59.6,11.3,1,0,0,6
0,40,185,65.0,25.6,5,1,-6,12
0,18,181,73.2,0.0,5,2,5,15
0,42,195,85.5,25.1,5,2,8,16
0,32,170,71.4,26.0,5,0,0,9
0,31,151,62.0,12.0,3,0,0,14
1,33,181,92.3,11.3,2,0,0,14
1,22,182,82.5,19.8,5,0,0,4
1,59,177,65.8,27.8,3,1,-8,9
0,58,152,83.8,11.3,4,1,-4,13
0,40,191,96.5,17.5,3,2,7,6
1,30,178,77.2,16.7,1,2,4,13
1,42,178,74.5,15.4,3,1,-6,7
1,48,194,78.4,12.3,3,1,-4,9
1,29,185,59.5,20.1,5,0,0,4
0,44,171,108.4,10.4,3,2,5,11
0,54,155,98.1,16.9,2,2,8,14
1,52,190,82.2,23.5,5,1,-2,12
0,54,176,94.7,21.9,3,0,0,7
0,29,155,74.7,22.2,5,2,8,15
0,18,164,94.9,21.9,1,1,-4,6
1,48,150,88.1,24.3,4,1,-7,8
1,48,168,67.8,15.1,2,1,-7,15
0,35,168,55.8,20.2,4,1,-3,5
1,55,161,65.9,22.3,1,0,0,5
0,42,166,71.4,18.8,5,1,-8,6
1,26,199,75.1,29.2,3,2,3,12
1,54,181,107.6,15.6,2,0,0,10
1,36,176,109.5,28.2,3,0,0,16
0,22,169,82.2,14.0,1,0,0,8
0,50,173,95.1,14.0,1,1,-6,6
0,20,188,69.0,26.0,3,0,0,8
0,45,182,105.3,0.0,3,1,-2,8
1,38,158,56.7,22.2,5,1,-7,5
0,57,175,78.2,20.1,3,1,-6,10
0,41,187,72.6,21.6,2,2,2,10
0,38,191,98.1,11.9,3,2,7,9
1,30,183,74.6,13.1,3,1,-5,15
0,30,150,65.2,14.1,4,2,7,11
1,40,171,58.3,11.0,3,0,0,11
0,29,183,53.7,22.9,3,0,0,14
0,21,181,89.5,12.4,2,2,6,6
0,32,195,105.9,0.0,5,0,0,5
0,20,170,78.1,21.8,3,2,2,16
1,52,174,77.8,26.0,5,0,0,7
1,36,156,50.1,21.7,1,1,-5,9
0,48,174,57.1,25.8,2,2,8,11
1,21,154,68.4,21.3,1,1,-4,14
1,49,162,81.7,12.3,4,0,0,13
0,21,176,88.3,21.0,5,1,-7,8
0,36,184,87.8,15.5,3,2,5,12
0,37,160,69.5,17.8,2,1,-2,15
0,52,180,50.1,26.0,1,2,2,10
1,41,188,84.9,26.7,1,0,0,10
1,20,184,56.4,11.7,4,2,4,10
0,33,196,99.4,21.7,3,2,4,4
1,55,178,72.0,29.8,5,2,6,5
1,46,167,83.5,0.0,1,0,0,4
1,37,167,78.9,18.7,3,2,3,6
1,34,190,79.0,19.2,2,0,0,13
1,54,174,95.4,17.8,4,1,-7,14
1,46,157,54.0,15.4,1,2,2,4
1,57,181,96.2,28.1,2,2,6,16
1,25,174,70.8,14.5,1,1,-4,15
1,42,164,85.0,14.5,5,2,5,8
1,36,157,69.2,18.5,5,1,-8,8
1,56,168,76.4,28.5,2,0,0,10
1,57,191,53.5,25.6,5,0,0,10
0,57,167,54.5,22.1,1,1,-7,7
1,33,175,87.5,19.8,3,0,0,10
1,51,179,64.0,17.5,2,1,-6,11
1,25,194,101.5,0.0,4,1,-4,9
0,51,181,52.7,0.0,3,0,0,16
1,39,159,88.4,19.3,4,2,4,6
1,18,165,96.1,20.7,5,1,-5,13
1,32,200,91.6,13.6,3,1,-8,16
0,35,165,91.9,29.4,5,0,0,16
0,43,167,102.3,18.5,4,2,5,9
0,36,184,88.9,21.4,2,1,-3,5
1,49,176,94.8,28.3,4,2,3,16
1,19,159,95.1,0.0,4,0,0,15
1,60,151,91.3,15.0,4,0,0,7
1,60,153,84.2,21.7,3,0,0,10
0,58,189,82.2,22.3,1,2,3,7
0,22,193,106.8,29.2,1,0,0,16
0,22,163,80.7,28.8,5,0,0,16
0,54,195,69.4,21.5,3,0,0,8
0,47,190,93.0,18.6,1,2,3,15
0,43,163,65.6,0.0,3,1,-7,11
0,39,178,54.8,19.5,4,1,-6,7
0,50,154,65.7,29.1,1,2,5,10
0,50,199,91.6,24.9,2,0,0,15
0,56,182,91.4,13.7,1,2,7,9
1,58,161,57.3,17.1,2,0,0,7
0,37,157,76.9,17.2,5,2,2,15
1,58,196,65.5,24.1,1,2,8,4
0,29,164,65.3,29.4,5,0,0,6
1,48,154,75.5,20.1,4,1,-3,14
1,22,180,75.2,0.0,4,0,0,4
1,25,168,88.2,21.6,2,2,8,16
1,50,182,77.8,12.5,4,0,0,15
1,32,151,62.5,28.3,2,1,-2,9
0,27,167,101.0,27.8,1,2,3,4
1,35,156,53.3,12.2,2,1,-5,4
1,21,152,55.0,24.1,1,2,2,9
1,48,173,75.2,0.0,5,1,-8,16
1,44,194,109.2,21.9,3,2,6,6
1,45,198,60.8,16.2,1,2,8,15
0,47,175,93.8,24.6,2,1,-2,10
1,39,190,97.9,26.7,5,1,-5,12
1,52,191,73.5,24.2,5,0,0,15
0,23,197,72.4,13.9,3,2,3,10
1,43,192,82.2,24.8,1,1,-2,8
1,49,165,86.0,21.4,2,2,6,13
1,53,156,79.5,11.2,5,2,7,11
0,60,190,60.4,12.9,5,0,0,10
1,25,157,68.9,19.0,3,2,2,11
1,46,156,87.9,22.7,3,2,4,13
1,35,173,64.6,12.7,3,1,-4,8
1,38,183,81.9,13.6,2,0,0,4
0,54,186,59.6,0.0,2,1,-2,14
0,22,192,103.0,28.8,1,0,0,8
0,56,196,68.5,0.0,4,2,4,4
0,59,157,54.9,27.5,1,0,0,4
0,50,172,54.4,14.5,2,1,-2,11
1,49,180,66.1,28.3,1,2,7,6
0,51,195,50.7,20.9,3,2,7,5
1,39,168,71.1,12.7,2,1,-7,14
0,35,152,98.5,21.8,1,2,6,13
1,28,168,65.9,19.2,2,0,0,7
1,31,158,97.6,21.6,2,1,-2,14
1,21,178,95.4,27.8,1,0,0,12
1,40,160,51.1,0.0,4,1,-3,5
0,57,167,71.1,26.5,3,0,0,12
1,29,182,88.7,18.2,4,1,-7,7
1,29,173,53.3,0.0,3,0,0,5
0,30,163,58.3,18.4,2,1,-7,15
1,18,160,97.8,24.2,1,0,0,8
1,49,155,77.4,23.8,4,2,7,8
0,35,172,51.3,13.6,1,1,-7,8
1,18,200,85.6,13.6,3,0,0,7
0,41,176,98.8,0.0,5,1,-6,16
0,45,178,96.7,12.2,4,2,8,16
0,21,186,66.8,13.8,2,2,2,16
1,42,154,79.5,17.2,3,2,6,8
0,60,150,90.3,0.0,3,2,5,10
1,58,193,56.5,16.0,3,2,7,15
1,49,158,92.6,0.0,4,1,-7,14
1,29,166,88.1,0.0,3,0,0,10
1,30,191,53.4,20.1,2,1,-4,16
0,41,186,69.6,18.1,2,1,-8,12
1,39,194,63.9,18.7,2,2,5,14
0,55,181,95.7,0.0,4,0,0,9
1,38,150,58.9,24.8,1,0,0,11
1,35,164,89.5,28.5,3,1,-8,4
1,60,195,92.3,21.2,3,0,0,5
0,31,153,86.3,20.5,5,1,-4,5
0,59,175,70.5,26.9,4,0,0,13
0,26,177,50.9,26.9,3,2,8,6
0,46,167,71.4,17.5,1,2,5,5
0,27,156,106.8,21.3,2,2,7,15
0,54,175,78.6,17.1,3,1,-6,8
0,59,170,80.9,0.0,5,2,8,14
1,37,168,98.6,15.0,5,1,-3,9
0,32,154,71.7,15.0,4,0,0,15
1,57,177,76.7,0.0,1,1,-8,11
0,30,196,79.0,25.1,5,1,-5,8
1,27,150,86.2,11.1,1,0,0,13
0,19,189,62.0,21.5,2,0,0,4
0,49,200,63.9,12.0,2,0,0,4
1,23,175,108.9,26.0,3,2,8,7
0,36,164,79.2,11.9,2,2,8,14
1,26,163,65.6,21.3,5,1,-7,8
0,48,189,83.7,0.0,5,2,6,6
0,23,155,81.3,0.0,1,0,0,15
1,43,159,51.1,0.0,1,0,0,10
0,41,154,65.8,26.6,2,0,0,15
0,25,158,88.0,27.8,2,1,-7,11
1,34,152,99.1,29.8,1,2,7,15
0,34,155,74.6,13.6,4,2,3,6
1,39,187,92.3,20.9,2,0,0,6
0,42,156,58.6,12.2,2,2,8,10
0,36,180,73.7,14.1,1,1,-6,10
1,43,183,81.0,10.5,3,1,-6,14
1,42,196,66.5,0.0,5,1,-2,4
1,45,197,67.1,0.0,3,0,0,5
1,21,183,82.1,25.3,1,2,2,12
1,18,189,54.3,15.9,3,2,7,5
1,42,150,60.7,26.8,5,0,0,12
1,51,152,98.1,21.0,1,1,-2,4
0,30,150,61.4,14.3,1,2,3,12
0,20,176,95.3,14.6,4,2,7,8
0,57,186,100.8,11.1,4,2,3,15
1,37,156,68.3,0.0,5,2,8,13
0,46,150,50.3,18.1,3,2,6,7
1,40,157,57.5,29.7,5,2,7,7
1,36,187,101.8,18.8,4,1,-4,4
0,41,193,59.9,23.4,5,0,0,15
0,33,178,66.3,24.6,4,1,-5,13
0,27,172,101.8,27.5,2,2,3,15
1,35,197,75.9,27.6,5,1,-3,12
1,49,164,90.4,0.0,1,2,6,7
1,25,165,62.7,19.1,3,2,6,11
0,29,185,69.7,10.7,1,1,-5,12
0,54,189,80.7,21.2,2,0,0,8
1,22,194,59.1,16.5,3,0,0,5
0,32,162,58.5,24.6,5,2,2,13
0,36,194,77.1,15.6,4,0,0,15
0,25,163,57.2,12.7,3,0,0,13
1,42,168,99.7,20.9,4,1,-2,16
1,47,150,69.9,27.0,5,1,-5,9
0,42,159,98.0,29.9,5,1,-7,5
1,36,169,85.8,18.4,4,0,0,12
1,52,163,84.2,24.6,4,2,2,9
0,27,195,104.7,14.8,1,1,-7,7
1,24,197,62.4,0.0,1,0,0,6
1,39,178,50.4,15.0,5,2,7,8
1,42,152,53.2,27.0,3,0,0,7
1,58,152,56.6,15.0,2,1,-4,13
0,60,164,72.8,25.8,3,0,0,11
1,25,176,100.4,21.1,3,2,7,16
1,37,176,104.4,0.0,3,1,-7,11
1,44,182,104.9,11.3,1,1,-5,4
1,45,183,93.8,14.6,2,1,-7,4
0,58,161,100.8,22.7,4,1,-2,4
0,27,193,94.9,17.1,2,0,0,6
0,41,195,83.3,20.0,3,1,-7,8
0,54,194,70.2,16.6,1,0,0,10
0,33,194,52.7,19.8,4,1,-6,16
0,41,156,79.4,22.7,1,2,4,11
1,45,154,61.2,11.2,1,1,-3,4
1,34,183,82.3,26.4,5,0,0,10
0,30,152,71.8,14.0,2,2,2,5
1,32,194,108.9,17.6,5,0,0,14
0,38,186,85.1,23.4,2,1,-7,13
0,40,185,74.8,29.5,2,1,-8,5
1,18,171,63.1,11.2,4,1,-3,15
0,46,162,70.9,16.4,1,1,-8,10
0,24,182,82.0,24.2,1,2,5,9
0,54,153,104.9,29.4,3,1,-4,4
1,43,174,50.3,20.2,1,0,0,14
0,41,170,104.4,28.1,4,0,0,9
1,19,168,67.7,0.0,1,2,8,5
1,21,180,53.4,16.1,4,1,-6,8
0,56,191,76.0,20.5,2,0,0,6
1,59,160,68.7,16.1,3,1,-5,4
0,58,150,109.2,22.2,4,2,8,13
1,47,195,96.4,19.3,5,1,-3,14
1,47,199,101.6,0.0,5,2,2,15
0,51,191,84.5,23.4,1,2,8,12
1,18,189,67.5,17.8,4,2,3,5
0,39,174,105.9,14.8,2,0,0,13
0,58,192,64.6,10.5,1,1,-3,14
0,56,166,77.1,0.0,5,0,0,4
1,29,178,101.9,0.0,3,0,0,6
0,33,154,76.5,0.0,3,1,-5,9
1,47,176,90.1,10.7,3,2,5,15
1,59,177,73.3,0.0,4,0,0,11
0,50,160,54.6,26.4,5,2,2,16
1,22,161,85.3,18.3,1,0,0,11
1,32,169,69.3,29.5,4,1,-7,13
1,42,164,68.0,27.2,1,2,2,8
1,21,184,88.7,0.0,3,0,0,12
0,58,169,51.7,28.8,5,1,-2,16
0,18,184,101.5,15.2,4,0,0,11
1,32,192,64.0,0.0,1,2,8,10
1,36,181,73.6,16.8,4,0,0,16
0,36,179,78.6,24.5,1,2,5,16
1,60,194,84.5,0.0,3,2,5,9
0,47,179,101.1,29.1,3,1,-3,8
0,52,195,55.6,23.4,2,2,2,16
0,47,156,55.1,0.0,4,1,-7,12
1,47,200,56.4,0.0,5,1,-8,12
1,53,163,100.6,19.5,4,0,0,5
0,56,150,74.1,18.0,4,0,0,10
1,40,176,90.1,0.0,4,1,-3,5
0,54,157,108.2,20.2,1,0,0,11
1,22,195,77.5,26.9,2,2,6,7
0,44,195,52.7,0.0,5,1,-2,8
1,37,173,108.6,29.7,3,2,6,11
0,39,179,101.2,29.0,2,0,0,6
0,22,180,99.5,11.6,3,0,0,10
0,38,165,64.3,12.7,3,0,0,8
1,41,170,55.2,11.3,4,2,6,6
0,32,180,54.9,21.2,4,0,0,8
0,28,161,96.4,15.7,2,2,6,11
0,43,161,50.4,12.6,2,1,-5,14
1,49,171,59.9,0.0,4,2,8,5
0,20,200,81.7,0.0,4,0,0,6
1,50,179,83.2,29.7,2,0,0,13
0,25,167,63.4,29.3,3,0,0,16
1,26,188,103.9,0.0,4,1,-5,16
1,31,191,82.3,13.4,4,2,4,10
0,31,164,80.2,0.0,2,1,-6,10
0,34,183,83.8,25.4,4,0,0,4
0,20,162,57.8,15.4,2,0,0,5
1,58,164,67.0,11.3,5,2,5,11
1,55,186,97.1,25.5,1,0,0,15
0,57,195,66.5,12.0,5,0,0,16
0,45,158,57.7,28.2,5,1,-5,14
0,59,163,100.2,11.5,1,1,-5,7
0,39,183,87.3,27.9,1,2,7,16
0,49,167,98.1,15.3,4,2,8,16
1,41,161,102.3,26.3,3,0,0,14
1,57,167,82.6,27.4,3,1,-6,11
1,36,166,70.7,12.4,2,2,3,4
0,45,164,98.9,0.0,4,1,-8,7
0,18,160,62.9,10.9,2,0,0,6
1,45,186,80.8,25.8,5,2,8,13
1,21,183,100.8,26.8,3,2,5,13
0,56,167,109.8,11.0,2,0,0,15
1,57,188,81.3,0.0,3,2,7,4
1,36,188,77.5,0.0,1,0,0,12
0,18,181,50.5,0.0,2,0,0,13
1,39,160,104.3,20.7,1,1,-8,6
1,18,190,76.1,24.0,5,2,5,9
1,55,156,97.5,0.0,4,2,2,15
1,49,158,86.4,12.8,5,0,0,9
1,22,199,93.6,19.0,3,2,8,9
1,27,199,94.2,0.0,3,1,-4,14
0,37,156,80.1,19.6,5,0,0,7
0,53,189,55.5,14.2,3,0,0,15
1,53,171,84.5,14.9,4,1,-6,13
0,37,164,53.1,25.7,1,1,-6,5
0,45,185,58.9,28.7,4,1,-7,9
0,21,192,97.1,23.8,4,0,0,9
1,31,199,81.9,27.9,1,2,8,11
0,21,165,54.1,20.4,5,2,3,16
1,56,158,100.9,0.0,3,1,-7,7
1,36,171,61.8,21.4,3,0,0,7
1,44,176,109.6,18.2,3,1,-6,8
0,22,183,104.6,29.1,2,0,0,16
0,35,194,57.6,0.0,1,1,-3,9
0,36,188,51.5,13.7,3,0,0,4
0,59,157,57.6,18.0,3,0,0,10
1,18,174,66.5,0.0,2,2,3,7
1,51,197,83.4,11.2,1,2,7,13
0,53,157,67.6,16.9,4,2,3,5
0,24,161,80.9,27.5,2,0,0,14
0,33,194,59.8,12.7,4,1,-5,5
0,47,153,73.1,19.3,2,1,-5,4
1,58,173,109.8,24.4,2,0,0,6
0,49,181,73.0,27.7,3,0,0,12
0,45,163,50.4,26.4,2,0,0,14
1,33,186,54.5,15.6,4,1,-6,7
1,29,162,57.2,0.0,1,0,0,12
0,57,170,86.5,20.7,4,1,-7,16
0,34,173,66.5,10.9,4,0,0,8
1,26,172,73.0,27.4,3,2,6,13
1,36,165,78.6,0.0,2,0,0,13
0,42,162,53.0,26.0,1,0,0,6
0,25,192,78.4,29.4,2,2,8,16
1,48,180,91.7,25.6,5,0,0,5
1,25,172,107.9,0.0,3,1,-3,13
0,24,156,94.1,23.0,4,1,-6,6
1,30,172,61.3,0.0,3,2,3,6
0,52,181,109.6,20.9,4,0,0,15
1,45,189,107.2,15.4,5,0,0,12
1,47,172,67.4,16.1,4,0,0,4
1,26,200,87.9,22.6,1,0,0,13
1,36,185,75.8,25.1,2,1,-4,10
0,19,151,77.1,10.3,5,1,-3,14
1,24,175,74.8,21.3,3,2,4,12
1,57,167,63.9,12.5,4,0,0,9
0,29,156,102.3,29.7,2,0,0,13
0,58,175,87.5,26.1,3,2,6,16
1,40,198,76.7,25.4,1,0,0,6
0,60,165,91.5,24.0,5,2,2,9
0,26,155,84.5,10.9,1,1,-4,8
1,47,196,58.9,26.3,5,1,-2,12
1,49,165,68.9,0.0,3,0,0,13
0,29,166,56.1,25.1,3,2,7,6
0,50,150,53.9,0.0,4,2,6,11
1,42,150,71.8,0.0,2,1,-8,10
0,55,154,101.6,18.4,2,2,6,10
0,43,193,50.2,13.9,5,1,-7,11
0,39,181,101.5,20.5,1,2,8,7
0,52,168,60.6,14.1,5,0,0,6
0,24,189,85.3,15.4,1,2,5,5
0,34,163,109.1,19.4,5,1,-6,15
0,45,196,99.0,29.3,4,0,0,6
1,55,161,71.4,17.5,2,2,8,14
0,30,185,103.8,22.0,2,0,0,8
0,26,185,50.7,13.3,4,0,0,11
0,44,161,86.7,16.7,5,1,-5,5
0,23,179,91.7,0.0,1,0,0,9
1,18,184,108.4,29.3,4,0,0,15
1,20,195,104.2,10.5,5,2,4,7
1,19,154,109.3,0.0,3,1,-8,10
0,58,176,51.0,27.3,2,2,5,6
0,41,156,79.9,15.0,2,1,-5,15
0,37,182,78.1,13.2,5,2,7,6
1,18,162,102.4,16.6,2,2,6,15
0,36,171,78.9,10.8,2,2,3,14
1,53,171,56.9,25.7,2,2,3,9
0,40,181,50.9,27.8,4,1,-8,10
1,31,179,92.5,27.6,5,2,3,5
1,26,178,100.7,25.2,5,0,0,15
0,31,192,62.8,16.4,5,1,-5,8
0,42,151,56.3,16.2,3,0,0,11
1,21,176,54.9,17.3,4,1,-8,13
1,38,196,83.9,11.6,1,1,-5,7
0,23,199,105.7,26.6,4,2,6,13
1,21,196,102.9,14.9,2,1,-3,13
0,47,153,69.2,0.0,4,2,8,14
0,38,198,94.7,23.6,4,2,6,12
1,41,188,109.6,22.4,2,2,3,14
0,58,196,77.1,19.2,3,0,0,6
0,28,162,92.1,21.7,2,2,4,11
0,60,168,57.7,18.8,4,2,2,7
0,46,172,102.1,29.5,4,2,8,11
0,28,171,95.7,12.7,5,1,-5,9
1,20,162,57.0,15.9,1,1,-6,5
0,60,175,82.6,23.6,4,0,0,9
0,28,151,87.3,28.6,3,1,-2,8
1,24,184,93.5,0.0,5,2,2,6
1,37,168,58.4,26.6,5,1,-6,8
0,22,156,58.5,22.5,4,2,4,4
0,31,165,107.6,10.2,1,2,4,13
1,46,174,107.6,0.0,2,1,-2,6
0,46,189,63.9,18.4,2,0,0,15
0,56,154,83.1,14.1,5,0,0,8
0,52,150,88.7,24.7,1,2,8,7
1,37,162,78.9,25.9,1,1,-4,14
0,57,153,64.8,27.5,4,0,0,10
0,41,198,60.5,28.5,3,2,8,8
0,27,177,61.1,15.1,1,0,0,10
1,53,165,99.3,16.0,4,0,0,4
0,22,157,98.9,18.9,5,1,-6,16
0,28,183,96.1,13.6,5,0,0,6
1,28,174,76.0,18.4,3,1,-7,13
0,49,193,91.1,25.3,3,0,0,7
1,27,166,91.0,28.0,3,1,-3,15
0,49,191,98.4,21.4,2,2,4,11
0,54,172,94.8,24.9,3,2,4,10
0,54,153,106.5,12.5,5,0,0,11
0,42,164,104.8,23.4,3,2,3,4
0,37,182,72.4,17.6,5,1,-6,6
1,34,179,59.0,28.7,5,2,2,8
0,38,179,60.7,16.2,5,2,3,12
1,34,164,77.4,16.6,5,1,-5,10
1,53,154,63.4,11.3,3,0,0,11
1,50,178,66.9,29.8,2,2,5,6
1,26,170,76.3,22.4,1,0,0,8
0,39,178,83.7,21.7,3,1,-5,7
0,52,175,53.8,21.3,1,0,0,9
1,39,168,81.3,22.6,2,0,0,8
0,36,171,60.7,16.5,2,0,0,11
1,47,158,94.9,18.6,5,0,0,15
0,19,162,77.5,19.9,3,1,-6,12
0,41,186,84.4,12.3,2,2,5,6
0,19,183,62.7,13.2,2,0,0,4
1,33,156,71.7,14.3,5,1,-4,11
1,45,152,86.8,12.1,3,0,0,10
1,46,165,52.8,22.7,2,2,2,5
1,40,156,108.7,0.0,4,1,-3,7
1,51,171,89.9,21.1,3,1,-5,13
1,33,177,93.4,14.3,4,1,-5,9
1,46,186,100.3,17.0,5,0,0,13
0,46,195,79.3,12.1,4,1,-5,14
1,36,172,75.6,0.0,2,1,-4,12
0,52,191,86.8,16.5,5,2,6,12
1,35,194,103.6,11.1,1,0,0,5
1,29,161,88.5,18.3,2,2,8,9
0,18,164,97.1,21.1,1,1,-5,12
1,46,179,99.4,14.7,2,1,-7,4
1,37,183,108.8,11.9,4,1,-3,12
1,57,184,57.3,22.1,4,1,-3,6
0,30,193,93.2,17.5,5,0,0,4
0,53,160,73.2,27.9,5,0,0,6
0,43,190,62.8,21.4,4,0,0,11
1,18,171,63.5,11.5,4,1,-7,14
1,54,151,53.9,0.0,5,2,4,6
0,26,192,54.4,24.9,1,0,0,11
0,37,196,97.8,13.7,1,1,-7,4
1,25,161,62.1,16.6,1,2,6,7
0,21,194,74.7,26.4,2,0,0,6
0,26,200,108.6,0.0,4,1,-4,6
1,57,179,86.7,21.6,3,0,0,10
1,30,175,68.9,29.2,1,1,-2,8
1,20,151,84.7,15.3,4,0,0,16
0,35,173,72.9,0.0,2,2,7,6
0,33,172,56.3,28.1,4,0,0,13
1,45,188,93.0,22.9,1,2,7,4
0,59,180,82.7,12.6,5,2,3,8
0,31,162,71.5,17.9,4,0,0,11
1,21,157,65.0,15.2,5,0,0,5
1,49,170,95.2,29.3,4,0,0,10
1,34,197,92.2,12.3,5,0,0,10
1,56,169,80.3,22.0,4,1,-5,11
1,36,168,98.8,28.1,4,2,2,15
1,43,183,90.9,13.8,4,2,4,11
0,37,179,53.4,19.8,5,1,-2,13
0,26,159,73.1,0.0,2,1,-2,5
0,27,189,99.2,26.9,3,1,-6,15
0,59,197,72.0,27.4,5,0,0,15
1,22,166,78.0,0.0,1,0,0,10
0,40,161,93.4,27.4,2,1,-4,8
1,40,173,72.6,29.9,5,2,7,9
1,39,175,98.5,25.0,4,0,0,7
0,38,162,94.2,0.0,2,1,-8,14
0,19,166,67.0,22.1,1,0,0,13
0,36,163,85.4,17.9,1,2,7,12
1,35,180,62.8,11.9,4,1,-5,13
0,52,179,67.5,0.0,1,1,-7,16
1,43,161,106.4,23.2,3,2,7,8
0,18,174,69.8,17.0,5,2,4,7
0,60,196,85.1,29.4,1,1,-3,7
1,51,183,51.4,23.4,5,1,-6,10
1,50,180,84.3,14.5,5,1,-4,6
0,27,156,74.7,22.1,3,0,0,7
0,36,157,84.9,10.6,4,2,6,11
0,49,193,59.5,0.0,5,1,-7,14
1,21,151,100.6,0.0,2,0,0,12
1,21,181,85.6,28.2,4,1,-8,10
0,51,198,56.2,16.2,4,2,4,13
0,56,181,98.5,17.9,4,0,0,4
0,45,194,87.5,11.7,4,0,0,8
0,49,150,89.4,11.0,5,1,-5,13
0,57,195,62.4,19.8,4,1,-7,13
1,54,164,93.6,27.4,3,0,0,5
0,33,158,56.7,22.9,1,1,-3,13
0,38,180,56.3,26.7,2,1,-6,10
1,36,175,101.0,14.0,2,2,7,10
1,45,186,55.1,14.0,2,2,4,6
0,58,172,88.8,23.2,3,1,-3,6
0,39,160,69.9,24.4,1,1,-2,6
0,23,152,71.5,0.0,5,2,5,12
0,57,150,57.1,22.8,2,0,0,10
1,32,152,79.9,11.4,4,0,0,10
1,21,178,106.9,25.4,3,1,-5,13
1,27,185,99.0,10.2,4,0,0,7
1,48,194,58.3,11.3,1,1,-4,5
1,53,191,56.4,28.6,1,1,-2,8
1,25,164,99.5,24.8,4,0,0,13
1,29,167,87.9,0.0,2,2,3,15
0,18,165,107.3,23.7,3,1,-3,11
1,59,187,87.9,26.7,5,0,0,9
1,23,153,52.8,0.0,5,1,-8,7
0,28,188,52.9,19.6,3,0,0,10
1,45,167,76.0,19.6,5,2,4,14
1,46,178,98.7,29.0,3,2,6,7
0,28,196,73.9,0.0,1,1,-7,9
1,53,198,89.8,29.7,3,2,8,10
1,30,152,95.2,18.2,3,2,6,5
0,36,151,51.9,26.6,2,0,0,4
0,34,152,80.1,27.2,5,2,8,16
0,57,159,65.6,10.1,3,0,0,8
0,33,189,68.1,19.0,1,2,8,8
0,48,181,58.0,21.5,1,1,-2,5
0,58,170,80.5,15.5,1,1,-2,6
1,33,184,86.0,29.0,1,0,0,15
1,57,170,79.4,0.0,1,2,2,7
0,40,165,107.3,19.6,5,1,-7,7
0,21,199,79.3,22.3,2,2,2,14
0,59,155,63.0,12.7,1,1,-2,7
0,35,184,80.1,21.2,5,1,-6,8
0,56,182,56.2,24.3,1,1,-8,15
1,32,158,52.9,26.6,2,0,0,9
0,33,179,101.7,16.7,2,1,-4,12
1,37,186,88.7,11.6,2,0,0,16
1,46,154,54.4,23.4,4,2,3,13
0,55,186,110.0,16.5,4,2,6,12
0,47,185,92.5,0.0,2,1,-2,5
1,33,200,67.4,22.1,5,2,2,11
0,35,163,59.0,27.0,4,1,-6,11
1,48,192,79.1,25.2,1,0,0,12
0,55,188,60.7,25.4,3,0,0,16
1,38,165,73.0,26.0,1,0,0,6
0,42,190,102.4,23.3,5,0,0,6
0,24,186,100.9,0.0,5,2,5,8
1,34,198,82.4,21.4,5,0,0,6
0,21,194,63.8,17.5,1,0,0,7
0,50,164,64.3,17.9,3,0,0,14
1,35,151,57.5,15.5,2,2,4,12
1,41,163,95.1,28.9,5,2,4,11
0,57,161,94.9,14.2,3,2,3,16
1,36,153,86.0,18.0,4,1,-6,7
1,42,189,104.9,0.0,2,0,0,6
1,28,159,69.3,0.0,4,0,0,13
0,59,186,67.1,29.2,2,2,5,15
0,25,156,59.1,0.0,3,0,0,16
1,58,172,91.5,22.5,5,0,0,14
1,46,185,54.3,21.9,3,1,-2,12
1,53,154,52.2,29.3,2,0,0,10
0,23,178,57.6,11.6,5,1,-6,11
1,21,155,60.6,11.0,4,0,0,8
0,55,193,98.8,0.0,1,1,-6,5
0,25,169,56.1,0.0,2,0,0,8
1,54,181,57.1,22.1,3,0,0,6
1,57,156,105.4,24.3,5,1,-2,12
1,54,196,81.3,25.6,4,2,5,5
0,28,177,70.7,21.4,2,1,-3,7
1,30,152,79.4,20.5,1,0,0,5
1,43,150,96.8,14.6,1,1,-6,13
1,32,179,50.8,13.0,4,0,0,9
0,57,155,57.9,23.7,5,2,8,8
1,42,175,82.4,0.0,1,2,5,5
1,53,176,99.3,19.1,4,1,-3,12
1,36,185,86.0,10.4,4,2,3,11
1,33,186,109.3,24.4,3,0,0,10
1,38,196,78.7,19.4,4,0,0,6
1,51,167,106.4,11.6,5,1,-7,4
1,39,175,100.8,23.1,4,0,0,4
1,44,162,69.8,12.5,2,1,-5,11
0,33,167,51.9,13.9,2,0,0,13
1,56,178,98.1,21.9,4,2,2,13
1,24,183,81.8,16.0,5,0,0,4
0,33,164,99.8,13.3,3,1,-6,12
0,58,163,107.4,27.5,1,0,0,8
0,32,186,72.6,25.5,5,1,-6,11
1,18,197,65.6,14.9,2,1,-3,5
1,20,151,53.9,20.2,5,1,-4,12
0,57,152,101.4,17.2,5,2,2,14
1,59,188,57.3,12.3,4,2,2,13
0,27,167,87.8,18.0,2,1,-7,15
0,24,198,82.5,12.8,5,2,2,11
1,46,171,57.0,20.7,3,0,0,16
1,30,198,107.1,20.4,5,1,-4,15
1,23,167,80.0,26.3,1,1,-4,7
1,48,161,65.1,20.5,2,1,-2,6
1,28,184,89.3,27.2,4,2,5,8
0,30,198,83.4,12.1,1,0,0,8
1,38,189,61.5,11.5,3,0,0,11
0,58,176,105.7,14.5,5,0,0,4
1,26,150,105.1,24.8,1,1,-2,4
1,49,197,54.7,24.6,2,2,7,10
0,55,164,93.9,10.3,2,2,5,7
0,58,164,70.9,21.2,3,2,3,10
0,45,164,98.9,29.8,1,2,7,13
1,35,174,74.0,15.7,4,0,0,15
1,34,180,63.2,29.2,1,2,6,7
0,30,173,107.7,14.1,5,2,6,13
0,55,158,59.8,23.9,5,0,0,11
0,58,170,71.0,24.9,3,1,-8,15
1,40,184,62.4,16.6,5,1,-2,14
1,21,166,61.1,13.2,5,0,0,9
0,21,200,52.5,29.0,5,0,0,12
1,32,167,56.2,23.7,4,0,0,14
0,32,179,82.5,12.7,4,0,0,15
1,52,161,78.9,13.3,1,1,-5,16
1,26,180,108.4,23.0,2,2,8,12
0,39,188,51.7,13.5,2,1,-5,5
1,23,176,61.7,21.2,4,1,-7,15
0,58,150,65.5,16.4,2,2,8,4
0,18,169,109.2,0.0,5,1,-6,13
1,48,184,74.5,11.0,4,2,3,5
1,39,186,66.5,26.1,5,2,3,10
1,43,164,55.6,27.8,2,1,-4,12
0,19,153,103.5,24.8,1,2,6,12
0,46,192,74.6,14.5,2,2,2,11
1,54,175,54.1,11.1,5,2,7,4
0,41,185,68.3,12.1,1,0,0,6
1,43,172,89.6,0.0,4,1,-4,4
1,21,159,104.6,0.0,2,0,0,4
0,43,166,61.2,26.1,3,1,-5,13
1,49,151,84.1,0.0,2,2,7,8
0,23,167,51.1,27.6,5,0,0,11
1,36,191,53.8,28.4,4,0,0,12
0,18,178,104.7,19.9,3,2,3,6
1,28,190,87.9,14.1,3,0,0,16
1,44,192,92.4,26.5,3,2,3,11
1,31,198,107.9,0.0,2,1,-3,9
0,43,155,103.7,15.8,1,1,-3,15
0,55,155,85.4,20.8,4,0,0,14
1,46,155,52.1,0.0,3,0,0,14
1,26,176,57.4,24.4,2,1,-2,5
0,41,179,69.2,29.5,3,2,5,6
1,32,171,68.3,0.0,4,0,0,12
0,47,200,74.6,0.0,3,2,4,8
1,30,162,108.4,18.5,3,1,-6,5
1,26,156,90.2,25.6,4,2,3,7
1,49,166,85.4,22.0,2,1,-8,11
1,47,176,60.9,23.3,2,2,8,12
1,21,163,80.3,18.7,5,1,-8,10
1,54,166,74.5,17.4,2,0,0,15
0,20,160,92.2,0.0,1,0,0,12
0,49,152,89.4,19.1,1,2,7,4
1,22,187,96.3,27.3,1,0,0,5
1,42,173,68.3,0.0,4,2,5,8
1,53,152,60.5,16.2,2,0,0,6
0,33,193,84.3,11.1,3,2,6,5
1,23,154,63.7,0.0,5,2,6,13
1,24,176,90.6,27.4,2,2,6,15
1,21,150,71.5,23.3,5,1,-4,12
1,19,171,52.4,16.1,2,2,2,14
0,52,150,56.7,12.6,2,1,-2,15
0,45,192,95.2,25.1,4,0,0,11
1,50,177,106.4,25.2,4,0,0,16
0,44,199,71.3,13.2,4,2,6,14
0,52,184,61.0,21.4,1,1,-5,13
1,36,161,79.5,0.0,1,2,6,6
0,38,165,66.2,16.4,2,1,-2,11
1,50,170,55.2,24.7,1,0,0,16
1,47,191,98.9,18.7,5,1,-7,7
0,24,195,57.6,18.3,1,0,0,16
1,44,177,105.3,28.9,1,0,0,5
0,44,162,83.4,21.5,3,2,5,10
1,21,156,50.7,23.1,4,0,0,8
0,52,183,88.5,0.0,2,1,-2,12
1,28,188,107.9,12.2,1,2,8,6
1,35,185,108.7,18.9,4,0,0,5
1,59,200,101.0,20.8,3,1,-3,11
0,34,160,71.3,30.0,2,0,0,12
0,33,186,82.0,11.1,3,2,3,8
1,35,184,100.9,0.0,5,2,6,14
0,48,172,58.8,19.6,4,1,-5,7
0,30,194,65.1,10.4,5,1,-6,12
1,45,150,83.3,11.0,2,2,5,10
1,18,173,61.1,27.8,1,2,5,4
1,47,187,55.5,20.5,3,2,8,15
0,29,185,79.2,25.2,2,2,5,10
0,51,164,107.3,20.8,2,2,7,16
1,38,160,73.1,27.5,4,1,-3,11
1,24,174,91.2,24.1,5,1,-5,8
1,25,190,83.7,23.1,4,0,0,7
1,41,184,70.9,26.7,2,0,0,14
0,50,173,61.1,15.4,1,2,6,7
1,31,154,55.6,0.0,3,2,2,4
0,44,169,52.2,29.9,3,0,0,6
0,46,155,62.2,28.9,1,2,4,7
1,22,185,106.2,21.9,1,2,4,12
1,41,150,82.3,14.8,2,0,0,12
0,34,181,68.7,18.4,2,0,0,14
0,42,161,53.4,18.7,2,0,0,8
0,38,189,97.2,27.5,4,1,-8,13
0,36,153,89.9,27.3,3,0,0,11
0,59,167,90.7,16.2,2,1,-4,12
0,31,196,53.8,18.4,3,0,0,6
0,58,199,79.4,28.1,4,2,7,4
0,48,191,60.5,12.2,1,0,0,13
1,54,171,67.5,29.6,3,1,-6,8
1,28,175,69.8,14.6,2,2,2,13
0,58,185,62.5,20.0,4,1,-7,9
0,34,180,95.5,13.0,5,0,0,12
0,18,195,99.8,21.8,4,0,0,15
0,18,150,92.3,15.2,4,0,0,12
1,57,197,82.9,0.0,3,2,5,12
0,31,187,75.1,0.0,2,0,0,5
0,37,180,90.0,19.4,5,0,0,8
1,41,198,88.0,14.6,5,2,8,7
0,22,199,71.8,28.7,4,2,4,10
0,27,168,86.5,27.5,3,0,0,11
1,18,180,83.7,26.2,1,0,0,9
0,29,169,107.9,17.2,4,2,4,10
1,58,166,59.9,21.4,2,2,4,10
1,30,191,75.7,14.2,4,0,0,5
1,27,181,78.8,0.0,2,0,0,5
1,41,193,54.8,28.0,4,1,-3,16
0,32,150,58.2,24.5,4,0,0,11
1,39,173,79.9,24.3,4,0,0,7
0,19,180,98.0,28.3,1,2,6,8
1,43,165,88.6,15.0,1,0,0,12
0,38,157,62.5,22.2,5,1,-7,15
1,57,167,86.7,13.5,1,2,4,4
0,56,184,57.9,0.0,1,1,-7,6
0,30,193,66.6,24.0,1,1,-6,13
1,57,151,61.9,12.1,2,0,0,10
0,24,178,92.0,0.0,3,0,0,13
0,26,177,65.7,14.9,4,1,-5,4
1,32,186,66.1,29.8,4,2,3,8
1,37,182,97.2,0.0,4,1,-6,6
1,44,178,103.3,21.4,5,0,0,10
1,53,169,101.5,24.9,5,0,0,7
1,42,191,82.7,22.8,5,1,-5,16
0,33,193,67.5,24.5,2,0,0,6
1,29,180,97.6,27.7,4,0,0,10
1,55,154,83.2,10.5,2,0,0,12
0,25,171,108.7,25.6,4,2,3,10
0,39,193,55.1,15.8,3,1,-6,13
0,25,160,104.7,0.0,3,2,2,4
1,23,161,76.7,19.1,3,2,6,15
1,21,178,105.8,0.0,1,2,8,11
0,48,185,72.6,23.7,5,1,-3,10
0,28,177,81.0,21.7,2,2,3,8
1,21,162,108.1,25.5,5,0,0,6
0,40,197,92.8,18.4,5,1,-3,4
0,53,172,77.9,25.0,2,1,-3,12
0,19,165,93.6,24.4,5,0,0,16
1,27,156,105.3,0.0,3,2,3,7
1,59,163,73.2,13.5,5,2,4,14
1,34,180,82.8,16.6,5,2,3,9
1,57,185,54.5,26.8,5,0,0,13
0,47,161,72.9,20.1,4,2,6,13
1,24,172,50.8,0.0,2,1,-2,16
1,36,190,53.5,12.5,1,2,5,8
0,41,179,81.7,15.9,2,2,8,12
1,31,185,55.6,18.0,4,1,-7,5
0,46,181,92.0,16.6,3,0,0,10
1,55,158,109.4,29.3,2,0,0,4
0,38,162,93.9,13.0,3,2,7,8
1,56,181,79.5,15.0,5,2,7,12
0,35,191,100.8,28.9,1,2,7,7
0,22,173,86.9,0.0,3,0,0,7
0,25,166,95.7,12.6,3,2,2,5
0,22,179,61.1,18.5,1,2,6,10
1,45,185,87.6,15.1,4,0,0,7
0,47,157,70.2,10.3,3,1,-4,4
1,20,176,73.0,24.2,5,0,0,16
1,51,151,104.5,0.0,3,0,0,13
1,57,188,85.6,14.8,5,2,8,11
1,43,187,68.2,0.0,5,1,-6,8
0,36,150,56.4,27.6,5,2,5,6
0,27,179,72.9,22.6,4,0,0,12
0,57,150,103.0,12.6,1,2,2,9
0,43,182,104.3,13.1,2,2,4,15
1,57,180,82.6,19.6,4,0,0,10
1,25,200,50.2,0.0,4,1,-6,14
0,47,165,69.1,24.2,1,2,8,5
1,39,186,59.0,17.8,3,0,0,16
0,20,182,105.2,24.5,3,2,4,4
1,51,152,109.6,0.0,2,0,0,8
0,30,181,73.9,22.4,2,0,0,14
1,21,190,71.4,13.4,1,2,5,11
1,34,194,68.6,27.2,3,1,-2,15
1,35,184,97.4,27.0,1,2,5,16
0,41,170,80.1,20.1,1,0,0,4
1,40,153,67.5,20.9,3,0,0,9
0,33,198,100.5,0.0,2,1,-2,10
0,46,194,57.3,12.4,5,2,8,6
0,33,155,82.0,28.4,1,0,0,14
0,24,184,105.0,25.8,3,1,-5,12
1,52,198,59.8,29.3,5,1,-6,7
0,29,179,90.2,17.6,2,2,8,10
0,28,159,59.0,11.7,3,1,-4,10
1,54,199,101.4,12.8,5,1,-4,9
0,18,162,74.9,28.0,3,1,-3,12
1,55,179,96.8,24.8,1,2,4,10
0,45,191,103.1,0.0,3,2,8,12
0,24,191,58.4,25.5,1,2,4,4
0,36,168,86.8,16.4,3,1,-3,5
1,25,170,55.4,27.6,3,2,5,12
1,39,186,101.3,17.3,1,2,8,5
1,23,191,60.6,28.0,5,1,-8,12
0,49,181,63.4,10.5,5,1,-2,4
0,59,179,64.2,17.3,1,0,0,9
1,36,160,53.1,12.1,2,0,0,8
0,53,173,81.1,13.0,1,1,-2,7
0,49,165,107.6,27.3,4,2,6,10
0,34,190,85.3,12.7,3,1,-8,16
0,48,173,99.2,24.2,5,0,0,6
0,38,155,58.9,12.0,2,1,-7,12
0,47,162,77.9,18.0,4,0,0,16
0,43,177,92.1,16.8,4,2,8,7
0,52,152,107.7,12.3,4,1,-8,12
0,49,186,60.5,29.3,2,2,6,16
0,44,192,95.9,12.8,3,2,4,6
0,51,200,93.7,16.3,1,0,0,12
0,39,192,77.3,22.8,2,0,0,5
0,53,160,53.7,25.4,5,0,0,7
0,45,170,86.4,23.6,1,0,0,11
1,33,150,84.5,28.5,1,2,6,14
1,22,159,70.7,22.2,2,0,0,8
1,51,184,74.2,29.7,1,2,2,7
1,28,160,60.1,11.8,2,1,-7,7
1,54,177,93.4,26.1,4,0,0,12
1,55,190,85.2,0.0,5,1,-5,13
0,22,157,104.6,24.8,1,0,0,5
1,28,156,63.7,17.0,1,0,0,10
0,25,162,102.6,13.7,1,2,6,13
0,33,191,107.0,15.2,4,2,3,8
0,34,180,59.3,13.8,5,2,5,14
0,57,177,94.8,27.7,3,1,-2,8
0,31,198,108.6,0.0,3,0,0,13
1,21,181,90.6,22.2,1,1,-8,13
1,45,193,87.2,14.0,2,0,0,10
1,43,157,100.1,13.4,1,0,0,7
1,20,151,67.5,21.0,1,2,7,14
1,26,200,67.5,0.0,5,1,-2,14
0,42,178,50.5,27.3,5,1,-6,16
1,34,185,59.5,29.5,4,2,7,10
1,55,164,55.8,14.8,5,1,-5,12
1,55,172,102.6,16.0,1,2,4,16
1,59,164,84.0,12.4,4,1,-2,11
0,27,195,104.4,28.3,2,1,-2,14
0,50,198,51.7,28.4,5,1,-3,11
1,22,184,74.6,15.1,1,2,3,15
1,31,168,58.2,19.0,5,1,-3,16
1,24,171,98.3,29.0,2,2,8,16
1,38,186,67.2,26.8,2,2,2,9
1,38,184,80.9,24.5,5,0,0,12
1,20,193,96.9,13.3,2,0,0,16
0,38,182,102.8,25.5,2,1,-5,15
0,60,183,92.4,21.2,5,2,4,5
0,26,170,67.7,0.0,4,1,-2,9
0,28,184,57.7,25.3,1,2,5,14
0,44,166,98.7,0.0,1,1,-8,12
0,34,155,58.2,14.4,3,1,-6,14
1,45,167,67.2,12.0,1,0,0,7
1,54,169,70.2,29.5,1,0,0,11
1,42,167,88.4,21.3,5,0,0,6
0,24,178,91.3,15.5,5,2,2,9
1,22,163,67.2,22.3,2,0,0,7
0,21,160,60.6,20.5,3,2,2,8
0,37,184,72.4,12.3,1,0,0,5
0,35,186,95.0,17.0,2,0,0,6
0,44,168,109.4,15.4,3,2,2,16
0,39,160,109.3,26.1,5,0,0,15
0,21,178,73.3,23.9,3,1,-6,13
1,56,152,64.9,18.7,1,1,-4,11
1,19,158,108.4,17.9,3,0,0,12
1,45,165,50.7,10.9,5,2,5,12
0,48,178,109.6,28.7,3,0,0,12
0,22,190,93.2,17.0,4,0,0,15
1,33,150,58.6,0.0,1,1,-5,5
1,40,176,85.6,15.5,3,2,2,8
0,45,182,70.0,10.4,5,2,3,13
0,27,193,61.6,12.9,4,1,-2,14
1,26,161,102.1,16.5,5,0,0,16
0,26,161,103.9,29.9,2,1,-7,6
0,24,155,64.2,12.5,5,1,-4,12
1,48,160,83.1,0.0,3,0,0,12
0,53,153,59.8,16.1,5,1,-5,11
0,18,184,56.2,14.8,5,2,5,16
0,52,152,71.2,0.0,4,1,-8,10
0,56,179,104.1,22.2,2,2,5,10
0,54,187,91.3,28.2,2,0,0,11
0,22,179,72.3,22.8,4,1,-2,4
0,25,188,64.8,13.1,2,1,-2,7
0,26,150,96.5,23.5,5,1,-8,5
1,41,186,102.9,20.4,2,1,-4,6
0,34,163,67.6,15.9,5,1,-5,10
0,40,160,92.2,12.0,5,1,-3,14
0,54,173,100.5,24.6,3,2,2,10
0,21,161,91.5,0.0,5,1,-5,4
1,35,179,82.8,13.3,4,0,0,12
1,52,173,96.3,18.0,5,2,2,15
1,18,152,73.6,22.6,3,0,0,12
1,56,192,77.1,26.0,2,1,-4,8
1,54,182,98.1,23.8,4,0,0,7
1,50,154,95.7,20.6,4,1,-7,13
0,49,192,69.9,10.2,1,1,-7,7
1,20,159,78.9,16.3,2,1,-7,5
0,35,162,86.5,29.3,5,0,0,12
1,20,190,95.4,10.8,1,1,-2,16
1,19,159,106.0,17.4,1,1,-3,8
1,48,161,53.1,25.6,3,2,3,16
1,52,159,57.2,28.7,5,2,2,10
1,42,171,57.7,20.9,3,2,6,8
1,57,175,90.5,20.2,4,2,8,16
1,42,179,67.2,17.6,2,1,-4,11
0,41,157,103.5,27.8,4,1,-7,6
0,30,182,107.7,17.7,4,1,-6,15
1,40,159,77.9,10.7,5,0,0,15
1,56,173,100.9,0.0,2,0,0,14
0,30,183,97.0,16.6,5,2,7,7
0,24,167,70.3,18.4,3,2,8,5
0,39,150,94.4,28.7,4,1,-3,4
1,39,179,63.6,12.8,2,1,-2,13
0,44,171,86.8,21.8,3,0,0,13
0,35,152,82.1,24.2,3,0,0,12
1,25,182,80.1,16.8,5,0,0,4
0,33,199,103.5,28.1,3,0,0,16
0,53,175,77.1,14.3,5,1,-8,4
1,34,182,70.4,11.4,5,2,8,7
0,32,172,85.0,19.2,4,2,6,14
0,41,166,60.3,22.9,4,2,7,4
0,41,200,72.2,17.3,2,2,2,5
1,42,190,52.8,11.3,4,0,0,14
1,50,167,74.9,15.0,5,0,0,6
0,45,177,67.9,18.9,1,0,0,5
0,27,164,96.2,18.2,2,0,0,8
0,30,160,55.9,23.0,2,0,0,9
1,44,198,73.0,12.5,2,2,3,4
1,44,194,100.3,23.7,4,2,6,10
1,60,174,101.6,28.5,4,1,-5,14
0,21,185,56.2,20.7,2,0,0,11
1,48,154,106.0,15.4,4,2,8,14
0,43,196,98.7,0.0,1,0,0,4
0,49,152,92.0,27.6,5,2,8,5
1,45,167,53.3,0.0,2,2,6,15
1,22,191,109.3,0.0,5,0,0,14
0,31,183,60.0,22.4,1,2,2,11
0,38,169,84.4,0.0,2,0,0,14
1,58,167,81.1,0.0,4,1,-3,11
1,49,164,69.7,10.8,4,1,-2,13
1,57,164,91.9,16.2,3,2,8,11
1,41,190,55.3,21.0,5,0,0,4
0,40,171,91.1,11.0,3,2,6,13
1,48,184,53.6,25.0,5,2,3,14
0,45,152,89.2,10.1,2,2,4,16
0,31,169,63.3,23.8,4,0,0,14
1,30,200,107.6,0.0,1,0,0,15
1,40,172,109.3,16.9,4,0,0,12
0,55,154,53.5,25.6,4,0,0,7
0,49,163,105.7,22.8,1,2,5,4
0,23,194,72.4,0.0,1,2,8,11
0,59,183,70.5,22.0,5,2,7,6
1,40,177,57.4,29.7,2,1,-4,15
1,21,166,101.9,21.4,5,2,3,12
1,57,197,91.0,0.0,2,0,0,10
0,37,180,89.2,20.9,1,2,2,13
1,19,168,94.9,13.3,5,0,0,4
1,49,196,90.3,29.4,2,1,-5,14
0,46,183,67.9,0.0,4,0,0,14
1,50,178,51.2,24.7,1,0,0,14
1,31,169,64.5,26.4,4,1,-3,7
0,19,176,88.3,23.3,3,2,5,12
1,32,174,57.9,15.0,3,2,7,14
0,60,189,98.2,27.1,4,2,4,15
1,29,177,109.8,26.6,2,1,-2,12
0,27,197,94.7,14.8,1,1,-6,14
1,57,193,62.9,28.6,3,2,3,15
0,48,160,75.3,27.0,5,2,3,13
1,46,193,54.3,25.2,5,2,4,5
0,51,194,58.3,0.0,2,1,-6,4
0,42,164,84.4,19.1,4,1,-2,14
1,44,157,73.1,13.4,5,2,5,8
1,31,154,52.3,28.5,2,0,0,10
0,29,198,101.3,20.0,1,1,-6,8
0,37,172,83.4,17.4,2,0,0,11
1,28,170,99.2,0.0,4,0,0,13
1,25,157,80.5,17.6,2,2,3,10
0,32,186,63.0,14.8,2,1,-4,11
0,33,186,93.3,21.5,2,0,0,8
1,38,199,106.6,12.1,4,1,-5,16
1,32,152,91.0,10.3,1,2,2,7
1,56,163,59.6,0.0,2,0,0,13
1,56,150,54.6,11.7,1,2,2,6
1,54,199,98.8,17.6,5,2,8,12
1,18,154,58.3,14.6,1,2,3,6
1,31,153,53.0,12.7,4,0,0,4
1,58,196,107.0,21.4,3,1,-6,6
1,55,185,100.2,11.7,2,0,0,15
0,24,155,59.3,27.6,5,2,6,16
0,30,188,57.4,22.2,5,0,0,5
1,22,167,64.0,27.5,1,2,3,8
0,54,200,88.4,0.0,3,1,-3,6
0,32,190,55.6,21.9,4,0,0,8
1,44,184,65.8,11.2,5,1,-7,15
0,27,151,94.6,25.5,3,2,3,10
1,29,151,55.6,28.6,3,2,5,15
0,29,175,89.1,18.0,1,0,0,14
0,34,154,78.1,19.6,2,0,0,11
1,37,151,55.5,14.7,4,2,7,10
1,59,173,62.3,29.0,2,2,4,15
1,27,157,51.9,16.1,4,0,0,11
0,25,157,56.7,15.1,4,1,-7,5
0,21,158,64.5,29.6,1,0,0,16
1,23,175,62.2,16.6,5,1,-5,5
0,33,191,52.9,21.6,1,2,3,8
0,37,191,87.3,17.1,5,0,0,7
1,21,176,51.9,21.6,3,1,-3,14
0,50,198,90.5,25.5,1,1,-8,8
1,33,178,91.9,23.2,4,1,-3,10
1,39,193,78.7,22.5,1,0,0,8
0,55,180,53.9,29.1,2,0,0,15
1,21,187,64.5,17.2,5,0,0,12
0,31,153,76.1,17.1,4,2,7,16
1,43,165,102.8,25.3,3,1,-4,12
1,31,153,103.3,28.6,2,2,2,9
0,48,173,93.9,15.7,4,1,-7,7
1,32,173,70.8,0.0,4,2,5,14
0,18,168,96.5,17.0,2,2,5,10
1,52,182,90.9,24.0,5,1,-8,7
0,24,164,59.9,25.3,1,0,0,10
0,39,190,90.4,21.5,1,1,-3,11
1,44,186,62.5,29.8,2,0,0,7
0,20,193,81.9,24.1,3,1,-6,7
0,42,192,98.7,20.6,2,1,-6,13
0,49,190,86.0,19.8,3,1,-7,11
0,55,169,65.7,0.0,3,1,-2,9
1,49,159,85.2,19.5,2,2,6,8
0,23,184,79.0,22.6,5,0,0,12
0,27,187,81.8,20.3,1,0,0,12
0,48,190,80.9,21.3,2,2,6,13
1,42,191,79.2,20.5,1,1,-2,12
0,41,178,92.3,0.0,1,0,0,10
0,25,182,78.0,18.9,1,1,-3,8
0,47,199,68.2,12.4,5,0,0,6
1,39,194,58.5,17.9,2,2,4,12
1,32,174,92.7,12.2,2,0,0,8
0,54,184,71.3,16.0,5,2,8,12
1,20,175,63.0,0.0,4,2,7,5
0,18,157,61.3,22.0,1,0,0,8
1,20,186,50.0,15.8,2,2,2,6
0,25,184,91.7,24.0,3,1,-2,12
0,51,183,92.7,16.4,3,1,-3,16
0,37,188,99.0,10.9,1,1,-7,7
1,56,150,81.9,15.5,1,0,0,9
1,19,166,98.9,20.4,3,1,-6,16
1,51,171,58.4,21.4,2,2,4,4
1,23,183,90.8,16.0,2,0,0,16
1,43,171,74.7,10.6,1,0,0,9
0,40,174,74.5,16.9,3,1,-8,13
1,29,185,74.1,16.4,4,2,6,10
1,19,150,77.7,22.9,5,0,0,12
0,44,153,53.4,15.2,4,0,0,8
1,52,192,88.0,28.1,2,1,-5,8
0,37,180,68.9,0.0,2,2,7,5
1,39,168,93.2,29.2,5,1,-8,9
1,34,152,72.6,18.3,4,1,-8,4
1,45,152,56.9,0.0,3,0,0,14
1,58,182,67.2,17.9,4,2,2,8
1,21,196,72.7,23.6,1,0,0,15
0,20,199,86.2,17.0,2,2,3,5
0,53,173,59.0,27.7,1,1,-2,16
1,27,194,83.2,22.6,4,0,0,11
1,21,187,60.5,24.5,5,2,2,10
0,19,187,82.4,27.7,2,2,3,14
0,37,154,59.0,10.8,3,2,3,9
0,39,183,89.0,20.2,3,2,5,7
0,42,194,93.8,26.7,3,0,0,4
0,33,165,87.3,17.5,1,0,0,8
0,28,193,57.2,22.0,1,0,0,8
1,52,160,89.4,13.4,3,0,0,6
1,55,187,53.2,14.4,1,1,-4,15
0,54,151,53.4,12.8,5,0,0,7
0,43,156,70.7,14.1,1,2,3,10
0,27,192,84.2,0.0,2,1,-7,12
0,54,187,94.8,0.0,2,0,0,6
0,44,177,99.0,13.0,5,1,-8,13
0,34,186,105.8,25.9,5,2,2,8
1,19,152,53.1,0.0,2,0,0,7
1,27,195,103.9,12.3,1,1,-5,14
0,25,186,97.3,22.6,3,1,-2,7
1,21,192,53.7,0.0,2,2,6,11
1,41,194,54.8,22.5,1,0,0,11
0,42,173,71.0,14.7,3,0,0,7
0,34,198,55.2,19.0,5,1,-5,12
0,19,166,105.1,14.6,1,0,0,15
1,39,191,52.9,28.3,2,0,0,10
1,38,185,105.0,18.2,2,0,0,13
0,37,154,50.4,28.3,5,0,0,7
0,26,155,53.6,26.0,2,1,-5,8
0,42,198,85.5,0.0,5,1,-3,10
1,21,168,98.4,22.8,3,0,0,7
0,45,198,56.1,17.0,5,1,-3,6
1,54,161,84.8,19.9,4,2,3,9
0,18,199,101.0,14.8,3,2,2,6
1,42,153,65.3,28.4,4,0,0,5
0,36,191,101.3,27.8,3,2,7,10
1,47,181,61.0,17.1,1,1,-3,4
1,46,154,65.2,29.1,1,1,-7,16
1,43,153,105.3,20.4,5,1,-6,5
0,35,178,63.6,22.7,2,2,5,4
1,25,158,94.5,17.0,2,2,7,8
0,29,167,87.9,23.0,5,0,0,4
0,59,176,79.1,10.4,3,2,4,12
0,23,195,108.0,14.5,5,1,-8,11
0,30,177,58.7,10.7,5,2,2,13
1,37,170,64.7,0.0,4,1,-8,14
0,53,163,90.4,15.5,4,0,0,7
0,59,178,66.6,0.0,5,2,4,4
1,19,150,61.5,22.5,1,2,6,11
1,49,172,66.1,12.5,4,1,-7,4
0,23,186,51.2,21.0,5,2,8,13
0,32,159,95.6,23.4,3,1,-6,11
0,22,179,95.0,10.8,3,1,-8,5
0,45,161,91.1,26.8,1,2,5,12
0,30,181,83.0,11.3,4,1,-5,14
0,34,163,56.8,17.2,3,1,-2,4
1,41,167,106.3,15.6,3,0,0,10
1,55,180,84.5,22.2,3,2,6,5
0,28,197,80.9,13.8,5,0,0,4
1,56,152,67.9,26.3,3,1,-6,16
1,56,194,67.8,29.5,1,1,-4,9
1,33,174,100.2,19.6,1,0,0,12
1,59,178,92.8,27.5,3,2,2,7
0,28,151,72.9,14.0,5,1,-2,8
1,19,168,67.8,21.7,2,2,7,6
1,55,155,66.4,26.8,3,2,6,14
1,27,200,90.6,28.6,3,2,2,9
1,39,168,69.4,0.0,1,2,2,11
1,43,197,77.6,15.5,2,1,-5,6
1,32,157,54.0,10.2,4,2,3,6
1,26,192,61.7,0.0,5,2,4,10
0,31,176,101.0,18.2,3,2,2,11
1,28,185,89.2,12.3,2,1,-7,9
1,32,190,51.0,26.3,3,1,-2,14
0,45,156,108.3,16.7,4,1,-7,5
0,28,171,100.4,0.0,5,0,0,13
1,39,182,78.1,0.0,3,1,-4,9
1,60,152,59.3,20.8,2,1,-2,12
1,42,178,84.3,19.0,4,1,-6,6
1,59,172,69.6,20.6,5,2,4,5
0,47,161,86.8,30.0,2,2,5,8
0,31,157,57.4,13.7,3,1,-3,10
0,35,162,80.3,23.0,3,2,7,16
0,55,176,63.5,27.5,2,0,0,14
1,26,162,92.9,18.1,4,2,2,15
0,41,162,80.8,28.9,3,0,0,6
1,51,173,64.6,24.5,3,0,0,14
1,34,169,61.2,13.8,4,2,7,7
1,27,164,72.2,0.0,4,1,-7,16
1,46,180,93.2,29.0,1,0,0,7
0,42,179,88.4,26.0,3,1,-5,14
0,41,187,82.1,16.2,3,1,-5,7
0,42,151,64.5,12.8,1,1,-4,7
0,43,191,82.9,16.4,4,1,-6,8
1,48,162,64.3,0.0,2,1,-4,8
0,26,199,95.1,14.5,3,0,0,6
0,32,191,92.9,23.4,3,1,-2,6
1,18,157,71.7,0.0,3,2,2,5
1,33,182,62.9,16.9,3,1,-6,16
1,22,187,75.1,29.7,2,1,-8,12
1,31,161,80.3,15.2,2,2,4,8
1,49,183,62.3,21.3,2,0,0,7
1,22,150,85.0,14.3,5,2,7,12
1,20,162,89.7,15.0,5,0,0,10
0,56,189,55.2,10.6,4,0,0,11
0,55,179,93.6,29.4,1,0,0,15
0,48,188,60.3,18.7,5,1,-7,12
0,28,185,83.0,22.2,3,1,-6,4
0,20,172,96.1,15.1,1,2,8,11
0,36,162,80.7,29.3,1,1,-2,9
1,53,198,66.7,28.3,2,0,0,11
0,40,192,92.0,26.9,3,0,0,4
1,35,172,77.5,27.3,5,1,-4,16
0,51,171,70.0,26.6,3,0,0,15
1,54,157,54.8,24.3,2,0,0,7
1,41,198,98.6,0.0,2,0,0,13
1,20,199,85.8,14.2,5,0,0,16
0,58,194,66.5,18.9,3,0,0,13
1,44,159,55.9,16.4,5,1,-8,14
1,39,165,64.2,0.0,1,2,3,16
0,57,151,62.2,11.9,1,1,-3,9
0,29,179,94.8,0.0,1,2,6,5
0,34,193,71.2,17.5,5,0,0,8
0,29,197,54.7,28.4,4,1,-5,15
0,35,188,94.0,25.7,4,1,-5,11
1,53,187,88.3,12.6,3,1,-8,4
1,49,200,76.2,0.0,3,1,-4,7
1,35,178,70.4,28.7,4,0,0,5
1,27,186,61.5,12.8,3,2,3,11
1,58,163,80.2,29.6,5,0,0,4
0,28,175,73.3,24.8,4,1,-8,9
1,53,155,97.0,18.3,3,1,-5,7
1,52,174,52.0,22.9,5,0,0,5
0,22,191,63.9,22.8,3,2,6,4
0,27,160,71.3,24.8,1,0,0,6
0,55,166,62.7,0.0,3,1,-5,10
0,43,183,58.9,24.7,5,2,6,8
1,54,192,83.9,11.1,3,1,-6,14
1,60,195,61.8,25.3,5,1,-5,7
1,53,157,100.9,25.0,2,2,6,8
0,24,166,107.1,26.4,3,1,-8,9
1,38,157,103.9,0.0,4,0,0,16
1,50,184,86.3,25.1,3,0,0,10
1,24,162,93.6,12.6,5,1,-2,14
1,44,176,75.1,0.0,1,1,-3,11
0,46,152,99.0,27.4,5,1,-6,4
1,50,152,50.8,0.0,5,2,5,16
0,24,180,85.8,13.4,3,0,0,13
0,39,150,104.5,23.2,4,2,5,14
1,50,177,95.8,27.2,5,0,0,6
0,20,176,56.5,0.0,4,2,5,16
0,32,161,62.4,16.8,2,0,0,13
0,45,186,67.0,27.3,1,2,7,14
1,31,152,54.4,28.9,5,2,4,4
0,20,188,62.0,0.0,3,0,0,4
1,48,199,58.1,27.1,4,1,-6,14
1,18,167,89.9,27.4,1,2,7,4
0,45,176,109.6,0.0,3,0,0,9
0,58,159,68.9,24.7,5,2,5,15
1,33,182,54.7,26.7,1,1,-2,15
1,20,168,61.0,26.1,4,2,8,4
1,22,189,55.9,0.0,2,1,-6,6
1,56,158,52.1,20.5,1,0,0,11
1,26,165,87.3,16.1,1,0,0,16
1,33,158,106.1,0.0,1,0,0,12
0,42,177,53.1,0.0,3,1,-6,16
1,49,171,65.8,0.0,3,0,0,9
0,22,167,81.9,11.4,5,0,0,6
1,45,157,89.1,0.0,3,1,-2,10
1,59,163,87.6,13.7,4,0,0,4
1,37,194,92.7,19.2,1,2,2,11
1,32,151,106.2,27.8,2,1,-3,16
1,22,187,78.1,15.6,1,0,0,4
0,30,160,101.2,27.8,5,2,6,5
1,47,198,70.1,15.0,5,1,-3,8
1,27,176,78.4,28.7,5,2,6,13
0,18,195,102.1,15.9,4,1,-8,16
1,22,164,89.1,11.4,1,1,-2,5
1,42,179,57.4,17.4,1,2,7,6
1,25,178,51.5,0.0,3,1,-7,12
1,33,185,98.0,29.2,5,0,0,11
1,24,150,62.7,28.5,4,0,0,6
1,49,181,71.1,21.3,1,1,-4,13
1,20,197,61.0,17.1,1,1,-7,14
1,56,180,96.5,17.1,5,1,-4,10
1,49,182,108.6,28.8,5,2,5,14
1,27,174,93.6,15.8,2,2,4,9
1,46,187,89.8,27.5,4,0,0,14
0,35,182,76.4,28.9,4,0,0,12
1,60,176,106.4,12.5,5,0,0,15
0,44,181,99.3,30.0,4,1,-6,6
0,45,175,64.8,23.6,5,2,3,7
1,20,186,68.4,15.3,1,1,-7,16
0,55,153,85.8,15.8,5,2,7,13
0,42,189,80.9,26.8,4,1,-5,4
1,37,191,90.0,0.0,4,1,-5,5
0,51,188,94.4,14.0,4,2,7,7
1,31,179,79.9,19.8,5,1,-6,14
0,50,195,99.2,17.2,3,2,8,16
0,42,173,108.9,14.2,4,2,7,7
1,23,161,88.4,25.2,5,0,0,11
0,40,181,52.7,20.3,2,0,0,11
0,45,169,78.6,18.4,2,1,-7,7
1,54,158,107.9,25.5,3,2,4,13
1,23,181,76.4,19.1,2,1,-2,16
1,44,177,75.2,0.0,1,1,-3,8
0,58,161,60.0,0.0,5,2,5,10
0,20,181,65.2,28.6,5,1,-7,16
0,42,199,95.6,20.8,5,0,0,6
1,30,168,61.0,13.0,5,1,-2,6
0,37,153,96.9,0.0,5,2,5,11
0,33,166,105.0,28.6,5,0,0,9
0,48,156,94.5,15.3,2,2,6,15
0,24,195,66.1,11.0,2,2,6,8
0,39,175,104.0,25.3,4,0,0,8
1,27,167,95.9,16.2,3,0,0,16
1,29,157,108.2,11.1,2,0,0,5
1,37,179,66.3,25.9,1,1,-8,5
1,40,178,93.2,16.7,4,0,0,4
1,18,196,88.7,22.4,4,1,-8,8
1,48,198,83.1,18.4,2,1,-4,5
1,48,191,95.3,19.4,3,2,4,9
0,45,192,69.9,28.8,4,2,5,4
1,41,154,76.5,0.0,3,0,0,12
0,45,177,103.0,25.2,3,1,-7,7
1,31,157,97.7,29.3,3,2,8,5
0,20,167,101.6,22.4,4,1,-3,5
0,45,177,58.1,0.0,4,2,6,15
1,32,179,55.3,20.2,1,2,6,13
1,39,199,53.8,20.8,5,2,8,7
0,42,176,105.3,25.5,2,1,-3,9
1,26,161,84.4,22.9,1,1,-8,6
1,23,153,61.4,14.7,4,2,4,12
0,58,180,51.0,10.6,2,0,0,14
1,26,189,109.0,13.3,3,1,-4,16
0,54,178,78.7,21.0,3,2,2,12
0,47,180,69.2,13.4,2,2,3,11
1,38,168,101.3,13.8,5,2,6,12
0,18,196,104.6,23.5,1,1,-7,13
1,20,158,63.1,15.5,3,2,3,7
1,43,194,97.2,23.3,1,2,7,9
1,29,181,96.4,17.8,4,2,8,13
0,25,185,85.0,0.0,1,1,-7,13
0,42,179,83.7,11.3,4,1,-2,5
0,45,182,72.5,18.9,2,2,7,7
1,18,151,91.9,16.3,1,1,-7,11
0,33,164,67.6,17.3,2,1,-5,9
1,54,189,57.8,17.8,4,1,-5,7
0,30,200,104.6,19.5,5,2,2,8
1,25,198,77.5,11.0,5,0,0,5
0,36,195,94.2,18.4,4,1,-7,5
1,38,192,61.0,18.0,2,0,0,11
1,33,168,89.4,19.7,2,0,0,16
1,41,184,69.2,27.4,5,2,3,14
0,54,151,67.2,23.4,1,0,0,12
0,58,176,100.2,13.6,4,2,5,6
1,42,169,55.2,11.1,2,2,2,10
1,21,172,87.7,16.2,1,2,2,7
0,59,174,95.5,11.2,1,1,-4,6
1,42,168,81.9,25.1,5,2,7,5
0,18,177,71.1,22.6,4,0,0,14
1,40,151,92.2,20.8,5,1,-8,13
0,23,162,87.2,16.8,5,2,7,13
1,40,190,93.8,29.5,1,0,0,9
1,38,176,58.4,13.0,2,0,0,10
0,58,168,82.2,27.8,3,0,0,9
0,43,192,65.8,18.9,2,1,-3,9
0,51,164,58.7,25.3,2,1,-3,7
1,54,190,61.1,21.8,1,2,7,6
1,27,165,103.6,22.9,4,2,8,13
0,42,164,100.3,21.6,5,0,0,16
0,39,182,106.4,10.8,2,0,0,10
1,34,191,74.9,25.4,3,2,3,7
1,25,185,103.9,26.2,4,2,6,13
1,45,188,104.3,12.9,5,1,-3,10
1,24,183,105.5,28.6,4,2,8,12
0,44,159,99.2,28.2,4,1,-2,13
1,47,185,74.9,23.2,2,2,5,12
0,55,192,91.7,18.4,3,0,0,12
1,32,194,50.4,12.8,3,0,0,13
1,38,194,79.1,0.0,5,0,0,7
0,51,165,104.8,23.4,1,1,-6,10
1,44,193,93.4,12.4,4,1,-4,15
1,59,200,65.4,10.5,3,1,-3,4
1,21,168,104.2,28.4,4,0,0,9
0,50,181,85.9,0.0,5,1,-4,14
1,30,152,72.1,18.9,3,0,0,11
0,46,150,102.5,28.0,2,1,-6,7
0,52,160,98.2,24.1,4,2,4,5
0,59,151,67.7,12.9,2,1,-6,6
1,53,163,82.9,0.0,1,1,-3,16
0,20,186,101.5,0.0,2,0,0,5
1,32,198,61.7,25.6,2,0,0,8
0,48,159,102.4,28.4,4,1,-5,10
0,46,169,88.5,10.9,3,0,0,5
0,45,200,78.2,26.2,4,0,0,10
0,56,156,98.4,14.0,4,2,7,12
1,27,160,80.9,26.9,3,0,0,10
0,39,166,88.0,14.6,1,2,4,14
1,39,175,50.8,18.9,5,2,8,8
1,32,195,89.1,22.4,5,2,2,6
0,46,157,101.6,10.1,4,2,5,9
0,51,194,72.7,18.7,1,2,7,9
0,57,191,70.9,22.8,5,1,-7,6
1,56,174,83.4,11.3,1,1,-8,6
0,36,188,82.3,21.1,5,2,2,5
0,30,177,50.3,0.0,4,1,-4,9
1,18,163,70.8,18.1,3,2,7,11
0,46,158,78.1,0.0,2,1,-3,4
1,21,151,55.0,29.1,2,2,8,14
0,60,187,90.5,18.7,3,2,6,8
0,20,166,90.6,17.0,5,1,-8,15
0,48,152,77.1,12.8,4,2,6,15
1,54,195,90.8,0.0,2,0,0,12
1,34,163,99.0,25.1,5,1,-7,10
0,37,173,109.4,27.2,1,0,0,16
0,52,170,60.7,16.2,2,2,4,16
1,56,167,60.5,18.7,3,0,0,12
0,19,196,80.3,18.3,1,2,5,7
0,48,164,52.7,0.0,5,0,0,16
0,34,150,92.8,18.0,2,0,0,4
1,58,156,61.9,11.2,3,0,0,6
1,33,177,78.4,0.0,3,0,0,5
1,41,173,88.4,0.0,3,2,6,13
1,60,157,80.2,16.1,5,0,0,11
1,32,189,89.3,15.5,1,1,-4,15
1,59,186,70.4,27.4,1,0,0,7
1,54,164,54.5,29.4,3,2,7,15
0,53,158,110.0,24.8,1,2,4,13
0,24,189,58.4,20.1,2,0,0,11
1,57,187,72.4,11.8,5,1,-3,9
0,18,179,65.8,11.5,1,0,0,16
1,34,188,78.8,17.9,2,1,-5,14
0,44,165,68.7,20.7,1,1,-2,11
0,18,174,109.2,13.2,1,1,-3,14
1,56,192,97.7,11.9,1,1,-7,13
1,30,199,81.8,12.2,5,1,-2,16
1,42,166,83.9,12.6,5,0,0,10
1,58,183,100.3,18.6,3,1,-3,13
0,55,156,104.6,12.0,1,0,0,7
1,44,199,67.7,15.5,3,2,7,9
0,52,198,79.5,25.9,2,1,-5,13
0,33,194,52.2,29.8,2,2,2,14
1,35,170,92.5,10.3,2,0,0,7
0,40,187,57.1,0.0,1,2,7,7
1,44,198,74.2,12.2,3,0,0,5
1,42,151,74.8,16.8,3,2,2,8
0,50,191,67.2,14.3,5,2,5,13
1,50,188,103.6,29.4,3,0,0,4
1,49,176,59.1,0.0,1,0,0,12
0,36,196,75.0,23.0,4,0,0,4
1,47,154,50.7,12.7,5,2,2,10
1,57,163,72.6,29.6,1,1,-6,16
1,53,189,63.0,13.5,4,2,5,9
0,32,183,79.0,25.0,5,0,0,12
1,57,158,66.5,13.2,1,1,-2,13
0,35,171,50.4,10.7,1,2,8,14
0,26,191,61.1,23.3,1,0,0,14
0,29,185,79.1,0.0,3,1,-6,13
0,40,187,54.2,14.3,4,1,-4,6
0,30,170,80.6,15.0,3,0,0,14
1,46,185,95.7,23.2,2,0,0,11
0,31,169,87.3,19.1,5,0,0,10
0,32,158,61.7,29.9,2,1,-6,13
0,46,186,63.8,18.8,4,0,0,13
1,29,166,100.5,0.0,1,1,-3,11
0,38,158,51.9,0.0,1,1,-6,12
0,26,191,95.2,24.6,5,1,-4,7
0,27,188,83.7,22.9,1,0,0,13
0,28,166,64.3,13.8,3,2,7,16
1,28,156,78.1,0.0,5,1,-8,8
0,55,156,89.5,14.8,1,2,8,11
1,32,199,102.0,16.5,5,0,0,4
0,57,170,71.7,23.4,5,0,0,8
0,37,186,90.1,20.6,4,1,-7,4
0,47,189,82.3,22.2,4,2,6,12
1,26,197,100.6,28.5,5,1,-5,16
1,29,192,50.4,25.8,5,2,3,8
1,36,194,91.2,21.4,5,0,0,9
0,41,170,87.8,10.5,5,1,-4,6
1,52,180,76.9,16.4,2,1,-3,14
1,44,178,83.9,0.0,4,0,0,12
1,52,150,93.4,27.8,2,1,-2,9
1,52,157,106.0,13.3,1,2,7,16
0,18,185,81.6,29.7,1,0,0,11
0,42,151,51.2,0.0,5,0,0,9
0,44,171,99.2,14.9,4,1,-6,14
0,35,152,109.7,26.1,4,0,0,5
0,45,168,106.2,16.1,5,1,-3,9
1,43,166,76.0,27.5,4,0,0,10
0,33,171,76.0,15.9,4,2,3,5
0,35,157,74.3,0.0,2,0,0,11
0,38,163,71.2,28.6,2,2,4,5
0,41,198,103.7,0.0,2,0,0,15
1,26,167,86.5,18.7,4,1,-7,12
0,20,160,60.0,27.6,5,0,0,8
1,19,176,77.6,12.3,3,2,5,9
0,60,159,62.2,14.2,2,2,5,9
1,20,167,94.0,12.6,5,0,0,15
0,27,197,84.5,24.5,1,2,3,13
0,34,166,58.4,29.4,5,0,0,13
1,39,183,105.8,20.9,5,1,-6,9
0,47,168,100.5,17.7,4,0,0,9
0,60,162,71.7,18.6,3,1,-2,9
0,32,190,72.8,0.0,4,0,0,4
1,30,183,61.0,27.7,2,1,-2,11
0,41,168,50.1,28.4,1,1,-7,9
0,48,184,103.3,28.3,3,0,0,7
0,58,194,80.8,24.5,2,2,3,8
0,39,185,75.1,16.9,1,1,-2,7
0,52,184,69.9,23.6,3,0,0,15
0,51,192,93.2,29.2,4,2,2,15
0,48,198,83.5,13.3,4,1,-4,4
0,57,162,74.8,23.8,1,2,2,8
1,38,158,71.2,29.7,4,0,0,14
1,55,185,101.2,14.0,1,2,7,13
0,31,153,52.4,22.1,1,2,4,5
0,59,185,74.5,26.7,3,1,-8,7
1,56,183,50.4,30.0,3,2,8,13
0,50,168,67.3,29.2,4,1,-8,10
1,18,175,79.5,13.8,2,2,5,16
1,60,196,81.2,18.6,2,0,0,8
0,54,187,88.8,29.2,4,1,-5,8
1,44,195,90.0,0.0,2,0,0,8
0,42,171,50.5,0.0,5,2,8,12
1,52,192,68.5,23.3,5,0,0,16
0,58,176,56.9,0.0,2,1,-4,13
0,38,157,82.2,27.3,3,1,-7,10
1,41,163,61.7,0.0,1,1,-7,11
1,48,161,103.4,19.7,4,0,0,4
0,23,163,99.3,11.9,4,2,3,9
0,54,176,58.4,22.5,3,2,4,8
1,22,179,91.1,27.1,3,2,3,6
1,33,194,54.9,11.6,2,0,0,5
1,25,176,109.8,16.6,4,1,-7,10
0,49,179,61.8,10.9,5,2,2,4
1,54,167,53.0,13.9,2,2,8,12
1,18,170,66.4,28.9,4,0,0,7
1,46,184,78.3,0.0,2,0,0,11
0,50,191,50.9,11.3,2,2,7,6
0,50,152,61.7,15.1,1,2,3,6
1,24,198,70.4,11.0,5,1,-8,11
1,22,157,79.1,0.0,5,1,-4,11
1,47,176,75.8,11.6,3,2,5,14
1,52,158,108.7,15.8,1,2,2,11
1,43,162,105.7,0.0,3,0,0,14
0,47,166,82.3,25.1,1,1,-3,5
0,22,160,82.1,15.1,2,1,-8,11
0,24,158,75.4,23.8,4,2,6,15
0,57,150,94.3,11.9,5,2,3,7
1,50,173,60.3,27.7,5,2,4,12
1,58,182,81.6,0.0,3,2,6,13
0,29,194,72.2,16.0,5,1,-4,15
0,20,188,50.3,0.0,5,0,0,11
0,34,154,89.1,28.0,1,1,-8,16
1,26,160,66.1,0.0,3,2,6,10
1,36,150,78.8,0.0,4,2,7,14
0,18,194,104.7,20.6,5,0,0,14
0,53,191,79.9,10.4,1,0,0,6
0,30,168,105.2,25.7,4,2,5,8
1,57,199,53.5,0.0,5,1,-6,9
1,50,196,105.6,18.6,5,1,-2,9
0,42,195,97.9,24.4,1,1,-6,15
0,57,184,88.5,11.5,2,1,-2,6
0,40,165,94.1,11.8,3,2,6,15
0,28,159,63.0,17.7,4,0,0,4
0,54,172,96.9,28.6,3,0,0,10
1,59,196,97.6,24.8,3,0,0,13
1,32,174,84.7,11.1,5,2,4,15
1,37,158,89.9,23.8,5,0,0,15
1,20,158,94.7,0.0,2,2,2,10
0,58,194,68.2,20.0,5,2,4,11
0,45,175,106.1,19.6,3,1,-7,8
1,25,186,98.1,14.4,1,1,-8,13
0,25,173,96.0,26.2,2,0,0,15
0,55,174,88.5,23.5,4,2,4,13
0,25,178,81.6,29.5,4,1,-2,13
1,20,155,88.9,25.1,4,0,0,13
0,38,154,79.7,25.5,3,2,8,15
1,21,186,99.3,0.0,1,2,8,14
1,26,197,70.7,29.2,2,0,0,4
0,46,174,53.4,0.0,2,2,4,16
1,35,155,99.6,17.5,1,2,3,9
1,39,161,101.5,14.1,5,1,-5,7
1,47,161,105.9,21.8,4,0,0,8
1,46,156,90.4,26.3,1,0,0,16
0,20,193,102.5,14.4,5,2,2,7
0,30,180,72.0,27.7,2,0,0,11
0,18,173,103.6,27.1,2,2,5,13
1,43,172,103.7,27.0,3,2,5,7
0,36,177,86.9,25.8,3,0,0,13
1,23,165,98.1,0.0,1,0,0,6
1,19,152,76.6,14.0,1,0,0,10
1,45,193,102.8,16.4,1,1,-6,6
1,42,196,75.1,0.0,2,2,4,11
1,60,186,96.0,27.5,3,2,8,14
1,59,193,97.2,11.4,3,2,5,15
0,51,183,93.0,16.2,5,2,6,10
1,20,185,57.0,19.3,3,2,5,5
0,42,188,87.3,0.0,2,2,8,10
0,49,159,66.8,14.8,4,0,0,13
1,23,200,96.7,0.0,3,2,2,8
0,45,174,104.2,17.2,4,1,-5,12
0,50,196,99.5,18.4,1,2,3,8
0,59,166,95.0,0.0,3,2,8,13
1,18,154,101.5,24.4,3,1,-6,13
0,29,172,72.4,16.2,1,1,-5,5
0,36,181,72.4,12.0,4,1,-6,15
0,18,154,99.3,13.6,5,0,0,9
0,51,150,83.5,22.9,2,0,0,7
0,53,195,106.4,28.2,3,1,-3,12
1,18,178,68.5,25.2,4,1,-2,9
0,30,184,57.0,23.0,2,0,0,15
1,43,172,105.3,21.5,5,0,0,12
1,34,185,97.5,0.0,3,2,2,10
1,28,156,79.9,11.0,3,2,4,16
0,20,185,95.9,25.5,5,1,-4,15
1,51,166,70.3,20.4,4,1,-8,16
0,52,159,91.6,0.0,5,2,3,5
1,44,187,86.9,12.6,4,0,0,4
1,58,171,100.4,14.4,3,1,-2,8
1,27,200,64.1,18.4,2,2,6,12
0,43,168,105.0,0.0,5,2,2,11
0,19,167,85.3,0.0,1,2,4,5
0,45,159,72.5,26.4,5,0,0,15
0,32,173,54.7,23.8,5,0,0,16
0,20,172,62.2,11.2,3,1,-6,16
1,47,178,69.6,11.3,4,1,-2,16
0,47,183,53.7,0.0,1,2,6,7
0,51,197,74.8,25.7,5,2,3,10
1,22,179,56.1,12.3,1,1,-4,10
1,54,180,61.7,24.0,1,2,8,15
0,58,185,55.3,25.0,5,0,0,11
0,56,196,102.4,0.0,1,0,0,6
0,60,151,65.7,10.2,3,2,4,16
1,41,192,67.3,13.0,2,0,0,4
1,21,185,85.9,0.0,3,2,3,11
0,27,156,64.8,0.0,2,0,0,5
0,52,183,75.9,17.6,1,2,5,14
1,59,159,85.3,26.5,4,2,5,12
1,36,165,106.8,28.6,1,2,3,4
0,38,168,80.7,10.1,1,2,6,15
0,58,151,56.7,0.0,4,1,-7,7
1,30,178,77.0,21.3,5,1,-6,4
0,36,150,79.0,14.3,4,2,5,13
1,24,161,70.9,11.5,1,1,-5,10
0,54,191,61.2,14.8,3,1,-8,8
1,24,198,97.5,16.7,1,0,0,10
1,51,158,77.5,20.2,5,0,0,9
1,44,159,80.5,14.0,5,2,8,9
0,30,182,75.8,29.7,5,1,-7,8
1,47,182,90.2,0.0,3,0,0,11
0,35,153,78.6,20.1,2,2,4,11
1,38,175,68.4,15.4,1,2,3,12
0,23,193,79.7,0.0,3,1,-5,4
0,30,159,95.9,11.8,5,2,6,7
1,58,155,78.2,29.6,5,0,0,12
0,56,199,78.3,28.5,1,2,6,5
0,43,171,63.7,15.4,1,0,0,7
0,29,194,67.0,25.6,2,0,0,12
1,28,161,109.9,20.9,2,2,2,4
0,54,190,63.4,10.8,1,1,-5,16
0,31,150,54.6,24.7,5,0,0,15
0,20,167,58.6,0.0,3,0,0,13
1,23,159,63.3,0.0,2,0,0,14
0,48,159,89.8,0.0,4,2,2,5
1,53,184,65.4,24.7,4,1,-6,13
1,57,155,83.4,0.0,1,0,0,16
1,47,154,70.0,19.6,1,0,0,7
0,36,188,96.0,22.1,5,0,0,16
0,22,194,91.2,27.4,3,2,8,11
0,23,175,96.3,26.6,4,1,-7,12
0,30,166,106.3,0.0,4,0,0,14
1,39,200,108.4,10.4,2,2,8,16
0,19,176,59.5,26.9,4,2,7,16
0,18,187,83.9,13.8,4,0,0,9
1,59,192,73.4,14.2,4,2,7,4
0,52,190,87.7,15.7,1,0,0,13
1,49,151,71.2,15.0,4,2,5,5
0,48,177,104.1,14.1,2,0,0,10
1,18,170,78.6,18.7,1,1,-8,15
1,48,183,87.0,14.4,4,1,-2,9
0,60,183,109.4,26.9,2,0,0,4
0,35,190,94.6,18.8,3,1,-5,14
0,57,194,85.6,0.0,4,1,-7,7
1,27,165,104.6,21.2,1,2,6,7
1,22,196,96.4,0.0,4,1,-3,16
1,19,190,108.3,27.7,1,0,0,15
0,59,164,69.1,25.7,5,2,8,7
0,58,174,98.8,28.1,1,2,4,13
1,28,173,53.4,12.2,2,1,-6,16
0,22,188,68.1,0.0,3,1,-8,16
0,26,151,57.3,11.5,1,1,-5,13
1,49,198,89.1,13.7,3,2,5,5
0,32,172,86.8,16.4,3,1,-8,9
1,18,192,69.1,18.8,3,2,3,4
0,55,188,66.2,13.0,4,2,7,12
1,58,174,81.3,25.5,5,0,0,11
1,41,194,66.8,29.6,3,2,7,12
1,50,159,79.8,0.0,2,0,0,4
0,54,183,71.7,13.9,1,0,0,6
1,27,189,56.5,12.0,4,0,0,4
1,21,151,80.5,16.5,4,1,-2,13
1,56,177,86.5,0.0,4,2,3,9
1,39,168,77.6,12.9,5,2,5,11
0,25,162,105.5,0.0,2,0,0,9
1,47,192,106.8,29.2,1,1,-3,7
1,39,197,60.1,13.9,1,1,-5,6
1,40,193,85.0,24.3,4,0,0,6
0,56,193,78.1,21.4,3,2,7,4
1,40,157,76.5,13.0,2,2,2,14
0,41,178,76.0,22.6,3,0,0,5
1,47,193,95.2,24.8,5,0,0,6
1,59,177,68.4,0.0,1,2,3,11
0,34,159,76.5,26.5,3,0,0,13
0,40,178,73.7,10.7,1,1,-3,9
0,60,152,101.1,11.7,3,1,-3,10
0,47,167,53.8,26.0,1,0,0,8
1,40,169,97.8,28.9,5,1,-2,15
0,39,177,66.3,28.3,5,0,0,15
1,42,158,59.0,17.6,1,1,-3,5
1,58,193,51.0,12.2,3,0,0,10
1,58,154,100.4,27.5,5,0,0,12
0,60,159,100.0,29.8,3,0,0,8
1,57,200,53.1,21.7,1,0,0,9
0,19,190,88.0,20.2,2,1,-6,11
0,58,168,66.5,12.7,1,2,2,11
1,47,192,70.1,0.0,5,1,-6,8
1,47,189,79.3,27.1,4,0,0,12
0,59,150,60.3,19.3,5,0,0,5
0,55,168,54.8,0.0,4,2,3,15
0,48,155,82.5,28.4,4,2,6,6
0,52,189,85.9,15.0,1,2,7,9
0,18,150,95.6,20.7,2,0,0,10
0,56,168,93.3,16.2,5,1,-5,8
0,43,167,59.1,27.0,4,2,2,5
1,23,193,73.8,0.0,3,0,0,4
0,20,183,77.6,27.7,2,0,0,12
1,24,156,52.2,12.8,2,2,7,12
0,41,173,83.1,24.8,3,1,-7,7
0,43,163,104.5,26.8,4,1,-6,8
0,57,173,55.9,0.0,5,2,6,11
0,31,184,56.7,17.3,4,1,-3,6
1,34,175,70.3,0.0,4,2,5,12
1,58,164,63.1,28.3,1,1,-4,6
0,56,186,104.2,28.9,1,2,8,11
1,60,196,64.6,19.7,2,1,-8,14
1,32,194,80.7,28.0,1,0,0,13
1,56,158,65.7,0.0,4,2,3,10
1,22,153,58.9,0.0,4,0,0,14
1,20,175,62.6,24.2,1,2,8,13
0,59,183,93.4,15.2,3,1,-4,15
0,44,189,91.1,27.3,2,2,8,12
0,32,171,94.2,19.8,2,2,5,10
1,28,174,55.9,15.7,3,2,7,5
0,50,154,96.2,0.0,2,2,8,9
1,34,192,62.5,13.1,1,0,0,10
0,35,165,102.7,24.5,4,2,4,5
1,27,183,75.6,0.0,5,0,0,14
0,29,177,87.8,0.0,3,2,5,7
1,52,150,59.1,19.4,3,0,0,14
1,60,160,96.1,0.0,1,2,7,6
0,18,167,91.5,24.1,3,0,0,8
0,51,171,51.0,0.0,2,0,0,11
0,59,196,55.6,0.0,5,1,-4,6
1,47,184,88.4,0.0,5,2,4,8
1,19,198,51.7,18.5,5,2,7,15
0,55,195,72.7,14.6,5,2,5,5
1,20,165,89.8,0.0,1,1,-7,10
1,55,185,92.3,0.0,5,1,-2,9
1,49,195,62.7,0.0,4,0,0,10
1,51,199,84.4,28.7,1,1,-2,6
1,48,198,55.1,17.1,1,1,-8,11
1,21,154,69.0,0.0,4,2,8,5
0,42,166,92.0,28.5,2,0,0,14
1,47,154,76.4,0.0,3,1,-3,11
1,48,169,106.2,20.8,1,1,-4,16
1,59,195,94.1,13.8,3,2,7,15
0,20,151,60.5,15.2,5,0,0,5
0,28,191,105.1,16.8,5,2,6,13
0,26,186,59.3,19.4,1,0,0,15
1,21,186,61.8,13.4,5,0,0,15
1,22,151,102.4,22.7,1,1,-7,4
1,31,176,101.6,24.9,4,1,-7,16
1,26,200,87.5,10.1,2,1,-8,7
1,37,179,62.2,24.4,1,1,-3,7
1,34,180,106.2,11.9,5,0,0,15
1,30,154,64.4,21.0,4,1,-8,10
1,41,184,51.2,12.4,5,1,-3,16
1,22,168,81.2,25.6,5,2,5,15
0,25,176,66.2,12.2,2,0,0,16
0,23,185,77.1,0.0,1,0,0,11
1,26,168,106.3,0.0,1,2,6,16
0,40,175,70.6,25.2,5,2,2,16
1,53,182,96.2,22.9,4,2,8,15
1,21,199,73.2,27.2,2,1,-2,8
0,27,189,58.8,18.7,4,0,0,5
0,19,188,68.3,14.5,4,1,-8,16
0,56,179,105.7,16.8,2,2,2,15
1,41,187,74.0,13.8,2,1,-4,13
1,51,151,85.0,13.3,2,0,0,15
1,54,197,88.6,14.0,4,1,-3,16
0,32,197,82.2,11.0,2,2,4,12
1,55,162,53.1,13.3,5,0,0,4
0,39,150,78.0,21.2,2,1,-2,8
0,27,166,59.2,27.9,1,0,0,13
0,20,191,76.9,25.5,1,0,0,4
1,31,168,50.8,26.6,4,2,3,8
1,18,189,76.1,11.8,4,2,6,12
0,55,162,52.7,20.9,5,0,0,15
0,60,168,82.2,15.5,4,0,0,16
0,48,173,56.6,16.5,1,1,-5,7
1,48,169,98.5,23.3,2,1,-3,9
0,47,156,108.4,22.4,1,0,0,11
1,36,166,91.1,23.0,3,0,0,11
0,53,155,96.1,27.6,5,1,-5,8
1,58,182,60.7,18.7,2,1,-7,14
0,35,161,91.2,17.5,1,1,-2,10
1,36,157,81.0,27.1,3,0,0,10
0,52,179,68.9,18.1,4,1,-3,8
1,57,175,84.6,17.5,5,1,-4,4
1,19,182,82.7,19.8,4,1,-8,4
0,47,199,87.3,18.6,1,0,0,16
1,38,165,96.1,22.3,1,2,4,9
0,37,166,66.1,13.6,1,2,4,14
0,59,155,98.0,26.6,5,2,7,12
1,47,175,63.4,26.3,5,2,7,13
1,23,160,81.2,20.1,4,0,0,13
1,54,162,67.8,12.3,5,1,-2,15
0,44,163,96.9,23.6,5,2,3,11
0,37,186,60.3,25.0,4,1,-4,16
1,54,165,52.6,22.9,2,2,6,7
1,23,173,109.3,23.6,1,1,-7,16
0,44,181,65.0,13.3,3,1,-5,7
1,40,178,92.6,0.0,5,2,6,4
0,50,177,79.6,13.2,4,0,0,13
0,60,200,91.7,10.2,5,1,-6,12
1,52,177,74.4,23.5,4,0,0,12
1,33,196,70.6,17.1,5,1,-7,14
0,55,178,98.4,17.9,2,0,0,5
1,20,153,59.9,21.4,1,0,0,11
0,44,159,100.7,26.7,5,2,8,15
1,34,188,87.6,20.9,2,0,0,10
0,53,171,63.4,10.6,4,0,0,11
1,29,196,50.8,28.1,3,1,-3,13
1,22,164,87.1,28.6,5,1,-4,4
1,36,166,87.6,14.1,3,2,6,9
0,35,193,82.9,23.9,5,0,0,10
1,42,164,89.8,27.2,2,0,0,10
0,24,181,62.1,19.4,1,1,-7,6
1,38,178,107.3,0.0,3,2,3,5
0,32,177,95.8,14.6,3,0,0,13
0,53,165,84.7,22.6,2,2,5,7
0,21,185,93.7,23.1,1,1,-7,13
0,52,193,107.1,29.1,4,1,-5,5
0,39,160,97.8,0.0,5,0,0,10
1,44,174,97.0,16.3,5,2,4,9
0,52,175,79.2,24.4,3,0,0,16
1,42,167,62.0,17.5,3,0,0,8
1,60,189,98.5,21.7,2,2,7,8
1,54,199,84.1,23.8,3,0,0,13
0,53,165,91.9,19.4,1,0,0,16
0,40,190,73.4,20.1,2,0,0,13
0,21,158,68.1,25.5,4,1,-6,16
1,28,155,106.3,23.7,3,0,0,8
0,18,182,87.9,17.8,2,2,7,14
1,25,160,92.4,13.9,4,0,0,16
1,37,196,78.2,22.4,2,0,0,4
0,59,200,105.2,14.9,1,1,-7,5
0,40,194,85.3,0.0,1,1,-7,15
0,53,170,75.7,29.5,4,1,-4,10
1,47,171,88.3,29.2,4,2,7,15
1,37,152,58.9,17.4,2,2,5,4
0,38,191,62.3,23.7,5,0,0,11
0,56,166,58.7,23.4,4,2,5,5
0,32,190,53.1,11.2,4,0,0,7
0,47,196,102.5,21.9,2,1,-7,4
1,38,159,54.7,26.8,2,1,-7,15
0,35,153,92.3,13.5,2,0,0,4
0,42,151,75.5,13.1,2,2,6,7
1,46,152,66.3,25.7,5,0,0,15
1,58,172,80.6,29.2,3,2,4,12
0,58,156,103.4,28.9,5,1,-8,13
0,50,196,108.8,0.0,3,1,-4,7
0,18,199,62.0,11.0,3,2,6,6
1,59,167,51.3,28.3,2,1,-2,5
1,36,171,101.2,28.8,2,1,-4,7
1,56,184,103.1,0.0,2,1,-3,4
0,29,156,59.3,21.4,3,1,-6,4
0,50,163,59.9,14.2,3,2,8,7
0,53,198,82.3,25.9,2,0,0,6
0,53,188,74.5,12.0,2,0,0,12
0,50,178,75.3,11.1,5,1,-3,8
1,18,195,72.5,0.0,3,1,-6,11
0,49,167,77.2,18.7,5,2,4,10
0,44,192,109.1,12.8,5,1,-4,16
1,18,179,79.3,28.1,2,2,4,5
1,23,192,51.6,26.7,3,2,8,14
1,23,185,57.6,17.2,1,0,0,5
1,31,154,78.4,13.9,2,0,0,8
0,33,168,50.5,22.0,2,0,0,10
0,54,185,73.2,20.4,5,2,6,13
1,55,151,68.9,24.0,3,2,3,4
0,35,180,61.3,16.4,1,2,6,15
0,42,170,62.7,24.2,1,2,3,5
1,53,177,76.0,12.1,5,1,-8,13
1,47,156,55.7,0.0,2,1,-2,14
1,22,192,71.5,28.3,2,1,-7,9
0,49,173,89.8,19.6,1,2,8,14
0,59,179,55.7,20.2,3,2,8,15
1,51,155,66.5,23.0,1,0,0,6
1,49,172,60.5,19.7,4,0,0,6
1,42,171,66.8,21.6,5,0,0,14
1,30,198,50.8,12.8,3,1,-7,14
0,46,164,78.8,28.6,1,0,0,8
0,51,191,91.3,18.1,3,1,-6,7
0,26,185,64.7,0.0,5,1,-7,12
0,57,181,65.8,19.1,3,1,-3,10
0,21,172,84.4,13.5,3,0,0,13
0,27,173,59.1,0.0,1,2,8,6
0,45,187,58.6,10.7,1,2,5,6
1,54,183,55.2,12.8,1,0,0,11
1,25,153,96.6,15.0,4,2,3,11
1,20,166,62.9,0.0,2,0,0,11
1,43,164,82.4,12.8,2,1,-7,16
0,23,156,64.6,12.3,3,0,0,16
1,40,152,55.8,18.5,4,1,-8,6
0,45,191,107.1,17.3,4,1,-5,9
0,30,195,96.3,0.0,5,0,0,7
1,50,170,80.3,17.4,3,1,-6,6
0,25,168,95.9,0.0,1,1,-5,8
1,22,175,94.0,0.0,4,2,3,16
0,25,192,103.0,23.2,5,1,-2,15
0,45,163,103.1,11.7,3,1,-4,12
0,23,168,95.7,29.9,2,1,-8,4
0,32,165,71.7,24.0,1,0,0,10
1,51,197,81.9,20.4,2,0,0,10
0,29,161,66.6,15.0,5,1,-3,9
0,35,187,103.0,14.2,5,2,6,10
1,55,185,78.7,24.4,5,0,0,5
0,59,199,59.8,28.2,3,2,5,9
0,43,182,92.4,28.0,5,1,-3,12
1,52,170,94.8,18.6,3,2,2,10
1,41,161,93.7,16.4,2,0,0,7
0,31,152,82.2,19.7,1,2,4,9
1,27,164,83.3,17.6,5,2,2,10
0,22,191,91.8,16.4,4,2,2,8
0,55,155,108.4,13.5,3,2,4,4
1,49,151,83.2,15.6,4,0,0,13
1,49,163,87.9,25.4,1,1,-6,5
0,43,170,52.7,14.2,1,0,0,10
1,23,154,108.6,20.1,3,1,-2,6
0,48,158,54.4,0.0,1,2,3,16
1,25,177,91.8,28.4,3,0,0,8
0,53,170,109.9,22.2,4,1,-6,7
0,48,152,85.7,23.7,3,1,-5,7
1,51,151,70.3,22.6,5,2,6,7
0,57,180,109.2,11.4,4,0,0,15
1,54,191,68.8,0.0,3,2,5,13
1,29,195,83.6,15.1,1,1,-5,8
1,50,157,57.8,26.1,4,0,0,16
1,53,180,83.7,0.0,5,2,6,5
1,50,172,84.2,23.4,3,2,7,6
1,57,197,51.6,29.2,1,2,6,16
0,40,154,99.0,19.1,3,1,-3,10
1,41,193,63.8,23.0,4,1,-5,6
1,42,193,96.7,0.0,2,2,3,15
1,40,196,66.0,26.2,4,1,-2,12
0,39,181,74.1,12.1,3,0,0,9
1,40,168,109.2,26.5,4,2,8,11
1,45,157,88.0,0.0,2,1,-7,8
1,44,193,64.8,16.6,1,1,-8,12
0,31,153,61.3,23.7,1,1,-7,4
0,43,196,78.9,16.7,3,0,0,10
1,60,197,94.4,10.1,3,1,-3,16
0,23,163,103.3,14.8,3,1,-4,4
1,46,193,57.8,0.0,5,0,0,16
0,33,190,101.2,10.3,2,0,0,14
1,48,191,94.7,20.0,5,0,0,5
1,31,187,95.3,26.2,3,1,-2,16
1,60,151,64.6,26.3,4,2,8,5
0,33,170,56.7,16.1,2,1,-4,12
1,54,163,66.0,24.7,5,2,7,12
0,39,188,59.4,23.9,4,0,0,12
1,21,157,55.4,17.0,2,1,-4,16
0,58,185,60.7,14.1,5,2,5,6
0,46,152,56.8,29.3,5,2,2,5
0,49,194,88.6,20.2,2,1,-6,7
1,42,155,104.6,20.6,4,0,0,12
0,32,177,109.1,22.1,2,2,5,8
1,46,198,75.9,12.1,2,0,0,6
0,23,152,74.0,20.8,4,2,5,9
1,50,185,58.0,17.7,4,2,7,13
0,56,162,76.2,21.4,4,0,0,7
0,42,190,88.2,0.0,1,1,-3,16
0,21,164,80.0,29.2,2,2,7,7
0,19,157,65.0,11.3,1,0,0,10
0,31,181,80.4,10.4,1,1,-2,4
0,39,165,71.7,18.1,2,0,0,12
0,45,157,56.3,26.5,1,0,0,10
0,57,151,75.9,19.5,1,0,0,5
1,31,174,101.8,27.7,5,1,-6,13
1,21,173,76.1,10.6,4,0,0,4
0,23,164,103.8,24.0,5,2,4,11
0,52,158,70.9,0.0,1,1,-5,11
1,34,161,93.6,26.1,2,1,-4,7
1,28,157,98.6,0.0,4,1,-5,7
0,39,171,84.5,26.0,4,0,0,13
0,38,165,107.8,21.7,2,2,7,11
0,50,192,89.3,29.2,5,1,-6,14
1,46,189,68.0,19.9,1,2,4,14
1,45,159,89.3,20.0,1,0,0,4
0,31,171,61.8,26.1,2,0,0,10
0,44,182,65.5,0.0,1,1,-3,4
0,57,160,50.5,0.0,5,0,0,4
1,31,180,87.5,20.1,5,2,2,8
1,60,182,59.3,20.8,1,0,0,14
1,34,168,63.5,0.0,1,2,8,4
0,41,190,106.4,15.3,2,0,0,11
0,33,156,92.0,15.5,5,0,0,12
0,47,152,81.9,0.0,4,2,8,12
1,45,156,104.5,26.1,4,0,0,5
0,56,161,61.4,15.1,4,2,6,15
0,35,159,91.4,29.7,2,2,5,13
1,47,154,100.2,17.3,2,0,0,16
0,34,193,86.3,19.9,3,1,-2,8
1,35,196,53.3,17.8,2,2,4,12
1,49,178,74.3,14.8,4,0,0,6
1,30,170,91.3,10.6,4,0,0,7
0,37,197,59.2,15.6,5,0,0,11
0,47,193,99.3,22.9,3,0,0,14
1,24,179,61.0,21.0,5,2,6,15
0,33,153,73.7,24.5,5,1,-3,12
1,48,157,82.2,24.3,3,0,0,9
1,42,196,94.5,24.8,1,1,-7,16
0,22,152,74.3,0.0,1,2,7,11
1,19,192,97.8,18.9,3,1,-3,15
1,25,186,64.7,10.9,1,2,7,7
1,40,161,98.3,0.0,5,1,-2,15
0,38,158,50.1,26.3,4,1,-7,4
0,39,186,65.5,23.2,4,1,-2,13
0,27,200,108.9,11.7,2,2,7,7
0,23,176,55.6,10.6,1,0,0,15
0,55,177,80.6,23.4,1,1,-6,9
0,28,188,52.1,14.4,1,1,-5,4
1,59,185,93.3,19.6,5,1,-4,7
1,58,153,80.9,16.0,3,1,-8,8
0,35,177,85.9,12.7,4,1,-2,9
1,36,190,77.7,14.2,5,2,4,6
1,32,198,52.8,29.7,2,0,0,11
1,34,156,77.8,25.6,2,2,6,7
0,44,162,101.5,0.0,3,2,4,4
0,56,181,76.0,0.0,5,0,0,15
0,28,184,99.9,12.6,5,1,-4,6
1,56,173,55.3,14.1,1,0,0,6
1,35,167,87.8,15.6,2,0,0,6
1,44,166,84.5,14.5,3,1,-4,10
1,38,156,107.7,20.9,5,2,6,10
1,43,173,84.5,15.2,3,1,-2,9
0,36,177,108.1,23.5,2,0,0,10
0,28,199,85.4,20.1,2,0,0,15
0,18,193,97.5,24.5,1,1,-3,5
1,42,193,89.6,28.4,3,1,-7,7
0,50,167,92.5,26.6,4,2,6,11
0,58,167,76.9,12.5,4,0,0,5
0,24,195,50.7,26.8,1,1,-8,16
0,49,160,54.6,14.1,5,2,2,13
1,44,166,100.0,19.1,2,1,-6,6
0,29,162,68.3,21.1,3,0,0,14
1,31,155,95.7,28.3,5,2,5,7
1,34,160,93.5,12.5,1,0,0,5
1,21,191,53.3,21.3,3,2,6,4
1,37,157,82.8,14.7,4,0,0,13
1,21,191,75.0,14.9,2,0,0,9
0,55,194,76.8,24.9,5,0,0,8
1,30,180,61.6,0.0,3,1,-6,15
0,20,179,92.3,0.0,1,1,-5,11
1,50,152,90.2,25.3,2,0,0,11
1,32,185,53.5,16.8,4,2,5,8
0,30,153,51.5,21.6,1,2,5,14
1,48,167,53.0,10.7,4,1,-8,15
1,28,180,66.4,18.2,5,1,-8,7
0,28,186,108.7,29.2,4,0,0,6
0,55,167,60.1,28.7,1,0,0,4
1,25,195,93.8,18.7,1,0,0,13
0,29,164,78.9,10.9,2,0,0,15
1,55,179,85.1,27.5,3,2,8,5
1,37,186,91.1,26.1,3,0,0,9
1,53,153,104.0,22.6,1,0,0,5
0,29,181,77.9,24.7,3,0,0,4
0,55,189,108.3,18.4,1,0,0,16
1,35,174,97.1,27.4,3,2,4,14
1,21,195,79.0,24.9,4,2,7,16
1,41,173,84.7,0.0,4,0,0,15
1,41,169,80.2,18.0,5,2,3,5
0,60,170,52.6,24.0,1,0,0,11
1,47,185,65.8,0.0,2,1,-8,6
1,52,198,98.3,26.1,3,0,0,12
0,25,175,61.7,25.7,1,2,4,13
0,33,178,60.6,20.0,5,0,0,15
1,32,150,56.9,16.6,5,2,7,6
1,18,198,87.1,19.2,5,1,-3,13
1,21,176,65.2,20.0,1,2,7,15
1,49,170,72.4,25.9,1,2,8,8
1,29,199,51.1,22.1,2,2,2,13
1,44,190,64.3,26.3,2,2,2,11
1,37,190,94.6,20.2,2,2,8,16
1,29,165,103.8,10.2,5,1,-6,13
0,53,184,63.3,11.2,3,0,0,6
1,43,150,82.3,16.8,1,2,4,16
1,51,172,99.8,0.0,4,0,0,13
0,37,166,80.7,20.2,3,1,-5,8
1,34,162,57.2,14.8,4,1,-6,7
1,51,178,89.3,14.8,1,0,0,14
1,25,155,93.5,22.7,3,2,6,8
0,22,199,109.8,29.9,1,2,8,4
1,22,186,70.5,11.8,4,2,3,16
1,19,174,74.0,12.5,5,2,3,14
1,55,168,104.4,10.7,1,2,5,12
0,50,191,96.0,12.8,3,0,0,5
1,31,169,91.9,24.3,3,2,3,8
0,29,183,63.3,13.7,1,2,8,5
0,27,195,88.6,12.5,3,2,2,15
0,44,191,90.5,28.4,4,2,2,9
1,57,198,70.0,16.4,4,1,-2,8
1,30,183,98.1,15.2,4,2,5,4
1,59,173,74.7,22.9,4,1,-3,16
1,60,183,85.9,20.6,4,1,-5,10
1,46,188,63.1,21.1,5,0,0,8
1,43,182,88.5,23.5,4,0,0,12
1,28,150,57.3,24.1,1,0,0,15
1,39,166,70.9,15.2,5,1,-8,9
0,49,193,72.9,27.6,4,0,0,13
1,20,166,61.9,29.7,5,0,0,13
1,31,165,101.7,0.0,1,1,-4,9
1,18,190,66.5,11.8,5,2,8,14
1,48,174,51.7,29.2,4,2,2,10
0,44,175,58.5,0.0,1,2,8,6
1,26,179,108.2,0.0,5,0,0,9
0,46,169,77.9,10.5,4,2,7,15
0,23,154,80.9,25.7,2,2,4,4
1,50,178,56.7,14.4,1,2,5,7
0,19,165,56.1,13.1,3,1,-3,16
1,33,195,74.5,28.1,1,1,-6,10
0,60,189,89.9,0.0,1,0,0,11
1,52,173,89.9,14.3,4,1,-7,16
1,46,154,67.7,28.9,5,2,3,14
1,34,195,50.4,0.0,4,1,-8,16
0,18,200,79.9,20.7,2,0,0,10
0,38,192,73.4,11.2,4,1,-5,16
0,42,196,57.4,28.6,3,2,7,9
1,30,186,104.8,0.0,5,0,0,8
1,42,168,65.0,20.9,1,2,6,4
0,34,182,82.7,15.5,5,0,0,10
1,44,152,65.5,0.0,5,0,0,14
0,59,181,86.8,26.3,5,0,0,16
1,60,167,93.5,0.0,3,0,0,9
0,49,156,81.1,15.0,1,1,-7,7
0,60,161,89.2,17.8,2,0,0,6
0,35,181,81.1,18.6,5,2,6,4
0,57,189,56.2,16.5,4,0,0,4
1,58,154,108.6,14.2,1,1,-6,11
1,27,187,66.7,17.2,1,1,-8,12
0,20,192,58.9,13.5,1,2,4,7
0,35,150,108.3,22.0,5,1,-8,7
0,31,169,64.8,19.3,4,0,0,12
1,33,172,109.8,28.8,4,2,8,8
1,48,151,70.3,22.1,1,0,0,12
1,49,175,102.1,25.8,5,0,0,14
0,23,200,57.7,27.8,3,0,0,5
0,48,174,66.6,10.8,1,2,3,16
1,37,154,94.1,16.1,1,1,-6,4
0,24,155,92.1,0.0,5,2,5,16
0,50,187,102.7,19.5,5,0,0,4
1,27,161,60.6,14.2,3,2,2,16
0,24,173,95.6,23.2,4,1,-4,7
1,56,177,99.2,0.0,5,2,3,10
1,56,186,90.5,0.0,3,2,7,9
0,57,198,99.0,11.6,3,1,-2,11
0,34,165,92.9,0.0,2,0,0,11
0,38,177,77.0,21.3,3,0,0,14
0,58,194,72.9,16.2,1,2,4,7
1,59,165,103.4,28.4,5,2,3,8
0,46,200,75.3,0.0,2,2,5,8
1,30,171,89.5,18.5,1,2,7,9
1,23,167,70.8,13.0,4,0,0,10
0,32,171,107.4,25.5,4,2,3,14
0,18,165,53.9,18.8,5,2,3,11
0,59,199,56.2,27.3,2,0,0,5
0,26,176,87.9,0.0,1,1,-5,15
0,35,151,80.5,28.1,3,2,6,4
0,20,188,82.7,28.0,2,2,8,13
0,29,170,62.4,27.9,5,2,2,10
0,58,166,93.6,29.5,3,0,0,16
0,35,160,65.2,0.0,3,1,-4,6
0,26,164,60.9,0.0,1,1,-2,4
0,45,160,101.4,11.6,5,0,0,12
0,34,172,58.2,0.0,3,2,6,16
0,29,189,66.8,12.4,3,2,8,4
1,19,167,69.6,29.4,4,1,-6,5
1,57,172,98.2,22.9,1,0,0,16
0,23,177,101.0,13.7,1,2,2,16
1,55,155,59.9,0.0,4,2,7,5
0,38,193,103.4,24.8,2,0,0,4
1,24,153,72.6,17.6,5,0,0,8
1,35,195,105.0,24.6,1,0,0,13
0,18,177,98.9,0.0,5,2,2,12
0,39,184,103.4,17.4,3,0,0,12
0,47,166,106.6,15.7,1,1,-8,14
0,51,188,70.5,24.5,3,2,6,9
0,53,189,67.2,28.7,4,2,6,5
0,53,160,79.6,20.7,5,2,3,13
0,55,190,80.4,29.1,3,0,0,10
1,38,170,107.0,14.1,1,2,3,9
1,43,191,101.8,26.6,3,1,-5,13
0,56,173,98.1,21.5,1,1,-4,14
1,34,169,95.2,11.9,4,2,8,7
0,30,155,96.3,21.8,3,0,0,5
1,33,165,97.8,26.7,5,1,-8,14
0,40,152,106.0,25.5,5,1,-4,11
0,19,172,53.0,0.0,4,2,8,9
1,57,189,63.7,24.3,1,2,5,7
0,60,168,76.4,16.7,2,0,0,7
0,39,175,70.9,20.3,4,1,-3,5
0,37,196,74.0,10.6,5,0,0,11
1,34,160,109.3,25.8,5,1,-2,14
1,24,152,108.0,0.0,2,1,-8,16
1,27,154,56.5,0.0,3,0,0,12
1,23,196,52.4,22.4,5,1,-8,16
1,55,160,103.5,21.3,1,2,3,7
1,28,165,108.7,12.0,5,0,0,10
1,55,194,78.7,11.3,2,1,-3,8
0,21,162,77.3,22.5,5,2,7,11
0,43,187,58.9,16.4,1,0,0,15
0,54,173,56.2,25.6,3,0,0,11
0,60,166,72.4,14.5,3,2,3,10
1,50,152,88.7,18.7,4,0,0,14
0,45,165,50.3,0.0,1,0,0,10
0,20,200,108.5,17.3,5,2,3,8
1,58,173,84.3,11.9,4,1,-2,15
0,55,157,91.7,0.0,2,1,-2,5
1,23,169,89.9,22.4,5,1,-6,12
1,58,197,56.2,20.4,5,2,6,5
1,59,200,82.7,10.7,5,1,-8,8
0,19,179,99.7,15.8,4,2,4,6
1,27,160,102.7,0.0,1,2,6,12
0,19,165,58.8,24.5,3,1,-6,10
1,54,150,76.3,0.0,4,2,4,13
0,45,163,65.0,13.9,4,2,4,14
0,42,161,52.1,0.0,2,1,-6,11
1,49,178,62.4,16.6,5,1,-5,5
0,25,182,94.4,10.2,3,2,7,7
1,23,175,68.5,27.4,2,1,-7,5
0,25,166,69.8,21.2,4,1,-4,9
0,39,199,101.8,10.7,4,0,0,9
0,47,175,77.3,11.3,2,1,-2,14
1,39,187,79.7,17.2,5,2,4,7
0,34,163,65.2,14.9,5,1,-8,5
1,29,155,76.2,27.0,4,1,-4,13
1,50,196,97.8,16.1,1,2,6,11
1,19,200,65.6,27.7,4,2,3,6
0,31,190,51.4,23.8,4,0,0,16
1,56,179,103.5,10.4,5,0,0,10
0,35,179,66.3,18.3,2,0,0,6
0,52,171,72.5,11.6,1,1,-5,4
0,59,194,87.2,13.5,4,2,4,10
0,52,197,55.6,15.2,5,0,0,10
0,45,179,106.9,24.3,5,2,4,4
1,23,196,78.9,26.2,5,1,-6,7
1,56,194,91.3,22.6,5,2,8,12
0,49,168,86.2,0.0,1,1,-5,11
1,25,176,51.7,11.2,4,2,5,10
0,38,195,53.3,15.3,3,0,0,16
0,34,163,108.4,22.6,3,0,0,15
0,20,151,88.4,12.1,1,2,6,6
0,58,198,81.3,10.9,4,0,0,10
0,52,175,83.5,21.9,1,2,8,15
1,38,174,52.1,12.6,4,0,0,16
1,24,152,72.5,15.6,5,0,0,5
0,44,200,57.8,28.8,4,2,5,8
1,31,194,73.6,23.2,5,0,0,10
1,28,180,108.2,25.1,2,1,-3,7
1,26,155,89.8,11.9,4,2,6,12
0,18,196,106.1,24.8,4,1,-6,12
0,49,163,109.5,18.9,1,0,0,12
0,27,151,99.4,11.7,4,2,3,10
0,49,160,65.3,20.9,5,1,-4,11
0,28,181,91.1,13.5,1,0,0,14
1,34,172,72.8,24.3,4,1,-5,5
0,43,152,104.1,10.8,2,1,-7,12
1,30,183,81.7,14.2,4,2,4,13
0,60,158,62.5,29.1,2,2,3,4
1,57,169,86.8,20.5,5,0,0,5
0,51,187,101.2,0.0,1,2,4,4
1,40,171,58.0,0.0,5,1,-7,10
1,59,152,80.6,26.7,1,2,3,7
1,30,168,73.9,14.0,4,1,-5,10
0,47,191,72.4,26.0,3,2,6,12
0,52,187,88.2,0.0,5,0,0,14
1,33,198,72.9,20.3,4,1,-4,6
0,28,186,85.6,24.2,1,2,5,16
0,43,164,94.6,0.0,3,2,6,16
0,29,179,88.7,17.8,3,0,0,11
0,42,193,100.5,19.0,3,2,3,8
0,46,151,94.9,26.7,5,2,2,10
1,44,162,107.7,18.2,2,1,-8,7
0,51,191,88.0,0.0,5,2,4,15
1,46,159,76.0,16.0,1,0,0,10
1,24,198,85.1,24.1,1,0,0,14
1,30,173,61.9,17.2,3,1,-3,12
0,22,154,93.1,22.1,4,2,8,6
1,28,163,81.1,29.2,2,2,8,12
1,36,169,55.1,19.2,5,2,2,8
1,42,199,80.0,16.4,5,2,5,13
1,30,179,72.4,0.0,2,2,8,14
1,47,166,77.9,17.5,5,0,0,5
0,34,180,100.5,26.4,1,2,8,11
1,30,159,75.9,27.6,5,0,0,11
1,46,176,60.4,24.5,2,0,0,10
1,28,183,54.2,16.2,5,2,8,12
1,37,176,62.3,22.6,3,0,0,5
0,48,175,75.2,27.2,5,1,-5,4
0,31,159,59.2,19.6,5,1,-3,16
0,50,171,50.5,26.6,4,2,3,14
1,55,168,61.7,28.3,2,0,0,14
0,21,183,85.2,17.5,1,0,0,9
0,40,156,74.2,11.7,1,2,7,14
1,28,163,80.1,20.6,1,2,5,12
0,32,185,71.2,26.9,3,2,3,16
1,24,157,73.2,19.1,4,0,0,8
0,51,182,82.4,10.1,4,0,0,12
1,36,177,101.9,18.0,3,0,0,12
1,39,176,85.6,19.3,2,2,3,7
1,33,178,107.8,12.7,3,2,4,5
0,44,166,99.7,0.0,2,2,3,6
1,58,197,100.2,14.8,2,2,7,9
1,30,187,101.2,0.0,5,0,0,7
1,20,152,60.4,13.0,1,2,4,9
1,41,150,64.4,16.1,1,2,2,7
1,48,185,80.8,14.9,4,0,0,16
0,47,179,59.6,26.8,1,1,-3,14
0,18,156,104.0,0.0,4,1,-6,14
1,42,185,81.3,16.7,2,0,0,14
1,21,159,76.1,26.8,5,2,3,12
0,32,195,90.9,11.4,4,1,-2,5
1,51,176,71.5,0.0,3,2,5,10
0,20,181,105.6,10.6,2,0,0,15
0,36,197,81.7,28.0,3,0,0,6
0,21,150,72.6,22.6,3,1,-5,10
1,50,185,88.7,0.0,2,0,0,13
0,57,186,107.1,13.5,3,2,8,8
0,25,152,67.3,16.9,2,0,0,4
1,44,183,51.6,28.0,5,2,7,10
0,52,193,91.7,0.0,4,2,7,12
1,51,195,109.7,29.2,3,0,0,8
0,40,168,52.6,0.0,5,2,7,10
1,30,168,56.5,14.4,3,2,3,11
1,30,182,88.3,18.4,1,2,8,16
0,26,180,103.0,10.9,2,0,0,16
1,58,158,83.3,20.0,2,1,-6,12
0,56,160,76.3,24.9,2,0,0,9
1,39,158,61.5,23.8,4,0,0,10
1,60,163,70.2,14.3,5,1,-4,10
0,40,160,102.3,24.2,5,0,0,7
1,31,175,84.4,0.0,2,2,4,15
1,27,169,51.3,26.0,4,1,-5,14
0,18,167,91.5,15.0,5,2,7,4
0,20,182,63.9,0.0,5,2,5,5
1,37,170,53.0,0.0,1,1,-3,10
0,32,158,106.5,20.7,1,1,-6,4
1,36,153,99.3,26.5,3,1,-6,12
1,54,177,107.3,13.6,3,1,-2,6
1,60,170,99.9,0.0,4,0,0,7
0,43,189,72.4,0.0,5,2,4,10
1,36,199,103.3,13.2,2,0,0,16
1,18,182,63.9,0.0,2,2,8,4
1,24,159,81.3,18.8,2,1,-3,14
0,58,160,84.2,20.4,2,2,7,12
1,39,173,97.5,18.9,5,2,3,12
1,35,180,62.1,0.0,5,0,0,5
1,22,158,83.3,28.6,1,1,-4,16
0,23,177,63.9,26.9,3,1,-8,12
1,36,166,97.5,25.6,3,2,6,5
0,23,176,57.5,17.1,5,2,4,11
1,42,185,70.5,29.1,1,0,0,7
1,22,187,62.5,20.9,5,2,8,11
0,48,173,106.1,0.0,1,1,-2,16
1,59,190,63.3,12.0,5,0,0,14
0,52,193,76.7,0.0,1,2,8,4
0,58,178,94.5,12.2,4,1,-8,15
0,38,172,106.0,24.2,5,0,0,7
0,36,182,55.6,29.0,3,2,7,6
1,31,175,106.3,12.9,5,2,6,15
1,37,156,108.9,17.6,1,1,-4,12
0,35,194,93.0,11.9,1,0,0,13
1,36,180,65.3,11.2,3,1,-7,10
0,58,196,92.0,24.9,5,1,-7,10
1,49,200,91.5,0.0,5,0,0,5
1,45,173,106.9,15.4,1,1,-7,13
0,33,184,99.4,16.1,3,2,7,14
1,24,165,80.5,26.4,1,0,0,12
1,24,176,66.0,19.8,3,2,3,15
0,33,193,64.4,27.3,2,0,0,14
0,53,165,60.0,10.5,5,0,0,4
1,26,198,99.9,13.6,1,0,0,13
0,33,187,56.5,10.4,1,0,0,11
0,35,194,58.6,25.2,4,1,-7,15
0,22,199,98.1,22.4,4,1,-2,8
1,36,186,106.3,24.2,2,0,0,7
0,49,176,96.0,18.7,3,0,0,4
0,51,196,52.9,10.3,4,1,-4,5
0,26,181,93.9,13.0,3,0,0,12
1,52,175,55.1,0.0,3,0,0,15
0,46,174,80.8,29.3,1,2,5,10
1,46,185,83.9,24.8,1,1,-4,9
1,47,200,76.4,28.8,3,1,-4,14
1,34,160,61.8,28.1,4,0,0,7
0,48,198,66.9,16.2,1,1,-2,6
0,59,174,66.7,19.3,1,2,6,7
0,50,186,79.1,29.0,5,1,-7,14
1,30,156,52.2,18.3,3,2,7,16
0,19,179,50.1,15.1,5,0,0,15
1,42,156,85.1,18.0,2,1,-8,11
0,48,190,71.8,12.3,1,0,0,6
0,53,190,64.5,16.3,5,2,7,13
1,29,188,66.7,22.6,4,1,-4,16
1,19,150,67.0,21.8,2,0,0,7
1,24,163,66.9,16.1,2,2,6,16
1,33,162,59.9,0.0,5,2,7,15
1,60,153,59.3,12.3,5,0,0,7
0,60,172,109.2,0.0,3,0,0,6
0,47,182,74.0,22.1,2,2,2,10
0,45,174,102.8,23.2,2,1,-6,8
0,53,179,82.0,20.1,2,2,2,7
0,55,161,95.1,13.5,3,0,0,15
0,49,187,78.8,0.0,1,0,0,6
0,54,187,87.9,18.1,5,2,8,9
0,52,176,78.3,22.3,2,1,-5,4
0,55,184,71.6,25.1,2,2,7,13
1,52,161,93.8,15.3,2,0,0,14
1,51,173,71.6,13.5,5,1,-3,8
0,30,154,59.1,17.1,2,2,3,14
0,56,172,105.3,20.0,2,0,0,14
0,50,156,96.8,15.7,2,2,2,16
1,52,151,98.9,14.2,2,1,-5,9
1,54,154,80.7,17.0,1,2,4,16
0,26,155,108.5,16.7,5,1,-2,13
0,57,150,95.2,28.8,4,1,-6,16
1,59,150,66.5,23.6,2,0,0,15
0,42,185,83.2,30.0,5,0,0,11
1,46,161,87.3,22.2,2,2,5,5
0,30,194,100.4,10.6,5,1,-5,8
1,18,163,80.1,0.0,5,2,8,7
1,46,197,81.6,21.9,2,1,-5,10
1,29,192,54.3,22.0,5,0,0,13
0,32,177,86.5,24.0,4,1,-2,11
0,55,164,66.6,16.4,3,1,-7,16
1,46,155,106.2,26.6,3,1,-7,9
1,36,153,98.6,16.7,4,1,-3,4
0,59,191,84.7,22.4,1,0,0,9
1,29,176,109.4,0.0,2,2,2,6
0,18,163,91.8,25.8,2,2,7,11
1,27,159,98.6,10.4,1,1,-7,13
0,45,198,79.3,25.8,5,0,0,8
0,39,164,78.3,19.7,2,0,0,6
1,37,186,80.2,25.5,5,2,4,6
0,48,171,88.0,0.0,3,0,0,16
0,19,179,85.5,14.1,2,0,0,5
0,29,163,96.8,0.0,3,0,0,6
0,41,192,66.0,12.9,3,1,-8,10
0,59,166,58.8,23.5,5,2,5,11
1,48,166,74.0,0.0,2,1,-2,9
0,60,158,50.6,28.1,1,2,8,16
0,42,164,88.6,25.2,4,1,-5,4
0,49,198,82.8,16.9,4,1,-8,14
1,37,155,52.9,13.4,5,0,0,5
1,19,175,83.8,14.3,2,1,-4,4
1,56,180,90.9,19.5,4,1,-6,6
0,34,152,93.3,10.8,3,1,-3,7
1,23,188,50.5,26.7,3,0,0,16
1,46,172,87.8,0.0,2,2,7,9
0,41,175,57.7,28.0,2,2,3,9
1,44,176,51.9,20.7,1,2,5,12
1,51,192,57.7,23.1,3,0,0,15
0,55,175,70.6,19.7,2,2,5,14
0,53,158,94.0,21.3,2,0,0,11
0,28,169,96.6,18.8,2,0,0,15
1,33,183,53.3,26.5,5,2,5,6
1,53,180,87.8,17.9,1,1,-5,13
0,47,153,109.0,25.0,5,0,0,14
1,47,170,110.0,0.0,2,2,4,10
0,48,157,75.2,22.1,5,1,-4,10
0,34,155,86.6,0.0,4,0,0,6
0,59,161,62.6,0.0,2,1,-5,13
0,33,159,59.4,18.3,2,2,6,8
1,44,180,79.1,26.2,3,2,7,7
1,20,189,103.3,18.8,1,2,8,16
0,25,168,50.4,13.8,1,1,-8,12
0,37,176,94.9,0.0,3,1,-6,7
1,26,170,72.4,0.0,5,0,0,12
1,55,156,68.2,18.8,4,1,-4,16
1,27,153,62.5,0.0,5,0,0,6
1,23,158,84.8,0.0,5,2,5,5
1,27,192,57.2,22.6,2,2,5,8
1,18,190,84.9,23.0,4,1,-5,16
0,20,181,51.4,15.7,5,1,-8,5
0,23,187,53.2,15.5,2,2,5,7
1,57,173,78.9,25.1,5,2,3,4
0,53,185,92.6,16.4,5,2,8,14
0,25,167,94.1,29.3,1,2,3,7
0,42,191,107.5,24.6,1,1,-5,4
1,43,171,93.0,28.1,4,1,-5,12
0,48,174,94.6,0.0,1,1,-6,14
1,38,192,64.1,22.0,4,2,7,5
0,43,183,71.1,16.7,5,1,-2,4
1,38,187,102.1,0.0,2,1,-8,5
1,38,152,94.6,11.0,4,2,8,8
0,46,161,72.4,0.0,3,2,7,16
1,21,189,99.5,12.4,5,1,-2,7
1,37,163,84.9,0.0,1,2,3,11
0,35,190,103.1,14.8,5,0,0,12
1,34,174,50.3,10.2,4,1,-2,15
1,54,180,104.5,25.0,2,1,-6,16
1,31,170,104.0,28.0,1,2,6,7
1,20,191,70.9,21.3,4,1,-6,8
1,49,155,85.6,17.6,5,2,4,12
0,47,191,73.2,12.1,2,0,0,11
0,37,188,96.4,18.6,3,1,-5,10
0,47,199,75.1,11.7,5,0,0,8
1,51,159,106.2,10.2,2,2,3,5
0,47,179,88.6,11.3,1,0,0,5
1,21,191,67.3,0.0,5,0,0,5
0,31,165,107.5,11.1,2,1,-6,5
1,32,177,54.1,28.9,1,0,0,11
0,47,151,71.1,27.8,1,0,0,10
1,34,178,86.5,17.7,1,1,-6,9
0,51,173,50.4,24.4,4,0,0,11
0,52,174,81.3,13.3,2,0,0,7
0,19,163,89.8,28.1,5,0,0,7
0,22,157,77.7,13.7,2,0,0,16
1,37,189,78.5,23.0,4,0,0,11
0,46,174,66.6,0.0,4,0,0,4
0,58,176,80.7,29.8,2,1,-4,5
0,38,179,87.8,20.9,2,1,-3,13
1,40,193,102.7,14.9,5,0,0,6
1,49,189,83.0,16.4,2,1,-7,8
0,34,161,52.2,0.0,5,0,0,11
0,33,196,106.4,15.8,3,0,0,15
0,53,200,101.1,0.0,3,0,0,13
0,58,171,65.8,0.0,1,2,3,7
1,57,165,57.9,13.1,3,1,-4,8
0,48,191,52.3,24.6,3,0,0,12
0,32,191,77.8,0.0,5,1,-3,10
1,25,195,55.8,0.0,3,0,0,7
0,38,159,56.4,13.3,1,0,0,13
0,47,190,74.1,28.5,5,0,0,13
0,26,192,84.4,0.0,4,0,0,9
0,38,199,101.0,12.9,3,0,0,15
1,37,169,108.8,12.0,4,2,6,4
0,45,200,60.4,17.7,5,2,8,11
1,42,177,91.9,29.2,5,0,0,7
1,22,150,93.9,16.6,1,2,3,13
1,55,164,69.3,26.7,3,2,6,15
0,39,156,85.2,25.9,3,0,0,13
1,21,182,60.1,17.8,1,2,6,14
1,32,166,76.3,0.0,5,0,0,16
1,18,157,65.2,17.3,3,1,-4,12
0,52,158,88.7,20.4,3,0,0,11
0,57,200,98.6,14.6,5,2,8,13
1,27,174,97.0,0.0,2,1,-7,14
0,35,194,67.8,23.6,5,2,7,9
0,31,158,100.8,0.0,2,1,-3,7
0,31,184,61.6,13.5,1,2,6,15
1,22,158,77.8,10.8,2,2,3,5
1,57,176,105.0,16.6,2,0,0,10
1,37,197,94.3,13.0,5,1,-2,12
1,56,160,62.9,27.3,4,1,-4,11
1,28,157,55.7,23.8,4,2,4,9
0,30,161,109.8,14.8,5,2,5,5
1,25,179,60.1,12.0,5,1,-8,7
0,32,158,70.4,17.4,3,2,5,16
1,18,168,91.2,14.8,5,0,0,13
1,51,161,71.0,14.3,5,2,6,5
1,21,185,78.5,27.7,5,0,0,10
1,22,173,93.4,24.1,5,2,3,5
1,18,157,54.8,20.7,5,2,5,10
0,47,200,52.5,22.0,4,0,0,15
0,50,166,98.7,24.9,3,0,0,13
1,47,187,102.8,16.6,2,0,0,12
1,31,154,99.6,20.5,2,1,-5,4
0,19,198,85.8,0.0,5,0,0,4
0,58,151,105.0,27.8,3,2,2,7
0,25,197,53.6,26.9,3,2,5,4
0,29,158,76.4,17.9,5,0,0,9
1,60,151,50.0,21.5,2,2,5,14
1,43,190,96.0,22.3,5,2,3,7
0,53,171,56.5,12.9,1,0,0,8
0,50,197,75.5,16.0,1,0,0,16
0,46,181,100.8,24.5,1,2,5,15
1,38,167,99.3,0.0,4,2,6,7
1,57,178,94.7,28.2,4,1,-6,15
0,32,151,55.7,20.2,5,1,-3,6
0,60,200,99.0,20.2,3,1,-7,5
1,53,170,51.3,0.0,4,0,0,9
0,49,174,68.2,27.4,4,2,5,10
1,20,156,72.5,0.0,2,1,-6,9
0,57,170,76.0,28.0,5,1,-7,10
0,18,151,106.8,12.8,1,0,0,8
1,30,178,78.6,12.4,2,0,0,13
1,31,158,81.2,18.0,3,1,-5,4
0,44,176,97.4,0.0,1,0,0,16
1,48,150,107.3,10.3,3,2,8,7
1,38,192,66.0,24.7,4,2,8,9
0,41,176,64.7,23.8,5,1,-3,11
0,29,167,52.6,18.5,5,1,-3,14
1,23,174,101.1,0.0,3,1,-4,7
0,44,176,106.5,21.8,4,0,0,9
1,32,179,94.3,23.9,1,0,0,9
0,55,199,70.9,19.3,2,2,8,8
0,56,155,51.2,19.4,3,2,4,14
0,34,188,73.2,0.0,2,0,0,11
0,22,199,106.9,16.3,5,1,-7,14
1,33,186,89.7,21.1,1,2,2,9
0,19,154,57.0,17.9,1,1,-7,10
1,40,156,101.3,21.7,3,2,5,13
0,48,153,103.0,0.0,4,2,4,5
1,59,192,73.3,25.5,3,1,-3,10
0,42,162,76.8,0.0,1,1,-3,10
1,56,182,92.2,25.2,2,1,-4,13
1,38,163,90.0,14.0,1,2,6,11
0,32,187,80.2,23.8,1,0,0,16
0,22,196,100.3,11.8,2,2,4,15
0,27,168,84.1,26.5,2,1,-6,14
1,58,157,61.6,0.0,1,2,2,9
0,54,188,70.9,23.2,1,0,0,4
0,27,170,105.5,19.0,2,0,0,14
0,47,164,59.5,15.4,3,1,-4,11
1,46,196,107.4,28.2,4,0,0,11
0,44,200,50.9,25.8,5,2,3,12
0,35,157,87.3,10.2,2,0,0,16
0,41,164,84.2,22.9,1,0,0,5
1,53,163,93.4,14.2,1,1,-6,7
1,52,153,59.8,21.8,2,2,4,14
0,52,193,74.1,13.2,4,1,-3,9
0,32,175,73.7,20.8,4,0,0,13
0,54,164,85.9,11.9,3,0,0,12
1,49,194,80.1,15.1,3,0,0,6
0,44,184,83.2,11.7,2,1,-7,16
0,23,194,108.8,29.9,1,2,7,9
1,42,182,94.4,0.0,1,1,-7,4
1,58,178,53.5,28.3,4,1,-7,12
1,30,199,95.4,27.8,3,1,-3,11
1,59,198,98.6,15.4,5,0,0,8
1,49,161,67.6,0.0,2,0,0,7
0,53,192,67.9,0.0,5,1,-8,15
1,52,175,96.4,0.0,2,1,-6,11
1,48,164,109.1,14.6,5,1,-4,4
0,59,159,64.4,0.0,4,2,7,9
1,52,155,61.1,21.4,5,1,-3,4
0,38,200,61.9,22.6,5,1,-6,13
0,55,196,50.2,27.2,3,2,3,5
0,53,188,71.7,0.0,2,1,-2,16
0,50,165,74.1,11.4,1,2,6,10
1,35,188,101.2,10.6,2,1,-4,5
0,57,193,58.8,22.9,1,2,8,14
0,57,192,59.3,19.0,4,2,8,12
1,44,178,109.1,13.6,3,1,-7,9
0,45,196,87.0,21.6,2,0,0,9
0,33,179,62.7,14.2,2,0,0,5
0,30,158,101.6,16.0,3,0,0,13
1,50,176,85.7,0.0,2,0,0,8
1,45,177,97.2,0.0,3,1,-4,6
0,53,155,55.5,17.5,3,2,8,5
0,29,156,66.6,26.1,3,0,0,12
1,39,151,52.0,23.2,4,0,0,11
0,30,165,99.7,19.6,3,2,7,15
0,21,179,53.0,28.6,4,2,5,10
1,21,196,63.9,14.6,3,0,0,11
1,49,186,76.4,17.5,2,0,0,8
0,23,156,103.0,11.5,1,2,7,16
0,49,175,52.8,11.1,4,0,0,11
1,49,184,71.8,19.4,5,2,7,8
0,40,168,90.2,10.3,2,2,3,14
1,51,183,103.3,11.8,1,0,0,11
1,44,151,108.3,28.1,4,2,5,13
0,29,171,83.0,27.8,4,1,-3,7
0,50,183,90.8,0.0,1,1,-3,16
1,52,154,62.7,29.8,3,0,0,4
1,55,190,87.9,29.9,3,1,-2,13
1,26,165,85.6,25.6,3,2,3,7
1,26,158,51.8,0.0,4,0,0,9
1,41,172,102.6,17.1,3,2,2,12
1,55,184,66.7,0.0,4,2,7,4
0,44,190,86.8,26.0,1,1,-3,10
0,23,197,69.8,0.0,3,1,-6,16
1,58,172,93.3,12.7,1,2,8,16
0,58,189,97.7,13.1,1,0,0,5
0,60,192,63.8,27.5,2,2,6,11
0,53,161,73.3,0.0,2,2,7,14
1,58,176,99.9,21.7,5,1,-2,7
0,48,165,88.9,13.1,5,1,-6,14
1,43,151,65.5,18.1,4,0,0,13
0,60,182,54.7,25.3,5,2,3,6
0,33,192,69.6,0.0,5,1,-3,16
0,53,187,54.5,16.4,3,1,-5,10
1,49,189,103.0,26.4,2,1,-4,13
0,44,194,59.8,19.9,1,0,0,4
1,28,180,86.7,0.0,1,0,0,6
1,53,164,58.7,0.0,5,1,-2,14
0,42,190,71.7,20.4,1,0,0,7
0,33,194,87.0,16.5,4,2,2,9
1,40,171,107.0,28.8,5,1,-3,10
1,22,194,53.4,11.2,1,2,2,8
1,37,177,103.6,24.8,1,0,0,11
1,24,192,62.5,0.0,1,2,8,10
1,50,195,87.7,22.4,5,2,7,7
0,59,197,50.7,0.0,3,1,-2,7
0,50,162,88.4,21.3,2,0,0,4
1,41,198,51.0,29.1,1,0,0,5
0,31,166,55.2,27.8,5,2,8,10
0,24,173,56.9,19.1,5,0,0,5
0,25,169,52.1,12.4,3,0,0,4
1,21,177,76.9,23.0,3,1,-8,4
0,23,157,64.9,26.2,5,0,0,16
0,27,187,85.2,24.6,3,1,-5,9
1,32,184,69.6,0.0,4,0,0,8
0,23,194,60.0,19.8,2,0,0,4
0,22,183,99.7,0.0,2,1,-4,12
1,41,197,73.1,25.8,4,2,6,15
0,24,155,77.9,14.2,3,1,-7,11
0,20,187,107.0,0.0,1,1,-3,14
1,51,200,84.6,0.0,4,2,5,10
1,44,197,77.0,21.9,5,2,2,5
0,51,166,97.1,28.5,5,2,3,11
0,30,167,65.4,18.4,5,0,0,16
1,50,171,87.3,0.0,2,1,-5,9
0,24,186,93.8,28.3,3,2,8,4
1,39,160,99.3,20.4,3,0,0,16
1,18,160,93.2,14.0,5,0,0,4
1,45,175,106.5,22.4,1,0,0,14
0,25,195,88.8,14.2,4,0,0,15
0,37,151,57.8,23.5,5,2,3,4
1,33,186,65.6,25.5,4,2,5,12
0,22,155,85.9,13.8,2,1,-6,4
0,46,160,51.5,21.4,2,1,-4,14
0,57,183,53.5,28.5,3,2,7,14
0,26,183,106.5,11.3,3,1,-6,13
1,38,198,76.9,0.0,1,0,0,7
0,40,180,55.3,11.5,5,1,-3,14
0,35,194,63.8,17.1,2,2,4,16
0,30,181,94.1,0.0,2,1,-7,8
0,47,197,92.6,25.7,2,1,-5,13
1,58,188,68.8,20.1,1,2,6,10
1,35,166,80.3,24.4,1,0,0,16
1,26,183,74.6,0.0,4,2,3,8
1,52,176,102.1,13.2,4,2,4,8
1,27,164,101.2,27.6,3,0,0,11
0,43,158,104.4,28.8,5,0,0,14
1,39,159,95.7,19.8,4,1,-3,16
0,60,187,78.7,23.3,3,2,5,5
1,37,192,53.7,0.0,1,1,-5,8
0,40,199,99.4,0.0,4,1,-3,5
0,30,167,103.9,0.0,4,1,-7,11
0,51,155,92.9,23.9,1,0,0,4
0,44,164,108.2,11.3,2,2,8,9
1,40,173,92.0,26.0,5,2,5,7
0,40,172,73.9,19.1,2,1,-3,13
0,43,174,100.4,29.2,5,1,-6,15
0,44,193,80.8,15.3,5,1,-8,4
0,30,164,89.1,24.2,2,1,-5,11
1,59,187,95.2,0.0,2,0,0,4
1,43,178,101.8,0.0,2,0,0,14
1,26,195,53.2,17.8,2,1,-4,16
0,56,173,102.4,12.7,3,1,-8,9
0,60,157,95.6,29.8,3,1,-7,8
0,28,197,62.2,18.3,2,0,0,7
0,36,193,77.5,27.7,3,2,6,8
0,23,163,101.9,22.0,2,0,0,5
0,42,169,60.2,10.6,1,2,8,9
0,40,168,68.0,15.2,2,1,-8,15
1,48,151,77.8,22.4,1,0,0,10
0,20,187,79.5,28.6,1,2,2,16
1,39,160,84.2,23.7,2,2,7,16
1,36,191,72.4,18.7,1,0,0,16
1,41,188,84.9,11.6,2,1,-8,11
1,50,171,109.8,25.8,4,1,-6,16
0,49,157,77.7,25.7,5,1,-6,12
0,27,175,58.8,20.6,5,0,0,4
1,39,155,52.9,19.4,2,0,0,15
1,23,190,107.3,21.2,5,1,-8,12
1,49,165,87.7,22.4,3,2,5,9
0,34,185,71.9,17.8,4,1,-2,14
0,53,150,70.2,25.0,4,2,3,7
0,25,191,96.7,18.2,3,0,0,5
0,57,172,88.6,16.6,3,0,0,7
0,28,164,90.5,20.3,4,0,0,5
1,46,153,104.6,10.1,5,1,-2,6
0,40,196,97.6,13.2,3,2,2,4
0,30,171,105.0,22.3,2,1,-7,15
1,49,177,67.3,19.5,2,1,-8,13
0,49,175,107.3,21.8,2,0,0,11
1,27,164,86.3,15.2,3,0,0,4
0,35,181,99.0,22.4,3,2,6,10
1,27,174,106.4,17.9,4,0,0,14
1,36,188,85.1,12.2,2,2,3,6
0,38,191,53.1,17.4,5,2,5,5
0,21,175,66.2,27.6,3,1,-3,10
1,19,150,95.8,10.4,2,1,-6,10
0,36,195,54.1,0.0,4,2,2,7
0,43,197,108.8,20.5,2,2,6,4
0,26,186,97.5,27.8,3,2,6,15
0,29,163,55.0,15.4,2,0,0,8
0,32,156,73.5,28.2,1,0,0,12
0,38,183,64.7,0.0,5,0,0,8
0,33,164,58.6,17.3,2,1,-7,5
0,32,181,70.2,23.7,4,1,-6,5
0,34,184,85.0,21.5,3,2,7,6
1,23,191,75.3,11.2,2,2,4,10
1,52,177,59.0,0.0,4,2,4,4
1,57,175,66.9,0.0,2,1,-8,8
0,44,194,102.2,22.4,1,2,2,11
0,26,194,96.5,14.1,3,2,6,9
0,55,168,89.3,23.6,1,1,-7,12
0,36,189,78.5,27.1,3,0,0,4
1,28,196,81.2,17.7,1,1,-5,4
1,28,163,95.5,0.0,2,2,6,13
1,34,180,63.3,12.2,4,1,-4,15
1,26,178,59.8,0.0,5,1,-7,4
0,50,165,77.1,23.6,1,2,6,13
1,51,167,83.0,13.5,5,1,-8,4
1,28,185,87.5,0.0,3,2,2,6
0,51,159,68.5,0.0,3,0,0,7
0,37,176,103.8,23.8,1,2,3,9
1,32,191,85.8,17.4,4,1,-8,15
1,35,163,59.5,24.5,4,0,0,13
0,36,170,107.1,15.4,3,2,2,15
0,24,156,70.5,13.6,4,1,-7,7
0,59,175,56.3,13.6,1,1,-3,11
1,24,179,85.7,28.8,5,1,-6,16
0,56,180,69.0,0.0,5,0,0,8
1,20,159,98.3,10.3,3,2,2,15
0,43,156,101.6,21.8,4,0,0,12
0,48,169,90.6,22.2,3,2,5,10
0,46,155,86.3,10.9,5,2,5,11
1,28,160,74.8,12.0,5,2,2,5
0,48,185,66.8,21.2,3,0,0,15
0,40,192,79.1,29.2,3,2,2,12
0,32,187,79.9,14.9,3,1,-4,15
1,22,191,70.0,27.1,1,2,5,16
1,18,171,102.7,29.2,5,2,3,15
0,24,152,101.7,14.7,1,2,2,4
0,33,197,98.7,19.6,1,0,0,11
0,28,175,79.0,15.3,3,1,-5,8
0,47,166,107.0,12.0,4,2,2,10
1,58,183,73.5,15.5,3,1,-3,16
0,40,165,61.6,15.4,5,0,0,7
0,49,170,51.6,13.7,4,2,2,7
1,49,181,52.4,11.9,5,2,3,4
1,45,173,59.0,23.4,4,0,0,8
0,48,174,50.9,0.0,3,1,-8,15
1,47,188,51.9,0.0,2,2,2,9
0,45,195,70.6,11.1,5,1,-7,11
1,34,159,58.5,25.7,5,2,6,10
0,18,185,63.7,0.0,3,0,0,11
1,30,155,107.7,28.7,4,0,0,14
0,36,195,64.8,16.1,1,2,2,10
0,37,153,73.4,24.6,5,0,0,8
1,40,165,92.8,22.7,2,0,0,16
0,59,190,95.9,24.0,2,1,-8,14
0,52,186,75.1,21.7,2,2,3,7
1,41,164,60.1,24.7,2,0,0,8
0,28,190,53.0,21.6,2,2,8,12
1,46,193,87.8,21.7,2,0,0,11
0,54,184,75.9,18.1,3,2,2,8
0,46,157,98.9,28.3,4,0,0,9
0,42,156,52.1,13.9,1,1,-2,15
0,47,190,66.8,10.5,3,0,0,7
0,24,188,51.0,18.1,3,1,-6,11
1,24,179,105.7,12.6,5,2,4,14
1,47,164,96.2,29.0,4,2,5,9
0,19,172,102.5,24.0,4,2,3,6
1,37,179,102.8,26.5,3,1,-7,11
0,57,163,97.3,23.3,3,0,0,4
0,41,155,51.6,24.9,5,1,-6,12
0,24,176,97.6,28.7,2,2,3,13
1,43,189,106.3,21.1,4,0,0,13
1,25,167,79.4,15.3,1,2,6,12
