calories_kcal,protein_g,carbs_g,fat_g,meals_per_day,snacks_per_day
3441.25,170.1,500.7,84.2,5,1
3484.77,194.9,500.2,78.3,5,1
3490.79,160.0,523.9,83.9,4,1
3832.53,176.4,531.8,111.1,5,2
2028.55,164.2,191.4,67.3,4,1
2257.29,150.8,263.1,66.8,4,1
2421.23,219.8,186.2,88.6,4,1
1857.07,196.9,59.1,92.6,4,1
2491.41,171.4,254.0,87.8,5,1
2669.31,152.9,325.7,83.9,5,2
2763.51,107.0,438.3,64.7,6,2
2548.8,107.5,433.2,42.9,4,1
2259.86,173.9,239.9,67.2,4,1
2355.13,141.4,303.5,63.9,5,1
2639.14,135.3,340.0,82.0,5,2
3669.28,188.0,541.2,83.6,5,2
3223.07,206.4,386.9,94.4,5,2
3287.33,206.4,386.1,101.9,5,1
3307.81,218.9,386.0,98.7,4,1
2002.46,126.8,243.5,58.0,4,1
2969.36,164.2,397.9,80.1,5,1
3465.63,131.8,595.7,61.7,5,1
3512.45,174.5,458.1,109.1,5,2
1785.31,110.8,193.7,63.0,4,1
1758.54,123.4,195.6,53.6,4,1
3195.22,260.8,291.9,109.4,4,1
2546.62,218.5,203.1,95.6,4,1
2219.6,109.8,336.4,48.3,4,1
3230.58,154.9,450.9,89.7,6,2
1566.67,130.0,140.6,53.8,4,1
2434.25,114.6,363.3,58.0,4,1
2932.0,146.9,412.1,77.3,6,2
1540.87,104.7,172.7,47.9,4,1
2683.87,229.2,245.1,87.4,4,1
1576.04,127.5,147.4,52.9,4,1
3774.81,162.7,576.1,91.1,4,1
3023.96,112.4,494.7,66.2,5,1
2868.67,199.3,304.0,95.0,4,1
1557.45,121.3,157.8,49.0,4,1
2535.3,156.3,285.0,85.6,4,1
1786.82,103.6,220.6,54.5,4,1
1652.26,161.1,84.3,74.5,4,1
3315.1,131.5,545.4,67.5,5,2
3140.63,170.1,391.0,99.6,5,2
1318.64,114.5,107.2,48.0,4,1
1511.12,133.4,119.3,55.6,4,1
2592.11,120.4,379.5,65.8,6,1
2072.71,145.6,231.3,62.8,4,1
2434.01,86.9,389.5,58.7,5,2
3945.53,153.4,597.4,104.7,5,2
4280.61,175.5,668.8,100.4,6,2
2143.8,128.1,284.2,54.9,5,1
1772.28,119.3,207.2,51.8,4,1
2317.6,146.9,289.8,63.4,4,1
2260.96,120.0,301.6,63.9,5,1
3435.26,134.9,589.9,59.6,5,2
1349.04,143.9,61.7,58.5,4,1
2095.28,208.3,97.0,97.1,4,1
3184.36,154.1,433.5,92.7,5,2
3438.64,119.1,597.8,63.4,5,2
2364.04,206.8,210.4,77.3,4,1
2929.34,238.4,305.0,84.0,4,1
1144.32,119.8,57.3,48.4,4,1
1919.4,130.5,204.3,64.5,4,1
3495.44,186.9,463.4,99.4,5,1
1941.81,98.4,272.2,51.0,4,1
2321.67,143.8,290.6,64.9,4,1
2968.44,111.6,487.9,63.4,5,2
2179.22,185.4,187.2,76.5,4,1
3003.13,120.6,471.7,70.4,5,2
1437.83,130.7,101.0,56.8,4,1
3190.41,248.3,324.6,99.9,4,1
2461.78,122.7,313.2,79.8,5,2
2388.47,212.9,199.5,82.1,4,1
3791.41,181.2,539.0,101.2,5,2
3901.58,160.4,614.2,89.2,4,1
1609.43,109.4,188.9,46.3,4,1
1780.28,155.7,146.8,63.4,4,1
4558.55,200.3,716.5,99.0,5,1
1866.55,152.2,191.1,54.8,4,1
4168.41,224.5,595.5,98.7,4,1
3095.95,200.2,391.0,81.2,4,1
2424.51,204.4,239.0,72.4,4,1
1593.69,142.1,132.2,55.1,4,1
2505.87,157.0,295.9,77.1,4,1
3076.51,235.3,315.8,96.9,4,1
2816.22,171.2,383.8,66.2,4,1
2655.17,157.3,319.7,83.0,5,2
2239.98,178.0,215.5,74.0,4,1
3676.02,167.0,549.8,89.9,5,1
2611.53,122.5,397.3,59.2,5,1
1323.12,118.2,101.8,49.2,4,1
2155.24,112.7,306.5,53.2,4,2
1269.83,144.9,55.4,52.1,4,1
2722.68,135.6,371.0,77.3,5,1
2360.57,117.9,350.8,54.0,5,2
2824.59,195.8,308.2,89.8,4,1
3154.58,156.7,427.3,91.0,6,2
2679.9,98.7,446.0,55.7,5,1
3179.96,179.6,366.4,110.6,6,2
1699.0,133.5,169.8,54.0,4,1
2160.25,121.6,249.7,75.0,5,2
1714.87,175.0,91.0,72.3,4,1
3559.06,154.5,505.3,102.2,6,2
3289.69,162.1,463.9,87.3,5,2
1413.0,116.2,97.9,61.9,4,1
1562.72,134.1,137.0,53.2,4,1
2934.01,116.9,475.6,62.6,5,1
2005.71,107.7,278.6,51.2,4,1
1641.08,110.1,194.0,47.2,4,1
1216.78,117.2,86.8,44.5,4,1
1690.9,88.8,215.8,52.5,4,2
3471.18,198.1,429.3,106.8,6,2
1923.67,172.5,127.6,80.4,4,1
2769.92,146.0,403.8,63.4,4,1
2484.47,164.3,220.0,105.2,5,2
2924.3,182.6,362.2,82.8,4,2
2772.32,124.5,424.0,64.3,4,1
1863.19,122.3,227.7,51.5,4,1
3807.2,228.6,492.4,102.6,4,1
1734.65,124.6,197.2,49.7,4,1
1396.09,165.2,31.5,67.7,4,1
2492.83,161.8,312.5,66.2,4,1
2970.85,109.1,498.7,60.0,6,2
1798.93,162.6,128.5,70.5,4,1
2115.78,163.0,184.0,80.9,5,1
3161.5,112.0,529.5,66.2,5,2
2570.72,223.0,197.5,98.7,4,1
2337.62,114.8,318.7,67.1,6,2
2055.09,153.7,230.5,57.6,4,1
3156.34,192.9,332.6,117.1,5,2
2018.94,107.9,280.6,51.6,4,1
3467.31,232.2,429.7,91.1,4,1
3710.19,182.4,534.7,93.5,5,1
2600.7,112.9,392.3,64.5,5,2
2642.16,177.8,276.7,91.6,4,2
4081.31,228.6,555.2,105.1,4,1
2580.1,215.3,211.5,97.0,4,1
2418.51,125.2,316.9,72.3,5,2
3254.89,251.6,321.2,107.1,4,1
2391.39,123.7,342.4,58.6,5,1
3474.22,172.2,423.4,121.3,6,2
3450.89,143.2,485.9,103.8,5,2
3864.17,165.5,541.5,115.1,5,2
2009.66,173.1,144.4,82.2,4,1
2292.62,105.3,364.5,45.9,4,1
2159.53,108.2,333.6,43.6,4,1
2343.7,94.0,356.6,60.2,5,2
3614.55,220.1,468.7,95.5,4,1
3107.96,127.4,496.0,68.3,5,2
2055.36,118.2,284.4,49.5,5,2
1870.36,145.9,194.9,56.3,4,1
1486.92,117.6,156.0,43.6,4,1
3358.55,196.3,444.2,88.5,4,1
1120.51,124.9,44.7,49.1,4,1
2393.15,221.7,143.6,103.5,4,1
2004.06,143.3,216.1,62.9,5,1
2566.4,175.5,296.5,75.4,4,1
3933.04,162.8,632.1,83.7,5,1
2726.92,145.7,379.8,69.5,4,1
3103.03,164.2,400.9,93.6,4,1
2958.22,105.4,501.1,59.1,6,2
2001.16,137.5,242.4,53.5,4,1
2782.4,128.3,431.2,60.5,5,1
1800.68,179.7,75.0,86.9,4,1
3089.55,144.3,397.6,102.4,5,2
3761.75,143.5,608.3,83.8,6,2
4707.72,213.6,684.3,124.0,6,2
3096.17,230.7,345.2,88.1,4,1
2100.38,103.0,311.9,49.0,6,2
1538.4,126.7,138.4,53.1,4,1
2982.76,239.3,268.3,105.8,4,1
3304.28,154.2,529.3,63.4,6,2
2434.41,115.6,342.2,67.0,4,1
2498.41,130.8,349.2,64.3,4,1
1819.91,165.9,122.2,74.2,4,1
3108.14,206.9,356.3,95.0,4,1
1642.83,160.1,93.9,69.7,4,1
2055.68,197.1,147.3,75.3,4,1
2807.43,202.9,308.4,84.7,4,1
2257.03,144.6,276.9,63.4,4,1
2778.87,128.9,400.7,73.4,5,1
1653.06,156.7,90.0,74.0,4,1
2705.66,188.0,262.0,100.6,4,1
2448.0,140.5,329.0,63.3,4,1
3075.51,180.1,389.6,88.5,5,2
2823.88,159.6,366.6,79.9,5,1
3403.32,162.9,495.5,85.5,6,2
2009.64,158.5,196.1,65.7,4,1
2337.13,141.8,274.1,74.8,6,2
3454.85,116.5,606.7,62.5,5,2
1906.8,204.6,62.3,93.3,4,1
1458.97,128.4,118.9,52.2,4,1
1648.5,140.6,139.9,58.5,4,1
2500.28,120.2,387.8,52.0,5,2
1853.99,141.0,199.6,54.7,4,2
3281.15,173.0,428.4,97.3,5,1
2368.36,93.0,391.3,47.9,4,2
2157.91,186.8,180.4,76.6,4,1
2203.14,163.5,194.4,85.7,5,1
2765.77,197.2,293.0,89.5,4,1
1435.31,149.3,73.4,60.5,4,1
1701.49,186.3,46.1,85.8,4,1
2435.59,251.2,144.5,94.8,4,1
2868.7,228.5,291.0,87.9,5,1
3640.0,154.0,556.4,88.7,5,1
2615.67,180.7,299.8,77.1,4,1
2930.41,176.8,280.4,122.4,5,2
1488.38,133.8,116.5,54.1,4,1
1197.9,126.1,65.5,47.9,4,1
2133.57,134.8,256.7,63.1,4,1
1711.86,129.7,175.2,54.7,4,1
2875.77,122.7,464.6,58.5,5,2
1430.86,132.4,81.7,63.8,4,1
1631.55,151.4,111.5,64.4,4,1
2175.9,124.8,285.9,59.2,6,2
2061.99,106.2,292.0,52.2,5,1
2042.01,150.6,219.1,62.6,4,1
1339.7,130.1,73.9,58.2,4,1
1834.03,169.7,134.5,68.6,4,1
2315.47,143.2,306.3,57.5,5,2
3169.16,193.1,414.8,81.9,4,1
3495.82,130.8,592.4,67.0,6,2
2388.88,137.5,293.4,74.0,4,1
2327.4,249.5,92.3,106.7,4,1
3165.83,230.1,363.2,88.1,4,1
2509.02,100.8,391.0,60.2,5,2
2172.59,134.7,253.5,68.9,4,2
2797.52,171.7,303.6,99.6,5,2
2753.63,96.4,459.6,58.9,6,1
2583.36,238.9,174.9,103.1,4,1
1470.12,130.8,114.5,54.3,4,1
2069.77,97.1,301.1,53.0,5,2
2960.65,185.6,384.2,75.7,4,2
2431.38,126.9,373.1,47.9,4,1
2136.33,147.3,265.1,54.1,4,1
1824.35,162.9,149.8,63.8,4,1
2203.23,128.9,300.0,54.2,4,1
3194.74,168.8,379.5,111.2,5,2
1883.19,221.2,36.0,94.9,4,1
2627.15,163.9,342.0,67.1,4,1
2736.77,120.5,452.4,49.5,4,1
1914.83,165.4,158.6,68.8,4,1
3184.76,116.6,519.9,71.0,5,1
3483.6,118.0,592.9,71.1,5,2
3595.93,175.2,478.9,108.8,5,2
3561.12,148.6,548.0,86.1,6,2
1633.74,137.9,157.3,50.3,4,1
1987.56,115.8,250.2,58.2,5,1
2543.04,149.9,330.8,68.9,4,1
2357.7,206.7,169.4,94.8,5,1
2456.28,100.2,387.4,56.2,4,1
3230.94,149.9,479.3,79.3,5,1
2450.27,157.2,292.5,72.4,4,1
2327.56,171.3,248.6,72.0,4,1
2269.22,125.4,304.8,61.0,4,1
2505.2,137.9,357.0,58.4,4,1
2552.63,192.6,283.5,72.0,4,1
1957.58,108.2,254.4,56.3,4,1
1827.32,192.8,92.3,76.3,4,1
3626.16,221.2,473.1,94.4,4,1
2111.49,117.9,293.1,51.9,4,1
2078.34,189.7,121.7,92.5,4,1
2511.56,112.0,356.0,71.0,6,2
3348.17,212.4,427.3,87.7,4,1
2881.96,179.0,352.4,84.1,6,1
3137.57,94.4,549.3,62.5,5,2
1701.66,110.5,197.5,52.2,4,1
2707.94,83.8,467.7,55.8,5,2
2311.38,181.4,193.6,90.2,5,1
3467.75,183.3,459.7,99.5,6,2
2297.1,154.1,268.5,67.4,4,1
1977.06,170.2,168.6,69.1,4,1
2227.45,168.1,226.4,72.1,4,2
2039.4,185.2,156.8,74.6,4,1
2804.86,111.1,429.1,71.6,5,2
3621.7,181.6,495.5,101.5,4,1
2326.54,105.7,364.6,49.5,5,2
4515.26,195.0,671.9,116.4,5,1
1668.03,125.1,152.5,62.0,4,1
1938.74,205.8,119.0,71.0,4,1
1543.12,170.1,58.5,69.9,4,1
3395.87,132.5,560.6,69.3,6,2
1795.97,142.3,176.9,57.7,4,1
2826.82,122.1,469.5,51.2,4,1
1394.89,134.6,90.5,55.0,4,1
4025.99,172.6,627.5,91.7,5,2
2491.64,141.3,280.1,89.6,6,2
2127.75,209.8,104.3,96.8,4,1
1816.46,116.7,221.1,51.7,5,1
1685.78,116.0,194.3,49.4,4,1
2889.52,217.0,297.4,92.4,4,1
2224.05,192.3,157.7,91.6,4,1
1729.56,97.6,225.0,48.8,5,2
2024.28,236.4,52.0,96.8,4,1
3327.85,133.5,542.4,69.4,4,1
2425.21,220.0,209.4,78.7,4,1
3303.78,117.3,576.0,58.9,6,2
2758.94,162.6,352.4,77.7,5,1
2089.54,91.1,305.1,56.1,5,2
1703.95,127.5,177.3,53.9,4,1
2555.16,158.4,330.2,66.7,4,1
1567.66,120.2,147.6,55.2,4,1
2697.24,210.2,272.9,85.0,4,1
2518.81,202.1,260.1,74.5,4,1
2419.14,150.5,304.2,66.7,4,1
3562.93,182.2,535.8,76.7,5,1
1928.02,142.9,162.1,78.7,4,1
3577.83,176.4,535.5,81.2,4,1
3079.26,120.8,494.9,68.5,5,2
3717.45,198.6,542.3,83.8,5,1
2679.37,218.0,256.8,86.7,4,1
2588.56,157.6,355.4,59.6,4,1
3275.51,215.5,385.1,97.0,5,2
2211.23,199.1,156.1,87.8,4,1
2259.6,155.4,242.1,74.4,4,1
2397.24,113.9,369.8,51.4,4,1
2250.66,193.3,212.2,69.8,4,1
3139.56,134.7,501.0,66.3,6,1
1851.61,191.4,112.1,70.8,4,1
1861.86,132.1,209.3,55.1,4,1
4576.55,186.2,759.0,88.4,6,2
2891.73,128.8,445.1,66.2,4,1
3043.49,185.2,389.3,82.8,5,1
1638.24,114.1,186.6,48.4,4,1
4196.64,207.0,655.3,83.0,4,2
3368.59,165.5,486.2,84.7,6,2
3017.16,127.9,473.4,68.0,5,1
3538.24,233.4,407.8,108.2,4,1
2462.12,190.8,239.3,82.4,4,1
3180.51,204.8,369.1,98.4,5,1
3018.3,123.0,474.4,69.8,5,2
1962.68,217.7,35.9,105.4,4,1
2086.57,220.3,104.0,87.7,4,1
3406.42,188.1,462.9,89.2,5,2
1393.44,159.5,50.1,61.7,4,1
2036.47,87.4,321.6,44.5,5,1
2457.19,135.5,321.9,69.8,4,1
2502.55,168.4,314.9,63.3,4,1
4320.31,176.1,635.0,119.6,5,2
2022.0,212.5,54.8,105.9,4,1
2688.7,175.1,300.5,87.4,5,2
3785.73,203.5,475.7,118.8,6,2
1662.18,146.1,145.6,55.0,4,1
3170.28,209.1,383.7,88.8,4,1
3364.48,130.2,571.5,62.0,5,2
2339.76,162.1,280.4,63.3,5,1
2691.59,195.0,296.9,80.4,4,1
2344.57,98.3,378.7,48.5,5,2
2606.6,177.7,287.5,82.9,4,1
1836.62,111.5,249.3,43.7,4,1
3038.99,166.6,369.9,99.2,5,1
2343.56,122.3,297.2,73.9,6,2
1756.32,222.8,16.5,88.8,4,1
3899.53,172.7,591.8,93.5,5,2
4435.34,169.0,695.4,108.6,5,1
3650.45,157.9,562.0,85.6,5,1
2292.91,104.9,323.0,64.6,5,2
2149.95,237.2,80.3,97.8,4,1
2145.72,183.1,169.8,81.5,4,2
2110.28,95.3,293.9,61.5,5,1
2476.26,156.5,306.8,69.2,4,1
2466.05,111.3,364.3,62.6,4,1
3816.15,195.3,560.6,88.1,6,2
2429.62,193.6,203.6,93.4,5,1
2475.95,108.0,389.2,54.1,5,2
2411.12,119.4,364.3,52.9,5,1
2810.58,88.1,483.8,58.1,6,2
3002.36,165.7,412.5,76.6,4,1
2297.26,174.1,245.7,68.7,4,1
1843.46,102.7,248.2,48.9,4,1
2972.62,100.4,506.2,60.7,6,1
1838.41,163.3,134.7,71.8,4,1
1617.94,101.5,196.0,47.5,4,1
3042.6,174.4,395.7,84.7,4,1
3618.47,208.9,505.3,84.6,4,1
4006.33,140.8,688.5,76.6,5,1
2595.38,165.1,313.3,75.7,5,1
4092.55,200.8,549.2,121.4,5,1
2307.6,182.8,208.4,82.5,4,1
2647.2,113.6,421.8,56.2,5,1
2953.02,105.1,489.6,63.8,5,2
2691.31,149.7,315.6,92.2,5,2
2566.61,160.9,318.1,72.3,4,1
2372.23,199.4,191.1,90.0,4,1
2589.35,131.5,354.8,71.6,5,2
1495.5,121.3,125.7,56.4,4,1
3144.86,147.8,406.0,103.3,5,2
1797.4,138.3,186.0,55.6,4,1
2743.5,142.0,354.6,84.1,5,2
3209.72,206.9,386.3,93.0,4,1
3361.72,132.1,535.1,77.0,5,2
2860.99,146.8,384.9,81.6,6,2
3499.47,188.3,476.4,93.4,6,2
1816.64,131.6,208.1,50.9,4,1
2081.51,119.0,282.6,52.8,4,1
2185.93,142.8,280.6,54.7,4,1
2721.34,186.7,303.3,84.6,5,1
2935.78,135.9,455.0,63.6,5,1
1688.0,188.8,52.5,80.3,4,1
1334.6,119.0,98.1,51.8,4,1
2704.55,206.5,265.2,90.9,4,1
4286.6,185.6,658.8,101.0,5,1
3380.69,196.7,366.6,125.3,5,2
2918.3,153.0,369.0,92.3,4,1
1288.99,122.3,94.7,46.8,4,1
2524.2,133.9,367.5,57.6,4,1
1767.03,125.6,204.7,49.6,4,1
3492.89,191.1,436.6,109.1,5,2
2956.87,189.2,374.4,78.1,4,1
1882.21,154.8,163.7,67.6,4,1
1875.69,107.6,254.9,47.3,4,1
3574.73,178.0,536.0,79.8,5,1
2904.95,190.6,386.2,66.4,4,1
3301.75,141.6,529.4,68.6,6,2
3788.3,202.7,534.2,93.4,4,1
3332.55,139.1,545.2,66.1,5,2
2244.7,150.2,231.2,79.9,4,1
2739.8,212.3,261.2,94.0,4,1
3106.29,140.3,473.8,72.2,5,2
1487.48,159.2,68.8,63.9,4,1
2341.5,125.4,314.1,64.8,4,2
1999.59,138.3,231.4,57.9,4,1
2239.53,143.7,259.0,69.9,5,1
2199.93,132.0,284.7,59.2,5,2
3013.58,165.0,401.2,83.2,5,1
2242.52,222.4,132.1,91.6,4,1
2723.35,129.0,411.6,62.3,5,2
2096.6,191.0,164.7,74.9,4,1
2272.97,133.5,290.9,63.9,4,1
2932.37,154.4,361.4,96.6,5,2
2088.79,258.0,50.8,94.9,4,1
2654.85,216.5,225.2,98.6,4,1
2189.63,221.5,115.7,93.4,4,1
1815.34,184.9,117.3,67.4,4,1
2150.73,165.3,233.1,61.9,4,1
4152.19,188.4,635.6,95.1,5,2
1651.52,115.8,171.5,55.8,4,1
3154.75,134.9,476.2,78.9,5,2
2887.56,164.5,303.6,112.8,6,2
2772.7,236.0,224.4,103.5,4,1
1327.16,125.5,80.7,55.8,4,1
2351.8,113.0,358.3,51.8,5,2
1522.17,149.2,83.1,65.9,4,1
3082.46,109.0,515.1,65.1,5,2
1834.7,115.2,216.0,56.7,5,1
3463.87,188.2,491.1,83.0,4,1
4409.16,188.8,709.0,90.9,4,1
1997.95,201.4,128.8,75.2,4,1
3880.24,153.6,579.9,105.1,5,2
3156.63,229.1,354.8,91.2,4,1
2420.58,111.7,349.8,63.9,6,1
2578.98,108.1,419.8,51.9,5,2
1741.64,143.3,159.8,58.8,4,2
1903.9,125.7,229.6,53.6,4,1
2426.65,159.7,294.8,67.6,4,1
2260.56,102.3,327.5,60.1,6,2
1969.25,120.4,267.1,46.6,4,1
1973.98,141.3,221.2,58.2,4,1
4042.64,166.6,624.6,97.5,5,2
2103.47,200.9,132.0,85.8,4,1
2768.19,178.8,270.1,108.1,5,2
3001.94,197.4,366.9,82.8,4,1
2727.8,108.7,434.0,61.9,4,1
3172.84,106.8,550.1,60.6,5,2
2697.17,181.7,337.3,69.0,4,1
2254.91,134.2,258.9,75.8,5,2
1264.67,129.4,86.6,44.5,4,1
1873.23,112.3,255.1,44.9,5,1
2789.45,173.1,338.7,82.4,4,1
2355.8,141.8,311.4,60.4,5,1
1922.62,215.0,53.8,94.2,4,1
3397.94,199.0,435.2,95.7,6,2
1601.72,145.7,109.3,64.7,4,1
2249.61,126.6,253.3,81.1,5,2
2578.15,103.9,408.2,58.9,6,2
3275.49,136.3,505.8,78.6,5,2
2684.31,179.6,339.3,67.6,4,1
1755.25,127.5,210.4,44.9,4,1
2283.14,108.0,340.9,54.2,4,1
3063.88,203.4,348.5,95.1,4,1
2589.87,189.2,289.5,75.0,4,1
2228.94,147.8,265.5,63.9,4,1
2194.09,115.9,269.4,72.5,6,2
2972.09,117.8,484.3,62.6,4,1
3242.39,186.9,383.0,107.0,4,1
2156.65,155.3,210.7,77.0,4,1
2167.42,87.0,351.0,46.2,4,1
2707.51,136.4,404.6,60.4,4,1
1795.22,158.0,152.5,61.5,4,1
3240.02,147.0,496.1,74.2,4,1
2202.97,175.1,230.5,64.5,4,1
2521.57,164.6,310.4,69.1,4,1
3132.03,118.6,486.2,79.2,6,2
2726.79,142.0,402.9,60.8,5,1
2116.5,180.5,181.7,74.2,4,1
2762.76,120.5,440.5,57.7,6,2
2954.99,113.0,493.5,58.8,4,1
1752.27,127.2,210.5,44.6,4,1
2289.28,215.3,159.0,88.0,4,1
2053.17,112.2,292.4,48.3,5,2
2548.69,107.5,431.3,43.7,5,1
3028.8,145.6,444.8,74.1,6,2
1560.13,154.6,81.6,68.4,4,1
2220.84,180.4,212.1,72.3,4,1
2272.82,145.3,295.8,56.5,4,1
2286.4,114.4,315.1,63.1,5,2
2376.0,179.6,207.1,92.1,4,1
3630.15,153.1,597.4,69.8,6,2
1609.09,108.0,175.3,52.8,4,1
2079.6,162.7,209.6,65.6,5,2
1686.89,88.3,201.9,58.5,6,2
3721.52,198.6,458.8,121.3,6,2
2760.84,173.8,297.1,97.5,4,1
3304.56,179.9,489.5,69.6,5,2
2295.22,135.1,284.7,68.5,4,1
2659.4,189.9,302.5,76.6,4,1
3104.89,118.8,513.7,63.9,5,1
1861.43,199.7,86.0,79.9,4,1
3212.16,181.4,405.8,95.9,6,2
2766.81,136.0,367.9,83.5,5,2
3140.78,127.2,520.4,61.1,5,1
3719.99,193.5,516.4,97.8,5,1
2650.67,105.8,438.2,52.7,5,1
2194.57,233.6,99.5,95.8,4,1
1880.58,134.8,174.3,71.6,4,1
2988.18,192.6,286.5,119.1,5,2
2980.84,135.5,439.8,75.6,6,2
3737.02,135.9,644.6,68.3,5,2
2869.54,186.0,313.2,97.0,4,1
2031.43,235.5,72.5,88.8,4,1
2493.79,194.5,237.4,85.1,4,1
2461.75,106.0,368.4,62.7,5,2
3558.53,177.9,526.0,82.5,6,2
2062.71,167.6,184.2,72.8,4,1
3658.49,192.5,459.6,116.7,5,2
2386.56,132.2,272.8,85.2,6,2
2747.0,171.3,321.9,86.0,5,2
2039.45,161.5,225.9,54.4,4,1
2356.88,152.1,224.2,94.6,6,1
2521.2,220.6,181.8,101.3,4,1
1478.3,152.5,85.5,58.5,4,1
3638.31,253.5,428.5,101.2,4,1
1428.55,166.3,58.1,59.0,4,1
2639.9,257.7,164.8,105.5,4,1
2179.76,128.1,291.9,55.5,4,1
1862.96,121.5,227.5,51.9,4,1
2559.79,98.9,389.7,67.3,6,2
2256.8,140.8,233.4,84.4,5,2
2719.2,147.6,362.4,75.4,6,2
1857.89,129.6,206.0,57.3,4,1
3537.72,135.6,586.8,72.0,5,1
2942.11,128.0,466.5,62.7,5,2
2300.97,134.0,323.0,52.6,5,1
3178.8,169.5,456.3,75.1,5,2
2242.4,113.7,318.8,56.9,5,2
2094.64,144.0,242.0,61.2,4,1
4154.88,198.6,586.1,112.9,6,2
3286.48,182.7,408.0,102.6,4,1
2576.32,168.0,310.5,73.6,5,1
2063.46,222.3,100.1,86.0,4,1
2079.33,104.9,303.4,49.6,4,1
2917.46,154.5,424.8,66.7,5,2
2092.78,117.3,303.8,45.4,4,1
2475.59,163.9,288.0,74.2,4,1
1963.59,91.0,259.6,62.3,5,2
2818.59,103.8,444.0,69.7,5,1
3233.11,152.3,493.7,72.1,5,2
3000.12,99.3,532.9,52.4,5,2
3022.83,160.4,428.5,74.1,4,1
2861.88,192.6,319.2,90.5,5,1
1745.97,161.8,123.4,67.3,4,1
4037.38,182.3,600.8,100.6,5,1
2070.44,110.3,292.4,51.1,6,1
4529.21,168.5,754.4,93.0,6,2
3958.66,176.5,566.2,109.8,6,1
2820.08,206.6,316.7,80.8,4,1
1939.8,142.7,164.6,79.0,4,1
2255.3,94.6,336.5,59.0,5,2
2879.38,147.7,365.3,91.9,5,1
2601.69,93.4,431.1,56.0,5,1
3536.44,154.8,555.7,77.2,5,2
2618.67,213.7,254.6,82.8,4,1
2821.14,144.3,406.9,68.5,5,2
2764.69,136.3,392.3,72.3,5,2
2984.93,110.2,508.3,56.8,5,2
3260.08,133.4,501.8,79.9,6,2
2014.71,137.3,234.8,58.5,4,1
4838.19,198.1,797.5,95.1,6,2
2943.03,181.5,348.4,91.5,6,1
1746.22,103.9,204.3,57.1,5,1
2072.33,109.3,296.7,49.8,4,1
2897.65,225.5,273.7,100.1,4,1
2444.91,104.6,385.4,53.9,4,1
3017.68,237.6,305.2,94.1,4,1
1639.13,159.3,90.4,71.2,4,1
2335.5,147.0,302.2,59.9,4,1
3276.64,202.6,381.8,104.3,5,2
1905.54,229.6,55.5,85.0,4,1
1815.85,90.2,230.0,59.4,6,2
3175.55,124.1,525.6,64.1,6,2
2537.28,135.5,348.9,66.6,5,2
3000.66,149.3,444.6,69.4,4,1
2309.73,126.4,276.7,77.5,6,2
3828.76,203.3,538.6,95.7,5,2
2098.13,126.6,269.2,57.2,5,1
2459.54,86.8,391.9,60.5,5,2
1512.88,167.2,70.0,62.7,4,1
2839.86,176.0,343.4,84.7,4,1
1691.11,165.5,125.2,58.7,4,1
1816.71,201.0,68.1,82.2,4,1
2906.81,200.5,334.7,85.1,4,1
2661.41,167.4,308.1,84.4,4,1
1806.09,116.4,228.3,47.5,4,1
1969.34,125.1,245.3,54.2,5,1
1942.9,132.7,237.7,51.3,4,1
4142.8,138.1,719.0,79.4,5,2
2274.96,95.8,369.5,45.9,5,1
2168.97,95.9,347.8,43.8,5,1
1466.01,143.6,103.7,53.0,4,1
2005.02,120.9,215.6,73.2,6,1
1798.35,151.0,163.5,60.0,4,1
2693.82,136.8,414.8,54.1,4,1
3763.28,161.6,613.5,73.7,5,2
2608.75,196.0,255.2,89.3,5,1
3764.33,195.8,527.3,96.9,6,2
2165.34,124.5,300.8,51.6,4,1
1682.05,179.7,86.6,68.6,4,1
1529.97,95.6,176.7,49.0,4,1
2189.66,194.9,193.4,70.7,4,1
2355.77,205.3,195.4,83.7,4,1
2908.5,169.3,382.4,78.0,5,2
2811.32,207.9,279.8,95.6,4,1
1389.81,127.5,110.8,48.5,4,1
3155.56,222.6,357.2,92.9,4,1
1624.9,115.8,177.9,50.0,4,1
2057.87,139.7,201.4,77.1,5,2
1622.39,111.3,186.2,48.0,4,1
3230.65,130.9,532.7,64.0,5,2
2397.66,215.6,186.9,87.5,4,1
4216.59,195.7,666.7,85.2,4,1
2661.47,129.9,340.5,86.7,6,1
1954.01,129.4,249.9,48.5,5,1
2923.15,111.9,474.9,64.0,5,2
4356.81,196.3,616.2,123.0,6,2
2049.87,134.2,245.0,59.2,4,1
2686.73,156.5,334.9,80.1,4,1
2638.69,141.0,347.5,76.1,5,2
1852.68,149.5,193.2,53.6,4,1
2984.35,192.5,340.3,94.8,4,1
3054.3,118.8,508.7,60.5,5,2
3390.57,177.2,450.0,98.0,5,1
3216.17,132.1,526.1,64.8,5,2
1750.99,96.8,237.5,46.0,4,1
1572.13,108.1,190.8,41.8,5,1
4137.15,184.3,631.9,96.9,5,1
3129.2,145.9,489.9,65.1,4,1
2032.14,94.4,294.6,52.9,4,1
2725.99,168.4,356.3,69.7,4,1
2485.26,164.6,282.4,77.5,4,1
2241.03,157.5,265.5,61.0,4,1
1770.0,129.7,186.3,56.2,4,1
4260.76,164.7,665.7,104.4,5,2
2663.03,140.4,383.3,63.1,4,1
2980.24,189.2,373.5,81.1,5,1
2076.2,99.4,311.8,48.0,4,1
3382.25,174.9,498.2,76.6,4,1
3982.87,147.1,622.3,100.6,5,1
3212.86,140.0,501.6,71.8,5,1
1875.4,242.5,7.9,97.1,4,1
2782.84,168.2,349.0,79.3,4,1
2007.3,159.5,178.2,72.9,4,1
1856.54,119.8,218.8,55.8,4,1
3692.36,204.0,515.8,90.3,5,1
3842.17,174.4,520.6,118.0,6,1
2390.8,130.0,350.3,52.2,4,1
2877.67,208.4,312.7,88.2,4,1
3458.34,162.3,469.4,103.5,5,2
2340.68,90.4,367.3,56.6,5,2
2227.03,130.1,276.8,66.6,4,1
1464.1,133.2,102.3,58.0,4,1
2294.1,180.8,185.7,92.0,5,1
4012.96,169.8,612.6,98.2,5,1
1563.65,164.4,80.8,64.7,4,1
3116.35,144.5,431.8,90.1,5,2
2087.72,107.8,307.3,47.5,4,1
3064.46,191.1,372.9,89.8,5,1
2631.98,180.2,336.2,62.9,4,1
2978.23,170.4,365.1,92.9,5,2
1447.44,122.1,115.5,55.3,4,1
4562.7,172.6,729.8,105.9,6,1
2490.68,106.8,372.9,63.6,5,1
2137.83,123.7,294.4,51.7,4,1
1538.08,190.9,16.4,78.8,4,1
2424.34,87.2,412.5,47.3,5,1
3190.59,128.0,494.5,77.8,5,1
1870.09,93.1,275.9,43.8,5,2
2498.7,180.2,268.0,78.5,4,1
3499.24,171.8,527.7,77.9,4,1
3305.28,182.0,424.8,97.6,4,1
2529.41,109.2,410.9,49.9,4,1
3556.45,177.6,498.0,94.9,4,1
3866.38,182.2,512.6,120.8,5,2
1680.54,128.6,172.5,52.9,4,1
2175.94,182.3,166.6,86.7,4,1
3427.32,192.0,459.3,91.3,6,2
3198.66,132.9,503.1,72.7,5,2
2402.34,98.6,376.3,55.8,5,2
1886.75,126.4,213.0,58.8,5,1
2842.66,143.3,398.7,75.0,5,2
2580.83,120.5,407.8,52.0,4,1
3130.68,212.9,353.6,96.1,4,1
3901.55,204.5,561.9,92.9,5,1
1866.55,90.1,238.9,61.1,6,2
2666.76,121.3,390.8,68.7,4,1
2330.73,123.6,315.3,63.9,4,1
4365.39,175.7,689.3,100.6,5,2
1601.94,154.2,126.4,53.3,4,1
2506.72,173.9,231.8,98.2,5,2
2444.64,110.7,394.9,46.9,6,2
3741.42,148.3,563.6,99.3,5,2
4299.19,186.1,683.5,91.2,5,1
1876.12,113.5,257.6,43.5,4,1
1554.02,106.8,168.9,50.2,4,1
2070.64,97.8,297.1,54.6,6,2
4131.13,177.0,658.1,87.9,6,2
3165.56,151.6,449.6,84.5,5,2
2257.07,192.5,202.9,75.1,4,1
2756.48,138.4,400.0,67.0,4,1
2435.12,149.6,269.6,84.3,4,1
2080.14,221.9,111.4,83.0,4,1
4092.15,183.9,612.5,100.7,5,2
3691.67,140.6,572.8,93.1,6,2
2073.23,140.6,228.0,66.6,4,2
3667.37,145.8,583.1,83.6,5,1
2452.86,176.1,233.8,90.3,4,1
3915.52,191.5,555.2,103.2,5,2
2312.62,108.2,353.7,51.7,4,1
3976.75,163.1,642.6,83.8,5,2
2504.12,150.0,286.1,84.4,5,1
2248.4,196.9,169.5,87.0,4,1
2239.92,113.8,329.6,51.8,4,1
2720.9,171.9,307.0,89.5,5,1
2475.14,180.9,268.9,75.1,5,1
2590.42,205.9,234.1,92.3,4,1
2455.95,114.5,355.8,63.9,5,2
3164.43,202.1,377.0,94.2,5,1
3540.86,173.8,483.8,101.1,5,2
2731.77,212.3,276.3,86.4,4,1
3368.74,119.9,547.9,77.5,5,2
4578.72,178.9,749.5,96.1,6,2
2623.69,112.7,407.3,60.4,5,2
2378.8,186.9,227.1,80.3,4,1
2031.15,151.9,221.5,59.7,4,1
2004.88,116.0,272.6,50.0,4,1
3116.19,169.3,377.0,103.4,6,2
2469.03,94.0,424.0,44.1,5,1
4033.56,154.3,693.9,71.2,6,2
1638.5,164.5,119.8,55.7,4,1
2570.47,103.9,411.2,56.7,5,2
4156.12,146.9,702.1,84.5,5,2
2894.39,260.3,236.1,101.0,4,1
3939.17,151.5,662.8,75.8,4,1
1603.48,128.5,150.4,54.2,4,1
2615.88,215.6,235.1,90.3,4,1
2772.82,114.5,444.0,59.9,5,2
3613.54,144.0,571.9,83.3,6,2
2096.61,206.2,145.6,76.6,4,1
3474.06,156.8,475.9,104.8,6,2
1915.91,117.9,239.4,54.1,5,1
2561.33,125.6,366.6,65.9,5,1
3231.07,107.9,582.7,52.1,5,2
2682.54,157.1,314.6,88.4,4,1
4003.8,207.9,597.1,87.1,6,2
2359.82,132.2,323.7,59.6,4,1
1419.22,141.0,88.9,55.5,4,1
3132.98,211.6,355.2,96.2,4,1
2337.63,129.9,312.1,63.3,4,1
2656.66,215.1,222.0,100.9,4,1
2164.92,180.9,185.4,77.7,4,1
1843.72,167.5,161.2,58.8,4,1
3228.68,208.3,383.6,95.7,4,1
2894.4,198.6,318.3,91.9,5,1
1770.45,230.2,15.3,87.6,4,1
3030.17,149.4,449.2,70.7,5,2
2337.95,165.7,260.6,70.3,4,1
1972.44,86.9,298.4,47.9,5,2
3867.64,210.8,533.0,99.2,4,1
2238.17,95.3,325.3,61.7,5,2
4013.13,204.2,587.5,94.0,5,2
2528.97,123.2,382.8,56.1,5,1
2657.01,243.6,220.2,89.1,4,1
1839.76,124.5,224.6,49.3,4,1
3152.85,134.2,526.0,56.9,5,2
1997.85,123.6,247.4,57.1,4,1
1822.31,236.7,8.5,93.5,4,1
2441.8,166.6,269.4,77.5,4,1
2674.86,190.2,298.7,79.9,4,1
3690.97,178.6,522.7,98.4,4,1
2079.0,124.7,241.8,68.1,4,1
3009.75,191.0,391.2,75.6,4,1
3058.06,135.0,465.9,72.7,4,1
2095.01,93.8,313.7,51.6,6,1
1744.57,215.9,38.2,80.9,4,1
2185.52,137.3,239.6,75.3,4,1
2213.03,120.2,317.1,51.5,5,2
4244.19,181.6,670.3,93.0,4,1
2414.55,105.0,371.4,56.6,5,2
2872.15,196.6,311.3,93.4,4,1
2074.21,185.1,181.9,67.4,4,1
2550.11,186.2,284.3,74.3,4,1
3428.58,168.3,496.2,85.6,5,2
2760.94,99.4,487.4,46.0,6,1
2815.65,225.7,281.6,87.4,4,1
1624.43,141.7,143.2,53.9,4,1
1508.26,137.3,112.3,56.7,4,1
2456.06,171.5,271.6,76.0,4,1
2464.22,94.2,412.2,48.8,5,2
3263.52,132.6,529.2,68.5,5,2
2360.38,145.7,319.3,55.6,4,1
2634.15,172.3,307.6,79.4,4,1
3352.97,208.6,418.5,93.9,5,1
2373.78,112.3,373.2,48.0,5,1
2687.98,162.7,365.5,63.9,5,1
3540.58,158.7,507.0,97.5,4,1
3137.27,113.2,562.7,48.2,6,1
2172.81,238.7,82.1,98.9,4,1
3933.53,158.6,632.9,85.3,6,2
3322.8,130.6,522.9,78.8,4,1
3148.42,147.7,464.7,77.7,5,1
2181.67,129.0,293.0,54.9,4,1
2187.77,136.2,284.4,56.1,4,1
2592.01,202.1,255.5,84.6,4,1
2205.85,199.3,139.5,94.5,4,1
3541.63,172.7,526.8,82.6,5,2
3803.9,160.3,556.2,104.2,5,1
1566.56,89.5,189.7,50.0,4,1
2806.34,150.6,381.7,75.2,5,1
3199.14,148.4,489.3,72.0,5,2
2765.27,127.9,410.8,67.8,5,1
2776.05,187.3,316.8,84.4,4,1
4097.86,165.8,661.9,87.4,5,2
3024.91,226.5,322.9,91.9,4,1
3795.23,189.4,489.2,120.1,5,2
3042.84,133.5,435.8,85.1,5,2
2321.55,223.5,154.0,90.2,4,1
2684.55,105.5,435.3,57.9,5,2
1735.53,166.3,105.5,72.0,4,1
3131.16,158.8,435.2,83.9,4,1
2642.87,123.6,346.8,84.6,5,2
3841.19,126.9,650.2,81.4,6,2
2609.3,134.0,339.1,79.6,5,1
1599.25,120.0,181.5,43.7,4,1
2581.57,171.7,272.8,89.3,4,1
2211.31,164.3,232.6,69.3,4,1
3172.02,176.4,429.3,83.2,4,1
2879.39,203.9,338.8,78.7,4,1
3256.04,193.9,390.8,101.9,5,2
2674.18,201.3,290.9,78.4,4,1
1837.44,97.8,259.9,45.2,4,1
2850.35,167.5,359.4,82.5,5,1
3564.15,214.8,484.6,85.2,4,1
1868.99,154.1,160.4,67.9,4,1
3308.02,126.4,528.3,76.6,5,1
2865.53,103.3,499.1,50.6,5,1
2184.91,133.6,269.3,63.7,4,1
3043.18,193.0,386.2,80.7,4,1
2333.46,164.7,283.3,60.2,4,1
1754.4,112.9,216.3,48.6,4,1
2947.04,162.3,407.9,74.0,4,1
1620.48,177.5,56.7,76.0,4,1
2105.52,183.0,171.5,76.4,4,1
3576.37,149.0,551.7,86.0,5,2
1726.08,148.1,157.9,55.8,4,1
2132.35,108.4,311.2,50.4,6,2
2894.94,164.3,360.9,88.2,4,1
1685.84,149.4,139.0,59.1,4,1
1834.06,205.4,62.1,84.9,4,1
2888.84,152.0,391.3,79.5,4,1
2442.57,122.6,352.7,60.2,5,1
2699.37,208.9,251.0,95.5,4,1
2172.81,181.2,204.8,69.9,4,1
1789.62,170.6,103.6,77.0,4,1
2204.12,225.5,129.6,87.1,4,1
1868.77,108.3,242.9,51.5,4,2
3276.55,176.8,471.6,75.9,4,1
3653.28,195.2,514.8,90.4,4,1
1968.33,216.2,85.0,84.8,4,1
1846.01,121.6,215.7,55.2,4,1
3448.97,182.1,498.8,80.6,5,1
2565.08,137.9,343.9,70.9,5,2
3405.61,178.3,487.1,82.7,4,2
2982.1,226.3,278.2,107.1,4,1
2626.86,141.7,341.9,77.0,4,1
1840.78,142.1,199.9,52.5,5,1
2780.51,154.6,340.5,88.9,6,2
3466.96,130.2,533.8,90.1,6,1
3938.06,175.5,623.5,82.5,5,2
2359.82,151.7,293.8,64.2,6,2
3808.82,196.4,559.1,87.4,5,1
2604.68,95.1,450.1,47.1,5,2
1820.0,144.1,158.6,67.7,5,1
2556.69,206.3,216.3,96.2,4,1
3803.41,135.3,603.2,94.4,6,1
3165.55,165.9,388.8,105.2,6,2
3104.04,185.9,391.9,88.1,4,1
3023.49,255.8,285.4,95.4,4,1
2538.33,171.9,327.1,60.2,4,1
3161.95,196.3,395.1,88.5,5,2
2753.28,233.4,240.7,95.2,4,1
2663.32,98.9,451.0,51.5,5,1
2539.19,105.4,389.1,62.3,6,1
3149.21,210.0,398.8,79.3,5,1
3897.59,158.1,596.5,97.7,6,1
3244.52,156.3,422.4,103.3,5,2
2981.36,124.7,488.4,58.7,5,1
2597.35,197.0,214.6,105.7,5,2
1956.57,125.0,208.1,69.3,4,1
2322.68,150.1,300.3,57.9,4,1
3686.5,178.8,545.8,87.6,5,2
3579.9,179.3,461.6,112.9,5,2
3810.45,214.1,543.2,86.8,5,1
2569.55,122.6,387.5,58.8,4,1
1693.58,125.5,174.5,54.8,4,1
3268.28,124.2,543.5,66.4,6,1
1830.2,213.7,81.6,72.1,4,1
3189.25,190.9,414.1,85.5,4,1
2695.76,172.4,302.8,88.3,5,2
1887.86,87.5,274.7,48.8,4,1
3494.7,142.5,529.4,89.7,5,2
2248.68,160.2,250.5,67.4,4,1
3114.49,149.4,477.8,67.3,6,1
3433.77,169.0,518.9,75.8,5,1
2380.19,145.9,322.9,56.1,4,1
2920.55,157.5,359.2,94.9,4,1
2256.09,166.3,225.9,76.3,4,2
2687.32,107.6,449.1,51.2,5,1
1905.76,137.1,181.3,70.2,4,1
3532.73,163.2,541.4,79.4,5,2
1620.12,106.9,174.7,54.9,5,1
3244.81,167.1,452.5,85.2,5,2
1372.56,117.0,113.4,50.1,4,1
2136.98,157.8,235.5,62.6,4,1
2619.98,151.4,347.3,69.4,5,1
2754.61,223.2,241.8,99.4,4,1
1866.2,117.9,245.0,46.1,4,1
2440.96,144.9,287.2,79.2,5,2
2470.38,114.2,380.6,54.5,5,1
2452.21,220.9,182.1,93.3,4,1
1799.76,183.3,97.7,75.1,4,1
3906.67,218.2,513.3,109.0,6,2
2751.96,164.4,369.4,68.6,4,1
2388.78,124.3,308.1,73.2,5,2
2589.42,154.2,351.8,62.8,4,1
2547.39,132.2,336.3,74.8,5,1
1879.25,197.4,78.9,86.0,4,1
1268.31,106.6,109.8,44.7,4,1
2286.23,149.2,289.3,59.1,4,1
2683.47,185.8,290.0,86.7,5,1
3116.18,138.6,479.4,71.6,4,1
1691.1,122.4,181.9,52.7,4,1
1848.3,131.8,187.7,63.4,4,1
2508.31,89.7,406.9,58.0,6,2
2445.73,127.4,361.2,54.6,4,1
1506.45,162.5,87.6,56.2,4,1
2723.87,105.4,420.0,69.2,5,1
2171.95,184.5,183.9,77.6,4,1
1408.75,135.1,110.6,47.3,4,1
2423.45,108.6,368.3,57.3,5,1
2925.04,131.0,467.6,59.0,5,2
4346.96,164.7,685.5,105.1,5,2
2450.51,168.9,263.1,80.3,5,1
3218.42,187.2,417.3,88.9,4,1
4739.21,189.7,767.9,101.0,5,2
2336.64,119.7,323.5,62.6,4,1
2924.78,141.7,458.9,58.0,5,2
2925.95,252.7,282.0,87.5,4,1
3333.16,209.1,450.8,77.0,4,1
2490.03,182.2,272.8,74.5,4,1
2664.06,204.0,263.5,88.3,4,1
2179.94,94.6,357.0,41.5,5,2
1555.67,118.5,161.4,48.4,5,1
2457.24,110.1,375.1,57.4,5,2
2583.13,104.9,398.4,63.3,5,2
1637.4,125.4,178.0,47.1,4,1
5049.21,205.5,860.5,87.3,5,2
1817.28,217.0,1.1,105.0,4,1
3318.53,174.8,471.0,81.7,4,1
3118.52,126.4,525.2,56.9,6,1
2215.41,120.8,273.8,70.8,5,2
3400.88,141.4,528.6,80.1,6,2
3377.63,156.1,502.6,82.5,5,2
1689.65,110.5,198.6,50.4,4,1
1934.59,98.8,279.2,47.0,4,2
1900.29,200.8,85.7,83.8,4,1
2232.98,168.2,223.9,73.8,4,1
2272.51,115.5,288.7,72.8,5,1
3249.73,242.2,347.4,99.0,4,1
3571.57,163.4,575.5,68.4,4,1
3850.29,193.2,529.7,106.5,5,2
2538.02,113.8,410.4,49.0,5,1
2483.58,101.9,400.8,52.5,4,1
1640.2,125.2,187.5,43.3,4,1
1953.21,194.1,107.8,82.9,4,1
2459.8,190.9,211.4,94.5,4,1
2114.75,99.1,315.4,50.7,5,1
2323.66,155.3,295.4,57.9,4,1
1564.31,118.8,167.5,46.5,4,1
2251.52,175.4,219.5,74.7,4,1
2885.41,222.9,305.6,85.7,4,1
4080.16,179.0,651.9,84.0,6,2
1784.42,138.1,183.5,55.3,4,1
4403.54,206.5,674.7,97.6,4,1
2012.04,130.3,258.5,50.8,4,1
2097.79,134.9,261.4,57.0,4,1
3945.25,132.7,684.1,75.4,5,1
3019.49,217.4,365.4,76.5,4,1
2311.31,106.7,371.7,44.2,5,2
3267.36,147.7,490.2,79.5,5,1
2221.64,212.0,158.9,82.0,4,1
2511.19,229.2,195.4,90.3,4,1
2021.9,144.0,232.9,57.2,4,1
2217.62,130.9,265.4,70.3,6,2
1331.39,115.8,95.4,54.1,4,1
2590.21,88.2,437.2,54.3,5,2
4477.4,198.2,731.0,84.5,5,2
2169.95,181.8,192.4,74.8,5,1
2511.88,233.8,164.4,102.1,4,1
3119.48,115.8,526.1,61.3,6,2
2511.32,139.4,287.1,89.5,5,2
1785.58,240.8,0.0,97.1,4,1
2827.86,156.4,356.1,86.5,5,2
1923.9,218.0,56.5,91.8,4,1
2570.35,132.0,380.3,57.9,4,1
2371.68,93.1,385.1,51.0,4,1
2308.63,118.9,330.5,56.8,5,1
1496.25,89.7,188.3,42.7,4,1
2979.12,198.7,374.9,76.1,4,1
1447.2,142.8,67.7,67.2,4,1
3022.31,87.9,571.7,42.7,5,2
1679.23,103.4,185.2,58.3,5,1
1508.81,113.2,145.5,52.7,4,1
2780.69,91.5,471.5,58.8,5,2
2157.16,156.0,248.8,59.8,4,1
2048.01,112.2,292.1,47.9,5,1
3037.27,161.1,444.0,68.5,6,2
2150.94,126.0,232.9,79.5,6,2
3820.33,153.7,627.5,77.3,5,2
2561.87,124.7,342.0,77.2,5,2
1989.27,216.2,79.0,89.8,4,1
4397.72,199.5,700.2,88.8,6,2
1259.08,120.0,76.0,52.8,4,1
3031.8,134.8,446.3,78.6,5,1
3755.89,205.4,514.2,97.5,4,2
2447.24,212.2,195.8,90.6,4,1
2417.31,100.4,379.5,55.3,4,1
2068.34,176.0,168.2,76.8,5,1
2503.89,119.8,318.7,83.3,5,2
2447.74,173.0,280.6,70.4,4,1
3663.52,192.8,489.1,104.0,4,1
2694.65,135.1,376.0,72.2,4,1
2577.73,178.4,254.6,94.0,5,1
2209.9,147.0,281.4,55.1,4,1
2862.55,154.1,378.1,81.5,6,2
1651.15,185.6,46.1,80.5,4,1
1793.89,139.6,184.2,55.4,4,1
3934.95,174.3,619.0,84.6,5,1
3241.69,181.9,395.9,103.4,5,2
2205.93,156.4,219.4,78.1,5,1
2128.54,233.4,79.5,97.4,4,1
2388.75,141.9,309.2,64.9,4,1
3071.96,164.9,377.6,100.2,6,2
4053.69,215.7,597.2,89.1,5,2
1577.95,161.6,61.6,76.1,4,1
3770.4,211.2,478.1,112.6,5,2
3219.07,245.2,327.1,103.3,4,1
3271.21,165.2,390.8,116.4,6,2
1623.25,112.8,173.9,52.9,4,1
1710.89,179.9,82.4,73.5,4,1
3044.63,165.4,387.8,92.5,5,2
2573.76,104.0,406.3,59.2,6,2
3401.24,153.4,536.0,71.5,5,1
2511.22,135.8,309.2,81.3,5,2
1464.6,87.0,182.1,43.2,5,1
2782.08,135.4,428.7,58.4,5,1
2060.23,183.2,155.6,78.3,4,1
1618.72,96.8,192.2,51.4,4,1
2309.79,160.4,260.2,69.7,4,1
2611.76,162.1,329.9,71.6,4,1
2873.61,128.1,459.6,58.1,5,2
2707.18,228.7,238.3,93.3,4,1
2624.2,134.0,369.6,67.8,5,2
3297.16,180.1,453.5,84.7,5,2
1932.69,130.5,197.0,69.2,4,1
3430.19,141.3,526.2,84.4,5,2
1830.29,160.1,128.6,75.1,4,1
2119.8,112.9,260.2,69.7,6,2
3393.58,171.5,512.3,73.1,4,1
2605.15,207.2,220.4,99.4,4,1
2153.62,154.8,238.8,64.3,4,1
2474.16,218.1,211.3,84.1,4,1
2439.76,105.2,387.7,52.0,4,1
2291.13,176.1,246.7,66.7,4,1
3790.93,164.4,606.8,78.5,4,1
3609.22,147.0,572.4,81.3,5,2
3190.42,118.4,537.4,63.0,6,2
2266.44,161.6,264.3,62.5,4,1
3198.77,184.4,394.8,98.0,5,2
3308.12,159.0,487.9,80.1,5,1
1992.88,137.9,232.5,56.8,4,1
1971.36,164.4,156.2,76.6,4,1
1869.44,91.0,261.1,51.2,5,1
2140.31,113.9,311.8,48.6,4,1
2354.3,157.5,292.5,61.6,5,1
4240.22,185.1,666.3,92.7,5,2
2669.16,182.4,237.8,109.8,6,2
2428.33,120.1,363.9,54.7,4,1
2897.09,125.5,401.9,87.5,5,2
1785.34,100.6,227.0,52.8,4,1
2057.0,139.1,227.1,65.8,5,1
2657.62,169.0,330.3,73.3,4,1
4343.14,195.0,621.0,119.9,5,2
2477.53,134.2,313.9,76.1,6,2
3142.54,139.3,466.1,80.1,6,2
2342.37,132.9,320.8,58.6,5,1
3160.13,165.9,452.2,76.4,4,1
2359.85,199.0,204.6,82.8,4,2
1997.7,175.6,156.1,74.5,5,1
1487.05,132.0,129.8,48.9,4,1
3986.3,139.3,683.3,77.3,5,2
2452.1,112.7,381.1,53.0,4,2
1663.64,120.3,170.5,55.6,4,1
3343.44,125.8,532.9,78.8,6,2
2738.59,191.3,298.1,86.8,4,1
2789.79,156.1,320.9,98.0,5,2
2326.45,105.4,328.7,65.6,6,2
2186.14,112.2,331.3,45.8,4,1
3301.83,199.1,451.1,77.9,5,1
2902.88,161.4,344.3,97.8,5,2
2359.94,173.8,258.0,70.3,4,1
2203.17,187.5,199.9,72.6,4,1
1591.43,102.0,191.9,46.2,5,1
2679.53,130.6,353.8,82.4,6,2
1577.11,127.8,145.8,53.7,4,1
2604.68,147.6,350.6,68.0,4,1
3159.65,127.6,519.7,63.4,6,2
2729.57,185.3,291.6,91.4,4,1
2002.34,107.3,263.6,57.7,4,1
4434.45,171.8,699.4,105.5,5,2
4774.13,197.9,738.8,114.1,5,2
2304.16,138.7,287.5,66.6,4,1
3011.83,134.9,459.7,70.4,4,1
2419.79,207.4,212.4,82.3,4,1
3335.45,124.5,585.8,54.9,5,2
2502.13,117.7,343.9,72.9,5,1
3890.43,155.3,610.8,91.8,5,1
2979.15,165.9,377.3,89.6,5,2
3158.17,140.2,484.1,73.4,5,2
1295.72,122.3,83.9,52.3,4,1
4060.24,169.8,663.0,81.0,6,2
1806.9,115.7,223.6,50.0,4,1
3096.96,156.2,447.1,75.9,6,1
2009.81,218.8,76.0,92.3,4,1
3252.27,159.0,472.1,80.9,6,2
2802.57,156.3,345.6,88.4,5,1
3990.09,197.4,597.9,89.9,6,1
2917.32,205.0,361.9,72.2,4,1
3357.0,116.2,582.5,62.5,5,2
2809.29,165.9,340.2,87.2,5,2
2638.3,141.8,342.9,77.7,6,2
3836.94,158.7,635.3,73.5,5,2
2570.49,152.7,325.0,73.3,4,1
2551.06,95.8,435.1,47.5,5,2
3556.44,212.1,467.4,93.1,6,1
2403.5,168.9,259.9,76.5,4,1
3525.52,218.9,454.3,92.5,4,1
2336.81,152.6,293.4,61.4,5,2
1490.87,135.4,97.7,62.1,4,1
3040.71,125.3,514.8,53.4,5,1
2091.73,112.5,308.2,45.4,4,1
4289.15,187.4,613.5,120.6,5,2
2055.13,177.3,177.1,70.8,4,1
3915.05,212.0,478.6,128.1,5,2
3418.81,163.8,476.0,95.5,6,1
2525.59,130.4,325.1,78.1,5,2
2158.51,236.0,111.5,85.4,4,1
2908.03,121.0,464.5,62.9,4,1
2629.31,149.5,319.1,83.9,5,1
2627.49,95.6,463.6,43.4,4,1
1305.6,124.9,93.3,48.1,4,1
2321.78,153.4,277.7,66.4,4,1
3052.64,111.6,479.5,76.5,5,2
2844.15,183.1,343.4,82.0,5,1
2846.89,121.8,422.4,74.5,4,1
1485.57,126.5,130.7,50.7,4,1
2666.54,222.1,229.5,95.6,4,1
3816.45,173.2,589.8,84.9,4,1
2271.98,128.7,307.5,58.6,4,1
3297.01,181.4,461.1,80.8,5,1
1695.8,147.3,112.9,72.8,4,1
3439.81,121.9,583.0,68.9,5,2
2891.53,164.0,398.3,71.3,5,1
2347.54,211.8,175.9,88.5,4,1
1624.36,167.2,61.2,79.0,4,1
2051.19,118.3,270.4,55.2,5,1
2582.18,241.2,198.2,91.6,4,1
1883.8,100.0,223.0,65.8,5,2
4028.02,183.8,613.7,93.1,5,1
1910.08,94.1,279.9,46.0,6,2
2852.38,210.0,220.5,125.6,5,2
1885.71,95.9,273.9,45.2,4,1
2411.88,98.9,381.9,54.3,4,1
2914.25,139.5,452.0,60.9,6,2
2377.83,134.1,327.7,58.9,4,2
2878.74,211.0,307.0,89.6,4,1
1820.07,117.7,219.5,52.3,4,1
1959.1,222.2,35.0,103.4,4,1
1519.21,120.9,147.5,49.5,4,1
2393.53,160.1,264.4,77.3,4,1
2388.03,188.9,218.0,84.5,4,1
2447.69,148.0,260.2,90.5,6,1
4118.66,168.2,670.4,84.9,6,2
2565.85,233.0,223.1,82.4,4,1
2884.37,157.4,337.0,100.7,6,1
3447.82,207.3,446.4,92.6,5,2
2301.92,114.9,333.3,56.6,5,1
3573.8,186.1,491.7,95.8,5,2
2917.39,205.9,286.1,105.5,4,1
3139.04,221.0,353.7,93.4,4,1
2103.35,123.7,256.7,64.6,5,1
2121.91,131.7,275.4,54.8,5,1
2373.06,94.0,382.0,52.1,4,1
2685.93,102.0,454.8,51.0,6,2
3903.33,173.7,539.4,116.8,5,2
2745.08,164.3,377.1,64.4,4,1
1640.16,219.8,12.9,78.8,4,1
2144.04,88.9,348.2,44.0,4,1
1997.88,119.1,270.3,48.9,5,1
2166.82,153.4,243.9,64.2,5,1
3272.02,193.4,418.6,91.6,4,1
2978.48,131.1,433.2,80.1,5,2
2516.53,111.2,392.3,55.8,5,1
2394.3,127.2,328.4,63.5,6,2
2324.78,143.9,269.0,74.8,4,1
2573.19,96.6,430.1,51.8,5,1
1354.0,138.9,77.4,54.3,4,1
3188.87,153.5,467.4,78.4,5,1
1978.5,124.2,238.0,58.8,5,1
3314.07,139.8,532.1,69.6,4,1
4007.98,149.8,614.8,105.5,5,2
2771.93,199.3,316.9,78.6,4,1
3052.04,191.2,394.3,78.9,4,1
2503.11,123.7,320.4,80.7,5,2
2244.0,171.9,184.3,91.0,5,2
1876.1,169.5,135.6,72.8,4,1
2130.75,88.6,333.0,49.4,5,2
3177.08,192.8,393.7,92.3,5,1
2908.36,147.5,401.4,79.2,6,2
3374.3,194.6,450.8,88.1,4,1
2884.19,180.1,272.2,119.4,5,1
2595.87,145.1,357.7,65.0,5,1
1597.33,102.4,185.3,49.6,4,2
2571.94,149.1,294.4,88.7,4,1
2231.51,143.8,226.9,83.2,5,2
1646.44,98.4,206.7,47.3,5,1
2292.5,135.4,250.1,83.4,5,2
1716.9,171.4,99.9,70.2,4,1
1734.12,117.1,160.7,69.2,4,1
4676.67,191.5,752.4,100.1,6,2
1852.99,159.9,176.6,56.3,4,1
1982.28,216.7,84.7,86.3,4,1
1885.86,207.8,73.6,84.5,4,1
2086.24,159.8,217.2,64.2,4,2
2594.91,98.2,409.5,62.7,5,2
2811.81,141.7,377.1,81.9,6,2
2712.28,108.6,441.3,57.0,5,2
3872.92,192.3,589.1,83.0,5,1
2935.92,183.4,306.7,108.4,5,2
2250.91,93.9,362.6,47.2,5,2
2624.26,89.2,420.4,65.1,5,1
2415.45,106.1,346.7,67.1,5,1
2434.36,215.7,177.7,95.7,4,1
2685.87,138.4,386.0,65.3,4,1
2496.81,119.8,348.0,69.5,4,1
1970.42,116.4,279.2,43.1,4,1
2767.53,187.0,329.8,77.8,4,1
2919.54,214.1,344.3,76.2,4,1
2034.65,119.1,253.9,60.3,4,1
1640.82,104.3,187.4,52.7,5,1
2261.5,178.2,221.5,73.6,5,1
1877.1,156.8,154.4,70.3,5,1
3158.22,133.6,505.0,67.1,6,2
2813.35,147.8,351.1,90.9,5,1
1653.3,166.9,93.9,67.8,4,1
2395.78,149.6,287.1,72.1,5,1
2565.83,103.5,414.4,54.9,5,1
2209.62,135.3,283.1,59.6,5,1
2887.62,233.6,301.3,83.1,4,1
2740.05,95.8,451.6,61.2,5,2
2240.27,124.6,308.8,56.3,4,2
2580.67,122.2,382.4,62.5,4,1
3367.29,117.5,560.1,73.0,5,2
2674.9,203.6,287.9,78.8,4,1
2697.4,212.4,245.4,96.2,4,1
3563.77,173.8,535.9,80.6,4,1
3635.38,157.3,564.4,83.2,5,2
2572.09,149.7,282.5,93.7,5,1
2081.31,143.1,235.5,63.0,4,1
3154.64,155.3,468.3,73.4,5,1
1633.39,119.3,173.9,51.2,4,1
2886.35,82.1,532.9,47.4,5,2
2133.74,194.8,159.9,79.4,4,1
1608.41,109.7,181.0,49.5,4,1
2444.61,199.1,184.8,101.0,4,1
3557.52,183.7,519.2,82.9,4,1
3777.04,171.5,591.7,80.5,5,2
2392.31,94.7,383.1,53.5,5,2
2256.42,112.6,279.7,76.4,5,2
1880.77,153.8,173.7,63.4,4,1
3148.58,134.8,513.4,61.7,5,2
4037.01,165.2,643.5,89.1,5,2
3176.43,106.7,553.5,59.5,6,2
2533.35,116.5,392.9,55.1,4,1
2672.49,109.7,461.7,43.0,4,1
2361.07,105.4,353.3,58.5,4,1
1565.99,160.5,95.6,60.2,4,1
1671.96,140.7,139.3,61.3,4,1
2858.1,189.9,291.0,103.9,4,1
2557.18,114.7,366.7,70.2,6,2
1939.48,92.9,283.6,48.2,5,1
1545.41,129.4,149.5,47.8,4,1
2912.28,207.4,331.6,84.0,4,1
2918.98,111.4,490.9,56.6,5,2
2217.88,150.7,264.5,61.9,4,1
2059.32,86.7,295.3,59.0,5,2
2676.34,175.8,303.6,84.3,5,2
2498.27,158.0,337.0,57.6,4,1
2211.6,174.7,226.1,67.6,4,1
2240.03,146.2,247.3,74.0,4,1
2441.54,140.4,329.3,62.5,4,1
2962.2,123.3,419.3,88.0,6,2
1643.36,165.7,118.0,56.5,4,1
2784.35,136.4,393.1,74.0,4,1
1639.78,107.3,209.5,41.4,4,1
1717.6,193.1,67.8,74.9,4,1
2557.95,87.8,431.3,53.5,6,1
4860.03,174.7,802.3,105.8,5,2
2248.34,102.3,356.0,46.2,5,2
1783.07,131.0,202.2,50.0,4,1
2320.17,89.2,358.3,58.9,5,2
3733.16,133.1,591.5,92.8,6,2
2705.1,179.9,232.3,117.4,5,2
4033.76,201.5,608.2,88.3,4,1
2217.0,125.2,236.2,85.7,5,2
1904.78,124.0,239.2,50.2,5,1
3202.96,244.2,344.4,94.3,4,1
2208.07,243.4,89.4,97.5,4,1
3216.71,187.3,381.1,104.8,5,1
3818.75,186.7,569.9,88.0,5,2
3180.76,162.3,453.5,79.7,4,1
3290.29,160.1,500.5,72.0,4,1
3821.23,172.2,575.2,92.4,5,2
3387.3,235.4,386.9,99.8,4,1
2864.89,133.5,436.9,64.8,5,2
3916.55,160.5,645.5,77.0,4,1
3830.58,157.5,590.0,93.4,6,1
1592.45,177.7,53.4,74.2,4,1
2597.89,130.5,375.4,63.8,4,1
1426.11,117.0,134.3,46.8,4,1
1294.64,119.5,104.2,44.4,4,1
2559.95,143.1,305.0,85.3,4,1
1530.69,143.4,112.1,56.5,4,1
2194.73,222.6,136.2,84.4,4,1
2770.3,197.8,270.6,99.6,5,1
2646.56,201.8,229.8,102.2,4,1
3006.65,153.7,448.3,66.5,5,2
2381.96,134.4,330.0,58.3,4,1
2705.66,182.3,311.9,81.0,6,1
2916.16,151.6,413.1,73.1,5,2
3460.17,176.9,478.6,93.1,4,1
2048.36,154.6,217.5,62.2,4,1
1552.5,116.8,172.2,44.0,4,1
2581.18,122.0,383.9,62.0,5,1
1806.41,102.7,218.5,57.9,4,1
2021.64,102.2,298.7,46.4,4,1
3629.29,181.8,457.9,118.9,5,2
2282.15,94.4,361.8,50.8,5,1
3213.05,114.5,545.1,63.8,4,1
2563.18,134.3,335.5,76.0,6,2
3024.37,159.6,394.2,89.9,5,2
1697.58,163.4,121.3,62.1,4,1
1752.84,118.5,213.6,47.1,5,1
3421.97,186.6,448.9,97.8,5,2
2750.09,169.2,365.4,68.0,5,1
2710.42,229.2,214.5,104.0,4,1
1933.51,182.2,135.8,73.5,4,1
2978.23,247.1,265.7,103.0,4,1
2157.75,134.0,249.2,69.5,4,1
2047.05,217.0,79.4,95.7,4,1
2625.74,182.4,273.8,89.0,4,1
2032.83,141.9,228.0,61.5,4,1
3566.55,138.5,588.9,73.0,5,1
1876.53,110.3,253.1,47.0,5,1
2855.88,199.0,328.9,82.7,4,1
2836.47,143.4,401.5,73.0,6,1
1744.09,148.7,158.0,57.5,4,1
2045.67,146.6,218.3,65.1,4,2
4319.93,181.2,694.9,90.6,5,1
3559.76,148.4,556.1,82.4,5,1
3188.23,192.2,429.9,77.7,5,1
2290.72,107.5,327.9,61.0,5,1
1837.95,192.8,91.1,78.1,4,1
2809.79,159.0,347.1,87.3,5,2
2878.27,173.9,333.9,94.1,4,1
4591.6,191.5,694.7,116.3,5,2
2266.05,125.3,318.4,54.6,5,1
3834.49,193.8,559.7,91.2,4,1
2002.09,206.4,124.8,75.2,4,1
2444.46,158.8,291.4,71.5,5,2
2651.96,184.2,321.3,70.0,5,1
3360.71,136.6,496.1,92.2,5,2
2224.98,162.8,237.9,69.1,4,1
1461.66,125.5,137.8,45.4,4,1
2174.43,188.2,182.7,76.8,4,1
2909.4,190.3,351.7,82.4,4,1
3493.82,148.2,515.5,93.2,5,2
2430.4,191.3,238.2,79.2,4,1
2960.71,111.1,484.3,64.4,4,1
2391.78,200.3,198.7,88.4,4,1
2162.81,184.9,172.7,81.4,4,1
1735.9,114.2,186.3,59.3,5,1
2584.56,197.3,262.3,82.9,4,1
2843.14,113.1,431.6,73.8,5,1
2865.95,140.0,411.4,73.4,5,2
2715.21,152.6,365.7,71.3,6,2
1642.55,117.8,178.6,50.8,4,1
1797.93,183.7,95.3,75.8,4,1
3033.85,207.7,378.6,76.5,4,1
1744.29,158.6,121.3,69.4,4,1
1507.64,155.3,80.4,62.8,4,1
1251.46,125.1,78.7,48.5,4,1
2550.25,132.1,371.1,59.7,5,1
4753.71,206.9,777.9,90.5,5,1
3415.14,213.7,417.7,98.8,5,2
2491.64,211.9,233.4,79.0,4,1
2232.62,132.6,266.2,70.8,5,2
1713.28,133.4,166.9,56.9,4,1
1566.11,117.4,165.8,48.1,4,1
1721.19,191.0,70.6,75.0,4,1
3552.49,175.7,467.8,108.7,5,1
4336.06,172.0,691.0,98.3,5,1
2510.79,102.3,412.9,50.0,4,1
2469.83,134.8,331.7,67.1,5,1
2788.6,142.6,391.6,72.4,6,1
2365.36,108.7,323.7,70.6,5,2
2728.49,170.8,338.3,76.9,4,1
3283.8,193.4,336.9,129.2,5,2
3542.55,175.7,501.8,92.5,4,1
4938.77,203.0,757.2,122.0,6,2
2697.84,103.9,439.4,58.3,5,1
2235.75,164.7,222.8,76.2,4,1
1639.86,164.9,101.9,63.6,4,1
3198.06,194.3,356.8,110.4,5,2
4640.85,174.8,704.0,125.1,5,2
3608.86,206.8,409.2,127.2,5,2
2299.89,218.3,158.7,88.0,4,1
3088.19,121.4,522.4,57.0,5,1
2060.83,114.8,269.2,58.3,5,2
2772.95,84.1,512.7,42.9,5,2
3972.96,182.1,612.4,88.3,5,1
2437.93,176.3,268.8,73.0,4,1
2444.67,134.9,334.7,62.9,5,2
2501.01,132.1,298.9,86.4,5,1
2541.46,144.3,345.6,64.7,4,1
2441.86,93.5,390.9,56.0,5,2
3207.93,162.9,476.4,72.3,4,1
2410.38,136.4,318.5,65.6,4,1
2840.59,140.5,358.6,93.8,6,2
2195.98,186.1,216.5,65.1,4,1
2547.79,115.9,349.3,76.3,5,2
2764.65,94.6,459.3,61.0,5,2
2972.03,156.8,422.2,72.9,5,1
2652.29,179.3,249.6,104.1,6,2
2263.7,250.2,95.8,97.8,4,1
2080.88,167.2,192.5,71.3,4,1
1222.66,107.2,105.3,41.4,4,1
2773.69,140.9,340.9,94.1,5,2
2454.69,191.7,239.5,81.1,5,1
3308.27,129.5,573.4,55.2,5,1
2274.25,90.8,333.4,64.2,5,2
2935.9,157.4,340.8,104.8,5,2
3442.12,220.5,438.8,89.5,5,1
2495.91,135.8,347.1,62.7,4,1
3134.44,141.9,421.4,97.9,5,2
2077.39,100.2,303.3,51.5,5,1
2464.62,148.3,320.0,65.7,4,1
1939.79,104.9,243.5,60.7,5,2
3740.93,257.7,464.9,94.5,4,1
2941.18,212.4,278.4,108.6,4,1
2885.62,115.1,452.2,68.5,5,2
2203.72,89.0,355.5,47.3,5,2
2704.37,116.3,405.8,68.4,6,2
3744.44,162.0,604.5,75.4,5,2
2690.7,136.1,401.6,60.0,6,2
1752.0,193.5,62.8,80.8,4,1
2074.8,85.1,317.0,51.8,5,2
2489.0,146.2,252.0,99.6,6,2
2369.19,148.7,294.2,66.4,4,1
1192.12,113.8,78.5,47.0,4,1
2628.16,213.9,248.7,86.4,4,1
2513.06,90.1,414.0,55.2,5,2
3168.98,156.5,414.9,98.1,6,2
2037.34,170.9,178.1,71.3,4,1
2950.99,157.2,385.7,86.6,5,2
2224.23,118.4,312.6,55.6,5,1
2099.48,130.5,260.7,59.4,5,1
1866.04,106.4,229.7,58.0,4,1
2856.75,117.0,458.3,61.7,5,1
3493.48,164.6,466.7,107.6,5,2
2063.84,109.6,276.9,57.5,5,2
2048.85,155.1,210.3,65.2,4,1
3616.01,236.9,466.0,89.4,4,1
2703.07,160.8,324.7,84.6,5,2
3616.9,192.5,485.9,100.4,4,1
3201.31,243.9,343.9,94.4,4,1
3995.26,146.3,619.8,103.4,5,2
2673.22,153.9,339.8,77.6,6,1
2897.87,162.7,348.9,94.6,5,1
2408.46,229.6,170.2,89.9,4,1
1583.95,125.5,148.3,54.3,4,1
2390.14,162.8,251.2,81.5,4,1
2164.57,100.6,334.3,47.2,5,2
1767.0,128.5,149.8,72.6,4,1
1874.51,108.3,241.5,52.8,4,1
1566.89,128.6,140.2,54.6,4,1
2753.46,101.9,477.0,48.7,4,1
3056.88,190.6,318.0,113.6,6,2
2858.3,118.9,448.6,65.4,4,1
1798.31,137.2,193.2,52.9,4,1
2079.6,139.8,243.8,60.6,4,1
3027.86,139.3,423.7,86.2,6,2
2778.12,141.9,347.5,91.2,5,2
2664.17,133.1,404.8,56.9,6,2
3695.66,165.0,586.7,76.5,6,2
2870.19,167.2,345.2,91.2,5,1
2781.67,226.0,258.6,93.7,4,1
3404.85,230.8,394.3,100.5,4,1
3999.61,157.7,622.4,97.7,5,2
1927.31,130.5,244.7,47.4,4,1
2159.44,193.6,147.0,88.6,4,1
1991.59,113.2,259.5,55.6,5,1
3069.58,200.0,380.5,83.0,4,1
3450.71,223.5,423.9,95.7,4,1
2387.61,139.2,331.4,56.1,4,1
2606.76,157.8,292.2,89.6,6,2
4024.52,183.8,589.9,103.3,6,1
3904.71,194.6,528.7,112.4,6,1
3390.92,157.9,501.7,83.6,5,1
1582.14,141.4,117.2,60.9,4,1
1632.48,142.1,154.5,49.6,4,1
2399.76,193.1,231.1,78.1,4,1
3061.55,116.5,480.1,75.0,5,2
1504.07,140.3,102.7,59.1,4,1
3510.27,145.2,589.1,63.7,5,2
2510.29,175.1,282.0,75.8,4,1
3421.49,160.3,502.5,85.6,4,1
3157.27,150.6,457.9,80.3,6,2
2651.31,232.0,217.6,94.8,4,1
1571.2,141.7,141.2,48.8,4,1
1906.15,110.6,257.0,48.4,4,1
2726.92,164.8,312.9,90.7,5,2
1798.05,158.2,149.0,63.2,4,1
2312.88,195.5,195.1,83.4,4,1
2787.83,92.4,464.0,62.5,5,2
3281.41,121.6,510.7,83.6,5,2
3167.2,138.3,510.0,63.8,5,2
2247.43,204.3,180.6,78.6,4,1
2120.09,127.2,288.4,50.9,4,1
2588.31,228.6,178.2,106.8,4,1
1339.64,125.9,83.2,55.9,4,1
1388.7,89.2,152.2,47.0,4,1
2304.21,235.5,134.7,91.5,4,1
1830.55,127.4,199.3,58.2,4,1
2249.55,83.7,363.8,51.1,5,2
2556.92,104.3,386.4,66.0,6,2
3796.23,173.9,545.6,102.0,6,1
3321.58,161.3,438.0,102.7,6,2
2385.79,233.2,132.1,102.7,4,1
2401.37,126.1,314.0,71.2,5,2
2505.79,175.1,296.6,68.8,4,1
3165.35,179.2,366.8,109.1,6,2
2980.88,185.4,326.2,103.8,5,2
3292.59,203.7,339.4,124.4,5,1
2795.42,87.0,477.6,59.7,5,1
2571.66,140.8,316.7,82.4,5,1
2644.55,121.2,375.9,72.9,5,1
2814.22,88.1,506.8,48.3,5,2
3891.84,185.1,566.1,98.6,4,1
3236.78,196.1,405.9,92.1,4,2
4087.38,195.8,563.9,116.5,6,2
2575.57,189.7,273.8,80.2,4,1
3831.35,156.6,608.0,85.9,5,1
2379.93,98.3,392.5,46.3,4,1
1933.53,188.6,117.4,78.8,4,1
1864.8,105.8,225.6,59.9,5,2
2333.38,224.9,153.1,91.3,5,1
3240.79,192.1,422.3,87.0,5,1
2769.02,206.6,301.1,82.0,4,1
3459.97,113.4,610.4,62.7,6,2
3398.17,216.0,428.4,91.2,4,1
1886.77,115.1,250.5,47.1,5,2
3894.14,185.3,557.8,102.4,6,2
4174.97,167.7,663.0,94.7,5,2
3512.7,227.2,445.3,91.4,5,1
3034.41,210.3,352.2,87.2,4,1
3497.19,184.1,487.5,90.1,6,2
2092.87,175.7,195.9,67.4,4,1
1789.48,107.8,234.0,46.9,4,1
3759.96,228.6,472.1,106.4,5,1
1811.63,117.9,234.2,44.8,4,1
1905.54,214.4,63.3,88.3,4,1
2768.44,118.9,405.2,74.7,5,2
2660.1,167.3,320.0,79.0,5,1
2935.51,256.0,241.9,104.8,4,1
1846.98,121.7,232.0,48.0,4,1
2827.69,198.2,289.0,97.7,4,1
3067.03,173.0,401.3,85.5,5,2
3347.32,208.1,435.6,85.8,4,1
3543.79,182.5,476.4,100.9,5,1
2231.43,211.3,162.5,81.8,4,1
1876.28,127.3,220.4,53.9,4,1
2111.02,132.7,266.9,56.9,4,1
2894.11,168.1,356.4,88.5,4,1
2771.65,148.8,328.1,96.0,5,1
2301.91,173.1,222.3,80.1,4,1
1946.84,155.9,201.1,57.6,4,1
4659.83,210.6,691.9,116.7,6,2
2288.54,170.1,258.8,63.6,4,1
2364.99,86.5,396.3,48.2,4,1
2888.52,202.3,349.4,75.7,4,1
1767.65,129.0,210.7,45.4,4,1
2170.73,128.8,250.7,72.5,4,1
2869.76,227.8,266.5,99.2,4,1
3212.11,123.2,548.9,58.2,5,2
2947.9,165.0,362.1,93.3,5,2
2384.03,185.0,259.1,67.5,4,1
1604.88,238.9,0.0,94.2,4,1
2931.34,134.4,444.7,68.3,5,1
3958.47,153.8,663.5,76.6,5,1
2201.13,161.0,234.6,68.7,4,1
2495.79,98.5,417.5,48.0,5,1
3362.31,197.2,453.8,84.3,4,1
4105.67,203.4,645.3,79.0,5,1
2550.9,180.4,191.0,118.4,6,2
3924.0,133.0,684.9,72.5,5,2
2612.51,150.5,358.2,64.2,5,1
1867.18,158.7,147.7,71.3,4,1
2376.05,99.9,367.3,56.4,5,1
2413.24,136.7,347.7,52.9,5,1
2480.52,116.3,386.7,52.0,5,2
2984.84,207.1,334.9,90.8,4,1
2254.04,145.7,292.3,55.8,5,1
2509.9,218.1,197.9,94.0,4,1
2752.2,139.8,408.0,62.3,5,1
3304.49,223.0,394.2,92.9,4,1
2814.97,228.9,263.5,93.9,4,1
3670.09,209.7,492.6,95.7,4,1
1735.69,132.6,169.2,58.7,4,1
2417.1,144.9,324.5,59.9,4,1
2676.8,195.5,252.6,98.3,5,1
3905.35,186.9,587.2,89.9,4,1
2573.77,222.8,233.4,83.2,4,1
3737.78,168.9,525.5,106.7,6,2
3987.7,191.4,623.4,80.9,5,2
4227.02,199.6,584.8,121.0,5,2
1924.64,85.2,297.5,43.8,5,2
2302.21,149.6,279.9,64.9,4,1
2171.49,165.5,233.3,64.0,4,2
1587.73,162.7,61.9,76.6,4,1
2012.79,161.2,189.0,68.0,4,1
1649.67,157.4,102.2,67.9,4,1
2576.53,143.2,295.3,91.4,5,2
4879.59,176.8,796.1,109.8,6,2
3242.55,203.9,429.8,78.6,4,1
2043.83,122.1,281.7,47.6,4,1
2160.47,128.0,260.2,67.5,5,1
2173.68,124.2,294.4,55.5,5,2
3030.53,192.6,387.4,78.9,4,1
3204.13,163.5,418.7,97.3,5,1
1816.04,102.8,229.3,54.2,4,1
1858.55,164.5,139.4,71.4,4,1
3225.66,127.7,510.8,74.6,5,2
2669.08,155.7,320.0,85.1,5,2
3003.49,162.7,412.3,78.2,5,2
2340.28,150.6,303.1,58.4,4,1
2153.1,142.1,248.8,65.5,5,1
3285.79,184.7,444.2,85.6,5,2
2427.69,137.0,354.4,51.3,4,1
3003.49,127.0,475.3,66.0,6,2
3916.12,213.5,550.6,95.5,4,2
2885.13,173.5,313.3,104.2,5,1
3815.62,205.2,509.0,106.5,6,1
2159.24,132.2,286.1,54.0,4,1
1570.8,122.2,161.6,48.4,4,1
2092.77,175.5,168.7,79.6,4,1
4012.0,188.6,578.6,104.8,5,2
2886.03,150.5,356.2,95.5,5,2
2130.9,114.1,277.2,62.8,6,2
1806.65,111.7,226.0,50.7,4,1
3656.07,158.2,542.0,95.0,5,2
1999.89,132.4,238.0,57.6,5,1
4596.13,187.1,690.0,120.9,5,2
2254.06,158.0,257.7,65.7,4,1
1902.42,124.9,252.7,43.6,4,1
2847.91,161.2,333.8,96.5,5,2
2710.47,117.7,421.8,61.4,6,1
2170.51,127.9,278.3,60.6,4,1
2828.51,108.5,461.3,61.0,5,2
2402.47,160.2,236.9,90.4,4,1
3042.59,199.2,362.5,88.4,4,1
1730.16,107.5,197.3,56.8,5,1
1981.77,167.3,189.0,61.8,4,1
3184.16,108.1,544.0,64.0,6,2
3388.72,135.3,501.3,93.6,5,2
2093.01,155.3,231.7,60.6,4,1
1354.78,119.8,94.6,55.3,4,1
2702.08,157.7,354.1,72.8,5,1
3987.75,152.2,622.1,99.0,5,2
4038.21,154.3,624.3,102.7,5,2
2617.44,212.1,252.5,84.4,4,1
3147.21,157.0,462.9,74.2,5,2
3452.11,149.4,532.2,80.6,5,2
2776.16,242.7,245.2,91.6,4,1
1434.15,123.2,131.0,46.4,4,1
1772.61,113.5,212.2,52.2,4,1
2343.63,160.3,269.2,69.5,5,1
1547.7,83.1,201.0,45.7,4,1
3732.7,134.8,594.5,90.6,5,2
1579.85,165.6,81.1,65.9,4,1
3423.6,188.9,489.5,78.9,4,1
3453.73,158.7,489.6,95.6,5,2
1626.81,133.7,159.9,50.2,4,1
1746.87,120.4,211.0,46.8,5,1
2917.83,159.3,372.2,88.0,4,1
1687.75,100.1,224.5,43.3,4,2
2970.73,174.7,307.1,115.9,6,1
2880.4,145.4,436.1,61.6,4,1
2634.27,118.6,379.0,71.6,5,2
2268.32,121.0,288.0,70.3,4,1
2555.02,245.1,188.5,91.2,4,1
2541.91,212.5,253.2,75.5,4,1
2725.75,119.5,454.8,47.6,5,1
2948.71,171.6,382.6,81.4,5,1
2200.24,208.3,156.7,82.2,4,1
2007.78,159.5,182.0,71.3,4,1
3012.45,192.8,373.0,83.3,4,1
2029.88,181.9,160.7,73.3,4,1
1793.08,130.2,184.9,59.2,4,1
2959.89,202.4,354.4,81.4,4,1
1278.26,125.2,83.3,49.4,4,1
3295.83,196.4,415.6,94.2,5,1
2987.6,189.4,353.9,90.5,4,1
2880.88,122.1,439.3,70.6,5,1
3388.63,213.7,422.6,93.7,4,1
3025.36,193.1,367.3,87.1,4,1
3081.28,187.9,379.2,90.3,4,1
3144.43,146.5,463.8,78.1,5,1
2542.69,230.0,193.8,94.2,4,1
2619.15,136.7,320.2,87.9,5,2
1666.15,133.1,158.5,55.5,4,1
2517.99,176.9,279.0,77.2,4,2
2487.48,195.0,252.0,77.7,4,1
1895.85,174.3,134.0,73.6,4,1
3019.21,138.4,452.9,72.7,5,2
2457.65,121.4,343.9,66.3,5,2
2983.88,163.1,418.6,73.0,5,1
2024.22,121.2,265.5,53.1,4,1
4544.34,173.4,766.7,87.1,6,2
1629.84,176.1,89.3,63.1,4,1
2608.36,166.0,281.8,90.8,4,1
1639.54,137.9,142.9,57.4,4,1
2664.8,172.0,322.3,76.4,5,2
1969.5,125.5,249.7,52.1,4,1
2233.76,149.3,276.0,59.2,4,1
2327.69,91.9,355.1,60.0,6,1
3563.46,193.9,495.6,89.5,5,1
3422.53,162.6,533.3,71.0,5,1
2200.97,103.3,319.2,56.8,5,2
1458.42,119.0,131.6,50.7,4,1
2816.4,166.3,328.2,93.2,4,1
2588.58,193.4,287.4,74.0,4,1
3097.64,226.1,329.8,97.1,4,1
2417.94,121.9,300.2,81.1,6,2
1586.97,114.0,167.4,51.3,4,1
3990.39,204.3,594.0,88.6,5,1
3031.8,164.7,390.0,90.3,5,2
2866.45,183.6,309.4,99.4,6,2
2367.98,118.3,370.4,45.9,4,1
2234.94,140.0,292.0,56.3,4,1
2592.51,96.4,408.4,63.7,5,2
2395.54,195.5,224.6,79.5,4,1
2933.92,123.7,477.1,59.0,4,1
2531.0,123.6,384.6,55.4,5,2
2898.06,179.5,352.4,85.6,6,2
2574.16,150.0,315.2,79.2,5,1
2914.65,153.6,426.4,66.1,6,2
2664.2,114.1,422.0,57.8,6,2
2802.58,127.9,438.9,59.5,5,1
2535.56,119.6,351.5,72.3,4,2
2984.91,174.8,341.6,102.1,5,2
2571.41,134.9,346.5,71.8,6,2
2265.17,172.5,224.1,75.4,4,1
1864.89,234.7,26.7,91.0,4,1
3257.27,137.3,477.4,88.7,5,2
1833.19,150.0,154.8,68.2,4,1
2481.44,216.1,213.1,85.0,4,1
1955.73,112.4,261.3,51.2,4,1
1828.8,228.0,21.5,92.3,4,1
2360.57,135.8,335.5,52.8,4,1
1795.48,190.4,71.2,83.2,4,1
2586.08,175.4,317.0,68.5,5,1
2418.91,212.3,190.4,89.8,4,1
2943.47,164.6,341.7,102.0,5,2
3710.9,170.7,528.5,101.6,6,2
2036.63,112.3,295.8,44.9,4,1
2594.77,199.4,271.9,78.8,4,1
2060.05,165.1,196.7,68.1,4,1
1890.55,121.1,241.1,49.1,4,1
2230.5,174.4,202.6,80.3,4,1
1881.89,167.4,171.2,58.6,4,1
2692.29,103.7,445.4,55.1,4,1
3939.37,188.7,505.6,129.1,5,2
4247.91,149.9,704.5,92.3,5,2
2011.46,112.7,292.5,43.4,4,1
2382.22,166.4,298.9,57.9,4,1
4636.99,198.4,766.9,86.2,5,2
2132.77,172.2,197.0,72.9,4,1
1877.44,136.2,206.2,56.4,4,1
1398.17,130.1,84.7,59.9,4,1
3382.24,168.8,438.0,106.1,6,2
2802.9,104.4,455.7,62.5,5,1
1580.43,148.6,128.6,52.4,4,1
1611.25,153.6,102.5,65.2,4,1
2087.37,127.5,264.5,57.7,4,1
2757.28,175.2,272.4,107.4,4,1
2431.93,148.2,287.0,76.8,5,2
1764.4,146.5,163.8,58.1,4,1
2353.32,204.2,195.3,83.9,4,1
3357.08,191.8,404.8,107.9,6,2
2308.77,121.2,320.8,60.1,6,2
1687.5,149.8,105.0,74.3,5,1
1376.99,151.3,63.5,57.5,4,1
4123.64,139.9,708.3,81.2,5,2
2064.69,191.8,139.6,82.1,4,1
2010.1,177.7,159.8,73.4,4,1
2173.19,210.8,148.8,81.7,4,1
2724.64,111.9,424.7,64.3,6,2
2716.66,120.4,406.8,67.6,5,2
3493.58,154.6,515.6,90.3,5,1
2606.75,159.7,337.2,68.8,5,1
3558.21,143.7,587.9,70.2,5,2
1345.86,146.7,65.4,55.3,4,1
2585.59,171.2,322.1,68.1,5,1
2000.52,108.3,283.4,48.2,5,1
2240.44,144.4,304.8,49.3,4,1
3923.95,193.6,545.1,107.7,5,2
2994.63,213.5,327.7,92.2,4,1
2462.33,187.4,251.9,78.3,4,1
2807.92,176.5,354.6,75.9,5,2
2390.02,217.4,190.8,84.1,4,1
2779.17,165.9,313.6,95.7,5,2
1682.47,178.8,80.9,71.5,4,1
1887.16,97.3,268.3,47.2,4,1
2188.82,257.1,70.1,97.8,4,1
1696.71,172.7,82.1,75.3,4,1
3039.43,202.2,363.7,86.2,4,1
2579.46,168.2,307.1,75.4,4,1
2294.2,106.1,342.5,55.5,5,2
2954.28,164.9,367.4,91.7,5,2
1960.5,218.7,58.6,94.6,4,1
2883.34,158.2,426.9,60.4,5,2
2864.79,226.3,293.5,87.3,4,1
3101.6,135.8,479.1,71.3,6,2
2369.17,202.3,178.0,94.2,4,1
3876.65,199.4,527.5,107.7,5,2
2624.82,208.9,287.0,71.3,4,1
3486.63,231.2,454.6,82.6,4,1
2265.55,236.4,115.6,95.3,4,1
2712.6,228.9,246.6,90.0,4,1
1805.4,122.8,228.4,44.5,4,1
2176.18,95.4,319.4,57.5,5,2
3799.81,151.3,650.8,65.7,5,2
2326.8,196.3,182.0,90.4,5,1
3669.2,176.8,544.6,87.1,4,1
3636.15,178.5,552.1,79.3,4,1
2325.65,158.7,259.2,72.6,5,1
2009.32,158.0,186.8,70.0,4,1
1882.6,106.0,227.7,60.8,5,1
2232.5,198.9,181.7,78.9,4,1
2314.82,203.1,158.1,96.7,4,1
2288.07,117.8,326.2,56.9,4,1
3747.27,192.0,546.1,88.3,5,1
2209.5,128.1,270.3,68.4,4,1
2616.0,123.9,377.6,67.8,6,2
1727.38,127.8,195.1,48.4,4,1
4357.32,233.2,650.2,91.6,5,1
3032.0,223.9,331.5,90.0,5,1
2013.65,179.1,137.1,83.2,4,1
2628.68,159.5,337.9,71.0,4,1
3662.64,177.8,529.0,92.9,5,2
1697.73,107.7,184.7,58.7,4,1
2477.86,150.4,305.1,72.9,4,1
2832.19,120.2,420.7,74.3,5,2
2113.94,195.0,158.7,77.7,4,1
2493.66,239.3,170.7,94.9,4,1
2034.46,167.6,199.3,63.0,4,1
4590.05,205.1,662.4,124.4,5,2
4022.49,152.4,672.3,80.4,5,2
1563.65,111.4,168.0,49.6,4,1
3423.39,144.2,513.9,87.9,5,2
3202.55,135.2,527.6,61.2,6,2
4069.62,174.0,630.0,94.9,5,1
2176.51,229.5,130.0,82.0,4,1
2404.75,131.8,312.0,69.9,4,1
3403.62,151.4,485.2,95.3,6,2
3068.43,208.2,356.6,89.9,5,1
3367.63,204.8,430.3,91.9,5,1
2526.25,151.0,318.7,71.9,5,1
2061.51,86.0,325.1,46.3,4,1
2197.82,223.7,101.1,99.8,4,1
2361.88,201.6,207.2,80.8,4,1
3787.55,153.5,593.2,89.0,5,2
2631.9,144.6,348.7,73.2,4,1
4190.07,171.1,603.8,121.2,5,2
1649.46,155.9,100.3,69.4,4,1
1912.02,85.7,256.0,60.6,5,1
2613.22,152.0,314.5,83.0,5,2
2620.88,97.9,430.3,56.5,6,2
1440.96,125.8,111.0,54.9,4,1
2681.51,132.9,417.8,53.2,5,1
3450.68,188.4,473.6,89.2,5,2
2621.69,194.8,286.3,77.5,4,1
2363.25,202.3,195.5,85.8,4,1
2946.66,116.0,490.0,58.1,5,2
2917.98,131.4,449.6,66.0,5,1
2937.28,191.1,354.1,84.1,4,1
2425.13,121.5,285.0,88.8,5,2
1368.3,117.1,98.2,56.3,5,1
3736.7,221.0,481.3,103.1,4,1
1983.35,135.4,241.4,52.9,4,1
1749.86,118.3,206.4,50.1,4,1
2658.92,217.5,258.9,83.7,4,1
2247.78,191.2,179.8,84.8,4,1
2327.89,149.2,280.9,67.5,4,1
1353.45,124.7,104.8,48.4,4,1
3995.23,208.0,564.6,100.5,4,1
3126.34,133.2,467.1,80.6,5,2
3811.97,163.3,567.6,98.7,5,2
2604.45,90.0,460.1,44.9,6,1
3287.36,126.2,523.9,76.3,5,1
2484.92,120.5,366.3,59.8,6,2
3198.23,186.8,374.8,105.8,5,2
3267.21,154.6,512.4,66.6,5,2
2972.5,104.9,491.1,65.4,5,2
3594.33,167.9,547.3,81.5,6,2
3181.99,123.9,486.9,82.1,6,2
2314.61,134.9,307.1,60.7,5,2
2423.79,214.4,214.9,78.5,4,1
3101.78,205.0,367.6,90.2,4,1
1591.55,116.4,160.1,54.0,5,1
3533.17,193.7,499.2,84.6,4,1
2805.45,228.8,292.5,80.0,4,1
2225.43,154.9,262.9,61.6,4,1
2915.55,206.8,347.7,77.5,4,1
4282.64,189.8,620.8,115.6,6,2
2696.82,122.7,413.7,61.3,4,1
3686.0,219.3,480.1,98.7,4,1
1457.97,150.2,81.7,58.9,4,1
2403.5,89.1,390.3,54.0,4,1
2550.53,209.0,217.9,93.7,4,1
3650.26,145.6,575.7,85.0,4,1
3225.24,148.2,506.8,67.2,5,2
1804.91,150.2,175.9,55.6,4,1
2977.0,194.4,347.7,89.8,4,1
1821.87,136.7,199.5,53.0,4,1
2418.63,195.7,222.2,83.0,4,1
2454.75,103.6,400.8,48.6,4,1
3001.82,150.9,420.6,79.5,4,1
1841.88,140.2,179.0,62.8,4,1
2592.65,144.8,337.7,73.6,5,1
1970.45,121.9,257.4,50.3,4,1
3109.64,123.6,464.6,84.1,5,2
2977.07,134.6,414.5,86.7,6,2
3066.31,243.9,302.7,97.8,4,1
1517.73,116.2,148.3,51.1,4,1
3806.29,170.7,573.7,92.1,6,2
2740.3,157.8,300.4,100.8,5,2
1998.19,114.1,260.6,55.5,4,1
3026.52,161.2,395.4,88.9,6,2
1660.36,156.0,111.3,65.7,4,1
3491.78,197.2,500.3,78.0,4,1
2129.16,107.2,327.1,43.5,4,1
3731.95,167.4,566.8,88.3,5,1
2249.75,144.5,272.5,64.6,5,1
2483.69,196.5,235.4,84.0,4,2
4165.7,144.1,742.9,68.6,5,2
2490.63,103.2,379.2,62.3,6,1
3666.53,157.7,544.0,95.5,5,2
3539.92,146.8,542.6,86.9,5,2
1995.08,150.2,215.0,59.4,4,1
1845.33,201.0,80.1,80.1,4,1
1601.9,144.2,132.5,55.0,4,1
2460.35,108.9,386.7,53.1,5,1
2360.29,116.8,355.9,52.2,4,1
3789.43,130.7,659.5,69.9,6,2
1901.2,121.3,239.4,50.9,4,1
4158.67,172.0,654.3,94.8,5,2
1773.94,158.8,141.1,63.8,4,1
3285.11,133.2,553.9,59.6,6,2
3449.58,179.1,413.0,120.1,6,2
3258.66,152.1,471.0,85.1,4,1
2304.17,140.6,273.7,71.9,4,1
2584.66,178.4,279.2,83.8,4,1
1559.55,159.4,99.1,58.4,4,1
1511.99,137.8,114.1,56.1,4,1
4025.16,193.5,553.7,115.1,5,2
2574.99,107.8,420.3,51.4,4,2
2949.01,220.2,314.7,89.9,4,1
1913.58,148.5,182.3,65.6,4,1
1953.94,132.1,202.5,68.4,4,1
2254.62,197.2,161.3,91.2,4,1
2735.26,138.2,335.2,93.5,5,2
2261.86,157.0,262.1,65.0,4,1
1837.64,161.8,149.1,66.0,4,1
3123.99,148.3,472.0,71.4,5,1
3144.0,184.3,333.2,119.4,6,2
4076.0,198.1,579.3,107.3,4,2
4207.96,170.1,671.4,93.6,5,2
3334.72,195.4,434.6,90.5,4,1
2645.08,190.3,270.4,89.1,4,1
1331.59,124.6,88.1,53.4,4,1
2304.2,100.1,350.0,56.0,6,2
3263.8,107.9,563.6,64.2,5,2
2461.96,164.1,324.2,56.5,4,1
2050.68,104.9,252.2,69.2,6,1
1746.48,143.4,153.4,62.2,4,1
3893.86,158.9,635.0,79.8,5,1
2770.62,142.2,323.9,100.7,6,2
3262.31,195.6,438.4,80.7,5,1
2678.67,202.4,287.8,79.8,4,1
2261.33,231.4,104.5,102.0,4,1
2426.66,153.3,281.1,76.6,5,1
2907.88,176.6,361.1,84.1,4,1
2205.78,108.3,318.0,55.6,4,1
2067.06,103.7,271.9,62.7,6,1
3286.01,200.4,428.4,85.6,4,1
3775.57,215.6,501.4,100.8,5,2
1935.68,218.4,55.4,93.4,4,1
3235.52,220.6,390.2,88.0,4,1
2393.34,206.5,197.2,86.5,4,1
2847.68,214.2,277.2,98.0,4,1
2998.78,161.3,398.2,84.5,6,2
3680.16,144.3,633.5,63.2,6,2
3260.57,131.5,494.1,84.2,5,2
3077.31,122.8,515.6,58.2,5,2
3808.96,210.0,509.8,103.3,5,1
2583.51,146.2,324.3,77.9,5,1
1896.42,158.5,184.3,58.4,4,1
4233.66,181.7,634.6,107.6,4,1
3036.25,164.3,417.5,78.8,5,1
1549.9,113.0,174.3,44.5,4,1
2730.82,126.3,404.4,67.6,5,1
2198.11,138.3,275.9,60.2,4,1
2849.71,155.3,396.8,71.3,6,2
2768.29,171.4,283.8,105.3,5,2
3606.12,190.4,421.1,128.9,5,2
2769.45,190.4,320.0,80.9,5,2
1425.08,100.6,159.5,42.7,4,1
2460.14,117.2,331.7,73.9,6,2
3477.1,174.8,491.9,90.0,5,1
2532.35,177.2,273.1,81.2,4,1
2203.84,148.1,232.2,75.9,4,1
1147.73,113.2,74.0,44.3,4,1
2058.37,97.7,283.8,59.2,5,2
3559.33,177.0,499.5,94.8,4,1
3375.22,138.3,536.5,75.1,4,1
1862.17,164.5,170.0,58.3,4,1
3032.19,143.9,421.5,85.6,5,2
3554.72,173.9,550.6,73.0,5,2
3975.84,218.2,560.1,95.8,4,1
2619.99,183.5,314.0,70.0,4,1
2637.2,160.7,323.3,77.9,4,1
2531.1,124.5,365.3,63.6,6,2
2560.31,137.0,321.6,80.7,4,1
2670.92,135.5,376.2,69.4,5,2
2123.37,99.3,310.3,53.9,5,2
3146.13,216.3,381.3,84.0,4,1
2611.84,105.7,411.9,60.1,5,1
3229.8,169.3,447.5,84.8,4,1
1972.03,175.2,164.8,68.0,4,1
2451.25,194.7,251.4,74.1,4,1
4053.83,180.8,629.5,90.3,4,1
1372.17,121.1,123.3,43.8,4,1
1934.07,115.9,244.7,54.7,4,1
3016.51,188.3,331.3,104.2,4,2
3631.21,165.6,554.8,83.3,5,2
2911.97,105.0,495.1,56.8,5,1
2720.35,145.7,353.7,80.3,5,2
1274.03,138.4,66.1,50.7,4,1
3347.14,205.7,415.4,95.9,4,1
2293.81,219.7,135.5,97.0,4,1
2481.72,167.2,274.0,79.7,5,1
2647.73,159.4,357.6,64.4,5,1
2101.45,150.4,204.0,76.0,4,1
3790.54,169.9,580.4,87.7,5,1
1302.06,142.5,53.8,57.4,4,1
2068.9,111.1,254.3,67.5,5,2
1743.87,127.8,192.6,51.3,4,1
1638.57,131.8,148.2,57.6,4,1
4502.58,175.3,681.1,119.7,5,2
2429.94,162.8,299.0,64.7,4,1
1954.81,123.6,247.6,52.2,4,1
2086.71,137.8,244.2,62.1,4,1
4165.66,176.5,661.6,90.3,5,1
2253.06,199.7,181.6,80.8,4,1
1862.59,110.0,254.1,45.2,4,1
3795.17,169.2,593.7,82.6,4,1
2228.09,217.0,113.9,100.5,4,1
2159.25,196.7,174.2,75.1,4,1
2245.5,114.8,280.9,73.6,6,1
3008.17,209.6,316.7,100.3,4,1
2875.6,134.6,431.9,67.8,4,1
3208.32,175.0,408.7,97.1,4,1
1927.31,136.4,207.3,61.4,4,1
3661.73,191.5,481.5,107.7,5,2
1622.04,134.3,154.6,51.9,4,1
2377.69,175.9,232.6,82.6,4,1
3361.05,151.7,505.3,81.4,6,2
1854.46,123.8,220.7,52.9,5,2
2391.98,143.8,326.5,56.8,4,1
2697.41,166.4,330.7,78.8,4,1
4400.09,189.5,692.3,97.0,5,1
1486.75,112.4,143.0,51.7,4,1
2006.27,89.3,314.4,43.5,6,1
2018.69,138.7,242.4,54.9,4,1
1706.09,133.1,174.3,52.9,4,1
3550.16,147.4,574.6,73.6,5,2
2672.03,221.4,239.7,92.0,5,1
1267.33,129.0,79.0,48.4,4,1
3390.62,198.9,453.5,86.7,4,1
3218.88,142.5,520.8,62.8,6,2
1498.08,117.0,156.2,45.0,4,1
3259.08,128.1,537.9,66.1,4,1
2436.8,108.0,368.0,59.2,5,2
2466.44,153.3,330.2,59.1,4,1
2260.92,192.9,184.3,83.5,4,1
1920.13,203.7,94.3,80.9,4,1
2171.79,164.4,228.3,66.8,5,1
3317.62,144.9,522.0,72.2,5,2
2586.07,150.4,297.4,88.3,5,2
2619.52,87.4,431.2,60.6,5,2
2509.07,175.2,303.4,66.1,4,1
2111.51,119.1,291.1,52.3,4,1
2006.08,113.5,254.8,59.2,5,2
2024.47,121.6,264.6,53.3,5,1
3809.67,178.8,517.5,113.9,5,2
3730.27,147.3,606.0,79.7,5,1
1793.78,158.8,122.2,74.4,4,1
1885.11,183.1,123.2,73.3,4,1
2699.8,222.9,268.6,81.5,4,1
2580.96,202.5,271.9,75.9,4,1
2015.73,185.7,138.7,79.8,4,1
3930.95,153.5,642.9,82.8,5,2
2939.12,233.9,279.9,98.2,4,1
2876.28,211.1,312.9,86.7,4,1
2187.42,109.1,329.8,48.0,4,1
2859.82,137.3,398.8,79.5,4,1
2411.9,152.3,279.4,76.1,4,2
2163.43,187.5,186.2,74.3,4,1
3387.6,198.7,447.1,89.4,5,2
3279.34,154.4,476.4,84.0,4,1
3255.66,135.1,536.9,63.1,4,1
2892.03,151.0,369.4,90.0,4,1
2178.86,120.8,259.9,72.9,5,2
2743.99,120.8,408.4,69.7,5,1
1722.3,188.9,81.9,71.0,4,1
1548.17,117.1,162.9,47.6,4,1
2386.31,205.9,156.5,104.1,5,1
2505.03,100.3,403.3,54.5,5,2
2343.92,118.3,356.2,49.5,4,1
2760.15,198.6,299.4,85.3,4,1
3292.31,192.3,393.3,105.5,5,2
2158.69,94.9,334.7,48.9,4,1
3869.92,157.7,633.2,78.5,4,1
2168.74,143.3,240.0,70.6,4,1
2523.19,132.3,345.9,67.8,6,2
3257.58,115.1,574.0,55.7,6,2
2736.82,138.6,354.8,84.8,5,2
2973.59,143.2,474.5,55.9,5,1
2670.26,96.2,459.7,49.6,5,2
2743.12,154.0,373.0,70.6,4,1
2794.47,226.2,243.2,101.9,4,1
3347.1,226.7,397.7,94.4,4,1
3563.14,141.6,575.8,77.1,6,2
2826.44,123.3,446.6,60.8,4,1
2901.94,132.4,453.2,62.2,4,1
3655.07,234.5,455.0,99.6,4,1
3187.15,205.7,311.4,124.3,5,2
2991.45,204.7,332.9,93.5,4,1
4408.73,174.2,655.1,121.2,5,2
3956.47,140.7,659.0,84.2,5,2
2795.39,130.4,404.2,73.0,5,2
2688.5,90.5,485.5,42.7,4,1
2463.62,171.5,301.6,63.5,4,1
1770.6,99.0,229.3,50.8,5,1
2509.46,156.5,310.9,71.1,5,1
3463.74,188.7,493.6,81.6,4,1
2034.8,183.6,180.8,64.1,4,1
2307.35,99.9,356.4,53.6,5,1
1409.4,109.8,148.9,41.6,4,1
2885.58,151.7,379.8,84.4,4,1
2604.34,155.3,302.4,85.9,5,2
2813.95,200.3,309.0,86.3,4,1
4120.34,185.5,621.2,99.3,5,1
2391.48,164.9,282.2,67.0,4,1
3201.53,151.7,447.5,89.4,5,2
2717.48,181.8,335.9,71.9,5,1
3010.03,144.4,420.2,83.5,5,2
3182.81,122.9,520.3,67.8,6,1
2714.01,223.9,244.6,93.3,4,1
3970.19,168.3,641.1,81.4,5,2
1470.94,121.2,132.7,50.6,4,1
2379.46,190.9,218.5,82.4,5,1
2977.61,178.4,366.7,88.6,5,2
3090.98,239.2,325.9,92.3,4,1
1943.88,143.1,212.5,58.0,4,1
2820.23,121.9,429.2,68.5,5,2
2460.03,101.3,350.1,72.7,6,1
2098.6,120.0,276.2,57.1,5,1
2643.53,107.7,443.7,48.6,4,1
2325.93,202.5,195.5,81.5,4,1
3024.67,96.2,550.5,48.7,5,2
2791.51,189.8,293.7,95.3,4,1
3286.62,146.9,493.4,80.6,5,1
3323.19,169.6,491.5,75.4,5,1
2478.45,110.7,388.6,53.4,4,1
1573.84,99.6,190.4,46.0,4,1
2609.67,140.8,357.8,68.4,5,2
2338.14,131.6,317.3,60.3,4,1
2405.86,128.6,359.7,50.3,4,1
2425.54,174.5,259.4,76.7,5,1
2118.59,224.3,112.4,85.8,4,1
2728.36,142.3,387.1,67.9,4,2
3210.07,162.7,406.5,103.7,5,2
1554.45,153.5,79.9,69.0,4,1
1669.17,142.5,161.1,50.5,4,1
2848.69,168.3,362.8,80.5,5,2
2288.4,196.5,194.6,80.4,4,1
3607.03,124.4,638.6,61.6,6,2
2715.36,140.8,387.4,66.9,4,1
2227.97,217.2,155.4,81.9,4,1
2905.69,146.9,380.2,88.6,6,1
1725.0,145.2,153.5,58.9,5,1
2138.74,192.3,141.7,89.2,4,1
2061.91,140.2,243.9,58.4,5,2
2393.75,160.1,274.4,72.9,4,1
2658.55,181.0,272.3,93.9,5,2
2142.44,222.3,123.4,84.4,4,1
2326.02,146.5,301.7,59.2,4,1
2242.9,166.8,215.3,79.4,5,2
1530.93,134.0,128.9,53.3,4,1
1290.87,125.6,80.7,51.8,4,1
3356.34,172.7,439.1,101.0,6,2
3292.79,201.2,400.0,98.7,4,1
1909.96,169.3,153.2,68.9,4,1
2920.85,207.3,327.6,86.8,4,1
2820.64,211.9,289.4,90.6,4,1
2082.05,101.7,291.0,56.8,5,2
1584.45,114.9,188.2,41.3,4,1
3362.92,166.4,519.3,68.9,4,1
2069.24,149.8,246.1,54.0,4,1
1636.08,200.1,2.2,91.9,4,1
1892.84,167.1,168.8,61.0,4,1
2133.7,143.0,261.4,57.3,4,1
3259.58,191.2,412.9,93.7,5,1
2655.63,152.9,349.4,71.8,4,1
1943.65,161.6,151.8,76.7,4,1
2531.18,127.4,363.7,63.0,4,2
3474.19,169.1,457.4,107.6,5,2
2079.91,175.1,177.8,74.3,4,1
1660.66,129.8,154.9,58.0,4,1
2644.97,168.9,260.4,103.1,5,1
2087.95,122.5,232.3,74.3,5,2
3499.54,140.3,573.6,71.5,5,2
1738.56,130.4,187.3,52.0,4,1
2405.47,156.0,256.5,83.9,5,1
3001.86,173.1,407.3,75.6,4,1
1561.6,112.8,160.3,52.1,4,2
2865.97,212.3,304.0,89.0,4,1
1957.03,153.3,200.4,60.2,4,1
3632.93,147.3,589.4,76.2,5,2
2705.07,151.6,339.6,82.2,4,2
1853.13,196.6,97.4,75.2,4,1
3104.85,199.6,306.2,120.2,5,2
2500.11,227.0,188.0,93.3,4,1
1624.46,118.8,185.7,45.2,4,1
1861.75,251.1,0.0,97.0,4,1
1700.88,151.1,141.1,59.1,4,1
1833.96,148.7,183.4,56.2,4,1
2623.81,166.3,285.5,90.7,4,1
2737.15,131.9,426.9,55.7,4,1
2425.06,173.6,221.8,93.7,4,1
2405.2,99.0,384.4,52.4,4,1
2028.6,139.3,194.8,76.9,5,1
2152.34,221.5,108.3,92.5,4,1
2842.26,170.0,352.9,83.4,5,2
4148.13,170.6,638.1,101.5,5,2
1779.4,219.1,11.9,95.1,4,1
3116.05,153.6,477.9,65.6,5,1
1849.68,160.2,158.8,63.7,4,1
1376.41,135.9,74.0,59.6,4,1
2562.96,116.4,384.9,62.0,5,1
2683.58,219.1,249.6,89.9,4,1
3988.14,188.8,564.0,108.6,5,1
2313.39,119.6,330.0,57.2,5,1
4656.82,197.8,771.5,86.6,5,2
2090.68,243.7,46.5,103.3,4,1
2464.95,168.4,273.5,77.5,4,1
3078.94,141.9,445.2,81.1,5,2
2320.43,143.4,301.0,60.3,4,1
1631.73,136.9,147.5,54.9,4,1
2418.94,140.0,316.2,66.0,6,2
2748.89,142.9,422.6,54.1,5,1
2831.29,132.0,431.9,64.0,6,1
3122.55,128.5,493.6,70.5,4,1
2691.49,199.5,291.3,80.9,4,1
2359.2,197.5,221.5,75.9,4,1
1913.86,158.9,166.3,68.1,4,1
1984.05,162.5,193.5,62.2,4,1
3834.79,189.2,560.3,93.0,5,1
3961.96,173.5,589.6,101.1,5,2
2888.78,171.0,338.0,94.8,4,1
3572.78,197.6,503.2,85.5,4,1
2039.59,100.6,299.2,48.9,5,1
3534.37,150.7,553.7,79.7,6,2
2648.38,133.4,380.5,65.8,6,2
3586.85,179.3,506.7,93.7,6,1
2226.41,155.3,257.0,64.1,4,1
2943.16,118.7,482.8,59.7,6,2
1515.48,137.4,111.4,57.8,4,1
3298.24,126.7,516.8,80.5,5,2
2389.15,182.7,243.8,75.9,4,1
2144.8,224.2,133.4,79.4,4,1
1476.15,166.1,33.0,75.5,4,1
3976.6,169.5,613.6,93.8,5,1
2601.84,134.8,344.2,76.2,5,2
1877.6,138.6,184.0,65.2,4,1
1641.12,201.3,1.5,92.2,4,1
2878.44,134.4,402.9,81.1,5,2
1720.33,95.1,212.8,54.3,4,2
2394.46,149.6,333.9,51.1,4,1
4008.82,168.7,629.8,90.5,4,1
3724.11,136.5,652.7,63.1,5,1
1593.73,126.4,148.6,54.9,4,1
4279.58,172.4,692.2,91.2,5,2
2019.18,187.3,137.1,80.2,4,1
1760.53,124.8,203.8,49.6,4,1
1657.22,124.4,184.9,46.6,4,1
2597.17,193.7,274.7,80.4,4,1
2324.75,117.8,329.4,59.5,5,1
3484.04,138.5,546.4,82.7,5,2
2743.09,124.7,410.5,66.9,6,1
1443.95,108.7,138.6,50.5,4,1
2187.48,137.1,280.7,57.3,5,2
3695.96,146.1,603.1,77.7,5,2
3612.57,184.0,531.3,83.5,4,1
1459.97,153.8,74.8,60.6,4,1
3146.35,210.9,382.8,85.7,5,2
2158.1,123.1,296.1,53.5,5,1
3629.02,185.9,524.5,87.5,5,1
2627.54,192.6,251.3,94.7,4,1
2648.41,138.5,370.4,68.1,4,1
1951.64,216.7,55.3,95.9,4,1
2653.29,168.5,323.0,76.4,4,1
3095.41,219.7,355.9,88.1,4,1
2418.95,177.2,241.4,82.7,4,1
2850.82,232.2,272.3,92.5,5,1
1919.52,150.8,185.8,63.6,4,1
2960.07,231.4,296.2,94.4,4,1
2896.67,164.5,321.6,105.8,5,1
2216.14,100.4,361.9,40.8,5,1
2590.27,214.3,253.3,80.0,4,1
2601.46,205.0,262.4,81.3,5,1
3745.45,235.5,487.8,94.7,4,1
2253.6,164.9,206.0,85.6,5,2
2120.17,155.0,230.1,64.4,4,1
3303.81,199.1,433.2,86.0,5,2
1723.25,135.8,175.7,53.0,5,1
2198.28,106.7,306.7,60.5,4,1
2867.7,127.8,473.8,51.2,5,1
2358.8,218.8,158.1,94.6,4,1
2467.09,167.9,236.3,94.5,5,1
1473.84,149.4,80.1,61.7,4,1
3627.67,159.2,557.4,84.6,6,1
3503.6,174.4,486.8,95.4,5,1
2651.13,109.8,427.7,55.7,5,2
2594.42,198.2,253.6,87.5,4,1
1380.8,137.5,88.7,52.9,4,1
3913.22,180.5,603.9,86.2,4,1
2643.91,132.8,404.9,54.8,4,1
3499.57,196.1,477.7,89.4,4,1
2549.26,183.0,297.4,69.7,4,1
3712.74,188.0,480.9,115.3,5,2
3546.66,191.9,497.4,87.7,5,1
2675.04,121.9,415.2,58.5,5,1
2889.32,216.3,310.1,87.1,4,1
1752.03,213.5,15.3,93.0,4,1
1789.99,116.2,220.2,49.4,4,1
2706.6,189.9,276.3,93.5,5,2
3035.01,120.7,512.0,56.0,5,2
2458.2,176.4,278.5,71.0,4,1
3209.14,129.1,530.0,63.6,6,2
2523.45,199.4,224.6,91.9,4,1
2785.59,182.5,286.0,101.3,5,2
1918.83,139.5,204.0,60.6,4,1
1624.7,103.8,200.5,45.3,5,1
1840.42,218.0,29.8,94.4,4,1
3607.98,131.2,601.9,75.1,5,1
2394.87,239.4,119.8,106.4,4,1
4396.96,198.3,637.1,117.2,5,2
2064.7,167.1,167.0,80.9,4,1
3026.9,173.0,386.6,87.6,5,1
2317.24,191.4,211.8,78.3,4,1
1872.3,154.8,178.5,59.9,4,1
2670.71,129.3,373.1,73.4,5,2
1861.05,92.5,265.0,47.9,5,2
1825.03,152.7,148.5,68.9,4,1
2432.03,112.8,343.1,67.6,6,2
2763.46,132.0,383.6,77.9,5,1
3120.96,181.9,427.2,76.1,5,2
4844.09,165.2,792.3,112.7,5,2
2581.6,164.4,225.6,113.5,6,2
1827.9,162.1,128.3,74.0,4,2
3962.06,167.3,609.5,95.0,5,1
2879.79,144.5,388.5,83.1,5,1
2488.67,158.4,327.3,60.7,4,1
3451.33,130.3,522.0,93.6,5,2
2506.93,141.6,352.7,58.8,4,1
2777.51,136.4,378.6,79.7,4,1
2275.8,129.4,309.3,57.9,4,1
2864.27,222.0,261.8,103.2,4,1
3070.28,149.3,429.2,84.0,5,1
3266.82,129.7,517.3,75.4,6,2
1877.84,188.9,90.2,84.6,4,1
3342.77,210.4,406.7,97.1,4,1
2672.21,220.6,237.7,93.2,5,1
2312.27,94.6,377.0,47.3,4,1
1942.7,158.7,192.7,59.7,4,1
1962.22,245.5,47.3,87.9,4,1
2092.53,162.4,208.1,67.8,4,1
2660.17,221.3,237.0,91.9,4,1
3019.06,220.1,316.9,96.8,4,1
2347.16,134.0,268.8,81.8,5,1
2311.05,218.5,177.2,80.9,4,1
1345.53,111.0,111.1,50.8,4,1
2734.53,94.5,483.1,47.1,5,2
3968.39,139.5,700.8,67.5,5,2
2152.6,187.4,164.0,83.0,5,2
2820.02,179.4,266.7,115.1,5,2
2300.46,165.1,273.2,60.8,4,1
2423.43,114.1,362.6,57.4,4,1
2447.5,204.3,168.7,106.2,5,1
4714.16,167.1,794.8,96.3,5,2
3371.72,134.4,555.1,68.2,5,2
2519.78,167.8,302.0,71.2,4,1
3318.79,147.8,494.9,83.1,5,1
2973.64,161.5,324.9,114.2,5,2
2237.54,120.4,299.0,62.2,4,2
4067.54,178.0,652.7,82.7,4,1
1374.38,133.2,65.1,64.5,4,1
1953.9,119.6,231.0,61.3,5,1
1788.23,118.1,213.9,51.1,4,1
2494.7,128.6,374.3,53.7,4,1
3546.24,242.1,460.5,81.7,4,1
2966.72,154.3,412.1,77.9,5,1
2658.66,207.1,254.0,90.5,5,1
2296.76,128.2,274.5,76.2,5,2
1929.85,131.6,232.0,52.8,4,1
1880.11,117.5,248.1,46.4,4,1
2707.87,103.1,474.0,44.4,6,2
1680.5,196.3,59.6,73.0,4,1
1425.43,137.5,71.1,65.6,4,1
2049.74,158.0,179.3,77.8,4,1
2782.85,150.5,298.8,109.5,5,1
4677.79,200.8,756.9,94.1,4,1
1713.91,117.1,192.6,52.8,4,1
4503.48,195.8,675.0,113.4,5,2
2438.33,246.1,171.6,85.2,4,1
3335.92,168.9,472.5,85.6,4,1
2135.81,103.6,323.5,47.5,4,1
3390.25,143.9,525.4,79.3,5,2
3203.85,116.2,554.7,57.8,5,2
1267.49,102.6,105.2,48.4,4,1
3136.81,184.0,406.0,86.3,5,1
2109.86,180.7,181.8,73.3,4,1
2626.84,180.4,280.7,87.0,4,1
3076.4,226.3,333.6,93.0,4,1
2609.17,205.4,247.4,88.7,5,1
2204.62,159.9,227.6,72.7,4,1
1564.56,208.1,5.8,78.8,4,1
3287.31,167.1,472.8,80.8,5,1
3173.57,156.4,442.4,86.5,5,2
2756.56,132.5,359.0,87.9,6,2
2204.1,115.6,318.6,51.9,4,1
1559.55,102.2,187.6,44.4,4,1
2354.86,189.0,226.0,77.2,4,1
2629.96,180.7,294.6,81.0,4,1
2597.54,111.8,394.4,63.7,5,1
3484.39,165.2,513.0,85.7,6,2
3118.51,164.4,421.3,86.2,5,2
2716.97,124.4,437.0,52.4,5,2
2194.18,139.7,259.4,66.4,4,2
2626.8,153.6,340.2,72.4,4,1
2282.25,139.9,283.5,65.4,4,1
1967.7,113.0,238.5,62.4,6,2
2926.03,156.4,387.5,83.4,4,1
2031.21,219.6,96.3,85.3,4,1
1547.21,104.9,179.4,45.6,4,1
3821.74,166.2,597.6,85.2,5,1
3020.2,144.4,454.9,69.2,5,1
2208.9,124.7,279.3,65.9,6,2
2046.55,203.0,146.5,72.1,4,1
1913.88,193.4,99.4,82.5,4,1
1653.74,146.6,143.8,54.7,4,1
2306.1,112.5,313.5,66.9,5,2
2722.09,173.6,324.1,81.3,4,1
1604.55,107.9,176.6,51.9,4,1
3580.45,136.5,602.4,69.5,4,1
2469.02,140.4,314.0,72.4,4,1
3789.94,230.6,489.3,101.1,4,1
2379.67,123.2,325.7,64.9,5,1
1991.18,87.9,294.1,51.5,6,2
1475.04,148.8,86.7,59.2,4,1
2836.18,188.2,346.9,77.3,4,1
1657.78,179.9,82.2,67.7,4,1
2514.93,205.1,236.7,83.0,4,1
3082.04,142.8,419.8,92.4,5,1
3413.17,196.4,449.8,92.0,5,1
4512.11,222.9,690.8,95.2,4,1
3346.48,156.0,547.3,59.2,5,2
1829.93,148.0,189.7,53.3,4,1
3189.82,141.6,430.9,100.0,5,2
3024.64,165.6,428.9,71.9,6,2
2280.33,200.6,184.6,82.2,4,1
2705.51,175.0,351.7,66.5,4,1
2010.8,98.1,294.0,49.2,6,1
2371.44,147.5,294.9,66.9,4,2
2517.81,222.2,210.4,87.5,4,1
2316.95,106.8,326.0,65.0,5,1
1461.94,111.3,148.5,47.0,4,1
2283.4,201.9,189.6,79.7,4,1
2429.2,163.7,218.3,100.1,5,2
2744.97,146.8,315.7,99.5,6,2
3088.38,141.4,447.2,81.6,5,2
4485.73,173.3,720.4,101.2,5,2
3374.96,156.5,524.6,72.3,5,2
2261.5,144.1,253.2,74.7,5,1
2153.43,124.8,276.9,60.8,5,1
1903.53,126.9,220.1,57.3,4,1
3581.41,218.1,452.3,100.0,5,1
3121.74,163.8,402.7,95.1,5,2
1962.63,243.4,46.2,89.4,4,1
2654.21,144.3,371.2,65.8,5,2
2496.01,207.6,238.6,79.0,4,1
3640.06,175.2,515.6,97.4,6,2
2254.99,114.3,299.2,66.8,5,2
1898.88,232.8,36.8,91.2,4,1
3328.42,180.6,437.9,95.0,4,1
2469.93,171.0,288.8,70.1,4,1
2877.6,188.2,371.1,71.1,4,1
2559.92,203.8,231.5,91.0,4,1
2715.44,111.8,434.3,59.0,6,2
2669.27,176.7,306.4,81.9,4,1
2064.23,111.6,283.6,53.7,4,2
1840.51,169.3,143.2,65.6,4,1
2804.73,174.2,364.1,72.4,5,2
2406.65,140.1,333.3,57.0,4,1
1690.42,158.0,122.2,63.3,4,1
3019.35,107.3,481.7,73.7,5,1
2634.03,122.0,415.9,53.6,4,1
2614.36,162.3,331.7,71.0,4,1
2324.71,107.3,366.8,47.6,4,1
2560.34,244.7,181.3,95.2,4,1
2666.73,111.6,393.8,71.7,5,2
3117.24,188.2,403.9,83.2,4,1
2649.33,115.6,385.8,71.5,5,1
2885.32,231.1,290.5,88.7,4,1
3725.35,170.7,599.7,71.5,6,2
1419.54,166.8,45.0,63.6,4,1
1852.53,118.1,235.5,48.7,4,1
2541.78,192.7,279.5,72.6,4,1
1892.55,202.4,62.8,92.4,4,1
2217.28,103.5,346.5,46.4,4,1
3400.68,121.4,566.9,72.0,5,2
3161.62,217.7,384.7,83.6,4,1
3224.68,171.3,429.4,91.3,5,2
2178.4,161.2,237.1,65.0,4,1
1971.55,137.1,247.1,48.3,4,1
2557.59,165.2,316.7,70.0,4,1
2348.36,154.0,295.7,61.1,4,1
2199.04,106.2,333.5,48.9,4,1
1627.17,168.3,77.7,71.4,4,1
3172.52,190.0,396.1,92.0,5,1
2563.77,124.8,397.8,52.6,4,2
2943.92,202.9,327.1,91.6,4,1
2090.1,90.5,305.6,56.2,6,1
2111.62,122.2,281.2,55.3,4,1
2432.22,121.0,312.9,77.4,6,1
3254.47,190.2,432.9,84.7,4,1
1985.42,158.8,175.3,72.1,4,1
3211.63,135.8,527.2,62.2,5,2
1352.31,138.5,62.7,60.8,4,1
1814.91,140.9,184.4,57.1,4,1
3165.19,145.3,426.2,97.7,5,1
1933.91,92.6,293.4,43.4,4,1
2098.7,231.2,101.6,85.3,4,1
1856.78,133.0,210.1,53.8,4,1
3903.01,180.1,588.4,92.1,4,1
2621.67,188.4,321.7,64.6,4,1
3288.86,195.8,391.3,104.5,4,1
3905.19,185.9,603.3,83.1,5,1
2551.29,106.1,415.6,51.6,5,2
2379.92,203.5,211.5,80.0,4,1
3286.92,183.9,420.1,96.8,5,1
2923.33,208.5,337.3,82.3,4,1
2517.65,176.9,275.1,78.9,4,1
2698.63,161.1,371.4,63.2,4,1
3070.66,194.1,390.9,81.2,4,1
3864.06,150.7,605.8,93.1,5,2
3285.68,136.9,474.7,93.3,5,2
1833.78,156.4,161.9,62.3,4,1
2863.59,122.8,446.3,65.3,6,2
1992.27,111.1,277.0,48.9,4,1
3660.74,206.9,497.0,93.9,5,1
1606.91,129.9,142.2,57.6,4,1
2055.9,223.9,75.1,95.5,4,1
2344.49,158.2,260.0,74.6,5,1
3136.54,157.5,402.7,99.5,5,2
2229.67,103.1,350.6,46.1,4,2
2361.27,242.6,154.6,85.8,4,1
2318.68,198.1,211.9,75.4,4,1
3094.37,128.0,479.5,73.8,6,2
3100.71,236.6,298.7,106.6,4,2
2306.88,158.2,287.9,58.1,4,1
3863.95,202.8,559.0,90.8,5,1
2825.03,143.1,392.2,76.0,5,2
2314.35,163.6,288.6,56.2,4,1
2184.1,188.6,202.1,69.0,4,1
1807.05,160.2,144.5,65.4,4,1
2045.18,111.5,293.2,47.4,4,2
2225.39,91.5,363.6,45.0,5,1
1959.37,114.8,277.8,43.2,4,1
2453.72,203.6,250.0,71.1,4,1
3639.1,165.4,528.5,95.9,6,1
4731.71,179.1,771.5,103.3,6,2
1780.0,121.1,205.6,52.6,4,1
2611.61,160.0,294.9,88.0,4,1
2717.33,165.1,322.4,85.2,4,1
2360.12,118.1,345.0,56.4,6,2
2711.5,109.0,426.6,63.2,5,2
2485.74,131.6,292.9,87.5,5,2
4099.56,209.9,610.0,91.1,4,1
3333.75,122.8,578.1,58.9,5,1
3987.9,155.9,673.1,74.7,5,1
2500.6,151.9,274.1,88.5,5,1
2251.03,119.0,311.9,58.6,5,2
3300.04,166.9,404.1,112.9,5,2
2540.35,171.3,296.5,74.4,4,1
2239.56,191.9,191.3,78.5,4,1
2475.32,177.2,296.9,64.3,4,1
1661.94,171.6,95.3,66.0,4,1
2361.78,146.3,286.5,70.1,4,1
4274.15,207.0,674.9,82.9,4,1
1818.15,192.6,111.8,66.7,4,1
2251.91,196.9,176.6,84.2,4,1
3031.72,110.2,517.5,57.9,5,2
1702.66,154.4,127.5,63.9,4,1
1564.21,135.1,124.3,58.5,4,1
3144.76,223.6,369.4,85.8,5,2
1506.68,158.3,84.6,59.5,4,1
3153.38,193.8,392.3,89.9,5,2
3311.75,149.8,490.5,83.4,5,2
3069.18,145.7,487.9,59.5,5,1
2908.81,118.0,465.7,63.8,5,2
3304.92,248.0,380.7,87.8,4,1
4254.85,173.1,722.0,74.9,5,2
2455.33,220.7,196.4,87.4,4,1
1715.97,102.9,226.5,44.3,4,1
4220.39,212.5,652.6,84.4,4,2
2125.2,124.2,243.9,72.6,5,1
3876.52,196.1,517.8,113.4,5,2
2352.6,156.9,294.6,60.7,4,1
3180.17,152.0,449.8,85.9,5,1
3285.4,165.1,402.9,112.6,5,2
2968.49,127.7,454.6,71.0,6,2
3228.25,189.6,352.4,117.8,6,2
1685.34,129.4,156.2,60.3,4,1
2283.19,99.1,348.9,54.6,4,1
2462.11,125.5,315.7,77.5,4,1
2175.58,123.7,315.8,46.4,4,1
1666.37,151.7,114.1,67.0,4,1
2840.86,219.4,288.8,89.8,4,1
1715.22,193.3,71.9,72.7,4,1
3313.2,118.4,576.3,59.3,6,2
2679.07,118.7,419.4,58.5,5,1
2607.13,189.6,269.9,85.5,4,1
2874.51,96.4,507.9,50.8,5,1
2908.66,176.3,375.8,77.8,4,2
3164.19,138.2,490.3,72.2,5,2
2514.88,134.3,337.5,69.8,5,1
3251.2,130.7,475.6,91.8,5,1
3789.38,160.8,558.1,101.5,5,2
2042.97,191.0,132.4,83.2,4,1
2541.75,192.0,191.8,111.8,5,1
2013.86,172.2,179.6,67.4,4,1
3073.9,155.1,413.6,88.8,4,1
3337.04,135.9,545.2,68.1,5,2
1848.37,171.0,106.1,82.2,4,1
2716.45,176.4,350.2,67.8,4,1
2097.08,189.9,162.4,76.4,4,1
2622.61,158.1,318.4,79.6,4,1
2327.75,142.8,279.2,71.1,5,1
2628.53,97.1,457.1,45.8,5,2
2982.65,176.3,346.2,99.2,4,2
2253.13,169.3,243.9,66.7,4,1
2808.21,199.2,312.1,84.8,4,1
1986.41,96.3,274.7,55.8,4,1
2021.53,206.7,82.0,96.3,4,1
2919.98,159.1,382.7,83.7,6,1
3919.99,211.3,583.7,82.2,4,1
3030.14,183.8,407.8,73.8,4,1
2897.13,131.6,415.7,78.7,6,2
1560.96,128.7,153.6,48.0,4,1
2350.58,105.0,366.8,51.5,4,2
1624.98,94.4,199.6,49.9,4,1
1959.11,150.0,210.4,57.5,4,1
3274.9,183.0,373.7,116.5,5,1
2579.64,199.1,277.6,74.7,4,1
2816.34,129.4,381.8,85.7,6,2
2323.77,155.1,248.8,78.7,4,1
1995.06,100.9,282.8,51.1,4,1
1632.03,132.8,141.7,59.3,4,1
3236.1,157.0,490.6,71.7,5,2
1941.39,98.8,275.3,49.5,4,1
3278.82,138.1,500.6,80.4,5,2
2175.09,162.2,229.5,67.6,4,1
3642.13,175.5,487.8,109.9,5,2
2502.62,116.6,375.6,59.3,4,1
2585.21,100.6,429.7,51.6,5,2
3851.39,171.7,592.7,88.2,5,2
3740.48,172.1,568.0,86.7,4,1
2319.66,123.5,326.1,58.0,5,1
3674.44,164.3,594.3,71.1,6,1
2054.61,116.7,275.6,53.9,4,1
1861.26,210.4,64.6,84.6,4,1
1594.75,120.6,159.3,52.8,4,1
3476.44,130.9,582.5,69.2,6,1
3256.86,189.1,402.9,98.8,4,1
2472.25,124.8,344.9,65.9,5,2
2533.15,98.3,414.6,53.5,5,2
2820.58,106.0,433.0,73.8,5,2
2795.68,184.0,335.4,79.8,5,2
2512.02,226.1,161.7,106.7,4,1
2292.14,219.3,156.7,87.6,4,1
2338.38,183.0,213.5,83.6,4,1
2214.56,146.6,214.4,85.6,4,1
1650.81,141.5,133.3,61.3,4,1
2299.11,154.2,235.0,82.5,5,1
2051.59,185.5,158.6,75.0,4,1
2026.81,176.5,176.1,68.5,4,1
3241.02,128.8,501.8,79.8,5,1
3105.37,114.3,525.8,60.6,5,2
3058.53,227.9,325.4,93.9,4,1
2372.3,205.5,191.3,87.2,4,1
3610.38,194.3,505.5,90.1,5,1
2048.33,218.3,89.6,90.7,4,1
1807.85,186.6,109.8,69.2,4,1
2354.66,130.0,316.5,63.2,5,2
1866.45,122.1,217.7,56.3,4,1
2942.93,147.9,419.6,74.8,4,1
2049.3,188.1,111.7,94.5,4,1
2340.94,170.2,193.8,98.3,4,1
2226.47,113.7,308.0,60.0,6,2
1921.65,179.3,139.3,71.9,4,1
3241.17,126.9,542.4,62.7,5,1
2605.05,139.6,368.6,63.6,5,2
2809.07,113.9,438.3,66.7,6,2
1747.47,149.1,151.6,60.5,4,1
1784.1,183.0,94.6,74.8,4,1
3747.78,170.4,527.9,106.1,5,1
1490.86,117.4,139.5,51.5,5,1
2471.3,111.7,393.3,50.1,5,2
3907.27,185.6,580.4,93.7,6,1
3004.11,114.0,486.3,67.0,6,2
2725.06,228.3,268.6,81.9,4,1
1938.3,111.3,253.4,53.3,6,2
2523.32,193.0,250.3,83.4,4,1
3265.87,167.9,444.4,90.7,5,2
2265.81,175.2,225.1,73.9,4,1
2450.55,201.0,219.2,85.5,4,1
2412.21,162.8,234.8,91.3,5,1
2140.87,164.0,213.4,70.1,4,1
1584.41,120.2,162.1,50.6,4,1
3279.22,207.6,419.7,85.6,6,1
2381.39,185.3,227.8,81.0,4,1
2653.99,115.5,384.5,72.6,5,2
4520.54,166.4,757.7,91.6,6,2
2730.79,183.2,311.2,83.7,4,1
2237.05,251.1,97.0,93.8,4,1
2097.62,165.7,194.6,73.0,4,1
2220.86,165.6,239.4,66.8,4,1
2969.41,168.0,419.0,69.0,4,1
2827.31,128.5,435.0,63.7,5,2
1899.4,135.4,199.2,62.3,4,1
2999.09,211.1,354.4,81.9,4,1
3348.68,130.2,550.5,69.6,5,2
3083.35,103.4,562.2,46.7,5,1
2795.98,207.2,309.0,81.2,4,1
2161.81,112.2,295.8,58.9,5,2
1805.1,208.0,82.3,71.6,4,1
1894.0,186.2,97.2,84.5,4,1
2298.31,178.7,183.8,94.2,4,1
2026.92,140.1,234.1,58.9,4,1
2929.28,146.3,388.9,87.6,6,2
2587.8,120.3,384.3,63.2,4,2
3603.3,191.7,531.3,79.0,5,1
3563.8,166.8,516.3,92.4,5,1
1211.13,133.5,56.5,50.1,4,1
2870.07,95.5,515.1,47.5,5,1
3613.78,172.3,566.9,73.0,4,1
3929.65,185.6,540.8,113.8,5,2
2304.46,214.2,146.7,95.7,4,1
1432.11,144.0,87.7,56.2,4,1
3116.52,184.5,313.5,124.9,6,2
3446.18,193.8,468.8,88.5,6,1
1921.06,115.4,253.8,49.4,4,1
2426.6,152.5,292.3,71.9,5,2
2323.83,104.9,369.4,47.4,5,1
2382.48,140.3,322.9,58.9,4,1
2797.52,139.7,398.5,71.6,4,1
2086.75,152.4,243.1,56.1,4,1
3860.29,207.6,494.0,117.1,6,2
1774.41,140.6,186.0,52.0,4,1
2842.08,134.9,350.5,100.1,5,2
2799.24,207.2,288.9,90.5,5,1
2725.67,99.9,465.7,51.5,5,2
4544.66,191.2,714.8,102.3,5,2
2467.45,214.6,233.9,74.8,4,1
2763.81,112.0,457.7,53.9,5,1
1725.6,193.0,59.8,79.4,4,1
2615.78,216.0,245.1,85.7,4,1
2286.46,161.7,273.0,60.9,4,1
1445.0,106.7,151.9,45.6,4,1
3912.32,194.7,581.9,89.5,5,1
2722.55,165.9,291.6,99.2,5,2
3409.04,131.7,585.3,60.1,5,1
1540.35,108.0,165.4,49.7,4,1
2973.23,136.2,417.2,84.4,5,2
2238.61,199.7,144.0,96.0,4,1
3198.65,210.1,368.8,98.1,5,2
1949.58,192.0,126.6,75.0,4,1
2127.68,142.2,260.0,57.7,4,1
2671.53,209.4,258.6,88.8,4,1
2195.12,248.4,86.9,94.9,4,1
2962.84,175.7,344.9,97.8,5,1
2597.55,108.5,428.0,50.2,5,2
1749.87,183.7,94.2,70.9,4,1
3711.97,167.4,535.4,100.1,5,2
3480.93,221.6,460.7,83.6,4,1
3490.27,157.4,523.9,85.0,5,2
2601.71,131.3,338.6,80.2,4,1
2310.45,219.7,160.7,87.6,4,1
3002.67,167.3,401.8,80.7,5,1
3986.75,182.5,622.8,85.1,5,2
2169.4,163.3,205.0,77.4,5,1
1807.37,157.4,126.6,74.6,4,1
2213.09,236.7,99.5,96.5,4,1
2563.74,149.7,347.1,64.1,5,1
3272.27,172.1,438.3,92.3,4,1
1873.19,115.4,223.8,57.4,4,1
1773.15,135.3,185.4,54.5,4,1
3508.71,228.8,418.0,102.4,4,1
1914.28,212.9,82.5,81.4,4,1
1739.65,189.6,90.4,68.9,4,1
2862.4,122.8,441.2,67.4,6,1
2204.36,132.5,254.8,72.8,5,1
2136.29,165.8,186.9,80.6,4,1
3462.45,185.5,454.2,100.4,5,1
1613.61,130.2,158.9,50.8,4,1
2690.94,167.0,325.7,80.0,6,2
2891.68,229.1,268.3,100.3,4,1
2904.87,134.0,472.0,53.4,4,1
1816.55,121.2,227.6,46.8,4,2
4114.3,198.2,623.6,91.9,6,2
3115.71,154.1,408.0,96.4,5,1
2393.7,166.7,264.6,74.3,4,1
1492.24,133.5,99.7,62.2,4,1
3495.52,135.9,610.7,56.6,5,2
2950.4,116.5,493.1,56.9,5,2
1470.91,128.1,122.2,52.2,4,1
2000.06,99.9,253.3,65.2,5,2
2108.33,137.5,253.4,60.5,4,1
2747.35,158.9,373.6,68.6,5,1
1374.09,160.7,52.2,58.0,4,1
4090.73,168.8,651.2,90.1,5,1
1696.01,151.9,112.8,70.8,4,1
1459.43,133.0,114.6,52.1,4,1
4348.97,165.7,677.5,108.5,5,2
2010.0,175.6,174.9,67.5,4,1
2480.06,113.1,354.8,67.6,5,2
2148.4,103.1,324.8,48.6,5,1
1964.63,106.4,282.8,45.3,4,1
2128.17,138.4,250.2,63.7,4,1
1887.3,155.7,162.7,68.2,4,1
2479.77,221.8,200.2,88.0,4,1
1932.61,101.1,251.4,58.1,6,1
1952.03,101.9,261.1,55.6,6,2
2609.86,155.4,328.1,75.1,4,1
2100.15,105.6,311.7,47.9,4,1
3679.21,210.6,518.0,85.0,4,1
2945.06,204.6,356.8,77.7,4,1
2735.5,165.4,333.4,82.2,4,1
1535.77,136.7,131.6,51.4,4,1
1309.38,117.5,90.0,53.3,4,1
3126.69,125.4,476.6,79.8,5,1
2100.0,104.0,301.4,53.1,5,2
2850.03,97.4,488.6,56.2,6,2
1851.13,88.0,267.1,47.9,5,2
2103.0,192.5,126.9,91.7,4,1
4321.79,182.8,679.4,97.0,5,2
3348.45,124.4,542.4,75.7,6,2
1505.61,101.0,159.1,51.7,4,1
2939.68,86.1,517.0,58.6,5,2
2748.07,123.6,406.0,70.0,4,1
2972.03,165.7,328.4,110.6,5,2
2843.72,249.0,261.2,89.2,4,1
2588.0,103.5,440.9,45.6,4,1
2158.75,176.6,188.5,77.6,5,1
2138.41,155.3,181.3,88.0,5,1
2863.53,167.5,394.7,68.3,5,1
1985.2,200.9,102.9,85.6,4,1
3539.15,236.8,454.8,85.8,4,1
1702.97,138.6,171.9,51.2,4,1
3676.82,137.2,620.2,71.9,6,2
3022.28,187.7,383.2,82.1,5,2
3449.47,184.6,470.8,92.0,4,1
2423.74,159.0,286.9,71.1,4,1
3789.05,186.6,552.5,92.5,5,1
1671.73,127.6,170.7,53.2,4,1
2013.07,169.3,174.7,70.8,4,1
3216.2,107.8,586.2,48.9,5,2
2430.6,174.5,209.0,99.6,4,1
2172.18,108.5,294.5,62.2,6,2
2435.47,148.8,313.4,65.2,4,1
2455.15,181.0,270.0,72.4,4,1
2539.02,148.6,347.6,61.6,4,1
3175.99,166.8,436.2,84.9,4,1
1944.66,104.5,282.8,43.9,4,1
2672.94,110.8,444.0,50.4,4,1
1943.4,122.9,193.0,75.5,4,1
1716.97,90.8,239.3,44.1,4,1
3174.66,114.2,531.8,65.6,5,2
3855.7,149.3,600.4,95.2,5,2
3161.57,187.8,429.8,76.8,4,1
2026.0,106.4,284.4,51.4,4,1
4057.81,209.4,611.5,86.0,5,1
4487.42,167.7,762.3,85.3,5,2
3676.73,185.8,514.7,97.2,4,1
3196.86,146.2,422.4,102.5,6,2
1243.99,136.8,54.7,53.1,4,1
2668.7,101.6,440.0,55.8,6,2
3042.63,204.4,377.3,79.5,4,1
1832.25,177.0,106.3,77.7,4,1
2199.12,103.7,306.7,61.9,5,2
2424.61,127.5,332.9,64.8,4,1
2107.7,90.4,334.9,45.2,5,2
2751.47,216.8,247.6,99.3,5,2
2309.88,142.8,309.2,55.8,4,1
2113.62,166.4,207.3,68.8,5,1
3523.15,151.1,575.4,68.6,5,1
4005.94,219.2,582.8,88.6,4,1
2956.74,161.3,385.3,85.6,5,1
2337.09,212.6,186.3,82.4,4,1
4086.47,162.8,686.2,76.7,6,2
2484.62,116.4,368.2,60.7,4,1
1945.8,122.7,221.0,63.4,5,1
2539.96,150.6,294.0,84.6,5,1
2482.5,142.1,289.9,83.8,5,2
2259.41,117.4,340.5,47.5,4,1
3021.61,161.9,404.0,84.2,5,1
1690.96,135.8,165.7,53.9,5,1
2276.51,148.6,262.4,70.2,4,1
3283.88,138.3,505.5,78.7,6,2
2467.49,169.9,297.8,66.3,4,1
1864.91,208.8,53.2,90.8,4,1
2546.95,95.1,442.0,44.3,4,1
2592.02,190.8,284.8,76.6,4,1
2907.88,159.3,340.8,100.9,5,1
2319.09,155.9,269.6,68.6,4,1
3121.99,155.4,427.7,87.7,5,1
3315.51,175.8,455.6,87.8,4,1
2679.6,111.5,429.1,57.5,5,1
2194.41,101.9,342.1,46.5,4,1
3215.26,125.7,518.2,71.0,5,1
2502.4,123.3,334.0,74.8,5,1
4649.85,179.4,757.0,100.5,5,1
1851.58,132.8,211.9,52.6,4,1
1712.3,164.8,103.1,71.2,4,1
1893.26,216.1,50.0,92.1,4,1
1794.82,122.6,214.4,49.6,4,1
1545.6,122.8,141.8,54.2,4,1
1754.7,138.8,135.5,73.1,5,1
1929.3,146.5,183.2,67.9,4,1
3321.09,150.4,444.5,104.6,6,1
2904.09,213.0,312.5,89.1,4,1
2041.65,111.0,249.5,66.6,6,1
3249.48,127.4,525.2,71.0,5,2
3982.62,119.6,692.9,81.4,6,2
3352.54,176.2,450.0,94.2,4,1
2074.25,193.6,114.6,93.5,4,1
1778.35,120.0,209.7,51.1,4,1
2671.59,119.6,418.5,57.7,4,2
2960.52,238.3,287.2,95.4,4,1
3063.83,120.5,473.9,76.3,6,2
2973.76,129.8,471.0,63.4,5,1
2516.87,113.5,404.1,49.6,4,1
2236.1,122.6,313.1,54.8,4,1
2759.02,193.4,296.7,88.7,4,1
1715.35,129.1,167.5,58.7,5,1
2309.99,146.9,256.5,77.4,5,2
2513.32,148.4,360.8,52.9,4,1
2877.43,172.6,366.5,80.1,6,1
2343.58,151.9,282.6,67.3,4,2
3062.23,256.8,284.6,99.6,4,1
3527.51,162.1,530.1,84.3,4,1
2610.35,93.5,461.9,43.2,5,2
2982.62,250.1,298.9,87.4,4,1
3175.09,117.0,515.1,71.9,5,2
1513.92,186.3,40.3,67.5,4,1
3695.88,169.3,479.3,122.4,5,2
3127.32,131.8,524.7,55.7,5,2
2344.16,119.0,292.9,77.4,5,2
2160.93,209.8,146.9,81.6,4,1
2525.97,137.9,358.5,60.0,5,1
4524.18,181.7,754.9,86.4,5,1
3357.03,134.1,549.8,69.1,5,2
2778.56,184.6,336.5,77.1,4,1
2226.71,126.2,304.0,56.2,4,1
2112.74,95.3,320.9,49.8,5,2
2541.33,163.7,256.6,95.5,5,1
3243.13,139.4,515.0,69.5,5,2
2260.51,144.4,233.6,83.2,4,1
3031.59,156.9,381.0,97.8,6,2
2917.84,191.1,340.9,87.8,5,2
1402.78,157.3,43.0,66.8,4,1
2286.48,228.5,148.8,86.4,4,1
2337.67,127.0,306.6,67.1,5,1
1243.76,142.0,45.0,55.1,4,1
2074.95,192.3,124.2,89.9,4,1
3515.85,147.3,571.9,71.0,5,1
2681.43,224.1,236.1,93.4,4,1
2947.92,121.2,415.4,89.0,5,2
2773.36,159.5,371.2,72.3,4,1
2253.18,118.7,302.9,63.0,6,2
1463.76,121.5,134.4,48.9,4,1
3833.06,162.9,538.1,114.3,6,2
3327.84,116.1,589.7,56.1,6,1
3042.16,177.8,366.0,96.3,4,1
1778.78,169.6,134.4,62.5,4,1
2803.57,106.0,438.8,69.4,5,1
3259.36,114.7,526.7,77.1,5,2
2020.27,105.6,254.3,64.5,5,2
3886.78,158.6,624.5,83.8,5,2
2051.02,113.2,287.1,50.0,4,1
1819.71,102.0,237.6,51.2,5,1
3704.76,211.7,532.9,80.7,4,1
1972.22,126.6,229.1,61.1,5,1
3409.43,211.0,420.5,98.1,4,1
2964.5,101.6,521.9,52.3,6,1
2444.14,227.6,158.7,99.9,4,1
2263.03,103.0,352.7,49.0,5,1
2261.5,88.5,381.0,42.6,5,2
3336.47,183.0,378.3,121.3,6,2
3494.82,236.1,412.2,100.2,4,1
1992.95,184.2,148.8,73.5,4,1
3113.19,195.7,375.9,91.9,5,1
3066.54,232.0,311.5,99.2,4,1
1910.95,149.0,197.4,58.4,4,1
2948.38,152.1,401.9,81.3,5,1
2986.54,182.9,355.5,92.5,6,2
2958.0,92.1,523.5,55.1,5,2
2563.92,113.2,414.4,50.4,5,1
2606.61,227.8,223.5,89.1,4,1
3463.96,147.0,546.0,76.9,5,2
2523.53,94.8,415.7,53.5,6,1
2064.91,235.1,58.4,99.0,4,1
1756.17,188.8,81.1,75.2,4,1
3210.92,173.5,390.7,106.0,5,2
3318.32,192.9,457.1,79.8,5,1
2581.36,158.2,340.5,65.2,4,1
3544.2,149.9,567.5,75.0,5,2
2806.93,172.1,344.5,82.3,4,1
2360.99,86.4,395.3,48.2,4,1
1332.45,129.5,98.9,46.5,4,1
2318.26,125.8,324.7,57.4,4,1
3577.74,206.3,424.3,117.3,5,1
2408.9,148.5,309.1,64.3,4,1
1817.64,130.0,186.6,61.2,5,1
3453.7,182.7,416.3,117.5,5,2
2935.13,206.1,333.6,86.3,4,1
1741.8,153.9,156.2,55.7,4,1
2834.55,133.5,452.4,54.6,5,1
1880.32,89.2,289.6,40.5,5,1
3059.75,241.4,314.5,92.9,4,1
2539.63,195.3,233.8,91.5,4,1
3193.9,162.6,439.9,87.1,4,1
1327.37,143.5,68.7,53.2,4,1
1597.8,104.9,182.9,49.6,5,1
2824.14,140.1,441.6,55.3,5,1
1954.8,118.4,261.6,48.3,4,1
3816.77,184.0,527.8,107.7,6,2
1929.71,108.6,270.7,45.8,4,1
2448.02,133.2,327.7,67.2,6,2
3449.44,228.1,414.4,97.7,4,1
3855.29,172.9,599.8,84.9,4,1
2277.63,112.4,332.9,55.2,6,2
3538.03,173.7,488.6,98.7,5,1
4602.19,152.5,764.4,103.9,6,1
4070.84,161.1,667.5,84.0,4,1
1712.68,132.7,173.9,54.0,4,1
3002.3,174.0,366.5,93.4,4,1
3062.87,169.9,449.5,65.0,4,1
2445.28,100.8,387.8,54.6,5,1
2308.39,196.5,196.1,82.0,4,1
3280.36,242.7,385.5,85.3,4,1
1431.91,104.6,150.9,45.5,4,1
3233.46,184.2,430.0,86.3,4,1
2559.65,121.5,412.6,47.0,4,1
1872.9,99.9,218.6,66.5,5,1
2787.71,171.2,335.4,84.6,6,2
1592.16,177.3,34.4,82.8,4,1
3072.47,140.1,454.0,77.3,5,2
1483.39,127.3,130.8,50.1,4,1
2183.85,150.3,218.5,78.7,5,1
3806.62,179.8,570.8,89.4,4,1
2880.92,180.5,338.0,89.7,5,1
2485.69,96.5,392.1,59.0,4,1
2649.39,160.4,300.8,89.4,5,2
3126.31,134.9,481.4,73.4,6,2
2047.03,145.6,191.4,77.7,4,1
1719.29,177.8,102.4,66.5,4,1
1742.1,187.5,80.2,74.6,4,1
2097.3,209.7,103.2,94.0,5,1
2468.76,98.2,411.7,47.7,5,1
2868.21,184.8,334.5,87.9,4,1
1799.87,91.5,218.7,62.1,5,1
2437.79,185.7,247.9,78.1,4,1
3657.35,215.9,503.9,86.4,4,1
3369.8,142.5,540.3,71.0,5,1
1456.28,150.6,72.9,62.4,4,1
2354.0,132.7,316.8,61.8,4,1
3959.71,158.6,627.6,90.5,5,2
2861.86,180.1,373.1,72.1,4,1
2164.59,104.6,299.1,61.1,6,2
2352.14,137.0,310.2,62.6,6,2
2337.28,209.7,188.7,82.7,4,1
1661.83,133.0,157.5,55.6,4,1
1870.22,231.2,50.4,82.7,4,1
3614.46,197.1,487.2,97.5,5,2
3041.33,224.7,312.6,99.1,4,1
3225.32,156.0,493.9,69.5,4,1
2231.48,230.1,124.2,90.5,4,1
2544.17,123.1,360.6,67.7,4,1
2849.89,185.6,348.0,79.5,4,1
1487.62,157.5,75.4,61.8,4,1
2683.4,126.6,376.8,74.4,6,2
1397.05,132.0,84.8,58.9,4,1
1357.11,125.1,95.8,52.6,4,1
2842.73,103.3,497.0,49.1,6,2
2434.06,199.6,204.9,90.7,4,1
2332.54,101.6,368.5,50.2,5,1
2665.08,105.2,453.9,47.6,5,2
1959.88,185.9,104.9,88.5,4,1
2835.84,110.8,433.9,73.0,6,2
1724.51,140.8,141.7,66.1,4,1
2184.2,134.5,279.7,58.6,4,1
3083.21,192.8,385.8,85.4,4,1
1656.31,184.9,56.0,76.9,4,1
2496.22,133.4,324.2,74.0,4,1
3117.5,157.4,424.1,87.9,5,2
2097.96,200.1,117.4,92.0,4,1
1722.49,156.9,104.9,75.0,4,1
3566.23,232.2,462.3,87.6,4,2
2647.29,138.5,377.8,64.7,4,1
1704.72,124.7,183.9,52.3,4,1
2326.86,165.7,237.7,79.3,4,1
2863.35,85.0,506.3,55.4,6,2
3372.32,160.8,449.3,103.6,6,2
1399.11,122.6,121.9,46.8,4,1
1320.21,130.4,94.2,46.9,4,1
1831.95,136.7,200.6,53.6,4,1
1496.11,107.3,149.1,52.3,4,1
2390.48,144.4,285.8,74.4,4,1
2546.47,233.6,203.1,88.9,4,1
2133.52,191.3,187.5,68.7,4,1
2466.76,187.4,231.3,88.0,4,1
3475.23,174.8,496.6,87.7,5,1
2674.94,230.3,201.8,105.2,4,1
1834.15,97.5,233.9,56.5,5,2
2662.58,161.1,340.3,73.0,5,1
3281.84,187.7,409.3,99.3,4,1
2746.3,131.1,387.1,74.8,5,2
2550.18,169.3,233.2,104.5,5,2
2667.01,146.1,298.7,98.6,6,2
3350.95,201.3,426.7,93.2,5,2
3455.36,142.1,544.7,78.7,5,2
2357.36,200.5,212.7,78.3,4,1
3267.78,115.3,566.2,60.2,6,2
2228.85,206.3,177.8,77.0,4,1
2463.52,106.5,376.1,59.2,5,2
2371.25,143.4,306.6,63.4,4,1
3046.66,140.9,452.0,75.0,4,1
2059.26,233.1,81.8,88.9,4,1
2491.28,197.6,241.5,81.7,4,1
2207.41,164.5,202.1,82.4,5,1
2601.37,175.9,315.7,70.6,4,1
2651.68,113.1,382.9,74.2,6,2
2880.82,160.5,380.2,79.8,5,1
4425.62,163.7,747.2,86.9,5,2
1774.72,160.4,133.6,66.5,4,1
1954.4,110.1,251.4,56.5,4,1
1948.34,100.0,283.5,46.1,4,1
3261.35,183.5,447.2,82.0,4,1
1791.69,187.2,112.9,65.7,4,1
3110.76,155.4,462.2,71.1,4,1
1913.27,148.3,178.6,67.3,4,1
2785.08,152.9,375.3,74.7,5,1
3925.0,227.0,555.0,88.5,5,1
2138.0,193.2,171.8,75.3,4,1
2452.81,97.4,398.6,52.1,5,2
2662.5,113.0,404.8,65.7,6,1
3857.8,140.6,676.3,65.6,5,1
1974.44,120.2,281.8,40.7,4,1
2666.96,192.0,309.1,73.6,4,1
4022.3,191.7,609.5,90.8,5,2
2474.1,200.2,209.6,92.8,4,1
1623.47,103.9,199.6,45.5,4,1
3004.12,190.7,380.4,80.0,4,1
3687.89,253.6,463.2,91.2,4,1
3050.01,122.1,510.7,57.6,5,1
1947.22,182.0,144.2,71.4,4,1
2247.1,117.6,269.5,77.6,6,1
2789.28,211.9,284.3,89.4,5,1
2013.83,160.2,203.3,62.2,4,1
2344.14,177.2,193.0,95.9,4,1
2973.8,121.0,461.1,71.7,5,1
1944.67,204.1,77.6,90.9,4,1
2719.4,84.1,483.7,49.8,5,2
2339.98,179.5,216.7,83.9,4,1
2514.25,120.5,370.8,61.0,5,1
2824.66,242.1,272.3,85.2,4,1
1798.82,124.1,208.5,52.0,5,2
2225.54,119.3,318.6,52.7,4,2
1597.01,110.2,184.9,46.3,4,1
2617.78,201.7,250.6,89.9,4,1
3193.21,118.5,509.4,75.8,5,2
3525.93,164.6,528.7,83.6,6,1
2180.48,111.0,339.8,41.9,5,1
2297.93,100.3,367.6,47.4,5,2
2339.35,204.0,197.8,81.3,4,1
3456.92,123.6,592.0,66.1,5,2
1820.82,112.0,240.0,45.9,4,1
2962.1,222.3,275.9,107.7,4,1
2745.89,111.7,437.6,61.0,5,2
2454.77,106.1,383.1,55.4,6,1
2850.56,141.9,426.9,63.9,4,1
2024.83,185.3,158.8,72.0,4,1
3053.32,181.2,395.5,83.0,4,1
4719.34,177.9,764.2,105.7,5,2
2433.89,101.4,395.1,49.8,5,2
2195.52,108.2,268.1,76.7,5,2
2106.93,115.3,273.6,61.2,4,1
4170.01,229.0,583.0,102.4,4,1
2725.72,235.5,252.5,86.0,4,1
2185.8,141.4,266.1,61.8,5,1
2412.83,116.4,318.1,75.0,5,2
2575.33,118.3,389.1,60.6,5,1
2919.78,190.7,362.4,78.6,4,1
3199.8,194.0,423.4,81.1,4,1
1631.67,120.9,188.5,43.8,4,1
3092.25,163.9,448.3,71.5,4,2
1476.73,132.4,124.5,49.9,4,1
3267.1,159.2,463.9,86.1,6,1
2824.11,146.8,394.2,73.4,5,2
2685.5,157.1,350.7,72.7,4,1
3106.6,163.1,418.8,86.5,4,1
3274.65,188.7,415.2,95.5,4,1
2351.39,166.4,213.3,92.5,4,1
2516.95,107.4,387.9,59.5,5,2
2034.76,204.9,108.9,86.6,4,1
2590.96,137.2,293.3,96.6,5,2
2458.41,214.4,180.9,97.5,4,1
3065.88,129.4,505.4,58.5,4,1
1860.94,227.9,33.7,90.5,4,1
4160.41,182.8,633.3,99.6,5,1
2040.81,115.4,254.9,62.2,4,2
2228.47,188.3,196.6,76.5,4,1
3552.13,135.7,595.8,69.6,5,1
1621.65,109.2,186.2,48.9,4,1
2849.49,214.7,286.8,93.7,4,1
1414.33,124.0,121.3,48.1,4,1
2878.59,110.2,450.0,70.8,5,2
3178.48,190.5,394.6,93.1,5,2
1836.0,89.9,266.8,45.4,5,1
1853.26,113.0,231.9,52.6,4,1
3211.67,136.7,451.6,95.4,6,2
1849.55,128.2,227.9,47.2,4,1
2903.61,149.4,403.7,76.8,5,2
4411.19,177.7,668.6,114.0,5,2
3790.93,141.2,617.3,84.1,5,2
2954.08,170.6,343.3,99.8,6,2
3049.92,171.3,366.7,99.7,5,2
2966.52,229.9,316.0,87.0,4,1
1800.18,105.5,233.5,49.4,4,1
3529.23,218.6,441.3,98.9,5,2
2296.7,147.9,303.4,54.6,4,1
2491.65,181.9,241.4,88.7,4,1
2022.56,89.1,312.3,46.3,5,2
1975.44,235.4,43.1,95.7,4,1
3265.02,128.8,530.2,69.9,5,2
1316.4,126.0,81.8,53.9,4,1
3313.51,241.2,361.6,100.3,4,1
4283.53,191.5,646.5,103.5,5,2
2848.01,120.7,465.2,56.0,4,1
2201.53,220.9,130.0,88.7,4,1
1414.01,86.9,166.9,44.3,5,1
1558.4,98.5,174.5,51.8,4,1
2751.57,204.4,293.9,84.3,4,1
2370.66,100.6,376.7,51.3,4,1
3993.55,176.0,653.9,74.9,4,1
3500.45,186.0,451.1,105.8,6,2
3107.58,123.0,505.0,66.2,6,2
3546.98,183.5,438.5,117.7,6,2
2623.73,147.7,322.8,82.4,4,1
1915.26,191.7,130.6,69.6,4,1
2511.19,181.7,276.4,75.4,4,1
1933.87,225.8,67.7,84.4,4,1
2609.32,95.5,432.5,55.3,5,2
2386.35,203.0,210.6,81.4,4,1
2689.19,185.5,287.4,88.7,5,1
2352.86,113.0,340.0,60.1,4,1
2704.44,162.4,345.0,75.0,5,1
1839.48,178.2,113.0,75.0,4,1
2093.26,215.8,117.6,84.4,4,1
2341.41,90.7,379.3,51.3,5,2
3541.15,165.7,507.0,94.5,5,2
1945.48,98.3,287.3,44.8,5,1
2988.55,112.4,480.0,68.8,5,2
1646.41,181.3,63.3,74.2,4,1
2691.87,136.4,372.2,73.0,5,1
2658.22,123.7,387.3,68.2,5,2
2009.39,142.3,231.7,57.0,4,1
2413.95,153.2,274.5,78.1,5,1
3660.67,168.2,584.7,72.1,4,1
2804.67,118.5,438.5,64.1,4,1
3100.94,112.4,529.6,59.2,5,2
2829.74,141.6,353.0,94.6,5,2
2402.75,196.5,229.2,77.8,4,2
2341.18,147.8,280.7,69.7,4,1
3431.45,107.8,587.6,72.2,5,2
2117.92,105.6,311.0,50.2,5,2
2043.97,189.4,127.2,86.4,4,1
2720.1,222.2,223.8,104.0,4,1
2045.54,198.2,138.4,77.7,4,1
2531.03,204.6,222.2,91.6,4,1
3102.89,205.1,362.7,92.4,4,1
2405.15,177.3,249.6,77.5,4,1
3779.82,123.2,639.1,81.2,6,2
1802.26,154.5,144.3,67.5,4,1
1922.92,132.6,220.7,56.6,5,1
2672.54,240.9,185.5,107.5,4,1
1907.34,223.4,64.7,83.9,4,1
4172.64,198.8,624.3,97.8,6,2
1863.92,172.4,101.7,85.3,4,1
2602.45,208.6,245.6,87.3,4,1
1950.39,99.5,270.4,52.3,4,1
2254.63,146.8,253.3,72.7,4,1
2652.72,88.1,474.6,44.7,5,1
2284.7,143.1,257.3,75.9,4,1
3146.4,149.4,451.7,82.5,6,2
2157.17,122.1,259.0,70.3,5,2
2364.45,115.3,345.0,58.1,5,2
2571.5,238.5,205.9,88.2,4,1
2540.28,112.1,406.3,51.8,6,2
2698.76,115.6,420.3,61.7,5,2
3012.82,235.6,320.2,87.7,4,1
1959.36,100.0,250.4,62.0,5,2
3008.9,177.3,356.6,97.1,6,2
2307.11,198.6,186.7,85.1,4,1
1811.41,143.2,190.6,52.9,4,1
4281.01,157.4,721.5,85.0,6,2
2568.95,202.9,272.9,74.0,4,1
3863.28,123.8,699.9,63.2,5,2
3375.58,121.7,553.3,75.1,6,2
2392.07,202.4,224.1,76.3,4,1
2868.94,86.1,499.9,58.3,5,2
1977.67,197.7,108.0,83.9,4,1
2105.6,159.1,203.9,72.6,4,1
1446.66,114.3,153.1,41.9,4,1
1923.72,202.0,77.6,89.5,4,1
3542.41,165.9,554.2,73.5,4,1
3097.6,132.4,512.6,57.5,6,2
3139.68,234.8,320.9,101.9,4,1
2257.41,112.8,341.5,48.9,5,1
2781.46,164.6,345.6,82.3,6,2
2608.49,180.7,300.3,76.0,4,1
2571.74,90.1,441.5,49.5,6,2
3240.53,193.1,391.7,100.2,6,2
2784.74,202.4,324.2,75.4,4,1
2182.45,97.1,352.2,42.8,4,1
3624.59,143.2,568.0,86.6,5,2
2519.96,105.5,388.1,60.6,6,2
4363.95,176.9,681.4,103.4,5,2
2304.91,187.2,236.1,68.0,4,1
1828.73,93.9,228.0,60.2,6,2
3605.35,170.0,551.0,80.2,5,1
2376.0,123.3,340.9,57.7,5,2
3764.88,203.2,490.9,109.8,5,2
1636.96,121.9,165.7,54.1,4,1
1776.74,94.4,241.7,48.0,4,1
2095.67,119.1,270.5,59.7,5,1
3028.14,160.6,419.3,78.7,5,2
1913.05,148.5,179.8,66.6,4,1
4211.53,171.5,674.0,92.2,5,2
2266.77,147.6,284.6,59.8,4,1
1990.28,102.0,286.6,48.4,5,1
2003.62,100.0,297.4,46.0,4,1
2611.87,180.1,303.7,75.2,5,1
1664.91,108.7,182.8,55.4,4,1
3023.39,163.7,424.7,74.4,4,1
3609.14,159.1,588.6,68.7,4,1
3714.27,152.7,545.6,102.3,6,2
1392.92,154.0,44.4,66.6,4,1
2005.03,190.1,143.5,74.5,4,1
1957.67,191.8,141.6,69.4,4,1
3553.66,178.5,466.5,108.2,5,2
3279.47,160.8,448.8,93.5,6,2
1533.17,187.1,32.7,72.7,4,1
3556.81,206.3,444.9,105.8,4,1
2126.75,100.8,307.8,54.7,5,1
2320.94,134.2,265.3,80.3,6,2
2646.58,131.9,374.3,69.1,4,1
2577.13,143.2,343.5,70.0,4,1
2854.69,146.2,397.3,75.6,5,1
2631.51,92.5,426.1,61.9,5,2
3097.2,172.8,398.7,90.1,5,1
1936.44,102.8,248.2,59.1,6,2
2731.57,149.1,390.4,63.7,4,1
1966.44,116.5,254.8,53.5,5,1
2673.22,112.6,420.4,60.1,5,1
1678.88,172.4,83.4,72.9,4,1
2437.16,133.5,284.4,85.1,5,2
1369.97,138.3,79.1,55.6,4,1
2772.87,100.6,433.1,70.9,6,1
3388.78,185.8,374.8,127.4,5,2
1205.83,105.9,81.3,50.8,4,1
2639.91,187.4,303.1,75.4,4,1
4656.85,186.0,745.2,103.5,5,1
2980.41,190.8,364.7,84.2,4,1
2396.66,119.8,332.9,65.1,6,2
3442.37,140.4,543.8,78.4,6,2
2048.28,111.0,301.3,44.3,4,1
3000.1,112.9,498.9,61.4,5,1
2150.16,127.5,250.6,70.9,4,1
4792.77,178.5,750.2,119.8,5,2
3616.13,171.0,512.1,98.2,5,2
2499.53,119.0,370.5,60.2,4,1
2237.56,153.9,258.0,65.6,4,1
2753.12,97.0,478.2,50.2,6,2
2759.42,166.5,348.3,77.8,4,1
4254.42,189.4,655.9,97.0,5,2
2230.33,120.8,292.1,64.3,5,1
2114.26,89.7,338.6,44.6,6,2
3457.53,168.4,519.3,78.6,5,1
2571.64,225.3,202.7,95.5,4,1
3373.33,163.5,508.4,76.2,4,1
2372.57,142.6,335.0,51.4,4,1
3011.85,139.6,433.8,79.8,5,2
1504.42,130.9,143.0,45.4,4,1
3040.11,102.8,490.9,73.9,5,2
2825.35,173.6,295.2,105.6,6,2
2330.89,209.8,174.1,88.3,4,1
2489.88,96.4,416.9,48.5,5,2
1949.95,137.6,223.5,56.2,4,1
2216.48,129.9,246.2,79.2,5,2
2611.05,190.7,238.3,99.4,4,1
2521.34,244.2,193.3,85.7,4,1
3434.05,176.5,492.3,84.3,5,2
2260.38,147.2,246.3,76.2,5,1
2443.79,162.8,264.6,81.6,5,2
2471.77,96.7,414.1,47.6,5,2
2643.27,233.6,194.8,103.3,4,1
1691.92,136.2,172.7,50.7,4,1
2453.51,127.9,311.6,77.3,6,2
2736.23,141.6,410.4,58.7,4,1
2285.94,178.2,203.8,84.2,5,1
3258.01,129.4,519.6,73.5,6,2
1438.73,144.4,93.5,54.1,4,1
3186.8,140.6,440.6,95.8,5,2
3160.05,198.7,325.1,118.3,5,1
3092.72,117.5,508.7,65.3,5,2
2238.01,83.2,354.6,54.1,5,2
1732.08,199.5,53.3,80.1,4,1
1966.64,112.0,241.9,61.3,5,2
1782.6,126.8,180.9,61.3,4,1
1781.45,199.5,70.3,78.0,4,1
1690.15,169.6,72.5,80.2,4,1
1362.0,146.6,71.9,54.2,4,1
3271.47,165.3,498.3,68.6,5,2
2562.0,92.5,437.1,49.3,5,1
2824.41,112.5,472.1,54.0,5,2
2750.39,141.4,362.4,81.7,5,2
4315.73,177.4,702.7,88.4,5,2
3472.38,175.6,410.8,125.2,5,2
2617.38,129.1,370.9,68.6,5,2
2391.86,124.2,353.5,53.4,5,1
3336.15,248.2,396.3,84.2,4,1
3583.98,226.3,452.3,96.6,4,1
1669.76,145.5,133.4,61.6,4,1
2751.12,121.4,406.6,71.0,5,1
2070.18,249.1,36.0,103.3,4,1
1830.48,163.6,146.8,65.4,4,1
2509.44,103.5,387.6,60.6,5,2
3925.99,186.5,597.4,87.8,4,1
2654.99,102.2,417.3,64.1,5,2
3001.7,102.8,529.4,52.6,6,2
2166.31,128.6,290.4,54.5,4,1
3847.42,144.8,650.8,73.9,6,1
1754.87,116.6,210.1,49.8,4,1
4212.38,166.3,694.4,85.5,5,2
2459.73,224.3,197.1,86.0,4,1
2675.2,134.9,384.0,66.6,4,1
3701.57,119.4,668.5,61.1,6,2
1909.2,212.6,50.6,95.1,4,1
3930.54,166.6,626.1,84.4,5,2
2535.82,226.6,191.9,95.7,4,1
2090.88,101.0,304.4,52.2,4,1
2304.54,182.2,210.5,81.5,5,1
2386.97,100.9,365.0,58.2,5,2
1810.29,142.1,195.8,51.0,4,1
1563.76,135.1,141.6,50.7,4,1
3405.85,196.9,418.1,105.1,4,2
3258.71,123.4,565.0,56.1,5,2
2840.46,207.2,302.8,89.0,5,1
1854.31,127.0,194.0,63.4,4,1
3133.95,131.3,460.7,85.1,6,2
3432.69,144.2,509.8,90.7,5,1
2656.71,136.4,390.2,61.1,4,1
2660.27,158.2,291.9,95.5,5,2
2918.04,97.9,502.7,57.3,5,2
1751.22,116.0,216.8,46.7,4,1
2146.75,115.9,284.2,60.7,4,1
2232.0,166.1,169.2,99.0,4,1
2665.04,129.6,393.0,63.9,4,1
1730.41,126.0,190.8,51.5,4,1
2855.5,133.1,416.6,73.0,4,1
2674.82,235.5,233.8,88.6,4,1
1987.01,126.3,239.8,58.1,4,1
3670.2,217.5,475.7,99.7,5,1
1661.33,111.9,191.7,49.6,4,1
1929.09,95.5,260.2,56.3,5,1
3662.43,179.6,515.0,98.3,5,2
2847.88,146.3,377.6,83.6,5,1
3320.72,195.7,376.7,114.6,6,2
2011.14,119.8,271.4,49.6,5,1
2504.64,129.6,388.3,48.1,5,1
2210.18,196.4,165.9,84.6,4,1
2026.93,130.1,250.2,56.2,4,1
2684.96,190.0,278.5,90.1,4,2
2379.04,175.1,269.8,66.6,4,1
1823.8,207.0,55.7,85.9,4,1
1609.7,85.9,207.8,48.3,4,1
2976.13,101.9,495.6,65.1,6,2
2541.46,228.8,178.5,101.4,4,1
3041.35,138.7,481.6,62.2,5,2
2789.92,168.3,346.3,81.3,4,1
2717.94,137.1,371.7,75.8,4,1
3479.88,159.5,502.5,92.4,5,2
2714.05,210.9,228.5,106.3,5,1
2090.72,168.3,167.6,83.0,4,1
3237.93,130.9,546.8,58.6,5,2
2739.1,96.6,476.2,49.8,5,2
2311.99,91.4,361.8,55.5,5,2
3019.47,165.1,345.7,108.5,5,1
2922.68,124.2,464.7,63.0,5,1
1796.48,175.3,133.9,62.2,4,1
2773.78,172.0,344.8,78.5,4,1
2160.29,152.1,247.3,62.5,5,1
2303.46,107.6,313.4,68.9,5,2
2140.98,142.1,251.3,63.0,4,1
3340.82,205.0,419.2,93.8,4,1
3798.24,188.4,562.0,88.5,4,1
2331.06,133.3,338.5,49.3,5,1
3770.28,208.5,542.1,85.3,4,1
2335.05,113.8,307.7,72.2,5,2
3042.77,170.2,362.5,101.3,5,2
2818.66,215.0,262.4,101.0,4,1
3352.98,182.6,420.7,104.4,5,2
1623.78,113.5,184.9,47.8,4,1
2649.36,128.3,372.8,71.6,5,2
3697.28,119.6,666.1,61.6,6,2
2151.48,103.2,322.4,49.9,5,2
1442.79,144.6,85.2,58.2,4,1
1855.09,139.4,207.9,51.8,4,1
2003.03,136.9,230.6,59.2,4,1
2434.86,143.4,303.7,71.8,6,1
2116.3,112.5,309.7,47.5,4,1
3038.42,121.2,494.1,64.2,4,1
1969.82,133.0,238.0,54.0,4,1
2324.52,173.7,217.3,84.5,5,1
3081.97,203.7,338.6,101.4,4,2
2219.35,162.7,192.2,88.9,5,1
2843.49,123.7,420.9,73.9,6,2
1705.34,104.3,220.1,45.3,5,1
3327.03,115.9,564.5,67.3,5,2
3567.13,198.1,436.7,114.2,5,1
2109.58,127.8,265.6,59.6,4,1
1892.28,149.4,196.3,56.6,4,1
1663.74,141.9,128.7,64.6,4,1
1755.84,178.0,90.1,75.9,4,1
4362.15,204.3,666.6,97.6,4,1
2377.71,156.6,283.2,68.7,5,1
2435.42,226.3,191.8,84.8,4,1
3919.06,159.9,588.0,103.0,5,1
2853.42,214.3,244.1,113.3,6,2
1905.54,240.5,1.0,104.4,4,1
1418.96,124.9,126.0,46.2,4,1
2123.5,98.3,298.7,59.5,6,2
2396.96,222.1,169.1,92.4,4,1
2987.88,142.0,420.4,82.0,5,1
2534.63,104.7,405.0,55.1,5,1
3957.69,200.6,597.0,85.3,6,2
3393.46,135.4,548.2,73.2,5,1
2777.02,120.1,417.8,69.5,6,2
2151.38,117.4,261.2,70.8,5,2
3865.43,207.9,531.2,101.0,5,1
1562.92,120.2,162.3,48.1,4,1
2207.41,189.3,184.9,78.9,4,1
2582.94,172.9,304.8,74.7,5,2
2348.61,86.2,378.4,54.4,6,2
2819.28,170.8,319.9,95.2,5,2
2972.86,219.5,284.1,106.5,4,1
3110.82,106.6,542.5,57.2,4,1
2754.01,181.7,327.6,79.6,4,1
1710.66,208.0,54.5,73.4,4,1
2796.04,184.9,302.7,94.0,5,2
3268.17,198.1,417.2,89.7,5,2
2584.16,145.3,337.7,72.5,5,2
1568.4,157.2,94.0,62.6,4,1
2361.89,201.8,167.4,98.3,4,1
3730.1,172.6,587.9,76.4,4,1
2950.71,102.9,528.0,47.5,5,1
2380.28,115.8,347.9,58.4,5,2
2270.79,191.2,192.6,81.7,4,1
2191.64,103.2,329.4,51.3,6,2
2710.93,163.3,325.0,84.2,5,1
2003.4,107.3,280.1,50.4,5,1
3771.32,147.6,598.4,87.5,5,1
3108.57,116.8,491.9,74.9,5,2
2444.9,129.9,340.3,62.7,5,1
2295.64,113.5,325.2,60.1,5,2
4474.68,230.3,658.3,102.3,5,1
2345.17,125.7,334.5,56.0,4,1
2836.62,171.1,356.3,80.8,4,1
1463.79,97.5,157.8,49.2,4,1
2252.15,244.1,103.9,95.6,4,1
3158.37,148.9,472.3,74.9,5,2
2588.58,162.7,313.6,76.0,5,1
1194.05,130.3,44.8,54.8,4,1
1673.07,125.8,165.0,56.7,4,1
2424.65,135.4,319.6,67.2,4,1
2924.02,199.6,352.1,79.7,4,1
2506.55,134.2,327.1,73.5,5,1
3942.95,196.7,565.2,99.5,4,1
1624.06,116.2,182.1,47.9,4,1
2105.52,202.5,166.8,69.8,4,1
2929.87,119.0,443.2,75.7,6,2
1837.23,101.5,244.0,50.6,5,2
1693.89,160.4,129.0,59.6,4,1
2510.76,153.9,336.7,60.9,4,1
2421.3,117.1,330.2,70.2,5,2
2361.36,117.7,311.5,71.6,5,2
2367.39,169.4,260.6,71.9,4,1
2881.09,133.5,421.8,73.3,5,2
2603.25,85.1,466.4,44.1,5,2
2602.98,120.6,363.9,73.9,5,2
3087.35,227.4,321.3,99.2,4,1
3742.82,160.6,609.8,73.5,4,1
2448.27,106.6,356.8,66.1,5,2
3195.24,105.1,531.1,72.3,6,2
2500.37,117.5,358.7,66.2,4,1
3510.8,155.1,531.9,84.8,5,1
2378.75,203.7,203.0,83.6,4,1
1233.5,116.8,67.2,55.3,4,1
3400.11,172.4,497.2,80.2,5,2
2016.36,200.8,119.9,81.5,4,1
3329.99,159.4,486.0,83.1,5,2
2256.53,164.3,244.1,69.2,4,1
2799.38,178.9,332.7,83.7,5,1
2797.57,219.0,263.3,96.5,4,1
2508.87,166.5,284.3,78.4,4,1
2367.35,209.4,176.5,91.5,5,1
2822.45,180.8,295.7,101.8,5,2
3239.4,172.2,398.7,106.2,5,2
1627.98,166.7,76.3,72.9,4,1
2489.44,124.4,346.0,67.6,5,1
2459.44,213.5,170.9,102.4,4,1
2919.91,192.5,367.5,75.6,4,1
2220.77,99.2,358.7,43.3,6,2
2488.5,161.5,290.7,75.5,4,1
2532.47,120.2,375.0,61.3,5,2
1836.1,141.1,193.0,55.5,4,1
2204.1,108.9,284.5,70.0,5,2
2556.28,109.6,386.5,63.6,6,2
2114.1,127.1,224.5,78.6,5,1
1987.67,168.6,177.7,67.0,4,1
1797.18,101.3,240.4,47.8,5,1
2712.09,166.7,311.6,88.8,4,1
2134.07,108.7,311.7,50.3,5,2
3559.19,126.4,623.4,62.2,5,2
2695.37,126.9,425.8,53.8,5,2
4325.14,155.6,749.2,78.4,5,2
3782.79,216.5,530.0,88.6,5,1
3815.47,194.7,543.6,95.8,5,2
2785.71,217.1,279.2,88.9,4,1
2461.16,110.8,371.7,59.0,4,2
2195.65,96.3,333.3,53.0,4,1
3252.78,156.4,446.4,93.5,5,1
2359.48,209.8,213.6,74.0,4,1
2026.37,104.1,284.0,52.7,4,1
2836.97,212.4,261.0,104.8,4,2
2457.99,167.4,280.9,73.9,5,2
3089.34,157.0,413.5,89.7,4,1
2239.2,133.5,307.7,52.7,4,1
2738.21,227.1,240.7,96.3,4,1
2781.6,193.8,242.1,115.4,6,2
3972.08,146.6,676.9,75.3,6,2
3672.94,177.8,529.1,93.9,5,1
3196.02,138.4,459.2,89.5,5,2
2541.2,140.5,304.5,84.6,5,2
1919.36,159.4,152.8,74.5,5,1
3721.9,159.6,528.2,107.8,5,1
3025.47,181.5,388.3,82.9,4,1
2375.43,99.9,396.7,43.2,4,1
1272.0,151.4,38.7,56.8,4,1
2643.56,196.1,275.5,84.1,4,1
3500.18,214.9,444.0,96.0,4,2
2493.99,154.3,315.9,68.1,4,1
2918.57,175.8,365.8,83.6,5,1
1964.43,193.2,126.7,76.1,4,1
3640.64,205.7,528.0,78.4,4,1
1790.6,102.6,236.8,48.1,4,1
3433.23,142.9,527.7,83.4,5,2
2286.15,202.4,153.9,95.7,4,1
2577.09,116.6,380.6,65.3,5,1
2627.83,196.6,287.5,76.8,4,1
2446.91,125.4,343.7,63.4,5,1
1625.43,97.5,210.9,43.5,5,1
1545.6,126.8,140.4,53.0,4,1
2067.55,208.5,132.5,78.2,4,1
3662.75,183.3,481.4,111.5,5,2
1629.93,181.8,75.6,66.7,4,1
3545.59,159.6,533.7,85.8,4,1
2160.6,125.8,292.3,54.3,4,1
2635.93,217.0,216.4,100.3,4,1
1849.73,99.3,227.2,60.4,4,1
2727.41,206.0,287.3,83.8,4,1
3952.11,219.3,544.2,99.8,5,1
1714.75,143.2,147.0,61.5,4,1
1699.31,169.4,103.9,67.3,4,1
3883.69,145.6,668.3,69.8,6,2
2862.0,154.6,386.7,77.4,5,2
3830.72,150.9,621.8,82.2,6,2
1808.85,107.6,234.5,49.0,4,1
3069.33,173.6,418.6,77.9,5,1
2904.17,130.3,468.5,56.5,6,2
1852.72,176.9,126.7,70.9,4,1
3286.59,154.8,470.2,87.4,5,2
3501.78,155.6,493.3,100.7,5,2
2767.95,238.7,267.5,82.6,4,1
2158.67,139.3,253.0,65.5,4,1
2656.08,172.9,302.8,83.7,4,1
2869.65,85.2,524.9,47.7,6,2
3109.09,210.5,281.8,126.6,6,2
3805.5,152.0,594.0,91.2,6,2
1730.85,169.3,84.8,79.4,4,1
3382.09,214.4,434.6,87.3,4,1
2905.35,220.1,301.0,91.2,5,1
4631.2,215.7,669.6,121.1,6,1
3143.08,231.8,326.9,100.9,4,1
1617.42,141.2,120.6,63.4,4,1
2174.12,203.5,137.7,89.9,4,1
2628.74,136.7,370.1,66.8,4,1
3734.56,162.0,589.1,81.1,5,1
1547.37,102.1,181.7,45.8,4,1
2324.92,220.0,145.4,95.9,4,1
2355.69,91.4,365.7,58.6,5,2
2159.04,177.9,198.3,72.7,4,1
2094.76,142.7,257.0,55.1,4,1
3739.13,170.3,580.3,81.9,5,2
2397.13,121.9,340.8,60.7,4,1
2383.19,109.4,343.6,63.5,5,2
3362.94,229.9,374.5,105.1,4,1
1759.33,192.1,62.0,82.5,4,1
2848.12,112.2,490.9,48.4,5,2
1784.05,115.1,233.6,43.3,4,1
2213.23,95.3,301.7,69.5,5,2
4293.05,177.6,641.3,113.1,6,2
3110.69,203.8,335.3,106.0,5,1
2261.83,114.1,331.6,53.2,4,1
2583.41,132.9,300.7,94.3,5,2
2796.28,195.1,318.2,82.5,4,1
1901.72,132.7,200.6,63.2,4,1
1744.51,118.4,197.4,53.5,4,1
3434.78,186.6,486.5,82.5,4,1
3506.7,178.6,470.1,101.3,5,2
3022.22,114.3,494.5,65.2,6,1
1998.29,127.5,239.0,59.2,4,1
4208.81,170.2,662.9,97.4,5,2
2173.8,113.7,293.2,60.7,5,2
2724.81,102.6,428.5,66.7,5,2
1781.76,245.9,0.0,91.8,4,1
1435.15,117.8,141.9,44.0,4,1
2069.3,241.7,55.9,97.6,4,1
3660.74,120.1,636.5,70.5,5,2
3250.63,171.7,378.3,116.7,5,1
2414.55,159.8,270.8,76.9,5,2
3685.64,141.4,584.0,87.1,5,1
3552.89,247.3,412.2,101.6,4,1
2672.03,162.6,359.2,65.0,4,1
2736.2,97.5,428.9,70.1,5,2
3541.7,251.7,411.8,98.6,4,1
3347.36,191.6,458.5,83.0,4,1
3017.23,193.9,376.9,81.6,5,1
4231.53,188.7,659.2,93.3,5,2
1962.61,196.4,93.3,89.3,4,1
1373.31,84.9,164.0,42.0,5,1
3086.36,135.2,438.3,88.1,5,2
2763.85,167.9,350.3,76.8,4,1
1897.15,166.7,168.0,62.0,4,1
2180.09,148.4,268.1,57.1,4,1
2259.12,255.9,73.3,104.7,4,1
2402.68,200.3,214.2,82.8,4,1
1470.12,131.2,124.3,49.8,4,1
2230.96,156.3,205.1,87.3,4,1
1846.94,202.4,92.2,74.3,4,1
2049.35,104.3,243.3,73.2,6,1
1938.38,186.6,115.4,81.1,4,1
3066.77,208.3,344.9,94.9,4,1
1883.15,113.5,234.7,54.5,4,1
3630.92,179.6,487.4,107.0,5,2
1463.42,114.9,147.8,45.9,5,1
2141.07,224.1,109.8,89.5,4,1
2205.45,149.9,211.0,84.7,4,1
2831.44,163.0,352.6,85.5,5,1
2174.91,113.6,312.1,52.4,4,1
2200.34,214.9,154.0,80.5,4,1
2562.6,136.4,341.6,72.3,5,1
2864.44,205.8,312.2,88.1,4,1
3905.4,186.5,581.2,92.7,4,1
1865.6,159.8,154.9,67.4,4,1
2022.69,162.7,182.4,71.4,5,1
2038.13,173.7,178.4,70.0,4,1
2872.14,226.2,254.4,105.5,4,1
1705.07,89.8,227.0,48.6,5,1
1626.23,102.9,201.2,45.5,4,1
2582.95,83.6,422.1,62.3,6,2
3248.55,111.5,532.2,74.9,6,2
4189.35,156.4,686.6,90.8,6,2
1643.37,167.1,74.9,75.0,4,1
2840.66,111.1,473.2,55.9,6,1
3638.64,153.0,517.5,106.3,5,1
2775.66,142.4,378.1,77.1,4,1
2665.07,115.4,414.5,60.6,5,2
1993.14,128.7,264.9,46.5,4,1
2285.17,131.7,310.8,57.3,5,1
2775.94,193.5,295.8,91.0,5,2
2158.88,93.1,296.4,66.8,5,1
1799.61,111.9,234.7,45.9,4,1
3907.93,177.7,551.7,110.0,5,2
2485.07,184.5,269.6,74.3,4,1
2783.23,186.2,248.6,116.0,5,2
1985.49,138.9,226.6,58.2,4,1
2722.76,140.1,395.9,64.3,4,1
1754.46,186.3,105.0,65.5,4,1
3206.42,175.3,362.9,117.1,6,2
2003.84,186.6,141.3,76.9,4,1
2901.56,124.9,447.7,67.9,5,1
1695.59,180.3,94.4,66.3,4,1
3349.86,126.1,526.2,82.3,6,2
1926.37,116.9,220.3,64.2,5,1
3172.58,131.0,529.4,59.0,5,1
1906.83,191.7,115.0,75.6,4,1
2784.54,163.7,360.7,76.3,6,1
3064.24,241.5,325.2,88.6,4,1
2797.2,107.1,471.0,53.9,6,1
1423.83,106.5,136.2,50.3,4,1
1338.99,117.4,114.2,45.9,4,1
1975.03,181.2,148.1,73.1,4,1
1865.43,159.6,128.8,79.1,4,1
2418.12,183.2,246.7,77.6,4,1
2828.97,190.0,310.3,92.0,4,1
3112.04,158.8,457.1,72.1,5,1
2112.79,201.2,134.3,85.7,4,1
1563.03,104.1,172.8,50.6,4,1
2553.68,165.1,276.8,87.3,4,1
3510.53,246.2,397.0,104.2,4,1
2660.1,173.2,315.7,78.3,5,2
2512.96,100.5,414.5,50.3,5,2
2484.9,151.0,318.0,67.7,5,1
2657.24,119.8,428.4,51.6,4,1
1371.59,138.3,89.5,51.2,4,1
1652.1,118.3,167.8,56.4,5,1
2911.49,188.3,354.0,82.5,4,1
2685.68,112.8,434.6,55.1,5,2
2587.38,159.3,345.1,63.3,4,1
2309.28,127.6,331.8,52.4,6,2
2442.57,204.8,226.7,79.6,4,1
3195.28,195.2,418.8,82.1,5,1
4211.3,136.5,691.1,100.1,6,2
2448.68,164.0,268.2,80.0,4,1
2411.79,144.9,254.4,90.5,6,2
1417.66,109.0,136.9,48.2,5,1
1518.91,112.8,161.5,46.9,4,1
2833.27,126.4,436.5,64.6,5,1
2295.5,143.1,263.1,74.5,5,2
2706.92,127.7,419.3,57.7,6,2
1483.49,129.1,106.8,60.0,4,1
3477.28,131.9,603.6,59.5,5,1
3433.61,206.7,450.7,89.3,4,1
2347.72,127.2,302.7,69.8,5,1
1843.63,139.9,194.7,56.2,4,1
3190.59,111.2,534.8,67.4,6,2
3524.23,127.2,579.2,77.6,5,2
2447.39,133.2,339.0,62.0,4,1
2445.38,108.3,389.6,50.4,5,2
4057.24,230.5,555.1,101.6,5,1
1689.3,137.7,151.2,59.3,4,1
2047.79,137.0,240.5,59.8,4,1
1478.1,113.6,137.1,52.8,4,1
2852.46,212.3,307.9,85.7,4,1
3271.06,132.5,479.0,91.7,6,2
2825.01,91.8,501.8,50.1,5,1
4045.55,165.5,623.7,98.7,5,2
2675.33,209.1,253.2,91.8,4,1
4222.49,180.7,627.0,110.2,5,2
1751.36,147.9,160.2,57.6,4,1
1636.91,144.5,122.4,63.3,4,1
3206.79,193.2,373.8,104.3,5,1
3079.63,211.5,368.5,84.4,4,1
3767.83,196.8,523.2,98.7,5,2
3067.59,143.8,462.2,71.5,5,2
2838.68,145.6,395.0,75.1,4,1
3211.14,174.9,407.3,98.1,5,1
2697.02,90.4,460.4,54.9,5,2
3033.13,167.2,414.3,78.6,4,2
2177.62,138.1,275.4,58.2,5,1
3671.8,208.0,506.6,90.4,4,2
3313.13,243.0,379.7,91.4,4,1
2918.7,172.3,379.8,78.9,4,1
4085.64,179.8,615.5,100.5,4,1
2152.82,109.4,298.5,57.9,5,1
2632.03,125.7,421.8,49.1,4,2
4165.12,174.7,613.5,112.5,5,1
2418.35,125.2,360.2,53.0,5,1
2032.83,163.1,183.9,71.6,5,1
1657.72,125.3,192.6,42.9,4,1
2965.7,236.4,298.2,91.9,4,1
1473.61,142.3,107.5,52.7,4,1
2585.01,110.7,409.4,56.1,4,1
3493.43,213.9,461.5,88.0,4,1
3487.88,197.9,441.0,103.6,5,1
2332.65,176.2,243.3,72.8,4,1
2133.13,179.1,210.3,63.9,4,1
2514.89,177.4,289.1,72.1,4,1
1642.53,132.7,160.4,52.2,4,1
1820.41,122.6,203.7,57.2,4,1
3791.98,151.3,576.2,98.0,5,2
3134.91,214.2,353.8,95.9,4,1
2939.78,225.9,280.2,101.7,4,1
2428.0,99.6,399.0,48.2,5,2
2154.98,150.0,264.2,55.4,4,1
1819.8,168.8,124.8,71.7,4,1
3835.48,182.0,599.5,78.8,5,2
3471.86,226.1,436.6,91.2,4,1
1779.56,133.6,165.7,64.7,4,1
1892.99,146.9,184.9,62.8,4,1
2030.37,104.6,284.7,52.6,5,1
2253.86,113.9,332.1,52.2,5,1
1549.42,90.4,189.3,47.9,4,1
2254.63,177.4,197.6,83.8,5,1
4069.13,240.7,574.6,89.8,4,1
2406.1,132.7,340.6,57.0,4,1
1451.62,144.7,78.1,62.3,4,1
2212.4,133.2,274.8,64.5,4,1
2484.0,152.3,326.3,63.3,4,2
2491.56,176.0,297.9,66.2,4,1
2722.78,198.7,323.7,70.4,4,1
2452.69,145.8,298.2,75.2,5,1
2303.57,191.9,188.3,87.0,4,1
2854.69,189.1,327.6,87.5,4,1
2039.33,117.8,229.9,72.1,5,1
2820.62,169.1,328.6,92.2,5,1
1832.34,135.3,174.8,65.8,4,1
2105.9,138.3,259.3,57.2,4,1
2060.59,130.5,244.2,62.4,5,1
2304.04,165.9,250.0,71.1,4,1
2396.75,207.1,224.6,74.4,4,1
3337.11,143.1,493.3,87.9,6,2
2317.63,138.9,299.0,62.9,6,2
1951.84,106.7,275.7,46.9,6,2
2450.52,109.1,393.8,48.8,4,1
3952.47,192.6,531.8,117.2,5,2
2702.49,200.0,282.7,85.7,4,2
1896.58,119.0,253.2,45.3,4,1
3447.28,219.5,446.0,87.3,4,1
2094.84,193.3,129.2,89.5,4,1
2385.11,199.2,218.8,79.2,4,1
3350.88,205.0,431.2,89.6,4,1
2139.6,115.7,305.7,50.4,4,1
1822.62,137.1,199.7,52.8,5,1
2329.52,150.5,285.6,65.0,4,1
4316.17,192.1,663.6,99.3,6,1
2011.9,122.3,258.4,54.3,4,1
2079.32,146.5,233.3,62.3,4,1
2886.14,186.8,338.9,87.0,6,1
1966.57,123.4,243.8,55.3,5,2
3386.27,216.5,407.7,98.8,5,1
1796.67,106.3,230.2,50.0,4,1
2918.52,150.3,359.1,97.9,6,2
2203.1,235.9,106.8,92.5,4,1
3203.89,167.9,406.5,100.7,6,2
2328.18,96.3,375.7,48.9,5,1
2127.5,141.9,253.9,60.5,4,1
4419.82,203.1,641.3,115.8,5,1
3492.51,146.0,584.3,63.5,4,2
1737.22,129.6,197.5,47.7,4,1
1543.41,144.8,116.0,55.6,4,1
1262.19,122.9,74.9,52.3,4,1
1773.51,101.1,224.6,52.3,5,1
2983.17,107.0,511.8,56.5,5,2
2399.47,116.0,344.7,61.8,6,2
2830.07,94.8,508.0,46.5,6,2
3081.78,188.0,347.5,104.4,5,2
1894.2,212.6,87.2,77.2,4,1
2097.34,174.4,179.1,75.9,4,1
3365.61,169.2,424.9,109.9,5,1
3359.39,241.8,380.7,96.6,4,1
1565.66,95.4,194.7,45.0,4,1
1864.34,164.0,154.0,65.8,4,1
2860.59,142.8,437.1,60.1,4,1
2272.2,216.6,119.0,103.3,4,2
2603.63,165.1,333.7,67.6,6,2
3270.53,144.7,513.5,70.8,5,1
1606.28,125.5,164.2,49.7,4,1
2774.05,193.5,323.6,78.4,4,1
4190.36,197.0,595.4,113.4,6,1
2974.29,215.3,320.3,92.4,4,1
3623.49,201.6,520.5,81.7,4,1
1608.48,146.5,114.2,62.9,4,1
2036.85,129.9,253.2,56.1,5,1
3178.76,201.5,354.2,106.2,6,2
2629.05,96.6,441.8,52.8,5,1
2951.62,157.7,340.1,106.7,6,2
2930.28,225.9,305.6,89.3,4,1
2260.39,169.0,227.5,75.0,4,1
2824.14,209.2,293.6,90.3,4,1
1802.96,126.7,209.9,50.8,4,1
1955.47,187.1,154.0,65.7,4,1
2041.91,163.5,169.6,78.8,4,2
2043.0,195.5,98.7,96.3,5,1
1566.26,130.5,133.7,56.6,4,1
2322.93,164.1,254.0,72.3,4,1
1406.29,147.3,70.6,59.4,4,1
2761.53,137.8,423.1,57.6,5,1
1532.81,128.5,134.4,53.5,4,1
2818.16,182.4,301.6,98.0,6,2
3385.63,145.7,490.6,93.4,5,2
1666.5,173.4,87.9,69.0,4,1
2135.95,123.0,260.0,67.1,5,2
4427.32,198.5,726.5,80.8,5,1
3229.53,203.4,382.3,98.5,5,2
2190.94,140.8,240.1,74.2,6,2
2482.28,107.3,384.6,57.2,4,1
2940.74,121.5,470.7,63.5,5,2
1642.56,161.5,116.3,59.0,4,1
2764.74,171.0,358.4,71.9,4,1
2698.49,141.9,335.1,87.8,6,2
3948.09,129.8,710.6,65.2,5,2
1577.56,150.5,118.7,55.6,4,1
2600.44,137.5,385.1,56.7,4,1
3162.18,190.8,368.0,103.0,5,1
3002.16,159.1,397.6,86.2,6,2
2550.14,205.9,231.3,89.0,5,1
1771.76,145.0,160.1,61.3,4,1
4350.97,161.2,760.0,74.0,5,2
1676.56,106.5,206.1,47.4,4,1
2460.42,217.9,202.0,86.7,4,1
2872.0,173.5,281.2,117.0,6,2
2549.8,198.8,262.9,78.1,4,1
2262.06,151.9,209.5,90.7,6,2
2629.39,240.5,212.3,90.9,4,1
1788.86,182.0,113.7,67.3,4,1
2282.39,142.6,276.9,67.1,4,1
2029.64,143.6,226.6,61.0,4,1
3196.24,155.0,459.5,82.1,6,2
1719.89,104.6,208.1,52.1,4,1
3432.67,180.9,485.9,85.0,4,1
2313.32,141.9,270.3,73.8,5,2
2844.53,222.4,293.9,86.6,4,1
4327.71,177.2,710.6,86.3,5,2
2777.47,160.8,351.3,81.0,4,1
2755.12,102.5,475.4,49.3,6,2
1828.36,96.6,247.3,50.3,4,1
1349.2,110.8,114.7,49.7,4,1
1629.89,165.1,116.2,56.1,4,1
3828.5,178.1,555.3,99.4,5,1
2244.55,165.9,255.7,62.0,4,1
1709.78,101.5,226.0,44.4,5,2
2404.35,128.1,340.6,58.9,4,1
1931.63,212.6,51.3,97.3,4,1
2289.3,151.1,250.9,75.7,5,1
2579.46,194.5,289.4,71.6,4,1
2682.25,160.3,300.6,93.2,5,2
1454.1,106.2,145.8,49.6,4,1
1899.57,169.0,135.8,75.6,4,1
2691.83,142.6,358.3,76.5,5,2
2896.03,113.5,453.5,69.8,5,2
3256.4,131.8,486.5,87.0,5,2
1490.6,170.4,40.7,71.8,4,1
2789.59,182.9,281.2,103.7,5,1
2777.19,172.9,308.7,94.5,4,1
4234.68,207.9,635.8,95.5,4,1
1907.28,119.0,250.5,47.7,4,1
2807.09,114.9,438.3,66.1,4,1
2109.17,214.0,132.4,80.4,4,1
1584.43,120.2,153.0,54.6,4,1
2955.33,162.0,419.7,69.9,5,1
1935.24,187.7,127.4,75.0,4,1
2648.1,97.4,442.9,54.1,6,1
4008.41,177.5,588.3,105.0,4,1
3236.68,110.4,540.7,70.2,5,1
1869.41,174.3,129.8,72.6,4,1
2159.78,120.6,274.3,64.4,4,1
3042.66,137.4,449.5,77.2,5,1
2933.09,108.9,475.2,66.3,5,2
2378.15,131.6,279.2,81.7,5,2
2406.05,213.2,196.1,85.4,4,1
4360.87,198.8,637.4,112.9,5,2
2929.47,187.7,336.3,92.6,5,1
2912.24,82.0,523.7,54.4,6,2
2513.69,150.2,305.4,76.8,4,1
2694.99,133.2,371.8,75.0,5,2
1806.4,80.7,269.4,45.1,5,2
2212.94,110.7,314.0,57.1,4,1
1671.58,119.9,174.8,54.8,4,1
3100.46,185.9,394.2,86.7,6,2
1896.61,115.5,231.5,56.5,5,1
2010.33,155.0,204.4,63.6,4,1
3835.03,178.3,550.9,102.0,5,1
2546.54,113.3,378.0,64.6,6,2
3851.45,188.0,585.8,84.0,4,1
3941.06,212.3,582.9,84.5,4,1
2887.28,236.8,260.6,99.7,4,1
3715.67,161.2,514.7,112.4,6,2
1977.6,142.2,206.8,64.6,4,1
1459.12,174.2,32.2,70.4,4,1
2369.57,135.3,306.7,66.9,5,1
2290.54,238.8,124.7,93.0,4,1
2654.15,159.6,343.1,71.5,4,1
2295.64,90.4,369.6,50.6,5,2
2878.55,237.2,290.9,85.1,4,1
1758.77,176.6,105.6,70.0,4,1
2376.63,86.5,382.8,55.5,5,2
1172.92,130.9,56.6,47.0,4,1
4833.49,166.8,775.6,118.2,5,2
3123.39,171.6,343.0,118.3,5,2
2877.31,233.3,303.9,80.9,4,1
2240.8,109.7,343.1,47.7,5,1
2094.0,138.3,261.6,54.9,4,1
2710.9,93.5,479.1,46.7,5,1
4210.87,166.4,695.3,84.9,4,1
2700.88,129.2,429.3,51.9,5,1
2257.74,169.1,203.3,85.4,4,1
1720.5,177.3,98.7,68.5,4,1
3065.39,110.5,483.7,76.5,5,2
1839.19,120.8,191.4,65.6,4,1
1888.21,169.8,166.0,60.6,4,1
4110.91,189.4,595.2,108.1,5,2
2171.53,94.5,333.9,50.9,5,2
2088.22,128.5,279.3,50.8,4,1
2264.39,151.1,235.4,79.9,5,1
2365.45,132.4,330.1,57.3,4,2
3110.3,135.0,479.4,72.5,5,1
4151.15,174.6,643.3,97.7,5,1
2537.22,203.7,191.0,106.5,4,1
3027.33,180.7,374.4,89.7,5,2
2357.65,174.3,274.6,62.5,4,1
1432.58,124.9,105.6,56.7,4,1
2181.71,148.0,251.3,64.9,4,1
3197.15,178.2,423.0,88.0,4,2
2173.95,234.8,126.3,81.1,4,1
2338.03,223.0,172.9,83.8,4,1
1394.14,140.6,99.7,48.1,4,1
3154.42,223.0,364.1,89.6,4,1
2587.82,87.8,453.4,47.0,4,1
1712.12,129.9,149.8,65.9,5,1
2362.22,153.1,290.7,65.2,4,1
2073.95,130.8,258.7,57.3,4,1
2861.96,138.8,372.8,90.6,5,2
2251.23,166.2,224.9,76.3,4,1
3278.86,207.5,397.8,95.3,5,2
2683.07,97.0,431.5,63.2,6,2
1495.49,132.2,120.8,53.7,4,1
2504.43,155.6,269.1,89.5,5,1
3572.62,198.3,517.1,79.0,4,1
2929.25,128.7,454.2,66.4,5,2
2700.43,98.0,441.1,60.5,6,1
3184.46,188.3,423.3,82.0,4,1
2199.13,98.3,350.8,44.7,5,2
2399.85,121.1,367.6,49.5,5,1
2041.33,200.8,137.5,76.5,4,1
2961.56,173.8,371.5,86.7,5,1
1704.28,102.2,209.0,51.1,5,1
3396.39,172.7,481.6,86.6,5,1
2468.41,234.4,191.8,84.8,4,1
1794.59,161.4,114.6,76.7,4,1
3221.77,206.4,409.7,84.2,4,1
2770.69,81.8,498.7,49.9,5,2
2975.73,162.7,379.0,89.9,5,2
4110.43,177.4,651.7,88.2,5,2
3585.05,179.9,515.8,89.1,5,2
3421.23,198.2,412.0,108.9,5,2
2107.63,91.7,324.1,49.4,6,2
2721.92,197.7,294.6,83.6,4,1
4580.43,176.1,750.1,97.3,4,1
4539.91,161.0,786.7,83.2,5,2
1374.52,141.9,72.9,57.2,4,1
3683.12,157.2,541.5,98.7,5,2
1746.44,142.4,149.6,64.3,5,1
2771.83,129.1,394.4,75.3,5,2
3607.84,212.9,443.4,109.2,4,1
2449.39,138.0,310.9,72.6,4,1
1401.86,101.2,153.7,42.4,4,1
3892.49,187.9,571.8,94.8,5,1
3217.09,207.1,403.8,85.9,4,1
1871.9,160.5,164.1,63.7,4,1
2284.18,122.1,336.0,50.2,4,1
3472.46,114.5,634.0,53.2,5,2
1896.4,160.6,142.3,76.1,4,1
2412.3,245.9,112.4,108.8,4,1
1935.92,128.2,222.5,59.2,4,1
2403.16,130.8,283.4,82.9,5,2
2540.3,105.5,428.9,44.8,5,1
3874.42,186.0,594.1,83.8,4,1
3489.21,143.1,555.7,77.1,6,1
2223.57,106.0,314.5,60.2,5,1
1725.35,158.8,125.7,65.3,4,1
2576.97,131.0,346.9,73.9,6,2
1899.41,195.0,98.8,80.5,4,1
2094.15,132.3,261.6,57.6,4,1
2535.1,176.8,311.3,64.8,4,1
1941.41,193.0,102.4,84.4,4,1
2952.92,128.7,465.4,64.0,5,1
2242.46,145.0,272.5,63.6,4,2
2811.62,205.3,321.2,78.4,4,1
1674.9,137.8,151.1,57.7,4,1
3801.16,191.6,542.8,96.0,4,1
2453.42,123.2,339.1,67.1,5,2
3368.36,164.7,498.4,79.5,4,1
2275.64,102.2,310.2,69.6,5,1
2390.07,174.1,234.9,83.8,5,1
2817.9,162.2,360.9,80.6,5,1
3117.26,128.4,521.3,57.6,5,2
2549.47,134.4,372.6,57.9,5,1
3073.81,183.3,360.3,99.9,5,2
2512.49,152.0,320.5,69.2,5,1
3069.27,151.0,435.5,80.4,4,1
1516.9,137.2,112.1,57.7,4,1
1974.3,171.1,113.0,93.1,4,1
2695.51,88.9,480.4,46.5,5,2
1337.36,149.5,60.8,55.1,4,1
1357.95,101.9,147.0,40.3,4,1
2746.65,173.8,334.4,79.3,5,2
3666.19,182.8,494.8,106.2,5,2
2431.88,90.1,375.9,63.1,6,2
2498.44,173.4,277.2,77.3,4,1
2334.91,106.2,367.2,49.1,4,2
3366.7,168.8,472.4,89.1,5,2
2536.83,93.0,397.1,64.1,5,2
2357.14,154.1,274.1,71.6,6,2
2190.31,243.9,97.0,91.9,4,1
3232.81,163.6,491.0,68.3,4,1
3187.42,144.3,484.1,74.9,4,2
2105.16,190.9,173.2,72.1,4,1
1889.49,138.0,219.7,50.9,4,1
4397.64,199.0,624.3,122.7,5,2
2097.15,178.5,199.7,64.9,4,1
3128.65,105.5,569.8,47.5,5,1
2850.82,105.0,450.9,69.7,5,2
3400.7,128.8,533.8,83.4,5,2
3469.41,126.4,572.5,74.9,4,1
3104.88,148.2,425.6,90.0,5,2
2471.17,200.0,221.6,87.2,4,1
1691.08,141.7,146.3,59.9,4,1
2598.39,97.7,458.2,41.7,5,2
2386.26,146.7,246.2,90.5,5,2
3095.08,173.0,438.2,72.2,4,1
3205.77,184.4,396.0,98.2,5,2
3665.0,148.2,606.2,71.9,6,2
2449.11,147.3,311.4,68.3,4,2
3104.42,106.1,558.1,49.7,6,2
2553.63,141.3,342.0,69.0,5,2
2029.53,181.0,126.5,88.8,4,1
3717.91,151.0,584.9,86.0,6,2
4177.9,201.0,647.2,87.3,5,2
2509.76,162.2,294.1,76.1,4,1
3687.38,202.7,542.7,78.4,4,1
1703.38,103.3,185.2,61.1,5,1
2327.04,110.4,332.1,61.9,5,2
2914.16,176.8,304.9,109.7,5,2
4121.05,230.3,579.8,97.9,5,1
2475.09,167.5,275.3,78.2,4,1
2259.41,190.9,200.4,77.1,4,1
2916.78,202.8,351.2,77.8,4,1
2011.62,154.1,185.4,72.6,5,1
2286.29,112.7,348.7,49.0,5,1
2815.66,141.2,392.7,75.6,5,2
3312.34,207.1,422.9,88.0,5,1
2401.19,157.9,282.1,71.3,4,1
3593.92,133.8,586.7,79.1,6,2
2267.8,134.7,256.5,78.1,5,2
3187.88,201.2,391.4,90.8,5,1
2443.25,116.1,347.6,65.4,6,2
2472.54,220.6,187.9,93.2,4,1
3302.62,93.7,590.4,62.9,5,2
1885.5,178.8,103.2,84.2,4,2
3572.01,193.7,427.2,120.9,5,2
2395.19,119.6,357.5,54.1,4,2
1909.99,107.0,273.4,43.2,5,1
1910.27,192.1,90.3,86.8,4,1
2730.77,133.3,417.8,58.5,4,1
2185.82,127.5,278.4,62.5,4,1
3510.63,180.3,495.0,90.0,5,1
2258.59,176.0,207.9,80.4,4,1
1722.67,130.4,178.5,54.1,4,1
2231.8,125.1,283.5,66.4,5,2
2500.61,142.2,315.6,74.4,5,1
2359.67,148.8,261.4,79.9,5,1
2258.41,127.6,268.2,75.0,5,2
4157.3,156.8,676.7,91.5,6,2
3244.8,176.1,403.7,102.8,4,1
2182.27,93.6,339.9,49.8,4,1
2413.35,102.4,366.0,60.0,6,2
2400.75,178.1,233.5,83.8,4,1
1841.15,172.8,135.9,67.4,4,1
2300.17,249.6,104.3,98.3,4,1
1825.9,127.8,199.0,57.6,5,1
2474.19,105.4,393.9,53.0,5,1
2445.19,203.8,221.3,82.8,4,1
2829.43,123.9,422.3,71.6,5,1
2080.25,258.2,27.6,104.1,4,1
1965.62,213.7,73.3,90.9,4,1
2398.97,103.9,366.2,57.6,4,1
2889.76,167.6,319.8,104.5,5,2
3761.93,219.7,524.3,87.3,4,1
1665.61,154.6,114.0,65.7,4,1
1800.85,145.9,175.5,57.3,5,1
1919.83,168.4,133.4,79.2,4,1
1969.75,124.2,264.7,46.0,4,1
2971.24,207.5,319.2,96.1,5,2
2252.67,152.7,282.1,57.0,4,1
1356.0,167.5,23.1,65.9,4,1
1756.74,136.9,157.2,64.5,4,1
2593.9,127.8,381.6,61.8,5,2
1986.33,218.9,80.6,87.6,4,1
1314.04,111.6,111.1,47.0,4,1
2821.65,131.1,431.9,63.3,4,2
2399.5,151.2,276.8,76.4,5,2
2065.31,136.1,218.9,71.7,5,1
1887.28,109.1,244.9,52.4,4,1
3095.67,262.3,287.9,99.4,4,1
1674.66,163.7,94.8,71.2,4,1
2473.55,89.0,413.6,51.5,4,1
2808.11,159.2,379.5,72.6,5,2
2712.74,134.0,383.3,71.5,5,1
2839.63,112.6,458.9,61.5,5,2
3469.22,209.5,466.5,85.0,4,1
1788.05,208.1,50.5,83.7,4,1
2318.28,115.1,337.7,56.3,4,1
2300.17,256.5,80.9,105.6,4,1
2439.36,189.0,256.6,73.0,4,1
2713.61,105.1,452.5,53.7,4,2
1797.75,155.9,149.5,64.0,4,1
2598.91,113.2,398.3,61.4,5,2
4220.77,157.4,729.1,75.0,5,2
2552.13,232.4,182.8,99.0,4,1
2653.79,202.9,265.6,86.6,4,1
2052.09,95.1,326.8,40.5,4,1
2949.34,183.0,369.6,82.1,5,2
3811.86,169.4,581.0,90.0,5,2
1540.23,120.1,139.9,55.6,4,1
1923.47,111.0,260.9,48.4,5,1
1852.4,217.2,26.7,97.4,4,1
2344.02,154.7,296.0,60.1,4,1
1276.55,126.4,64.9,56.8,4,1
1795.4,99.8,243.2,47.0,5,1
3608.55,166.3,560.0,78.2,5,1
2211.8,215.6,171.9,73.6,4,1
3582.66,150.9,555.9,83.9,5,2
2039.54,200.2,135.2,77.6,4,1
3256.96,213.3,409.9,84.9,4,1
1708.64,110.7,217.1,44.2,4,1
3583.79,152.1,541.6,89.9,5,1
2653.85,230.6,226.3,91.8,4,1
3109.86,158.0,460.1,70.8,4,1
2789.36,228.8,265.0,90.4,4,1
2482.69,144.9,341.8,59.5,5,2
3599.99,155.1,531.2,95.0,5,2
3184.7,130.8,484.4,80.4,5,1
4309.15,162.3,732.8,81.0,6,2
2402.84,144.5,252.7,90.5,6,2
2239.74,134.8,298.9,56.1,4,1
1847.04,118.8,224.8,52.5,4,1
3268.95,162.2,487.9,74.3,4,1
2494.46,120.3,347.8,69.1,5,1
4261.2,204.8,659.0,89.6,4,1
2282.22,198.4,185.6,82.9,4,1
3776.69,234.9,491.1,97.0,4,1
2090.2,109.9,298.1,50.9,6,2
2146.3,164.6,219.3,67.8,4,1
2073.95,139.1,257.3,54.2,4,1
3658.04,173.6,500.6,106.8,5,2
2803.68,234.0,278.6,83.7,4,1
2126.23,122.8,294.8,50.6,4,1
1727.34,150.7,161.6,53.1,4,1
2275.71,118.7,315.3,59.9,5,2
1583.74,190.6,39.6,73.7,4,1
1190.75,115.2,59.8,54.5,4,1
3855.18,167.2,569.1,101.1,5,2
2653.75,198.7,232.0,103.5,4,1
2095.32,176.2,173.3,77.5,4,1
2125.18,153.3,248.2,57.7,4,1
2131.81,193.8,154.6,82.0,4,1
3048.43,229.4,346.5,82.7,4,1
3811.76,174.8,579.1,88.5,5,1
1734.98,164.8,129.9,61.8,4,1
3261.76,114.1,554.5,65.3,5,2
2116.41,115.3,249.5,73.0,6,2
1918.84,95.0,270.5,50.8,4,1
1969.51,176.7,156.0,71.0,4,1
2466.06,101.5,370.2,64.4,5,2
3371.32,190.1,425.5,101.0,5,1
1526.15,175.9,68.8,60.8,4,1
3090.93,141.7,430.8,89.0,5,2
3055.11,146.4,456.1,71.7,4,1
2247.86,129.2,262.4,75.7,6,2
2904.47,200.9,336.0,84.1,5,1
2516.66,215.0,222.7,85.1,4,1
2074.14,191.1,146.4,80.5,4,1
2128.94,188.6,176.6,74.2,4,1
2759.82,101.5,461.6,56.4,6,2
2548.38,164.5,244.9,101.2,6,2
2494.52,167.4,275.6,80.3,4,1
2876.11,107.3,483.1,57.2,4,1
3471.57,138.5,534.1,86.8,5,2
2719.21,88.4,453.3,61.4,6,2
2170.53,93.0,347.8,45.3,6,2
2125.39,87.1,346.1,43.6,6,1
2920.68,116.3,477.6,60.6,6,2
4395.48,209.9,678.1,93.7,5,1
1678.32,100.8,191.4,56.6,5,1
1574.17,126.0,133.2,59.7,4,1
2252.56,218.0,105.3,106.6,4,1
3702.82,167.7,583.7,77.5,5,1
1757.15,131.1,190.2,52.4,4,1
2893.92,203.2,295.0,100.1,4,1
1735.16,109.1,202.5,54.3,4,1
2131.72,154.0,216.9,72.0,5,1
2175.76,138.7,297.1,48.1,4,1
3684.57,169.7,555.1,87.3,5,1
2259.9,130.0,305.4,57.6,5,1
2329.65,118.6,324.4,62.0,5,2
1947.98,194.1,111.2,80.7,4,1
2835.12,99.4,494.9,50.9,5,2
3126.37,174.0,425.7,80.8,4,1
2783.38,217.0,262.5,96.2,4,1
2433.06,118.8,344.9,64.3,5,1
1266.15,142.0,55.2,53.0,4,1
2774.19,105.6,473.6,50.9,4,1
2110.67,172.1,206.7,66.1,4,1
2345.96,116.6,309.1,71.5,5,1
1754.3,117.8,214.8,47.1,4,1
2098.48,125.1,265.7,59.5,4,1
3178.87,110.5,519.2,73.3,5,2
3138.32,232.3,353.8,88.2,4,1
2178.67,245.0,76.7,99.1,4,1
2240.27,106.3,288.3,73.5,5,2
1954.2,134.0,233.1,54.0,4,1
2718.54,212.4,290.7,78.5,4,1
2606.93,190.4,304.2,69.8,4,1
2877.52,179.1,296.6,108.3,6,1
3646.12,188.0,501.2,98.8,6,2
3289.21,134.3,501.1,83.1,5,2
2881.94,135.7,421.2,72.7,5,1
2438.04,204.4,190.8,95.3,5,1
2991.55,197.8,350.9,88.5,4,1
2380.24,164.1,223.8,92.1,5,1
2134.69,129.4,261.4,63.5,4,1
1957.35,133.0,244.8,49.5,4,1
1807.65,168.2,145.9,61.2,4,1
3063.88,166.4,340.5,115.1,5,2
2171.62,145.0,265.4,58.9,4,1
2397.14,244.4,163.1,85.2,4,1
3060.9,99.6,552.1,50.4,5,1
2277.27,112.6,334.7,54.2,5,2
3178.79,233.8,367.5,86.0,4,1
2655.21,139.5,373.1,67.2,4,1
2540.4,165.6,215.0,113.1,5,2
3078.21,189.3,340.0,106.8,6,2
2549.2,200.9,266.4,75.6,4,1
2131.41,173.7,170.4,83.9,4,1
3715.92,139.0,628.3,71.9,5,1
2304.74,105.7,358.9,49.6,5,1
2815.01,144.2,403.4,69.4,6,2
3863.28,178.0,547.5,106.8,5,1
3572.97,172.7,517.3,90.3,5,2
1672.37,115.1,192.3,49.2,4,1
2348.16,149.8,283.9,68.1,4,1
3215.23,224.9,364.6,95.3,4,1
2789.03,190.0,330.7,78.5,4,1
1897.42,119.3,241.8,50.3,4,1
2140.92,152.5,252.4,57.9,4,1
2243.26,148.6,275.5,60.8,5,2
2192.16,118.4,309.6,53.4,5,1
3418.79,215.1,432.3,92.1,4,1
1696.73,118.3,194.3,49.6,5,1
2664.56,207.4,263.5,86.8,4,1
2580.86,197.2,252.2,87.0,4,1
2821.5,207.6,270.5,101.0,5,1
2908.11,90.5,494.7,63.0,5,2
3351.73,257.8,382.4,87.9,4,1
1978.4,101.7,293.9,44.0,5,2
2251.88,136.0,296.3,58.0,5,2
1527.38,120.3,140.5,53.8,4,1
1375.2,107.7,138.7,43.3,4,1
4125.2,204.7,571.9,113.2,5,1
1811.08,121.8,214.2,51.9,4,1
2306.09,210.4,177.6,83.8,4,1
3013.73,199.8,353.9,88.8,4,1
3066.71,120.2,498.1,65.9,6,2
2858.28,148.3,413.5,67.9,5,2
1652.32,179.6,56.7,78.5,4,1
1825.53,202.9,48.9,91.0,4,1
3902.65,146.2,605.5,99.5,5,2
3529.7,137.1,588.7,69.6,4,1
2150.78,99.8,309.7,57.0,6,1
2188.62,197.7,168.4,80.5,4,2
2519.91,133.8,363.5,58.9,4,1
2226.85,157.7,259.2,62.2,4,1
3292.79,134.7,531.1,69.9,5,2
2494.89,224.6,177.7,98.4,4,2
2083.8,137.3,262.8,53.7,4,1
3614.67,128.4,628.8,65.1,5,2
2284.15,211.0,138.6,98.4,4,1
2264.17,154.0,263.5,66.0,4,1
2972.1,139.0,394.1,93.3,5,2
2299.57,179.5,216.8,79.4,4,1
3118.73,202.2,315.9,116.2,5,2
3089.41,194.0,387.0,85.1,4,1
1995.57,127.5,251.2,53.4,4,1
1855.63,125.7,220.4,52.4,4,1
3054.52,101.8,509.3,67.8,6,2
2403.01,205.3,215.6,80.0,4,1
1964.78,169.1,163.3,70.6,4,1
3203.24,127.5,483.5,84.4,6,2
2780.54,161.5,352.1,80.7,5,2
3315.45,142.6,475.8,93.5,5,2
2442.56,110.3,325.2,77.8,5,1
2384.36,155.3,252.1,83.8,6,2
3582.35,173.4,498.9,99.2,4,1
2256.14,230.6,143.6,84.4,4,1
3595.56,141.5,567.7,84.3,5,2
1415.16,124.1,112.6,52.0,4,1
3629.59,163.3,562.9,80.5,5,2
2239.02,97.4,359.2,45.8,4,1
2435.84,87.9,410.9,48.9,5,2
2435.86,171.7,292.1,64.5,4,1
2485.14,104.0,357.8,70.9,5,2
2227.09,97.9,361.9,43.1,5,1
3592.63,195.0,494.8,92.6,4,1
2107.33,107.2,279.6,62.3,4,1
1724.87,205.3,35.0,84.9,4,1
2853.03,208.4,332.0,76.8,4,1
3263.83,173.5,393.6,110.6,5,2
1626.34,167.5,95.7,63.7,4,1
1694.9,163.6,101.3,70.6,4,1
1849.98,151.9,162.4,65.9,4,1
2189.79,93.9,338.5,51.1,6,2
3149.08,108.2,541.9,61.0,6,2
2513.85,108.9,376.7,63.5,5,2
2676.85,181.1,308.2,80.0,4,1
2866.0,208.6,305.1,90.1,4,1
2878.5,236.2,270.4,94.7,4,1
2857.48,147.6,410.1,69.6,5,2
2921.56,111.8,480.5,61.4,5,2
2739.89,211.6,274.8,88.2,4,1
4112.71,169.8,652.8,91.4,5,2
2783.19,149.4,357.2,84.1,5,2
1911.49,103.5,263.1,49.5,4,1
2033.69,167.0,197.0,64.2,4,1
3063.58,126.8,476.7,72.2,4,1
2787.59,148.0,401.7,65.4,4,1
2259.24,147.2,265.4,67.6,4,1
1637.1,201.4,30.1,79.0,4,1
2175.3,151.4,222.5,75.5,4,1
2356.16,219.6,161.6,92.4,4,1
2624.93,132.3,392.3,58.5,4,1
2141.07,136.6,260.9,61.2,4,1
3640.67,162.3,526.1,98.6,5,2
1909.42,144.5,192.6,62.3,4,1
1592.48,94.5,192.6,49.4,5,1
2347.93,117.9,363.2,47.1,4,1
1422.78,160.0,73.3,54.4,4,1
3120.13,162.1,470.5,65.5,4,1
2306.1,136.4,307.2,59.1,4,1
3208.0,240.7,372.2,84.1,4,1
3137.79,189.2,416.8,79.3,4,1
2441.36,116.2,339.2,68.9,5,2
2962.38,144.8,377.2,97.2,5,1
2281.6,130.6,309.6,57.9,4,1
2666.88,182.9,291.1,85.7,4,1
1622.88,122.2,161.7,54.2,4,1
2403.01,207.8,180.8,94.3,4,1
3415.79,192.5,414.4,109.8,6,2
2528.92,97.2,427.5,47.8,6,2
4291.94,197.8,649.9,100.1,5,2
2867.21,222.9,300.5,86.0,4,1
2291.96,83.1,390.3,44.2,5,1
3555.84,171.7,517.5,88.8,5,1
3189.09,204.2,394.9,88.1,5,1
3694.26,152.0,548.0,99.4,5,2
3377.61,153.9,492.4,88.1,4,1
3474.89,176.3,496.0,87.3,5,1
2529.34,225.6,191.8,95.5,4,1
3158.44,194.7,359.2,104.8,6,2
3137.67,193.9,428.2,72.1,4,1
4046.61,199.7,567.0,108.9,6,2
2198.97,163.0,205.3,80.6,5,1
1708.44,106.4,215.7,46.7,4,1
1976.14,116.3,238.3,62.0,4,1
3445.52,153.0,542.4,73.8,5,2
3720.23,185.4,556.8,83.5,5,2
2213.91,175.0,208.5,75.6,5,1
2430.74,117.6,364.0,56.0,5,1
1790.65,111.4,219.1,52.1,5,1
3069.03,121.7,513.6,58.7,6,2
2686.11,132.1,352.2,83.2,5,1
3019.76,134.2,475.9,64.4,5,1
2747.63,109.0,438.3,62.1,4,1
2109.52,134.0,279.0,50.8,4,1
4062.39,176.7,616.6,98.8,4,2
3574.34,212.8,500.6,80.1,5,1
2131.41,137.7,277.1,52.5,4,1
4506.56,187.3,698.8,106.9,5,2
2900.05,166.8,358.0,89.0,5,1
1940.48,116.2,257.4,49.6,5,1
2884.6,182.4,291.2,110.0,5,2
1495.93,151.0,83.1,62.1,4,1
2527.29,97.7,419.3,51.1,5,1
2770.5,138.4,418.7,60.2,5,1
2384.6,102.1,342.6,67.3,5,2
2398.84,91.0,403.3,46.9,4,1
2013.86,108.3,254.0,62.7,5,1
2435.73,103.2,381.7,55.1,5,2
2331.94,153.7,284.2,64.5,4,1
1855.94,102.7,253.2,48.0,5,1
3354.38,181.1,452.3,91.2,6,1
2507.78,151.7,345.4,57.7,4,1
2790.15,187.1,314.0,87.3,4,1
2342.75,108.9,333.3,63.8,5,2
3081.95,138.7,468.3,72.7,5,2
1871.46,205.7,101.2,71.6,4,1
3603.41,144.1,600.1,69.6,5,2
2745.88,207.8,267.7,93.7,4,1
3048.01,181.4,398.6,80.9,5,2
3509.1,161.8,493.4,98.7,5,2
3157.72,145.6,477.9,73.7,5,1
3279.2,133.6,526.8,70.8,5,2
1495.44,131.9,101.1,62.6,4,1
2946.15,101.2,520.8,50.9,6,2
3034.59,112.4,485.3,71.5,5,2
2190.43,147.9,264.9,59.9,4,1
2409.92,146.5,287.9,74.7,4,1
1717.61,141.7,169.6,52.5,4,1
4312.46,162.2,748.6,74.4,5,2
1609.85,147.9,116.0,61.6,4,1
2557.91,207.8,239.8,85.3,4,1
2517.94,160.8,272.4,87.2,4,1
3193.54,178.5,430.0,84.4,5,1
2482.03,102.3,408.6,48.7,4,1
2861.22,127.8,424.6,72.4,6,1
2021.4,141.7,226.1,61.1,4,1
2716.54,97.5,446.7,59.9,5,2
1687.3,156.0,128.7,60.9,4,1
2699.32,238.9,208.2,101.2,4,1
4313.49,183.5,679.8,95.6,4,1
2482.12,195.3,246.4,79.5,4,1
1718.47,85.6,249.5,42.0,4,1
1275.46,146.8,49.0,54.7,4,1
1870.54,202.1,103.6,72.0,4,1
2690.27,202.1,283.4,83.1,4,1
2737.25,170.5,346.7,74.3,4,1
4127.41,182.3,637.9,94.0,5,1
2705.89,127.3,380.5,75.0,6,2
2741.96,153.0,388.5,64.0,5,1
2586.81,111.6,431.2,46.2,4,1
1336.61,107.3,112.7,50.8,4,1
1446.39,123.3,122.6,51.4,4,1
4325.18,199.6,661.3,97.9,5,2
2379.07,104.2,356.5,59.6,4,1
2655.1,102.1,442.4,53.0,5,2
3002.76,157.4,429.6,72.7,4,1
2285.8,116.6,314.8,62.2,4,1
3400.94,159.9,500.8,84.2,5,1
2553.51,105.0,414.1,53.0,4,1
3006.0,188.8,360.0,90.1,6,2
3884.6,192.3,543.3,104.7,5,2
2526.33,131.3,359.5,62.5,6,2
3234.82,176.2,398.2,104.1,5,2
4140.89,198.2,561.8,122.3,5,1
2514.76,125.9,366.3,60.6,5,1
3449.08,182.5,458.1,98.5,6,2
2909.94,192.7,319.4,95.7,4,1
2648.65,162.0,309.1,84.9,4,1
2000.7,123.6,230.8,64.8,4,1
4450.49,180.8,717.1,95.4,5,2
1975.03,178.2,148.5,74.3,4,1
2627.61,137.8,362.9,69.5,6,1
1321.32,133.3,49.7,65.5,4,1
2073.79,96.0,293.8,57.2,6,2
2441.34,161.1,301.3,65.7,4,1
2609.96,159.6,277.7,95.6,5,1
2104.03,211.0,127.3,83.4,4,1
3066.99,181.3,395.0,84.6,4,1
2109.08,120.4,284.6,54.4,5,2
2805.11,180.9,358.9,71.8,4,1
3225.39,96.9,550.0,70.9,5,2
3000.76,102.5,513.3,59.7,5,2
2787.27,122.9,443.3,58.1,5,2
2146.78,123.9,270.0,63.4,4,1
2470.55,144.5,339.4,59.5,4,1
3298.02,142.3,527.3,68.8,5,1
1888.21,169.4,157.2,64.6,4,1
2038.64,120.6,232.4,69.6,5,2
1514.89,119.4,159.7,44.3,4,1
2669.55,120.8,412.1,59.8,6,2
2017.85,97.8,286.2,53.5,5,1
2042.32,97.1,307.2,47.2,4,1
2131.4,96.2,327.8,48.4,5,2
2004.9,171.3,132.2,87.9,5,1
2997.44,195.5,396.3,70.0,4,1
2257.74,156.9,265.0,63.3,4,1
2385.92,145.3,260.6,84.7,6,2
2093.04,194.0,147.7,80.7,4,1
2540.52,167.2,321.1,65.3,4,1
1948.29,102.7,245.9,61.5,5,1
2796.97,185.6,337.7,78.2,5,1
2218.32,182.4,211.2,71.5,4,1
2055.0,191.3,146.5,78.2,4,1
3759.73,168.7,550.8,98.0,6,1
2258.12,196.6,201.5,74.0,4,1
1630.13,185.0,42.5,80.0,4,1
3116.2,181.9,340.1,114.2,5,2
1594.22,120.0,167.5,49.3,4,1
1391.04,172.6,24.4,67.0,4,1
1955.1,125.3,246.2,52.1,5,1
1927.63,103.5,256.9,54.0,4,1
1700.89,147.6,131.8,64.8,4,1
2074.72,115.3,228.4,77.8,5,2
2077.95,95.1,304.5,53.3,4,1
3247.5,175.7,467.4,75.0,4,1
2866.52,207.6,334.6,77.5,4,1
1586.16,240.2,0.0,108.1,4,1
3647.37,196.0,534.8,80.5,5,2
2231.24,214.9,155.3,83.4,4,1
3131.71,220.0,364.6,88.2,4,1
3217.52,212.1,383.1,93.0,4,1
3003.59,131.7,451.3,74.6,5,2
3728.64,216.0,484.0,103.2,4,1
1910.15,186.1,109.8,80.7,4,1
2333.73,138.7,328.9,51.5,4,1
2686.66,183.7,337.1,67.1,4,1
1908.99,115.6,243.8,52.3,4,1
2243.22,127.9,302.9,57.8,4,1
2406.66,177.8,241.8,80.9,4,1
1796.69,90.4,257.3,45.1,4,1
2538.45,132.2,362.9,62.0,6,2
1765.47,88.6,254.2,43.8,5,1
1754.11,150.0,159.0,57.6,4,1
2875.51,144.0,390.9,81.8,6,1
2111.77,102.7,317.1,48.1,5,1
2102.97,105.0,259.7,71.6,6,1
1877.29,107.9,249.1,49.9,5,1
2584.31,160.6,296.5,84.0,4,1
2176.83,181.7,194.7,74.6,4,1
2023.94,89.3,324.6,40.9,5,1
2447.0,143.0,311.0,70.1,6,2
1948.93,127.4,225.4,59.7,4,1
2251.53,96.3,355.7,49.3,4,1
1909.19,111.7,247.9,52.3,4,1
3180.3,151.0,434.4,93.2,5,2
2098.68,137.0,260.5,56.5,4,1
2200.13,134.0,263.9,67.6,6,2
3620.93,176.1,482.4,109.7,5,2
2061.09,241.3,85.0,84.0,4,1
2912.84,178.4,327.0,99.0,4,1
1963.4,165.6,164.0,71.7,4,1
2854.47,108.4,477.1,56.9,5,2
2914.37,174.8,397.5,69.5,4,1
1856.2,171.6,139.1,68.2,4,1
2444.2,175.2,235.2,89.2,4,2
1869.63,84.6,282.0,44.8,5,2
4166.02,205.2,574.7,116.3,6,2
3233.82,218.9,380.2,93.0,4,1
2262.01,149.3,263.0,68.1,4,1
3027.41,132.7,414.0,93.4,5,1
2169.98,207.8,155.0,79.9,4,1
3108.59,159.1,461.7,69.5,4,1
2925.2,213.9,297.9,97.6,5,2
1682.48,121.4,204.2,42.2,4,1
3423.43,229.8,416.2,93.3,4,1
2421.28,129.9,325.5,66.6,4,2
3251.35,168.9,464.5,79.7,4,1
2278.7,109.9,337.1,54.5,4,1
2071.38,240.2,56.0,98.5,4,1
1748.86,110.9,220.5,47.0,4,1
1865.58,174.3,157.9,59.7,4,1
2718.5,112.2,409.5,70.2,5,1
3352.11,139.0,526.9,76.5,6,1
2654.15,153.5,334.3,78.1,5,1
1887.9,145.4,180.2,65.0,4,1
1816.53,84.1,249.1,53.7,5,2
3896.23,184.9,573.6,95.8,5,2
2658.32,217.3,258.3,84.0,5,1
2219.78,138.0,298.7,52.5,4,1
1986.25,139.5,233.2,55.1,4,1
4136.02,194.2,597.8,107.6,5,2
1725.76,90.7,245.1,42.5,5,1
1968.23,142.0,203.4,65.2,4,1
2546.52,206.3,254.3,78.2,4,1
2040.65,153.3,202.4,68.7,4,1
1407.38,127.4,104.4,53.4,4,1
1774.65,153.2,147.4,63.6,4,1
2690.21,170.2,285.2,96.5,6,2
2389.14,135.7,320.7,62.7,5,2
2250.46,132.9,260.6,75.2,6,2
1717.44,162.8,106.0,71.4,4,1
1283.92,135.4,75.0,49.1,4,1
3554.28,150.7,543.6,86.3,5,2
3006.18,119.5,494.4,61.2,5,2
2295.95,125.2,315.0,59.5,4,1
1725.15,172.1,79.1,80.1,4,1
2001.51,89.9,297.1,50.4,4,1
1986.49,172.9,139.4,81.9,4,1
1597.06,126.4,134.9,61.3,4,1
1805.06,191.5,82.3,78.9,4,1
2333.25,108.5,347.7,56.5,4,1
3014.82,178.7,418.1,69.8,5,1
2422.49,128.4,308.5,75.0,5,2
2842.31,112.8,475.5,54.4,6,1
1960.98,130.2,235.0,55.6,4,1
2203.39,153.7,223.9,77.0,4,2
2509.48,88.3,437.5,45.1,5,2
2299.61,207.5,191.0,78.4,4,1
3287.04,199.7,391.9,102.3,5,2
2889.15,136.6,452.4,59.2,5,1
3081.69,177.1,423.2,75.6,4,1
2209.63,229.7,101.7,98.2,4,1
2085.18,118.3,260.9,63.2,4,1
1423.42,112.0,151.7,40.9,4,1
2564.89,151.9,355.9,59.3,5,1
2216.82,155.8,251.6,65.3,4,1
2161.72,109.3,292.8,61.5,4,1
2128.46,103.9,306.0,54.3,5,2
2532.78,175.6,289.2,74.8,4,1
2905.73,117.5,455.8,68.1,5,2
3395.3,118.3,580.1,66.9,4,1
1677.6,141.8,144.5,59.2,5,1
3490.67,211.2,434.6,100.8,4,1
2727.91,161.0,359.3,71.8,5,1
2231.7,227.1,119.3,94.0,4,1
2660.19,181.4,265.3,97.1,5,2
2943.75,98.3,490.6,65.3,5,2
1986.85,166.3,178.8,67.4,4,1
1393.59,109.7,128.6,48.9,4,1
3526.18,176.8,509.3,86.8,5,1
2142.37,117.9,261.7,69.3,6,2
2564.19,227.1,227.3,83.0,4,1
2585.9,105.2,426.2,51.1,4,1
3853.06,182.6,546.1,104.2,5,2
3516.3,122.9,603.2,68.0,5,2
1817.09,213.7,54.8,82.6,4,1
2718.14,121.0,418.8,62.1,5,2
2571.95,120.0,387.2,60.3,4,1
3182.35,122.4,509.8,72.6,6,2
3119.59,164.1,435.3,80.2,5,2
3928.95,182.7,548.6,111.5,5,2
2169.89,133.7,260.1,66.0,5,1
1164.17,111.3,82.0,43.5,4,1
2774.78,99.1,475.6,52.9,5,2
2310.55,130.4,316.5,58.1,6,2
2915.42,195.9,327.1,91.5,6,2
1783.8,107.3,188.6,66.7,6,2
2110.06,105.7,321.6,44.6,4,1
3652.66,184.9,463.1,117.8,5,2
3442.53,140.6,574.7,64.6,5,2
3037.45,126.9,500.4,58.7,5,1
2084.0,233.7,74.4,94.6,4,1
2391.21,197.8,223.7,78.4,4,1
2190.32,101.4,320.7,55.8,6,2
4634.57,172.3,758.1,101.5,6,2
3389.17,146.3,526.3,77.7,4,1
1515.25,141.2,93.1,64.2,4,1
2705.65,140.4,389.4,65.2,5,1
2362.84,117.2,331.7,63.0,5,1
2943.29,104.6,467.4,72.8,5,2
2988.88,201.9,326.9,97.1,4,1
2387.9,125.6,312.6,70.5,4,2
1489.89,92.7,169.2,49.1,4,1
3849.75,194.1,549.6,97.2,4,1
2076.46,112.1,271.5,60.2,4,1
1847.77,150.8,169.5,62.9,4,1
2747.88,143.7,337.8,91.3,5,2
2421.9,214.9,178.9,94.1,4,1
4017.06,161.6,641.2,89.6,5,1
2367.62,94.1,389.2,48.2,6,2
2021.48,123.1,266.6,51.4,4,1
3089.96,133.0,492.1,65.5,6,2
3274.47,134.1,520.0,73.1,4,1
1685.13,161.8,106.8,67.9,4,1
2746.09,104.1,417.8,73.2,6,2
2249.14,104.7,330.2,56.6,4,1
2278.47,188.2,210.0,76.2,5,2
3296.42,139.9,516.6,74.5,5,1
2550.49,213.4,212.5,94.1,4,1
3192.44,153.7,422.0,98.8,5,2
2414.69,145.8,282.1,78.1,5,2
2822.04,214.8,298.7,85.4,4,1
2224.14,132.9,287.9,60.1,4,1
2726.91,152.3,360.9,74.9,4,2
1820.01,124.0,205.7,55.7,4,1
1791.68,136.2,191.1,53.6,4,1
2311.27,127.2,291.3,70.8,5,1
3613.92,204.1,498.4,89.3,4,1
2789.67,153.1,373.1,76.1,5,1
2606.19,112.2,395.5,63.9,5,2
1902.33,112.3,252.8,49.1,4,1
2113.87,100.7,301.4,56.2,4,1
2622.73,90.9,447.8,52.0,5,2
1858.07,113.0,239.5,49.8,4,1
2381.97,220.0,169.0,91.8,4,1
2296.4,162.4,226.5,82.3,6,1
2284.39,216.3,154.5,89.0,4,1
3652.8,191.5,554.0,74.5,4,1
2865.31,203.0,329.3,81.8,4,1
2629.88,207.7,240.8,92.9,4,2
1857.47,85.5,265.8,50.2,4,2
2574.01,116.6,412.0,51.1,6,1
3075.29,124.8,437.5,91.8,5,1
1697.25,155.3,122.4,65.2,4,1
3477.73,161.2,489.8,97.1,6,2
4121.15,183.4,577.7,119.6,5,2
2693.09,140.7,402.8,57.6,5,1
3511.2,186.3,494.6,87.5,4,2
1449.09,107.1,143.9,49.4,4,1
1558.12,145.6,113.0,58.2,4,1
2849.29,157.2,369.9,82.3,5,1
1779.52,212.9,27.0,91.1,4,1
2389.74,97.5,391.6,48.1,5,1
1500.02,113.7,152.0,48.6,5,1
1908.07,119.1,252.0,47.1,4,1
3446.1,152.8,535.7,76.9,6,1
2344.58,177.9,232.9,77.9,5,1
1933.11,172.6,165.9,64.4,4,1
3185.82,136.1,502.7,70.1,5,1
2318.31,234.1,155.0,84.6,4,1
2344.98,144.5,282.1,70.9,4,1
3533.06,127.8,582.1,77.0,4,1
4138.74,168.3,710.1,69.5,5,2
2507.6,241.2,179.0,91.9,4,1
3691.55,241.1,458.7,99.2,4,1
2098.48,142.8,238.0,63.9,4,1
2277.56,115.4,296.2,70.2,5,1
1385.18,153.2,63.2,57.7,4,1
3288.42,190.7,381.6,111.0,5,2
2644.21,132.2,379.3,66.5,4,1
2208.26,136.3,293.2,54.4,4,1
1692.29,114.5,190.5,52.5,4,1
2683.67,118.0,439.8,50.3,4,1
2635.38,185.8,290.8,81.0,5,1
2577.7,124.6,356.6,72.6,5,2
3043.06,169.1,368.4,99.2,6,2
3329.67,172.4,476.0,81.8,5,2
1738.84,129.3,174.2,58.3,4,2
2803.92,221.1,261.1,97.2,4,1
3162.15,191.7,412.9,82.7,4,1
3339.31,162.4,442.8,102.0,5,2
1634.82,171.9,84.0,67.9,4,1
2111.09,160.0,204.7,72.5,5,1
2876.94,135.3,409.2,77.7,5,2
3478.63,173.6,530.4,73.6,5,1
2385.23,150.4,269.4,78.5,4,1
1910.7,98.4,228.6,67.0,5,2
2848.8,101.4,466.2,64.3,5,2
2521.08,107.9,397.2,55.7,4,1
1965.3,126.6,230.7,59.6,4,1
2908.55,199.5,339.0,83.8,4,1
3570.24,210.9,455.3,100.6,6,1
2642.21,108.3,433.8,52.6,4,1
3428.32,154.2,455.8,109.8,5,1
3057.66,170.1,390.1,90.8,5,2
3288.86,200.1,379.1,108.0,5,2
1511.7,143.2,103.1,58.5,4,1
2552.32,160.7,299.7,79.0,4,1
3750.68,154.2,603.4,80.0,5,2
2980.13,153.6,459.7,58.6,5,1
2461.23,142.5,287.5,82.4,6,1
2050.27,241.1,52.5,97.3,4,1
2033.28,128.8,216.0,72.7,4,1
2551.95,168.9,300.9,74.8,4,1
2498.71,84.7,412.9,56.5,6,2
2273.97,144.2,220.1,90.8,5,2
3117.08,155.0,455.4,75.1,5,1
1640.64,144.6,105.9,71.0,4,1
1554.43,127.2,134.3,56.5,4,1
1981.7,153.2,200.3,63.0,5,1
3911.22,153.8,676.4,65.6,5,2
2082.3,183.7,132.4,90.9,5,1
3660.55,196.2,515.6,90.4,5,1
2945.46,124.2,433.0,79.6,5,2
1847.2,189.1,80.7,85.4,4,1
4535.42,203.8,677.9,112.1,5,2
3912.26,185.2,594.2,88.3,5,2
2381.14,173.8,235.4,82.7,5,2
2576.09,136.1,352.5,69.1,4,2
1869.66,168.5,130.8,74.7,4,1
2933.65,174.2,361.3,88.0,4,1
2826.89,124.8,416.0,73.7,6,2
1694.2,169.9,90.0,72.7,4,1
1896.61,174.0,142.6,70.1,4,1
4354.59,209.0,640.6,106.2,6,2
2364.36,107.7,348.1,60.1,5,2
2704.72,131.7,382.6,71.9,5,2
3009.45,190.2,394.0,74.7,4,1
1890.25,197.1,91.4,81.8,4,1
3566.84,180.5,533.2,79.1,4,1
3171.83,141.9,505.5,64.7,5,1
3627.96,244.5,465.1,87.7,4,1
1443.62,155.9,51.7,68.1,4,1
1871.52,110.7,209.2,65.8,5,1
1778.88,186.8,65.9,85.4,4,1
3657.23,183.9,548.5,80.8,4,1
3003.83,144.0,450.7,69.4,4,1
2354.53,102.1,368.7,52.4,6,2
2964.47,127.9,486.0,56.6,4,1
1644.61,134.7,149.9,56.2,4,1
2029.93,96.4,285.4,55.9,5,2
2142.74,196.8,177.8,71.6,4,1
2304.4,138.1,279.7,70.4,5,2
2615.33,185.5,300.7,74.5,4,1
3046.61,177.4,419.0,73.4,5,1
1713.38,152.4,129.6,65.1,4,1
1385.92,136.7,85.8,55.1,4,1
1547.43,158.3,81.0,65.6,4,1
2638.37,98.4,440.0,53.9,5,2
2275.54,168.1,225.6,77.9,4,1
2062.8,112.9,247.9,68.9,5,1
1723.73,122.5,189.9,52.7,4,1
4211.51,156.2,678.8,96.8,5,2
2813.58,182.9,302.4,96.9,4,1
3142.58,158.6,467.2,71.0,5,1
2450.39,155.6,324.2,59.0,4,1
1815.7,117.1,229.7,47.6,4,1
2230.68,170.2,182.8,90.9,5,1
4138.01,227.4,566.9,106.7,5,2
2928.12,108.5,493.5,57.8,5,1
1732.85,105.4,213.4,50.9,4,1
3725.82,187.7,550.4,85.9,4,1
2522.2,160.3,310.4,71.0,5,1
2608.02,124.4,389.9,61.2,4,1
2362.3,135.5,322.8,58.8,6,1
3055.96,252.0,315.2,87.5,4,1
3512.41,178.4,487.6,94.2,5,1
2358.71,106.2,365.1,52.6,4,1
1241.1,115.4,89.3,46.9,4,1
3619.86,226.5,479.5,88.4,4,1
2371.75,114.8,357.7,53.5,5,1
3002.26,154.7,382.2,94.9,5,1
1711.88,152.5,118.1,69.9,5,1
1878.09,106.2,242.1,53.9,4,1
2186.59,217.0,119.3,93.5,5,1
4003.12,155.9,658.0,83.1,5,2
2504.33,114.6,386.6,55.5,6,1
2283.83,213.6,166.3,84.9,4,1
4312.91,195.9,679.6,90.1,5,1
2287.85,145.6,291.0,60.2,4,1
2137.97,216.8,134.4,81.5,4,1
1940.07,227.4,57.3,89.0,4,1
3227.66,144.3,497.1,73.5,5,2
2210.91,158.2,241.5,68.0,4,1
1425.0,119.1,133.4,46.1,4,1
2099.48,234.6,92.1,88.1,4,1
1965.28,125.1,249.7,51.8,4,1
3058.74,185.4,389.7,84.3,6,2
1771.68,193.5,77.4,76.4,4,1
2954.83,206.9,327.1,91.0,4,1
3497.96,163.4,513.4,87.8,5,1
3189.08,223.9,347.8,100.2,4,1
2080.81,135.0,255.5,57.6,4,1
3227.89,192.0,425.2,84.3,4,2
1885.25,184.1,139.1,65.8,4,1
2205.15,133.2,273.7,64.2,4,1
2069.87,120.8,260.2,60.6,5,1
2042.19,95.6,310.9,46.3,5,2
3401.69,176.7,414.1,115.4,5,2
2142.32,135.0,270.9,57.6,4,1
1899.6,144.2,137.9,85.7,4,2
3380.86,231.9,423.1,84.5,4,1
3212.17,141.5,512.8,66.1,5,2
2823.81,230.1,249.3,100.7,4,1
2006.4,160.2,181.4,71.1,4,1
2498.31,148.4,303.0,77.0,5,1
3053.77,140.6,454.5,74.8,4,2
2929.16,105.7,507.4,53.0,6,1
2078.48,149.2,211.9,70.5,4,1
2756.48,134.4,360.6,86.2,5,2
4274.42,171.0,691.6,91.6,4,1
2760.43,163.6,383.3,63.6,4,1
3340.28,217.1,384.2,103.9,4,1
3130.7,167.9,426.3,83.8,5,1
2673.87,184.1,291.7,85.7,4,1
3120.53,227.2,323.1,102.2,4,1
2558.7,94.9,448.2,42.9,5,2
2771.4,169.2,343.4,80.1,5,1
3400.48,185.7,390.5,121.7,6,2
1958.86,125.8,248.6,51.2,4,1
1538.13,113.6,171.2,44.3,4,1
2242.44,155.4,209.7,86.9,5,1
3006.54,143.7,432.1,78.1,4,1
2396.39,94.2,401.6,45.9,5,2
3386.93,135.0,531.0,80.3,5,2
2705.9,89.0,462.8,55.4,5,2
2462.39,171.0,265.8,79.5,4,1
2096.34,185.2,173.6,73.5,4,1
1574.57,140.5,121.9,58.3,4,1
2167.14,108.0,282.8,67.1,6,2
4248.22,176.0,676.5,93.1,4,1
2032.34,109.4,258.9,62.1,5,1
3320.43,214.2,426.8,84.0,4,1
3058.21,108.3,523.2,59.1,5,1
1620.78,103.1,205.7,42.9,4,1
3644.24,209.6,522.1,79.7,4,1
2827.59,124.1,420.5,72.2,6,2
2045.57,159.5,199.6,67.7,4,1
3905.48,193.2,597.5,82.5,6,2
2327.27,150.3,277.2,68.6,5,1
1646.4,131.5,145.2,60.0,5,1
3671.04,165.2,501.0,111.8,5,2
2619.67,162.5,345.5,65.3,4,1
2518.56,99.6,392.1,61.3,4,1
3534.47,164.9,534.9,81.7,4,1
2262.1,155.6,289.5,53.5,4,1
4359.22,157.9,704.3,101.2,5,2
1805.44,136.1,196.4,52.8,4,1
4006.07,157.9,663.1,80.2,5,2
2412.36,143.5,304.5,68.9,5,2
3250.65,138.0,540.2,59.8,5,1
1647.77,134.4,166.3,49.4,4,1
3504.55,137.6,578.1,71.3,4,1
2501.4,196.8,256.2,76.6,4,1
3650.27,136.6,617.4,70.4,5,1
2396.88,208.5,214.5,78.3,4,1
3069.83,145.2,488.0,59.7,4,1
1456.14,96.9,161.3,47.1,4,1
2352.4,135.5,302.5,66.7,5,1
2470.02,89.1,427.7,44.8,5,1
2625.46,121.1,408.9,56.2,5,1
2965.11,148.7,405.4,83.2,4,1
2870.95,169.9,395.4,67.8,4,1
2448.71,156.7,259.6,87.1,4,1
3919.76,198.9,590.4,84.7,5,1
2725.5,93.9,444.6,63.5,6,2
2674.34,182.1,254.2,103.2,6,2
3174.29,164.9,461.8,74.2,5,1
1329.84,131.2,74.6,56.3,4,1
1557.88,149.2,106.5,59.5,4,1
1909.76,138.2,223.5,51.4,4,1
3227.33,158.7,486.9,71.6,4,1
3009.34,202.6,383.7,73.8,4,1
1486.12,125.4,127.9,52.6,4,1
1770.61,203.8,53.8,82.3,4,1
3428.81,216.6,428.2,94.4,4,1
2733.05,160.0,377.0,65.0,5,1
3595.35,185.0,518.6,86.8,4,1
3038.87,176.0,420.6,72.5,4,1
2459.94,220.9,169.9,99.6,4,1
1205.12,106.8,90.6,46.2,4,1
1408.32,154.9,43.9,68.1,4,1
2862.17,194.1,325.5,87.1,4,1
1597.19,155.4,101.8,63.2,4,1
2368.85,112.6,343.4,60.6,6,2
3960.27,215.2,508.7,118.3,6,2
4178.51,181.5,630.9,103.2,5,2
3657.23,177.7,552.8,81.7,5,2
3510.08,220.4,447.4,93.2,4,1
1841.72,159.3,135.9,73.4,4,1
1716.48,220.5,0.0,95.2,4,1
1902.8,127.7,226.9,53.8,4,1
3520.28,181.3,458.7,106.7,5,2
2064.22,97.9,295.1,54.7,4,1
2781.46,106.1,491.1,43.6,5,2
1454.58,126.5,120.4,51.9,4,1
1824.79,105.4,241.6,48.5,4,1
1769.43,140.5,179.5,54.4,4,1
4208.11,192.2,643.7,96.0,6,2
1913.11,160.4,168.5,66.4,4,1
2240.32,126.0,299.8,59.7,6,2
2582.86,189.2,276.0,80.2,4,1
2903.21,134.6,422.0,75.2,5,2
3070.5,184.8,379.0,90.6,4,1
1692.3,125.0,173.3,55.5,4,1
2752.67,169.7,332.2,82.8,5,1
1293.6,146.9,59.9,51.8,4,1
3368.15,174.4,493.5,77.4,4,1
2094.61,154.4,213.5,69.2,4,1
2666.35,97.2,445.0,55.3,5,1
1445.04,172.1,22.7,73.9,4,1
3540.67,157.8,511.2,96.1,6,2
1646.76,190.9,46.1,77.6,4,1
2754.33,182.5,266.8,106.3,6,2
2622.33,204.8,257.9,85.7,4,1
2986.73,151.6,417.4,79.0,4,1
3381.44,166.3,511.9,74.3,5,1
2482.72,157.5,288.8,77.5,5,1
3193.12,186.7,380.4,102.8,5,2
2636.82,175.3,335.7,65.9,4,1
2088.86,81.0,340.5,44.7,5,2
2078.42,149.7,208.6,71.7,5,1
3224.92,156.2,407.1,108.0,5,1
1237.2,124.4,78.5,47.3,4,1
2169.88,153.6,235.8,68.1,5,1
2379.22,158.7,296.3,62.1,4,1
3003.74,115.7,503.6,58.5,5,1
3044.08,165.8,431.8,72.7,4,1
3063.29,163.1,435.8,74.2,5,1
3169.63,199.0,359.8,103.8,5,2
2259.48,103.5,361.2,44.5,4,1
3646.64,194.2,511.4,91.6,5,1
2871.18,168.2,315.4,104.1,4,1
1681.62,127.1,180.6,50.1,4,1
2445.71,121.2,331.8,70.4,5,2
3297.12,193.8,422.3,92.5,6,1
1418.33,101.5,153.3,44.4,4,1
2026.1,172.3,161.0,77.0,4,1
4288.91,206.6,660.4,91.2,4,1
3845.63,194.2,568.3,88.4,4,1
2193.6,163.4,210.0,77.8,4,2
4195.71,176.9,629.2,107.9,6,2
3131.07,197.8,360.7,99.7,5,2
3253.41,221.7,357.3,104.1,4,1
2572.62,89.4,448.6,46.7,5,2
2109.84,87.0,340.2,44.5,5,1
2126.6,169.0,186.4,78.3,4,1
3513.2,149.1,530.1,88.5,6,2
2050.0,84.5,289.4,61.6,5,2
2237.43,217.6,135.5,91.7,4,1
3075.13,163.6,417.9,83.2,5,1
3192.13,224.8,395.2,79.1,4,1
1946.39,119.8,251.4,51.3,4,1
3568.66,194.2,520.2,79.0,4,1
1970.53,145.5,206.6,62.4,4,1
2011.32,132.8,228.2,63.0,4,1
2380.81,147.9,291.9,69.1,5,2
1795.11,202.1,53.4,85.9,4,1
2572.44,234.3,199.5,93.0,4,1
3234.82,203.0,398.3,92.2,4,1
2385.5,173.0,274.5,66.1,4,1
1883.32,116.4,245.8,48.3,4,1
1845.62,151.2,175.2,60.0,4,1
2379.27,148.6,326.2,53.3,4,1
2941.32,171.0,349.5,95.5,5,2
2730.52,204.0,260.0,97.2,4,1
1750.3,163.2,126.9,65.6,4,1
3702.82,139.1,609.8,78.6,4,1
2425.82,114.6,347.3,64.2,5,1
3652.17,177.4,547.2,83.7,4,1
3646.88,121.8,620.8,75.2,5,2
2501.32,201.6,235.3,83.7,4,1
2825.21,124.6,458.4,54.8,5,1
2657.02,169.7,326.9,74.5,5,1
2146.36,117.9,269.9,66.1,4,1
2286.45,173.6,222.5,78.0,4,1
1647.72,104.5,200.5,47.5,4,1
2072.12,207.3,128.2,81.1,4,1
2592.99,146.3,283.3,97.2,5,2
2209.28,163.3,207.9,80.5,4,1
2434.63,158.8,272.1,79.0,4,1
1945.54,110.2,256.0,53.4,4,1
2220.73,170.5,212.9,76.4,4,1
2617.73,149.9,364.3,62.3,4,1
2446.79,175.9,258.3,78.9,5,2
2245.81,121.4,317.6,54.4,4,1
4368.55,201.6,670.5,97.8,5,1
1479.81,156.3,60.3,68.2,4,1
2072.7,156.0,199.7,72.2,4,1
3460.42,183.6,460.9,98.1,5,2
1390.18,155.8,53.3,61.5,4,1
3735.81,195.2,547.4,85.0,4,1
1434.83,109.0,139.8,48.9,4,1
2423.31,98.5,369.7,61.2,6,2
1246.7,113.2,92.3,47.2,4,1
2243.79,163.3,224.3,77.1,4,1
4225.68,170.5,688.8,87.6,6,2
1848.15,141.5,170.9,66.5,5,1
2885.79,176.6,357.9,83.1,4,1
3385.87,202.0,459.8,82.1,5,1
4212.72,186.6,630.2,105.1,5,2
3266.38,201.4,383.3,103.1,6,1
1277.76,120.2,87.3,49.8,4,1
3688.52,176.8,562.4,81.3,4,1
2135.45,147.4,258.2,57.0,4,1
3505.47,150.4,527.1,88.4,5,2
2156.93,180.0,181.2,79.1,5,1
1627.03,117.9,176.1,50.1,4,1
2573.18,225.1,212.1,91.6,4,1
2963.79,175.1,338.0,101.3,5,2
3341.64,190.3,471.4,77.2,4,1
1867.97,195.9,71.8,88.6,4,1
4206.7,177.0,631.3,108.2,6,2
2955.0,106.7,497.9,59.6,5,1
2847.69,153.2,313.9,108.8,5,1
1804.11,134.5,188.4,57.0,4,1
1975.54,95.6,277.7,53.6,5,2
2877.06,155.1,360.3,90.6,4,1
3040.98,242.9,295.9,98.4,4,1
2721.45,129.4,411.9,61.8,4,1
2826.68,244.7,269.5,85.6,4,1
3062.67,223.1,313.2,101.9,4,1
3546.48,127.5,606.6,67.8,5,2
2215.41,141.6,278.5,59.5,4,1
2047.11,136.4,259.4,51.5,4,1
2267.41,250.0,126.4,84.6,4,1
3567.54,151.7,573.6,74.1,4,1
2582.01,183.7,267.0,86.6,6,2
2415.81,121.6,312.3,75.6,5,2
2650.49,126.4,413.8,54.4,4,1
4384.65,207.0,696.0,85.8,4,1
3773.65,158.8,603.7,80.4,5,1
3155.2,150.4,445.3,85.8,6,2
3287.93,158.0,478.6,82.4,5,1
2810.72,218.8,292.4,85.1,4,1
2599.1,119.1,383.5,65.4,5,2
2048.48,182.2,146.2,81.6,4,1
2750.86,131.2,416.9,62.0,4,1
3069.72,154.0,440.2,77.0,4,1
2317.09,120.3,269.9,84.0,5,2
4145.64,192.9,611.1,103.3,6,1
2810.09,166.3,354.2,80.9,5,2
2601.8,220.2,249.5,80.3,4,1
2794.14,163.4,380.4,68.8,4,1
3647.63,158.6,603.5,66.6,4,1
2360.72,165.5,275.1,66.5,4,1
1818.75,132.7,210.8,49.4,4,1
2310.34,152.6,296.8,57.0,4,1
1613.2,187.2,43.7,76.6,4,1
1885.77,167.0,143.2,71.7,4,1
2989.08,188.5,361.7,87.6,4,1
1844.44,85.9,276.5,43.9,6,2
1320.35,135.6,63.4,58.3,4,1
1751.4,122.7,169.4,64.8,4,1
1955.81,206.4,96.6,82.6,4,1
3219.56,188.7,388.1,101.4,5,2
2424.27,178.2,244.4,81.5,5,1
3099.42,159.8,380.4,104.3,5,2
2935.49,121.9,493.5,52.7,5,2
3073.39,143.3,435.2,84.4,5,1
2008.59,174.9,167.3,71.1,4,1
1595.0,117.8,168.8,49.8,5,1
2117.82,99.3,297.9,58.8,5,2
2675.5,140.0,386.6,63.3,4,1
2075.31,150.0,243.1,55.9,4,1
2408.36,163.3,291.1,65.6,4,1
1722.66,167.9,97.0,73.7,4,1
2555.4,160.8,323.0,68.9,4,1
2333.07,154.8,276.9,67.4,4,1
1513.05,159.2,73.8,64.6,4,1
3843.57,176.0,569.2,95.9,5,2
3542.19,122.5,615.5,65.6,6,1
1883.31,117.4,217.6,60.4,5,1
2327.48,117.0,346.4,52.6,4,1
3106.87,131.4,469.6,78.1,5,1
1322.21,136.3,58.2,60.5,4,1
3905.47,188.0,581.3,92.0,5,2
3401.09,143.5,515.0,85.2,5,1
1797.5,110.4,192.9,64.9,5,2
2777.61,186.3,272.2,104.8,5,2
1715.38,107.8,179.9,62.8,5,1
2293.97,144.7,259.7,75.1,5,1
3374.8,137.2,548.5,70.2,5,2
1714.08,199.5,37.8,85.0,4,1
1432.52,109.8,154.5,41.7,4,1
1968.73,183.5,133.4,77.9,4,1
2869.67,105.2,446.6,73.6,5,2
2109.44,120.5,291.8,51.1,4,1
3459.83,161.9,536.3,74.1,5,1
1785.08,150.0,147.4,66.2,4,1
2540.75,141.2,344.9,66.3,4,1
2004.85,160.7,205.3,60.1,4,1
1656.21,166.9,110.5,60.7,4,1
3150.72,118.6,505.6,72.6,6,1
4817.82,208.7,798.3,87.8,5,2
2462.19,122.3,348.2,64.5,5,1
2925.07,171.4,307.8,112.0,5,2
3900.07,150.2,635.5,84.2,4,2
3826.05,184.4,572.2,88.8,5,2
2876.87,158.2,384.0,78.7,6,2
1413.73,111.6,135.9,47.1,4,1
2371.5,136.1,253.8,90.2,5,2
2134.52,154.7,239.1,62.1,4,1
2751.08,155.2,362.8,75.5,5,1
2277.53,147.1,238.0,81.9,5,2
3255.42,183.5,458.9,76.2,4,2
2885.94,113.6,479.4,57.1,5,2
3608.28,135.3,603.5,72.6,5,2
2789.22,230.6,240.3,100.6,4,1
1993.68,125.3,259.7,50.4,4,1
2224.41,104.6,352.0,44.2,4,1
3690.38,138.9,625.3,70.4,5,2
4015.02,198.7,546.2,115.0,5,2
1234.41,122.9,83.0,45.6,4,1
2364.7,215.8,192.1,81.5,4,1
4090.34,171.4,620.0,102.7,5,1
2036.19,122.0,270.8,51.7,5,1
2670.38,139.2,327.7,89.2,5,2
2892.27,104.6,474.3,64.1,5,1
1975.72,141.6,213.0,61.9,4,1
2549.37,227.1,195.6,95.4,4,1
2786.91,109.1,461.2,56.2,5,2
2475.3,232.6,159.6,100.7,4,1
1867.11,113.0,224.2,57.6,5,1
2484.89,212.3,178.0,102.6,4,1
2766.52,117.7,425.7,65.9,6,1
4034.26,155.8,663.8,84.0,4,1
3430.86,164.1,502.7,84.8,6,2
1831.48,132.5,185.6,62.1,4,1
2697.24,125.7,412.4,60.5,5,1
2243.17,228.1,99.8,103.5,4,1
2111.07,165.0,216.2,65.1,4,1
1805.38,158.8,144.5,65.8,4,1
2932.33,168.8,391.6,76.8,5,2
3197.61,157.5,494.6,65.5,4,1
4458.17,176.9,725.7,94.2,5,2
4641.29,190.0,710.4,115.5,5,1
3439.66,204.5,396.7,114.9,6,1
4297.5,194.6,672.0,92.3,4,1
1974.31,209.7,80.2,90.5,4,1
3027.51,206.1,339.6,93.9,4,1
2591.02,207.1,210.6,102.3,5,1
1364.78,113.9,136.2,40.5,4,1
3590.06,158.3,480.2,115.1,5,2
3688.74,253.3,428.1,107.0,4,1
2830.23,185.5,331.3,84.8,5,2
2986.86,174.0,382.6,84.5,4,1
4759.93,193.2,796.7,88.9,5,2
4218.11,217.2,570.2,118.7,5,2
2155.53,115.4,319.4,46.3,4,1
2486.92,220.9,194.2,91.8,4,1
2866.03,95.5,489.9,58.2,5,2
2898.24,155.0,398.4,76.1,6,2
2192.36,117.8,283.4,65.3,5,1
2678.66,111.2,421.1,61.1,6,1
4043.31,169.0,664.8,78.6,5,1
2844.89,95.8,470.7,64.3,5,2
2633.2,123.1,393.7,62.9,5,1
3273.14,212.8,336.7,119.5,5,2
2105.0,169.3,184.2,76.8,4,1
2207.82,169.6,230.1,67.7,4,1
2561.73,136.5,387.2,51.9,5,1
1844.57,200.9,99.2,71.6,4,1
3514.02,164.5,453.1,116.0,5,2
1942.1,88.0,278.5,52.9,5,1
2119.59,170.9,174.5,82.0,4,1
3671.65,130.4,641.9,64.7,5,2
2932.09,130.5,459.1,63.7,4,1
2632.98,150.6,363.0,64.3,4,1
3816.05,170.6,590.0,85.9,6,2
2134.89,109.3,310.2,50.7,5,1
2370.37,203.8,182.8,91.6,4,1
2779.03,153.4,375.2,73.8,5,1
2373.82,90.9,396.5,47.2,4,1
3021.5,192.5,366.8,87.1,5,1
3030.34,219.8,354.8,81.3,4,1
2641.45,250.3,201.6,92.7,4,1
5080.04,187.6,869.3,94.7,5,2
2901.86,213.5,344.3,74.5,4,1
4589.08,176.9,755.5,95.5,5,2
2332.39,199.4,207.5,78.3,4,1
2259.42,201.5,182.6,80.3,4,1
2425.31,122.8,368.8,51.0,5,1
2043.12,101.7,255.3,68.3,5,2
3681.52,145.2,543.9,102.8,5,2
2320.47,173.6,254.1,67.8,4,1
2392.96,117.4,364.7,51.6,4,1
2118.33,237.1,84.2,92.6,4,1
2336.96,223.1,153.3,92.4,4,1
2452.95,90.6,423.1,44.2,5,1
2611.22,96.1,443.7,50.2,5,1
4027.09,184.0,563.0,115.4,5,2
2912.21,148.5,380.0,88.7,6,2
3212.3,166.0,468.3,75.0,5,2
3138.24,130.7,498.8,68.9,5,1
2739.13,193.1,331.8,71.1,4,1
2159.82,183.9,205.7,66.8,4,1
1389.92,160.1,40.8,65.1,4,1
1664.48,124.3,179.7,49.8,4,1
3252.57,140.6,486.8,82.5,4,1
4292.74,232.3,636.9,90.7,4,1
1637.23,195.3,48.3,73.7,4,1
4792.39,176.8,789.1,103.2,5,2
2751.38,127.1,437.5,54.8,5,1
2555.97,149.5,333.7,69.2,4,1
2241.92,209.6,141.3,93.1,4,1
3302.59,138.3,529.5,70.2,5,1
1504.11,160.7,80.6,59.9,4,1
3685.16,177.5,560.9,81.3,5,2
4286.44,189.5,650.1,103.1,5,2
4330.71,187.7,663.8,102.8,5,1
3234.32,228.2,362.5,96.9,4,1
2980.36,195.2,351.7,88.1,4,1
2375.18,101.0,374.7,52.5,5,1
2279.82,86.7,388.1,42.3,5,2
1571.08,136.9,138.2,52.3,4,1
2702.24,223.7,246.4,91.3,4,1
2269.3,207.5,158.8,89.3,4,1
2601.25,170.3,264.7,95.7,5,2
1770.78,191.5,86.7,73.1,4,1
2064.15,124.0,234.0,70.2,4,2
3480.32,166.1,474.8,101.9,6,2
3202.73,138.5,515.6,65.1,5,2
3494.81,187.7,478.0,92.4,4,1
1562.37,153.7,69.1,74.6,4,1
2678.4,101.9,430.5,61.0,5,1
2420.38,182.0,229.1,86.2,4,1
3618.33,199.0,522.5,81.4,4,1
1435.68,128.2,109.3,54.0,4,1
2459.33,111.8,370.7,58.8,4,2
1467.89,101.3,163.8,45.3,4,1
2186.52,198.1,162.7,82.6,4,1
3852.24,210.3,537.4,95.7,5,1
2228.74,162.6,233.6,71.6,4,1
1581.0,140.3,120.2,59.9,4,1
2429.12,157.0,291.4,70.6,4,1
3564.65,199.6,505.1,82.9,5,1
4264.12,156.4,677.3,103.3,5,2
2240.13,110.2,273.8,78.2,6,2
3184.98,229.8,358.5,92.4,4,1
2486.25,153.8,286.5,80.5,4,1
3214.36,251.9,316.0,104.7,4,1
2238.58,220.0,122.4,96.6,4,1
2753.13,234.8,249.6,90.6,4,1
2423.97,221.9,158.5,100.3,4,1
3789.05,173.5,584.1,84.3,6,1
2369.88,142.4,267.4,81.2,4,1
3336.39,112.1,604.5,52.2,6,2
2805.27,132.7,438.5,57.8,4,1
2905.92,159.0,411.1,69.5,4,1
3704.34,187.7,479.8,114.9,5,2
1262.68,115.4,96.9,46.0,4,1
1860.65,180.7,128.6,69.3,4,1
2301.9,99.0,356.3,53.4,6,2
2918.01,133.4,458.4,61.2,4,1
2590.8,176.1,316.7,68.8,4,1
2945.72,190.2,301.3,108.8,5,2
2485.11,208.9,193.0,97.5,5,1
2444.83,189.7,255.1,74.0,4,1
1838.44,152.5,166.6,62.4,5,1
1700.64,164.9,119.2,62.7,4,1
2436.3,138.0,297.5,77.1,6,1
2233.3,115.6,308.5,59.7,5,2
1890.54,121.4,237.6,50.5,4,1
2534.7,157.7,322.8,68.1,4,1
2520.44,182.6,268.4,79.6,4,1
1813.55,96.3,249.8,47.7,5,1
2258.11,117.2,336.7,49.2,5,1
3502.6,100.6,641.0,59.6,6,1
2424.96,102.0,394.6,48.7,6,1
3064.97,185.2,362.6,97.1,5,1
2856.36,135.5,390.2,83.7,5,2
3739.19,178.3,558.1,88.2,5,2
2453.52,143.4,295.9,77.3,5,1
2384.97,149.4,275.8,76.0,5,1
4223.86,181.9,651.7,98.8,5,2
1854.76,98.9,243.7,53.8,5,1
1862.79,102.8,255.9,47.6,4,1
3513.43,146.9,502.9,101.6,5,2
3355.85,174.3,430.3,104.2,5,2
3714.95,186.4,537.1,91.2,6,2
2180.37,153.4,245.6,65.0,4,1
2351.8,133.6,285.3,75.2,5,2
3090.19,193.6,413.6,73.5,4,1
2056.21,227.6,101.4,82.3,4,1
2790.78,158.7,335.0,90.7,5,2
2393.55,182.0,252.8,72.7,4,1
2228.95,154.0,250.7,67.8,4,1
2043.48,226.0,73.4,94.0,4,1
1593.94,128.7,159.7,48.9,4,1
3185.11,146.1,448.8,89.5,5,1
2963.5,154.9,397.4,83.8,6,2
3219.43,185.5,425.4,86.2,5,1
2393.74,203.5,196.0,88.4,4,1
3357.94,167.3,433.6,106.0,5,1
2282.31,141.4,254.0,77.9,5,2
1435.98,143.5,65.5,66.6,4,1
2519.89,121.2,383.4,55.7,5,2
1582.9,98.5,165.2,58.7,4,1
2178.84,192.5,191.6,71.3,4,1
2530.78,164.7,322.3,64.8,4,1
2602.78,117.6,406.8,56.2,5,1
2209.61,152.5,230.7,75.2,4,1
2598.32,97.5,446.0,47.2,5,2
4606.13,178.3,758.3,95.5,5,2
3283.67,158.0,503.7,70.7,5,1
4162.85,169.0,673.7,88.0,5,2
4548.99,179.5,675.6,125.4,6,2
2585.88,102.5,440.6,46.0,5,2
2425.59,167.8,285.7,67.9,4,1
2863.3,186.8,327.5,89.6,4,1
1916.05,180.1,157.2,63.0,4,1
1286.14,143.2,46.1,58.8,4,1
3885.62,170.6,548.9,112.0,5,2
1871.19,108.5,258.9,44.6,4,1
2476.51,139.8,343.7,60.3,5,1
4171.13,154.5,717.7,75.8,6,2
4382.33,214.0,663.2,97.1,6,2
2810.06,197.7,234.2,120.3,6,2
3160.56,131.6,522.6,60.4,5,2
2832.03,86.9,517.3,46.2,5,2
2562.14,233.3,215.1,85.4,4,1
2709.9,186.9,283.5,92.1,5,2
2752.61,111.4,428.7,65.8,5,1
3517.11,135.9,585.9,70.0,5,1
2719.44,132.7,422.0,55.6,5,1
2290.86,115.0,328.3,57.5,4,1
1750.03,138.8,161.7,60.9,4,1
3302.5,104.9,551.5,75.2,6,2
3376.77,127.5,563.5,68.1,6,1
2769.5,91.3,470.2,58.2,6,2
2139.51,189.5,140.0,91.3,4,1
2654.11,135.1,341.4,83.1,5,1
2863.53,177.6,345.3,85.8,5,2
1862.3,114.6,173.5,78.9,5,2
2456.86,142.1,281.9,84.5,4,2
1830.42,92.1,255.8,48.8,4,1
3254.03,218.9,397.3,87.7,4,1
3721.15,191.7,525.3,94.8,4,1
3597.0,188.5,522.8,83.5,5,1
2134.91,90.6,323.1,53.3,4,1
2248.27,216.1,151.5,86.4,4,1
1728.8,111.3,208.1,50.1,4,1
2445.28,121.0,378.6,49.7,4,1
2414.28,107.8,385.7,48.9,4,2
1793.77,132.7,188.2,56.7,5,1
3321.32,145.6,510.9,77.2,5,2
2726.54,102.2,459.2,53.4,5,1
2107.03,129.6,251.7,64.6,5,1
2818.84,169.6,311.2,99.5,4,1
3553.05,216.6,436.1,104.7,4,1
3608.32,171.4,563.7,74.2,5,2
2263.14,120.7,323.0,54.3,5,1
2600.1,161.2,309.5,79.7,6,1
3215.56,115.7,508.1,80.0,6,1
2328.0,170.4,263.4,65.9,4,1
3698.13,179.6,557.3,83.4,5,1
1939.65,146.4,223.5,51.1,4,1
2511.35,155.8,311.3,71.4,4,1
1764.82,174.8,101.6,73.2,4,1
2370.5,204.5,194.0,86.3,4,1
1745.18,211.8,31.5,85.8,4,1
2663.53,169.5,320.3,78.3,4,1
1353.81,145.1,60.6,59.0,4,1
2706.49,207.4,269.7,88.7,5,2
2116.44,136.7,238.1,68.6,5,1
2144.58,104.2,316.3,51.4,4,1
2271.98,113.3,315.8,61.8,5,1
3301.27,102.1,588.5,59.9,5,2
2222.0,113.6,323.8,52.4,4,1
2174.07,175.3,193.1,77.8,5,1
2659.12,227.7,238.1,88.4,4,1
1488.79,128.8,133.1,49.0,4,1
2317.54,117.3,343.4,52.8,5,1
2037.04,134.8,241.4,59.1,5,1
3536.78,204.7,482.0,87.8,5,1
2185.77,221.7,115.1,93.2,4,1
2405.4,161.5,202.3,105.6,6,2
2145.86,137.9,254.3,64.1,4,1
2100.73,161.3,196.1,74.5,4,1
2897.42,129.4,462.1,59.0,5,2
4086.79,172.4,654.1,86.8,5,2
3271.72,126.3,541.5,66.8,4,2
4585.49,175.6,723.9,109.7,5,2
1897.34,112.7,256.2,46.9,4,1
2930.02,130.8,442.8,70.6,6,2
4129.68,161.1,700.4,76.0,5,2
2739.6,109.5,445.2,57.8,5,2
1472.09,115.3,141.6,49.4,4,1
2478.38,138.8,356.0,55.5,5,1
2340.26,98.0,358.0,57.4,5,2
2986.45,185.5,396.5,73.2,4,1
2662.85,108.8,383.6,77.0,5,2
3041.29,210.9,328.5,98.2,5,1
2287.35,99.8,378.0,41.8,6,2
2819.17,132.5,371.4,89.3,5,2
2320.77,218.8,190.0,76.2,4,1
2217.29,111.8,269.1,77.1,5,2
3159.43,105.0,555.1,57.7,5,2
1522.68,168.6,67.9,64.1,4,1
2623.03,206.2,232.4,96.5,4,1
2856.81,141.4,400.0,76.8,5,1
2248.47,189.4,178.9,86.1,4,1
2805.97,190.1,248.9,116.6,5,1
2966.03,187.8,266.1,127.8,6,1
3694.78,178.8,548.5,87.3,6,2
3062.41,105.3,529.3,58.3,6,2
2504.7,180.4,268.2,78.9,4,1
2081.31,103.8,302.3,50.8,5,1
1937.1,193.7,103.7,83.1,5,1
3288.48,141.5,514.8,73.7,5,2
2067.22,95.1,313.2,48.2,4,1
3374.4,166.9,511.4,73.5,5,1
2168.88,200.6,173.8,74.6,4,1
3211.78,97.3,559.5,65.0,5,2
2966.53,101.4,520.0,53.5,5,2
1750.75,134.5,182.1,53.8,4,1
2396.98,187.5,223.0,83.9,4,1
2856.59,125.2,420.2,75.0,6,2
2690.9,94.2,466.6,49.7,4,1
1993.48,220.8,73.0,90.9,4,1
2906.09,184.7,348.9,85.8,4,1
2882.12,211.0,323.1,82.9,4,1
2794.72,128.4,417.7,67.8,5,2
3988.22,186.6,591.4,97.4,4,1
3147.23,171.8,361.8,112.6,5,2
2456.54,231.1,198.7,81.9,4,1
2683.56,196.9,315.0,70.7,4,1
3220.56,120.1,531.6,68.2,4,1
3074.34,122.1,494.1,67.7,6,2
2284.85,122.1,275.6,77.1,6,2
4506.67,184.9,669.3,121.1,6,2
2235.88,120.3,302.6,60.5,4,1
2885.29,161.5,361.0,88.4,5,2
2588.23,102.9,411.2,59.1,5,2
3964.2,206.5,553.6,102.7,4,1
2227.32,144.9,282.8,57.4,4,1
2549.53,160.5,314.0,72.4,4,1
1980.8,115.7,224.9,68.7,4,1
2515.28,172.2,274.6,80.9,4,1
2602.88,136.4,359.4,68.8,5,2
2951.98,191.8,321.9,99.7,5,2
1941.79,214.2,69.2,89.8,4,1
4118.69,215.7,575.2,106.1,4,1
2136.28,187.9,165.2,80.4,4,1
4482.49,203.0,704.5,94.7,4,1
3531.65,157.6,539.9,82.4,5,2
3025.49,146.4,450.9,70.7,4,1
2784.19,153.3,396.6,65.0,5,1
2830.29,220.1,281.6,91.5,4,1
3154.64,148.3,488.5,67.5,5,1
1768.59,152.0,160.1,57.8,5,1
1560.52,119.4,154.2,51.8,4,1
2910.31,99.7,495.2,59.0,5,2
2855.94,129.9,442.8,62.8,6,2
1653.38,112.4,197.5,45.9,4,1
2494.65,87.1,438.3,43.7,5,1
2236.37,223.3,135.2,89.2,4,1
1841.38,212.7,26.6,98.2,4,1
2822.46,216.3,300.0,84.1,4,1
2475.47,138.4,316.4,72.9,5,1
1443.72,142.0,94.9,55.1,4,1
3342.71,171.8,418.6,109.0,5,1
2646.83,142.6,352.0,74.3,5,2
3951.13,157.7,586.3,108.3,6,2
2696.74,185.4,245.2,108.3,5,2
2123.27,199.6,151.3,79.9,4,1
2395.06,187.9,190.6,97.9,5,1
2359.5,178.9,230.8,80.1,5,1
2200.99,134.0,285.4,58.2,5,1
2449.44,251.2,128.7,103.3,4,1
2734.58,179.2,332.6,76.4,4,1
2067.22,110.8,278.0,56.9,5,2
3219.24,148.8,419.7,105.0,5,2
1441.96,157.7,51.2,67.4,4,1
3630.88,179.5,508.0,97.8,5,2
3372.86,169.3,466.4,92.3,5,1
2647.98,166.5,346.4,66.3,4,1
3257.81,170.5,452.1,85.3,4,2
1737.74,148.9,171.8,50.6,4,1
2903.7,187.5,337.2,89.5,4,1
3365.85,192.9,471.6,78.6,4,1
2082.14,131.7,225.9,72.4,4,1
2966.99,154.6,394.8,85.5,5,2
4382.63,191.5,614.7,128.6,5,2
2885.49,180.2,355.7,82.4,5,2
2464.79,145.3,312.8,70.3,4,1
2665.15,171.0,355.4,62.2,4,1
3414.71,171.0,494.7,83.6,4,1
3382.75,183.9,506.6,69.0,4,1
3407.89,183.6,420.0,110.4,5,1
2860.57,137.7,378.2,88.5,6,2
4087.65,159.4,646.3,96.1,6,2
2850.75,153.3,397.9,71.8,5,1
2030.68,111.8,279.9,51.5,5,1
3819.73,169.8,567.7,96.7,5,1
2292.65,210.1,156.8,91.7,4,1
3093.04,206.1,375.3,85.3,4,1
3393.47,166.7,462.3,97.5,5,2
1647.68,158.3,99.2,68.6,4,1
2562.18,149.3,332.6,70.5,4,1
2408.01,120.7,311.2,75.6,5,1
3172.13,152.7,477.4,72.4,4,1
3800.28,195.7,544.9,93.1,4,1
1730.35,128.6,174.7,57.5,4,2
4130.98,187.4,627.8,96.7,5,2
2931.27,155.0,363.6,95.2,5,2
3374.76,186.4,410.8,109.5,6,2
2228.29,88.1,346.8,54.3,5,2
1791.08,202.5,46.3,88.4,4,1
2862.64,223.3,308.0,81.9,4,1
2810.78,131.0,411.3,71.3,6,1
1850.52,89.9,265.2,47.8,4,1
2297.46,166.2,227.5,80.3,4,1
2560.03,149.4,315.4,77.9,5,2
2631.79,153.1,344.3,71.3,4,1
2161.66,189.7,191.7,70.7,4,1
1805.94,101.1,254.8,42.5,4,1
1909.02,121.2,220.7,60.2,4,1
3416.27,141.5,547.7,73.3,5,1
3813.05,175.3,592.2,82.6,6,2
3833.77,222.0,509.0,101.1,5,1
2107.8,205.7,124.5,87.5,4,1
2228.86,87.8,330.3,61.8,5,2
3856.36,176.0,568.9,97.4,5,2
1761.83,113.9,221.9,46.5,5,1
2193.68,163.0,247.8,61.2,4,1
1965.38,159.3,170.2,71.9,4,1
2195.5,218.3,144.9,82.5,4,1
4591.47,194.5,721.5,103.1,5,1
1627.18,185.0,40.3,80.7,4,1
2214.35,123.7,299.1,58.1,5,2
2326.13,141.1,312.0,57.1,4,1
3414.21,160.4,493.4,88.8,6,2
3776.02,204.7,484.1,113.4,5,2
3547.56,208.3,475.5,90.3,5,1
2536.72,183.2,263.2,83.5,4,1
3146.28,116.6,511.1,70.6,5,2
4035.25,202.4,574.1,103.3,5,2
2255.68,106.4,335.9,54.0,6,2
2134.97,117.8,291.2,55.4,4,1
2392.59,102.2,376.2,53.2,6,2
2378.04,192.3,221.8,80.2,4,1
2177.99,229.9,107.2,92.2,4,1
3450.58,195.1,431.1,105.1,5,2
2055.03,106.5,259.4,65.7,5,2
2113.71,120.7,304.4,45.9,4,1
2360.19,110.6,360.7,52.8,4,1
2192.75,101.6,319.7,56.4,5,2
2341.12,123.2,332.1,57.8,4,1
2213.47,205.9,171.6,78.2,4,1
2937.85,123.5,446.1,73.3,5,1
2350.73,239.1,156.4,85.4,4,1
2848.67,142.2,409.8,71.2,5,1
3415.08,232.3,421.6,88.8,4,1
3782.17,230.7,506.3,92.7,4,1
2274.16,193.5,184.7,84.6,4,1
3766.41,200.9,539.8,89.3,5,2
2640.34,161.9,333.0,73.4,4,1
2826.57,138.0,422.7,64.9,4,1
3076.83,195.7,314.8,115.0,5,2
2170.4,198.6,177.4,74.0,4,1
1883.56,118.7,212.2,62.2,4,1
3184.86,165.5,425.3,91.3,4,1
2277.57,195.0,185.6,83.9,4,1
2149.85,191.7,181.5,73.0,5,1
2205.9,157.3,259.1,60.0,4,1
2509.76,188.2,271.6,74.5,4,1
3118.49,176.8,399.5,90.4,6,2
2425.41,170.6,257.8,79.1,4,1
2602.98,112.7,403.7,59.7,5,1
2403.49,158.5,280.9,71.8,5,1
2813.41,144.4,400.0,70.6,5,1
2959.78,172.0,364.1,90.6,5,2
2449.04,141.8,303.8,74.1,4,2
2389.51,156.2,282.1,70.7,4,1
3470.38,160.6,519.9,83.1,5,2
1930.91,178.6,142.1,72.0,4,1
2828.21,145.5,376.2,82.4,6,2
2698.8,116.4,420.8,61.1,5,2
2646.94,101.6,437.6,54.5,5,1
2522.24,156.6,319.5,68.6,5,1
2891.97,151.9,422.6,66.0,5,2
1701.41,146.0,161.6,52.3,4,1
1986.32,196.0,119.2,80.6,4,1
2887.26,109.1,459.3,68.2,5,2
4012.72,175.0,648.4,79.9,5,2
2207.7,160.7,215.0,78.3,4,1
2312.49,183.3,208.7,82.7,4,2
1579.15,132.8,141.0,53.8,4,1
3133.57,120.7,513.2,66.4,5,1
1509.0,119.7,133.2,55.3,4,1
3482.1,151.2,496.2,99.2,5,2
1634.27,114.0,193.9,44.7,4,1
3074.73,181.4,388.2,88.5,5,1
2429.97,150.3,304.9,67.7,4,1
3046.81,168.9,395.8,87.6,5,2
1538.88,140.0,102.1,63.4,4,1
3347.07,161.2,442.5,103.6,5,1
1817.53,109.1,225.8,53.1,4,1
3413.07,155.5,544.5,68.1,5,2
2148.9,114.0,316.1,47.6,4,1
4745.65,193.4,721.9,120.5,5,2
2926.61,159.8,408.1,72.8,5,2
2251.5,197.8,197.0,74.7,4,1
2930.95,138.3,413.4,80.5,4,2
2811.0,104.1,472.3,56.2,6,2
1991.91,135.7,233.2,57.4,4,1
1939.98,215.9,87.2,80.8,4,1
1489.68,129.7,120.8,54.2,4,1
3460.27,126.4,595.3,63.7,5,2
4026.38,194.0,595.0,96.7,5,2
2448.14,109.1,376.4,56.3,5,2
3058.29,233.0,297.5,104.1,4,1
3561.78,170.3,500.0,97.8,4,1
3738.25,159.6,576.4,88.3,5,1
2195.0,191.3,168.6,83.9,4,1
2346.29,102.3,361.9,54.4,6,2
4143.68,178.8,601.5,113.6,6,1
3128.09,107.4,531.3,63.7,5,2
3116.43,203.7,387.4,83.6,4,1
1761.04,139.3,156.3,64.3,4,1
2369.86,122.1,335.6,59.9,4,1
2589.76,199.6,257.8,84.4,4,1
2864.12,135.2,447.2,59.4,5,2
1671.7,211.5,9.1,87.7,4,1
3125.43,93.5,576.6,49.5,5,2
1962.22,136.6,236.7,52.1,4,1
3614.15,166.9,542.3,86.4,5,1
2844.15,179.8,357.2,77.3,5,1
2913.01,123.5,479.6,55.6,5,2
1977.9,173.3,178.7,63.3,4,1
2986.62,171.6,392.7,81.0,6,2
1890.09,99.1,260.9,50.0,5,2
3007.93,199.9,356.1,87.1,4,1
3471.95,181.0,422.0,117.8,6,2
2280.28,142.8,309.9,52.2,4,1
3754.69,191.3,536.5,93.7,5,2
2581.88,101.0,417.4,56.5,4,1
2209.37,239.4,115.2,87.9,4,1
2477.6,122.3,354.7,63.3,4,2
2167.3,186.2,175.9,79.9,4,1
2315.72,84.7,374.1,53.4,5,1
2879.82,189.0,335.5,86.9,5,1
2648.69,130.5,385.6,64.9,4,2
3630.2,124.5,652.0,58.2,5,2
3134.76,160.1,428.8,86.6,4,1
2242.01,109.1,340.9,49.1,4,1
2953.79,229.4,316.8,85.5,4,1
3129.86,142.3,496.0,64.1,5,2
4036.94,177.7,653.2,79.3,6,2
2316.71,97.1,355.2,56.4,6,1
2293.87,99.2,345.5,57.2,4,1
2183.86,125.9,304.4,51.4,4,1
1423.39,126.1,107.5,54.3,4,1
3288.05,203.6,424.2,86.3,4,1
3515.35,180.2,468.1,102.5,5,2
2901.61,153.4,407.2,73.2,5,2
2695.41,242.4,227.6,90.6,4,1
2126.25,167.9,209.5,68.5,4,1
3110.85,123.8,495.3,70.5,6,2
1580.25,141.8,125.0,57.0,4,1
1742.59,146.7,151.9,60.9,4,1
1831.39,115.1,241.4,45.0,4,1
2351.52,249.8,114.0,99.6,4,1
1741.19,167.4,127.1,62.6,4,1
3949.15,169.9,610.1,92.1,6,1
1762.04,115.6,223.9,44.9,4,1
1620.17,98.0,189.8,52.1,4,1
2251.68,141.3,280.7,62.6,4,1
3484.43,197.7,458.7,95.4,6,2
3128.46,220.5,357.4,90.7,4,1
2889.37,191.3,379.9,67.2,4,1
2835.5,201.0,293.5,95.3,5,2
1719.22,162.6,128.3,61.8,4,1
2029.18,137.9,235.7,59.4,4,1
4365.24,161.5,698.9,102.6,6,2
2426.97,122.2,340.8,63.9,4,1
2830.11,125.3,449.0,59.2,5,1
2698.78,200.0,311.1,72.7,4,1
2448.18,133.4,311.7,74.2,6,2
2614.61,133.0,384.0,60.8,4,1
1933.13,127.7,244.8,49.2,4,1
3588.38,158.8,545.0,85.9,6,2
1741.9,130.5,166.9,61.3,4,1
3023.21,126.3,488.8,62.6,5,2
2233.5,181.0,224.8,67.8,4,1
3308.36,184.3,450.1,85.7,5,1
2500.54,125.4,326.0,77.2,4,1
2036.31,116.3,265.3,56.7,4,1
1653.05,126.2,159.6,56.6,4,1
3655.85,122.4,589.8,89.7,6,2
2948.28,91.7,509.5,60.4,5,2
2330.84,93.9,371.9,52.0,5,2
2296.48,236.6,112.1,100.2,4,1
2345.68,156.2,229.7,89.1,5,1
3291.14,198.0,435.8,84.0,5,1
2573.54,148.9,331.5,72.5,4,1
3851.3,177.5,583.5,89.7,4,1
3332.89,192.8,430.0,93.5,4,1
3290.23,196.7,414.0,94.2,4,1
1415.11,152.2,44.0,70.0,4,1
3964.69,168.8,609.4,94.7,6,1
2389.23,143.1,221.1,103.6,5,2
2838.42,173.2,361.8,77.6,4,1
2630.73,138.6,386.1,59.1,4,1
3625.48,167.3,524.6,95.3,5,1
3339.72,149.5,482.2,90.3,6,2
2580.51,126.8,377.3,62.7,6,2
2938.65,169.6,385.3,79.9,4,1
3071.14,122.9,518.6,56.1,5,2
2395.7,111.5,373.4,50.7,5,1
3737.73,139.5,614.7,80.1,5,2
4487.29,152.0,771.4,88.2,5,2
1528.49,127.9,130.0,55.2,4,1
3038.45,102.3,528.9,57.1,6,2
2062.43,202.4,132.4,80.3,4,1
2038.46,133.8,245.7,57.8,4,1
1525.2,153.1,103.5,55.4,4,1
2178.19,179.9,185.0,79.8,4,1
2955.55,134.6,444.4,71.0,5,2
3794.85,189.7,525.4,103.8,5,2
3040.6,156.6,469.6,59.6,4,1
3249.56,120.1,552.9,62.0,5,1
1747.35,180.0,106.2,66.9,4,1
2152.6,128.0,273.9,60.5,4,1
2507.97,234.2,178.1,95.4,4,1
1210.53,113.1,89.4,44.5,4,1
2844.06,112.3,478.6,53.4,5,1
1782.87,195.0,54.8,87.1,4,1
2879.45,155.2,396.4,74.8,6,2
1732.5,93.9,219.8,53.1,5,1
2981.64,111.6,510.9,54.6,5,1
2455.12,176.0,252.8,82.2,4,1
3735.18,168.7,557.7,92.2,5,2
2159.78,130.4,256.0,68.2,5,1
2070.72,139.9,251.8,56.0,4,1
3887.1,177.9,567.7,100.5,5,2
2220.15,139.4,268.8,65.3,4,1
2386.58,102.7,384.7,48.5,5,1
1776.57,182.3,118.1,63.9,4,1
2925.77,163.1,322.6,109.2,5,2
2705.49,186.8,326.4,72.5,4,1
1687.44,169.3,77.5,77.8,4,1
2778.47,116.0,448.6,57.8,4,1
3361.85,159.3,506.4,77.7,4,1
2459.1,162.4,238.4,95.1,5,1
2653.55,125.7,399.0,61.6,5,1
1853.42,89.8,270.0,46.0,4,1
2660.04,150.7,357.6,69.7,4,1
3852.08,185.9,585.4,85.2,6,2
2527.7,146.7,304.0,80.5,4,1
3325.77,188.5,439.2,90.6,4,1
3083.83,106.3,534.6,57.8,5,2
3002.21,148.9,448.4,68.1,5,2
3734.95,212.0,495.0,100.8,5,1
2684.39,174.7,316.7,79.9,5,1
3074.59,178.9,384.7,91.1,4,2
2448.97,139.8,337.7,59.9,5,2
3912.12,185.5,596.2,87.3,5,1
1781.31,154.3,172.1,52.8,4,1
2607.32,109.5,419.1,54.8,5,2
2962.45,136.5,462.8,62.8,4,1
2811.29,129.6,411.0,72.1,5,2
3405.39,163.1,486.2,89.8,4,1
3213.7,134.0,516.2,68.1,6,2
3866.7,194.0,551.9,98.1,5,2
2130.3,107.9,308.5,51.6,5,2
2530.19,201.0,241.4,84.5,4,1
3175.64,170.4,391.3,103.2,6,2
3376.31,120.6,590.8,58.9,5,1
1846.12,150.9,167.8,63.5,4,1
2853.17,120.8,445.8,65.2,5,1
1722.3,107.6,199.5,54.9,4,1
2104.85,121.4,288.2,51.8,4,1
3298.54,129.9,513.2,80.7,5,1
3765.59,160.1,600.3,80.4,5,2
1939.3,90.9,301.9,40.9,5,1
2520.74,120.9,338.5,75.9,5,2
3136.98,217.7,371.4,86.7,4,1
3380.68,128.1,547.2,75.5,5,2
2505.32,169.6,242.9,95.1,5,2
3091.45,169.3,343.5,115.6,6,2
1431.72,136.8,109.6,49.6,4,1
1848.61,107.5,256.7,43.5,4,1
2413.12,173.8,281.0,66.0,5,1
3339.1,176.4,382.7,122.5,5,2
1807.4,162.0,114.4,78.0,4,1
2452.02,107.3,369.9,60.4,6,2
2289.96,139.8,305.3,56.6,4,1
3979.91,189.4,576.3,101.9,6,2
2173.26,121.0,307.9,50.8,4,1
1331.35,128.0,105.6,44.1,4,1
3177.16,214.0,354.4,100.4,4,1
1893.9,115.1,230.0,57.1,4,1
1763.39,199.3,81.2,71.3,4,1
1385.36,116.5,127.2,45.6,4,1
2091.95,164.3,178.1,80.3,4,1
2607.29,164.5,278.3,92.9,4,1
2764.99,112.0,450.9,57.1,5,2
2895.41,148.8,389.1,82.7,4,1
3867.51,157.9,580.1,101.7,6,2
3807.47,182.5,570.5,88.4,4,1
2524.15,108.9,400.5,54.0,4,1
3594.6,120.5,653.6,55.4,5,2
1988.58,115.9,278.1,45.8,4,1
2964.01,142.7,455.6,63.5,5,1
1891.01,169.5,134.3,75.1,4,1
2431.62,144.6,317.0,65.1,4,1
2329.4,140.1,297.1,64.5,4,1
1851.7,105.5,245.0,50.0,5,1
1270.25,109.7,107.3,44.7,4,1
2054.93,141.4,202.9,75.3,5,1
2873.01,118.0,444.2,69.4,4,1
3039.9,187.7,335.0,105.5,5,1
1509.75,119.0,136.1,54.4,4,1
3476.73,219.9,421.7,101.2,4,1
1554.55,110.3,163.1,51.2,4,1
1429.44,128.4,92.7,60.5,4,1
2633.96,170.5,315.9,76.5,5,1
3058.92,225.3,348.1,85.0,4,1
2977.83,131.3,467.8,64.6,5,1
3303.95,176.0,467.6,81.1,6,2
1944.6,186.8,141.3,70.3,4,1
2031.06,184.7,161.4,71.8,4,1
1350.45,125.3,100.8,49.6,4,1
3825.79,150.4,642.9,72.5,5,1
2793.75,132.0,352.9,94.9,6,1
2608.04,99.2,422.1,58.1,4,1
2929.86,119.1,447.6,73.7,6,1
3026.22,202.3,366.5,83.4,4,1
1844.79,169.9,131.4,71.1,4,1
3622.42,182.3,540.8,81.1,5,1
2517.72,180.4,270.5,79.3,4,1
2109.05,155.0,235.0,61.0,4,1
2598.91,199.4,253.1,87.7,4,1
2316.15,194.9,201.4,81.2,4,1
2193.7,115.8,278.6,68.5,6,1
2096.67,203.2,140.8,80.1,4,1
2318.49,146.1,292.1,62.8,4,1
3101.21,148.0,486.7,62.5,4,1
1963.28,167.6,159.0,73.0,4,1
3084.76,105.1,513.1,68.0,5,2
3894.49,170.0,620.9,81.2,6,2
1719.53,162.2,135.5,58.7,4,1
1842.42,116.2,237.6,47.5,4,1
2341.88,179.7,226.2,79.8,4,1
2252.49,238.3,100.5,99.7,4,1
2761.41,175.5,337.0,79.0,4,1
2550.14,133.4,350.9,68.1,5,1
1917.55,170.8,143.4,73.4,4,1
3333.19,131.7,555.7,64.8,5,2
2896.48,172.1,407.3,64.4,4,1
2418.68,154.3,288.0,72.1,4,1
2534.12,149.0,324.4,71.2,4,1
3136.57,102.1,553.8,57.0,5,2
2080.95,102.5,266.4,67.3,5,2
1691.78,178.3,84.7,71.0,4,1
3273.92,147.9,457.2,94.8,6,2
2783.65,237.7,253.4,91.0,4,1
1279.85,108.5,91.8,53.2,4,1
2437.0,209.8,218.3,80.5,4,1
1715.57,117.9,207.9,45.8,4,1
2806.34,177.5,334.3,84.4,4,1
2370.05,114.3,333.4,64.4,6,2
2572.6,173.9,301.1,74.7,4,1
2528.77,122.9,385.0,55.2,5,1
2937.57,227.6,325.9,80.4,4,1
2518.25,174.4,275.6,79.8,4,1
2623.05,235.3,198.5,98.6,4,1
2730.73,189.4,283.7,93.2,5,2
2697.83,106.7,432.2,60.2,4,1
1277.52,147.2,48.8,54.8,4,1
2931.06,174.4,361.4,87.5,4,1
2444.56,107.8,371.1,58.8,4,1
3821.59,193.7,507.8,112.8,5,2
2067.21,173.7,160.3,81.2,5,1
3263.87,170.8,456.3,83.9,5,1
2328.36,148.6,286.1,65.5,5,2
2817.51,136.9,358.7,92.8,5,2
2203.5,161.6,248.4,62.6,4,1
1430.64,133.7,99.0,55.5,4,1
2710.99,149.9,349.9,79.1,5,1
1909.15,178.8,142.5,69.3,4,1
3325.69,209.3,403.3,97.2,4,1
2953.99,129.4,468.0,62.7,4,1
1965.95,136.4,222.9,58.8,4,1
2993.74,203.0,299.5,109.3,5,2
3535.47,180.9,454.9,110.2,5,2
2731.11,101.4,459.3,54.3,6,2
1803.61,189.6,98.1,72.5,4,1
2450.02,102.4,390.0,53.4,4,1
2551.71,108.3,432.1,43.4,4,1
3443.68,171.0,470.7,97.4,5,2
2359.16,217.4,154.2,96.9,4,1
2825.05,126.3,442.8,60.9,6,2
2541.62,205.6,221.5,92.6,4,1
2807.33,169.6,304.5,101.2,4,1
1883.24,156.8,159.8,68.5,5,1
2695.14,214.4,260.7,88.3,4,1
3188.68,200.5,400.9,87.0,4,1
3608.13,188.3,514.2,88.7,4,1
1996.65,128.5,240.1,58.0,4,1
1947.5,168.8,166.5,67.4,4,1
3082.32,211.8,334.9,99.5,4,1
1956.53,202.5,78.7,92.4,4,1
2612.27,119.6,344.0,84.2,5,2
2652.17,213.9,244.4,91.0,4,1
3136.0,157.7,479.9,65.1,4,1
3290.4,167.5,482.8,76.6,5,1
2327.58,153.9,280.3,65.7,4,1
2639.55,134.7,388.5,60.8,4,1
3426.2,169.7,422.5,117.5,5,2
4313.16,166.2,702.6,93.1,5,2
2329.85,167.2,249.6,73.6,4,1
2599.71,104.6,435.7,48.7,4,1
2386.03,147.9,317.3,58.4,4,1
3505.63,203.1,470.8,90.0,4,1
1652.24,124.2,174.3,50.9,4,1
2693.83,189.4,284.7,88.6,5,1
3819.08,159.2,552.6,108.0,5,1
2808.68,134.6,421.7,64.8,6,2
1735.66,112.3,202.1,53.1,5,1
3194.84,157.5,436.3,91.1,5,2
3210.67,114.0,559.9,57.2,5,1
3067.24,173.8,440.0,68.0,5,1
2585.09,125.6,374.8,64.8,5,2
2243.43,189.6,177.5,86.1,4,1
2742.15,214.1,289.6,80.8,4,1
2574.71,186.9,252.5,90.8,4,1
2810.12,218.0,273.8,93.7,5,1
4408.64,191.8,624.7,127.0,6,2
2402.49,85.6,383.0,58.7,6,1
2322.2,141.6,302.4,60.7,4,1
2086.74,216.4,96.9,92.6,4,1
2974.12,99.0,536.3,48.1,6,2
2923.8,124.2,419.0,83.4,5,2
2855.93,238.0,261.9,95.1,4,1
1862.4,94.9,233.6,60.9,5,1
4221.62,146.8,739.8,75.0,5,1
2853.9,110.0,451.3,67.6,5,2
3764.78,151.3,590.4,88.7,5,2
2844.08,115.5,422.4,76.9,5,2
1932.72,116.7,266.3,44.5,5,1
2301.39,83.5,382.9,48.4,5,2
2565.6,112.4,388.0,62.7,5,2
1979.82,102.2,286.4,47.3,5,2
2572.06,101.0,390.3,67.4,5,2
2685.64,122.4,422.8,56.1,6,2
1849.71,179.3,103.9,79.7,4,1
3600.62,166.6,576.4,69.9,6,2
3868.84,166.0,569.8,102.9,6,2
1665.9,120.8,164.4,58.3,4,1
1984.07,140.9,218.7,60.6,4,1
3140.34,122.4,485.8,78.6,5,2
2982.44,139.8,458.5,65.5,6,2
2053.07,247.5,54.1,94.1,4,1
1384.56,124.4,97.9,55.0,4,1
2601.86,138.4,335.3,78.6,5,2
1652.87,125.9,188.3,44.0,4,1
3357.07,183.6,481.8,77.3,4,1
2247.8,153.7,274.4,59.5,4,1
3085.28,249.0,283.6,106.1,4,1
2783.39,148.1,369.7,79.1,5,2
1834.12,130.1,212.5,51.5,4,1
4452.75,174.3,726.1,94.6,5,2
2718.95,233.6,230.4,95.9,4,1
2088.01,132.1,247.0,63.5,4,1
4379.99,179.9,690.0,100.0,5,2
1861.76,144.5,208.1,50.2,4,1
1544.99,159.6,76.6,66.7,4,1
3427.15,152.4,568.3,60.5,4,2
1459.73,145.5,85.1,59.7,4,1
2422.45,175.1,208.6,98.6,5,1
1986.76,188.1,135.6,76.9,4,1
2083.72,111.9,272.3,60.8,5,1
1679.89,124.5,187.7,47.9,4,1
2429.78,83.0,422.1,45.5,4,1
2615.23,167.2,356.4,57.9,4,1
2612.81,125.7,378.2,66.4,5,1
2442.47,129.2,294.2,83.2,5,1
2391.08,100.2,392.5,46.7,5,2
2011.08,204.9,113.0,82.2,4,1
3315.7,131.7,539.4,70.1,6,2
2142.18,150.8,253.8,58.2,4,1
3180.92,186.7,379.9,101.6,5,2
4026.03,208.7,601.7,87.2,5,1
2223.7,129.4,309.7,51.9,4,1
1737.33,146.6,160.6,56.5,4,1
2674.26,130.5,385.6,67.8,5,2
3041.57,153.3,389.3,96.8,5,2
1786.22,137.6,187.3,54.1,4,1
2172.99,118.8,291.9,58.9,4,1
2904.62,241.7,280.1,90.8,4,1
2863.41,84.8,500.5,58.0,5,2
2842.66,118.2,467.6,55.5,5,2
2150.94,122.6,316.2,44.0,4,1
1200.03,117.1,86.8,42.7,4,1
2492.43,111.1,380.3,58.6,4,1
3213.49,195.3,435.8,76.5,4,1
4159.97,144.9,671.1,99.6,5,2
4148.57,210.2,629.1,87.9,5,2
3535.92,135.1,533.7,95.7,5,2
2603.73,224.2,211.3,95.7,4,1
2096.08,158.6,212.0,68.2,4,1
2929.75,190.3,378.8,72.6,4,1
3134.72,159.3,403.2,98.3,4,1
2572.62,157.5,300.4,82.3,4,1
1444.25,139.2,102.0,53.3,4,1
3509.96,183.3,436.6,114.5,6,2
1775.4,206.7,45.3,85.3,4,1
3723.0,190.6,452.3,127.9,5,2
3739.94,174.0,575.0,82.7,5,1
1988.78,142.0,214.7,62.5,4,1
1856.79,123.1,229.6,49.5,4,1
2043.01,173.6,177.8,70.8,4,1
4022.08,137.0,685.2,81.5,6,2
2140.9,132.3,277.1,55.9,4,1
2414.05,113.3,350.2,62.2,4,1
2630.62,138.1,382.1,61.1,5,1
1692.07,180.3,78.3,73.1,4,1
2365.69,125.6,307.5,70.3,5,2
1986.63,139.7,247.0,48.9,4,1
3464.87,170.2,463.6,103.3,6,2
2023.47,103.8,277.5,55.4,5,2
2957.62,132.0,446.6,71.5,5,2
2243.34,105.0,316.0,62.2,5,2
1971.6,156.2,175.6,71.6,4,1
3087.47,200.6,373.0,88.1,4,1
2594.96,173.8,327.1,65.7,4,1
2768.93,223.8,278.5,84.4,4,1
4115.3,205.4,633.1,84.6,5,2
3496.51,180.8,505.7,83.4,5,2
1922.92,101.5,275.3,46.2,5,2
3160.96,130.3,468.0,85.3,6,1
3386.9,169.6,431.4,109.2,5,2
1430.04,96.8,164.1,42.9,4,1
3970.62,207.1,580.1,91.3,5,1
3201.1,190.4,404.9,91.1,5,2
2484.08,110.9,372.7,61.1,5,2
2441.8,216.0,200.5,86.2,4,1
1803.7,179.3,78.1,86.0,4,1
2488.83,141.9,314.9,73.5,5,2
2855.07,156.9,405.0,67.5,4,1
2447.57,179.6,277.3,68.9,4,1
1817.38,102.6,221.2,58.0,5,2
2764.02,182.0,258.8,111.2,5,2
3257.1,112.2,564.4,61.2,5,2
1382.21,133.9,85.9,55.9,4,1
2697.28,116.8,410.6,65.3,6,2
3839.11,179.2,597.2,81.5,5,2
2235.5,100.1,337.2,54.0,5,1
2545.2,140.5,330.0,73.7,5,2
3434.15,164.3,498.4,87.1,5,2
2847.62,239.6,252.1,97.9,5,1
1973.49,219.4,55.7,97.0,4,1
2121.83,115.0,263.7,67.4,4,1
1684.57,104.8,199.1,52.1,4,1
2653.23,228.5,221.3,94.9,4,1
2687.85,215.2,227.2,102.0,4,1
4003.96,212.4,577.7,93.7,4,1
2673.63,142.0,407.0,53.1,4,1
2413.24,156.1,294.4,67.9,4,1
2804.46,183.2,312.8,91.2,6,2
3680.12,182.1,494.4,108.3,4,1
3277.68,186.2,373.2,115.5,5,2
1931.52,109.6,252.9,53.5,4,1
2420.54,172.3,256.5,78.3,4,1
4294.22,181.1,679.7,94.6,6,2
3351.12,238.3,384.7,95.5,4,1
1804.98,86.1,264.3,44.8,4,1
3702.87,166.9,588.8,75.6,6,1
2353.07,130.3,314.6,63.7,5,2
2188.28,156.1,223.6,74.4,4,1
3306.95,162.6,509.6,68.7,5,1
2714.68,163.7,360.8,68.5,5,1
2301.38,178.6,238.4,70.3,4,1
2469.53,158.8,291.3,74.3,5,1
2540.46,136.9,348.4,66.6,5,1
2100.27,226.3,116.6,81.0,4,1
3048.89,158.7,439.8,72.8,5,1
3037.92,154.3,401.1,90.7,5,1
2255.52,134.2,289.3,62.4,5,1
2065.34,171.8,154.5,84.5,4,1
2031.57,92.2,315.0,44.7,5,1
2734.53,172.1,313.2,88.1,4,1
2875.27,125.8,437.6,69.0,4,1
3642.6,139.5,609.2,72.0,5,1
2565.08,117.9,367.7,69.2,5,1
4152.96,197.0,629.6,94.1,5,2
3844.17,189.5,548.1,99.3,5,1
2446.49,215.7,207.3,83.8,4,1
2570.59,200.0,228.7,95.1,4,1
1522.4,178.8,24.1,79.0,4,1
1857.62,89.2,256.8,52.6,5,1
3715.77,158.0,597.5,77.1,5,1
2320.88,142.3,319.2,52.7,4,1
1878.15,179.3,103.9,82.8,4,1
2609.06,109.2,395.4,65.6,5,1
4006.27,206.0,604.5,84.9,4,1
2375.97,169.9,249.8,77.5,5,1
2657.95,154.4,297.5,94.5,6,2
1626.64,163.2,89.4,68.5,4,1
2346.84,112.1,343.8,58.1,6,2
2995.27,90.5,556.2,45.4,5,1
4194.17,169.4,647.4,103.0,5,2
2711.5,151.1,328.3,88.2,5,2
2934.88,167.3,382.9,81.6,5,1
2359.29,191.9,239.0,70.7,4,1
2630.28,210.1,250.2,87.7,4,1
2524.19,165.3,306.7,70.7,5,1
2934.18,183.5,367.2,81.2,4,1
1655.76,136.7,161.0,51.6,5,1
1911.81,231.8,32.8,94.8,4,1
1999.97,196.7,140.2,72.5,4,1
1695.48,137.4,157.6,57.3,4,1
4468.04,188.0,715.5,94.9,5,1
4165.65,188.7,588.2,117.6,5,2
4561.15,175.9,730.5,103.9,6,2
3529.25,173.4,518.9,84.4,5,2
3005.69,194.3,327.8,101.9,5,2
2667.53,119.8,384.6,72.2,5,1
2708.34,127.9,408.2,62.6,4,1
2436.82,98.1,409.7,45.1,5,2
3375.28,192.7,396.4,113.2,6,2
2942.7,151.9,416.4,74.4,5,2
2747.16,175.1,292.8,97.3,5,2
2364.15,126.4,321.4,63.7,4,2
2270.54,139.1,277.2,67.2,4,1
3578.07,144.9,573.4,78.3,4,1
4084.82,193.3,541.3,127.4,5,2
2546.16,150.9,341.2,64.2,4,1
1992.76,181.5,153.0,72.8,4,1
3420.21,131.5,580.0,63.8,6,1
2079.9,213.4,87.2,97.5,4,1
2649.57,134.4,351.2,78.6,5,2
2408.25,148.2,311.5,63.2,5,2
1310.94,119.8,111.5,42.9,4,1
2801.99,125.3,448.9,56.1,5,1
1839.19,162.7,165.2,58.7,4,1
4562.58,170.5,794.8,78.0,6,2
2196.64,106.9,331.1,49.4,5,2
2389.23,111.0,324.4,71.9,5,1
2401.44,193.9,200.7,91.4,5,1
2076.66,153.7,236.0,57.5,4,1
2440.47,233.7,164.9,94.0,4,1
1602.44,143.1,139.4,52.5,4,1
2090.28,105.6,293.0,55.1,4,1
2229.71,122.4,280.5,68.7,4,1
2438.06,161.9,269.7,79.1,6,2
3277.11,207.7,429.5,80.9,4,1
2462.48,172.3,273.0,75.7,5,2
2187.0,194.3,137.1,95.7,5,2
2282.1,122.9,286.4,71.7,5,2
3962.37,209.6,552.0,101.8,4,2
1684.16,87.0,232.1,45.3,4,1
2906.52,108.9,499.9,52.4,4,1
3824.89,231.6,488.3,105.0,4,1
1733.92,126.1,191.3,51.6,4,1
2840.42,174.1,340.4,86.9,4,1
2055.64,114.8,286.8,49.9,5,1
4162.69,139.1,740.5,71.6,5,1
5019.61,198.0,766.8,128.9,6,2
2291.86,172.1,220.7,80.1,5,1
2375.31,191.1,234.5,74.8,4,1
2698.41,168.7,332.7,77.0,5,1
2809.26,232.7,254.3,95.7,4,1
2096.38,194.5,164.3,73.5,4,1
3557.76,173.1,525.1,85.0,5,2
1459.08,140.1,108.4,51.7,4,1
1671.12,211.2,12.8,86.1,4,1
2912.79,108.8,489.0,57.9,5,2
2481.56,169.5,241.3,93.2,6,1
2127.65,116.3,310.3,46.8,4,1
3827.81,161.5,621.3,77.4,5,2
2487.05,115.9,340.2,73.6,5,2
3097.91,201.9,385.5,83.1,5,1
1898.07,155.8,171.3,65.5,4,1
2784.97,194.2,305.1,87.5,4,1
3599.89,208.9,484.3,91.9,6,2
3325.74,202.2,444.1,82.3,4,1
2188.33,134.1,283.7,57.5,4,1
2588.89,165.3,314.9,74.2,4,1
1965.4,119.6,245.0,56.3,4,1
3150.12,201.3,390.0,87.2,4,2
2955.65,103.3,491.0,64.3,5,2
1759.69,167.5,124.5,65.8,4,1
3327.75,148.8,531.7,67.3,5,1
3350.92,165.7,468.9,90.3,6,2
2268.0,173.6,220.3,77.0,5,2
2370.46,120.3,328.8,63.8,6,2
2487.58,179.6,247.0,86.8,5,1
2509.15,179.6,272.4,77.9,4,1
2605.62,184.1,288.2,79.6,4,1
1737.7,153.3,153.8,56.6,4,1
2238.15,129.1,314.1,51.7,4,1
2990.58,189.1,365.2,85.9,5,1
1855.46,158.8,139.4,73.6,4,1
1995.73,112.9,272.2,50.6,4,1
2960.25,196.7,358.6,82.1,4,1
2807.57,97.6,492.4,49.7,5,2
2982.09,187.7,368.2,84.3,4,1
2534.81,180.4,227.9,100.2,4,1
3658.61,208.3,519.3,83.1,5,1
3664.68,141.1,586.4,83.8,5,2
1746.88,114.3,162.6,71.0,5,1
3243.56,225.7,409.0,78.3,4,1
2333.2,117.8,274.9,84.7,5,2
2605.64,110.2,400.2,62.7,5,2
1941.55,142.7,196.6,64.9,4,1
4197.33,175.1,663.7,93.6,5,1
3874.29,180.8,558.3,102.0,5,2
3403.54,201.7,421.2,101.3,6,2
2162.65,116.4,297.2,56.5,6,2
3338.98,187.5,426.0,98.3,4,1
2433.69,94.6,409.1,46.5,5,2
1719.61,104.8,225.2,44.4,4,1
2475.29,204.6,226.0,83.7,4,1
2019.21,142.2,239.4,54.7,4,1
3178.3,145.7,464.0,82.2,6,2
3284.46,112.3,569.1,62.1,5,2
4790.9,188.0,729.0,124.8,5,2
2224.58,221.7,135.5,88.4,4,1
3294.33,164.7,483.2,78.1,5,1
2305.26,214.1,147.1,95.6,4,1
2607.69,129.7,361.9,71.3,5,2
3388.64,176.7,409.9,115.8,6,2
3034.67,168.9,354.1,104.7,5,1
2566.7,189.8,277.1,77.7,4,1
2430.32,215.3,216.7,78.1,4,1
2292.37,85.8,372.7,50.9,5,2
2541.3,101.6,404.6,57.4,5,2
3542.11,216.3,438.4,102.6,4,1
3472.09,127.2,591.0,66.6,5,1
1835.75,202.1,54.8,89.8,4,1
2983.27,117.4,487.2,62.8,5,1
2552.1,215.4,220.5,89.8,4,1
2172.42,117.3,294.1,58.5,5,1
1974.6,120.1,261.7,49.7,4,1
2144.65,190.9,186.3,70.6,4,1
2484.66,145.6,314.5,71.6,6,2
2181.75,145.4,266.4,59.4,4,1
2676.92,146.5,383.7,61.8,4,1
2344.88,115.5,364.1,47.4,5,2
2836.11,189.6,307.9,94.0,5,1
3060.82,220.9,339.0,91.3,4,1
4263.78,196.3,605.5,117.4,5,2
3738.45,174.7,567.3,85.6,5,1
2973.01,140.0,408.4,86.6,5,2
2066.64,196.9,144.6,77.8,4,1
2050.81,174.8,168.8,75.2,4,1
2812.99,97.2,472.1,59.5,4,1
4664.6,206.2,758.7,89.4,5,1
2503.3,134.9,320.9,75.6,5,2
3081.78,159.6,423.5,83.3,5,2
2668.06,117.7,426.3,54.7,4,1
1996.82,101.0,280.8,52.2,4,1
3377.2,122.0,574.3,65.8,5,2
2932.48,190.4,338.4,90.8,4,1
1931.91,188.3,126.3,74.8,4,1
2143.73,88.7,319.2,56.9,5,2
2430.74,187.4,265.3,68.9,5,1
2672.89,168.4,351.8,65.8,4,1
2679.29,246.8,217.3,91.4,4,1
3125.79,205.2,373.9,89.9,4,1
1495.92,153.3,74.2,65.1,4,1
1923.35,202.9,69.7,92.6,4,1
3391.44,128.1,560.9,70.6,6,2
2223.71,190.7,172.4,85.7,4,1
2205.28,226.9,119.8,90.9,4,1
3372.43,174.3,478.1,84.8,5,1
2848.13,149.2,425.4,61.1,5,2
2699.99,125.6,384.1,73.5,5,2
2128.23,143.9,272.3,51.5,4,1
2833.93,140.8,351.2,96.2,5,2
3171.84,158.1,474.5,71.3,5,1
3598.95,216.1,417.6,118.2,5,2
1738.48,137.6,166.5,58.0,4,1
2461.05,156.4,331.8,56.5,4,1
2334.32,148.2,250.2,82.3,5,2
2662.72,157.1,338.6,75.5,5,2
2618.87,103.7,442.9,48.1,4,1
3188.09,147.3,488.6,71.6,5,1
4311.29,217.0,583.1,123.4,5,2
3800.24,192.9,553.7,90.4,5,1
2032.91,110.6,276.4,53.9,5,1
2629.96,226.8,225.1,91.4,4,1
3416.5,101.2,634.8,52.5,5,2
2818.77,205.7,261.6,105.5,5,1
2132.78,144.2,247.6,62.9,4,1
3128.67,84.3,582.4,51.3,6,2
1213.61,107.8,97.9,43.4,4,1
2862.78,123.3,424.7,74.5,6,1
2871.56,168.2,354.5,86.7,6,2
3388.65,199.2,439.9,92.5,5,1
1754.9,190.2,71.2,78.8,4,1
1602.25,171.8,55.1,77.2,4,1
2726.63,165.9,352.1,72.7,4,1
1938.12,113.9,242.0,57.1,5,1
3907.38,182.5,540.2,113.0,5,2
3036.77,192.1,388.5,79.4,5,1
3255.22,160.5,435.7,96.7,5,2
2348.19,158.5,268.2,71.3,4,1
1953.57,210.0,117.3,71.6,4,1
1900.34,122.4,236.8,51.5,4,1
3979.8,170.2,580.1,108.7,5,2
2280.44,203.4,152.7,95.1,5,1
3186.78,121.1,512.1,72.7,5,2
1211.35,110.3,81.8,49.2,4,1
2857.55,109.8,429.6,77.8,5,1
3893.28,165.6,593.9,95.0,5,2
3198.74,96.8,570.6,58.8,6,2
1527.17,127.0,139.4,51.3,4,1
2169.77,224.6,109.3,92.6,4,1
2515.48,117.1,360.2,67.4,4,1
2646.72,124.5,360.7,78.4,5,2
1406.7,102.6,129.7,53.1,4,2
2115.36,133.9,222.0,76.9,6,2
3155.28,136.6,523.4,57.3,5,1
2596.72,221.9,205.8,98.4,4,1
2937.79,202.8,300.9,102.5,5,2
2779.7,207.6,292.1,86.8,4,1
1612.62,124.2,155.9,54.7,4,1
3683.14,163.6,604.4,67.9,4,1
2126.4,123.5,289.8,52.6,4,1
1949.61,121.9,258.1,47.7,4,1
3927.09,173.4,580.1,101.5,5,2
3304.79,193.2,434.1,88.4,5,1
2909.12,107.5,487.2,58.9,5,2
3869.18,166.9,570.9,102.0,6,1
1965.54,168.6,153.8,75.1,5,1
2243.79,161.4,254.4,64.5,4,1
2123.51,158.7,196.9,77.9,5,1
1623.57,127.9,162.6,51.3,5,1
3417.71,191.8,411.0,111.8,5,2
3018.79,221.4,316.7,96.3,4,1
2029.87,124.9,265.6,52.0,4,1
2605.8,164.1,320.4,74.2,5,1
3154.27,202.3,366.5,97.7,4,1
1574.94,123.3,149.9,53.6,4,1
3460.36,159.3,530.9,77.8,4,1
2124.79,117.3,271.5,63.3,4,1
3280.65,172.9,451.9,86.9,4,1
2337.45,198.2,213.3,76.8,4,1
3656.32,188.5,525.1,89.1,5,1
1961.63,127.3,214.4,66.1,5,1
2856.59,136.6,410.6,74.2,5,2
3360.14,135.2,540.0,73.3,5,2
3529.39,195.1,470.5,96.3,4,1
2021.4,187.6,154.0,72.8,4,1
2218.28,139.0,289.2,56.1,4,1
3996.99,186.6,592.4,97.9,5,2
3105.38,136.0,478.9,71.8,5,2
1517.34,124.5,157.1,43.4,4,1
2921.67,172.1,347.3,93.8,4,1
2641.6,212.6,216.7,102.7,4,1
3179.83,108.4,556.6,57.7,5,2
2961.55,111.0,474.8,68.7,5,1
1413.5,144.6,88.7,53.3,4,1
1816.19,200.8,42.3,93.7,4,1
2919.98,155.0,341.0,104.0,6,2
2015.97,183.1,137.1,81.7,4,1
2431.16,206.0,217.7,81.8,5,1
1598.66,133.6,146.8,53.0,4,1
1751.04,127.2,198.9,49.6,4,1
2663.35,172.0,353.8,62.2,4,1
2009.9,115.2,288.5,43.9,4,1
3318.89,118.9,571.8,61.8,6,2
4000.45,185.9,614.8,88.6,5,1
2166.09,189.4,176.9,77.9,4,1
2383.45,98.1,365.3,58.9,5,1
2208.27,113.6,310.7,56.8,4,1
3471.15,135.9,542.6,84.1,5,2
3267.42,130.7,520.6,73.6,5,2
1170.0,129.3,28.1,60.0,4,1
2881.47,133.9,446.4,62.3,4,1
2224.79,168.4,227.0,71.4,4,1
2294.89,145.3,289.3,61.8,5,1
2149.59,119.6,276.8,62.7,5,2
1959.3,201.9,135.6,67.7,4,1
4991.95,193.4,833.7,98.2,5,2
2842.22,175.1,337.4,88.0,5,2
2673.84,223.9,219.7,99.9,4,1
3003.76,181.0,388.9,80.5,4,1
1898.89,104.6,255.0,51.2,4,2
3665.94,226.1,457.0,103.7,4,1
2405.22,99.6,371.1,58.1,4,1
2346.67,95.3,378.0,50.4,5,2
2077.41,122.6,259.1,61.2,5,1
1555.8,125.6,154.9,48.2,4,1
2554.59,195.6,225.3,96.8,4,2
2000.61,245.2,31.2,99.4,4,1
3491.31,148.5,490.1,104.1,6,2
3099.29,117.6,481.8,78.0,5,2
2558.56,186.7,261.7,85.0,4,1
2535.95,167.7,297.4,75.1,5,1
1511.25,108.5,156.0,50.4,4,1
1639.23,171.2,96.9,63.0,4,1
2179.27,114.1,297.2,59.3,5,1
1917.46,107.5,272.1,44.4,5,1
1662.55,132.1,142.3,62.8,5,1
3033.33,123.1,501.0,59.7,4,1
2926.47,132.2,454.6,64.4,6,2
1577.06,104.1,184.8,46.8,5,1
1922.57,142.9,210.6,56.5,4,1
3370.36,163.7,500.2,79.5,5,2
3600.66,184.4,460.4,113.5,5,1
3251.54,243.6,358.9,93.5,4,1
1667.92,119.0,184.4,50.5,4,1
2680.68,120.3,371.2,79.4,5,2
2972.67,170.5,381.8,84.8,4,1
2471.97,186.5,271.9,70.9,4,1
2954.06,205.9,316.2,96.2,5,1
2769.59,128.9,429.3,59.7,5,1
2359.03,93.3,388.5,48.0,4,1
3550.61,138.4,551.0,88.1,6,2
3439.39,134.7,550.5,77.6,5,2
2725.77,130.0,378.6,76.8,6,2
3304.07,178.4,456.1,85.2,6,2
1799.09,170.4,125.1,68.6,4,1
1639.87,90.2,205.2,50.9,4,1
2454.2,152.8,307.3,68.2,4,1
2304.09,153.9,275.0,65.4,4,1
3676.0,145.6,622.3,67.1,6,2
2888.03,139.5,412.2,75.7,4,1
2397.85,180.9,251.3,74.4,4,1
2298.9,143.6,293.8,61.0,4,1
3786.56,173.6,575.8,87.7,6,2
2563.56,190.1,264.0,83.0,4,1
3519.43,225.6,417.9,105.1,4,1
3961.42,196.7,575.7,96.9,4,1
2651.72,152.2,352.9,70.2,5,2
1529.28,150.9,78.9,67.8,4,1
3065.65,162.6,410.8,85.8,4,1
2582.46,113.2,435.8,42.9,4,1
1454.71,105.6,152.6,46.9,4,1
1967.74,109.1,264.2,52.7,5,1
2980.98,123.8,465.8,69.2,6,2
2163.41,119.3,260.1,71.8,5,1
1842.61,93.7,243.6,54.8,5,2
2082.02,185.8,160.8,77.3,4,1
2626.36,178.5,290.3,83.5,4,1
2006.97,91.4,269.0,62.8,5,2
2401.18,153.0,303.8,63.8,4,1
2360.91,217.0,147.7,100.2,4,1
2485.58,136.4,374.8,49.0,4,1
3531.27,161.9,551.7,75.2,5,1
2937.63,125.2,458.0,67.2,5,2
3335.1,142.1,509.3,81.0,6,2
2648.19,149.3,312.3,89.1,5,2
2867.6,119.8,482.1,51.1,4,1
2640.99,179.3,305.5,78.0,4,1
4699.36,210.8,713.7,111.2,5,2
2377.33,173.6,253.1,74.5,4,1
2813.06,150.3,370.5,81.1,5,2
2055.7,100.5,290.2,54.8,6,2
2686.86,141.5,380.3,66.6,4,2
2169.89,112.1,320.4,48.8,4,1
2761.9,102.2,449.7,61.6,6,2
1522.94,125.7,153.0,45.3,4,1
2618.24,127.9,366.4,71.2,5,1
1794.12,196.2,68.2,81.8,4,1
2627.71,223.3,236.2,87.7,4,1
2954.07,171.5,413.5,68.3,4,1
4025.3,163.8,594.5,110.2,5,2
3567.54,170.4,548.2,77.0,4,1
2756.88,157.0,331.1,89.4,6,2
4286.03,178.6,673.0,97.7,6,2
2532.51,102.1,415.8,51.2,5,1
2795.36,157.3,399.7,63.0,4,1
1988.83,174.7,135.1,83.3,4,1
1497.22,111.8,152.9,48.7,4,1
4071.44,172.8,651.3,86.1,5,2
3201.6,144.3,480.4,78.1,4,1
3157.79,241.9,326.5,98.2,4,1
2118.2,239.3,89.2,89.3,4,1
2294.16,109.2,327.2,61.0,5,2
1551.13,107.4,169.3,49.4,4,1
4038.86,213.7,529.0,118.7,6,1
3234.41,135.6,506.4,74.0,5,2
3601.63,176.0,548.1,78.4,4,2
1884.0,217.1,53.5,89.1,4,1
2440.19,190.5,239.9,79.8,4,1
3496.14,163.6,544.2,73.9,5,1
2244.14,128.4,290.2,63.3,4,1
2362.81,149.6,312.1,57.3,4,1
3265.87,158.4,415.0,108.0,6,1
3066.01,197.8,339.6,101.8,4,1
1979.12,97.1,301.8,42.6,4,2
2146.8,231.6,95.5,93.2,4,1
1910.85,142.0,206.2,57.6,4,1
3274.89,109.5,532.1,78.7,6,2
2561.34,140.2,280.0,97.9,5,1
2487.09,123.7,367.3,58.1,4,1
1842.04,155.5,154.5,66.9,4,1
1927.31,93.5,286.8,45.1,5,2
2175.62,210.2,140.7,85.8,4,1
3633.59,192.2,511.7,90.9,4,1
2111.64,167.3,208.1,67.8,4,1
3228.09,138.5,492.1,78.4,5,1
2093.5,168.0,206.9,66.0,4,1
3316.52,189.5,438.3,89.5,5,2
3313.35,162.2,474.9,85.0,5,1
3336.35,186.0,474.0,77.4,4,1
2743.16,177.9,310.4,87.8,5,1
1790.84,149.2,141.8,69.7,4,1
3351.69,154.8,522.2,71.5,4,1
1660.32,171.3,79.7,73.0,4,1
2205.96,147.5,239.9,72.9,5,2
4179.92,171.9,649.5,99.4,5,2
1854.14,148.6,171.4,63.8,4,1
2011.5,168.9,174.5,70.9,4,1
1760.96,164.5,134.2,62.9,4,1
2366.24,94.6,367.2,57.7,5,2
2496.67,114.6,402.6,47.5,5,1
2592.15,186.0,285.7,78.4,4,1
3238.31,106.1,547.3,69.4,5,2
3127.49,118.7,532.4,58.2,5,2
3898.02,166.8,604.2,90.4,4,1
1255.47,127.2,74.1,50.0,4,1
2903.51,237.1,282.9,91.5,4,1
2883.2,236.1,283.8,89.3,4,1
2038.69,125.8,277.6,47.2,4,1
4035.21,175.1,629.4,90.8,5,1
3396.25,209.4,445.4,86.3,5,1
2292.47,220.3,142.7,93.4,4,1
1716.0,113.7,201.9,50.4,4,1
2995.12,200.3,347.5,89.3,4,1
3202.3,208.1,397.9,86.5,4,1
1782.52,213.2,38.1,86.4,4,1
1939.2,117.0,256.8,49.3,5,1
2448.75,194.8,246.7,75.8,4,1
3821.57,193.5,532.7,101.9,5,1
2112.4,101.7,306.6,53.3,5,2
2647.61,178.5,306.2,78.7,4,1
1936.0,104.9,260.9,52.5,5,1
2277.6,230.7,127.3,93.9,4,1
1712.43,194.5,53.3,80.2,4,1
2781.34,135.9,350.6,92.8,5,1
1644.97,143.3,135.2,59.0,4,1
3378.37,152.8,457.4,104.2,5,2
2813.42,127.7,447.2,57.1,5,1
2358.06,117.1,326.4,64.9,5,1
3646.33,183.7,453.7,121.9,6,1
1950.3,196.0,126.7,73.3,4,1
2296.97,167.8,237.5,75.1,4,1
2165.82,186.6,160.3,86.5,4,1
2072.78,136.2,248.9,59.2,4,1
3443.37,237.1,384.6,106.3,4,1
2532.3,187.2,239.6,91.7,5,2
2771.42,118.6,459.8,50.9,4,1
2410.43,95.3,388.5,52.8,5,1
2680.99,247.4,214.8,92.5,4,1
1708.8,107.4,191.9,56.8,5,1
3089.24,188.1,421.9,72.1,4,1
2126.1,158.6,227.0,64.9,4,1
1868.46,143.5,200.3,54.8,4,1
1583.54,150.4,106.2,61.9,4,1
3326.16,250.3,354.1,100.9,4,1
2147.11,109.0,293.7,59.6,4,1
2489.9,141.3,336.0,64.5,4,1
2109.85,98.8,301.5,56.5,6,2
2726.44,192.4,257.8,102.9,6,2
2970.39,142.3,455.9,64.2,5,2
1790.28,115.1,223.1,48.6,4,1
3398.59,191.4,469.4,83.9,5,1
3140.6,196.3,374.2,95.4,4,1
3098.16,111.0,537.0,56.2,4,1
2674.08,107.4,439.3,54.1,5,2
2278.34,182.8,189.6,87.6,4,1
2589.13,90.1,412.4,64.3,5,2
2869.75,116.2,457.1,64.1,5,2
2611.61,163.6,324.4,73.3,5,1
2020.37,101.9,262.5,62.5,5,2
2529.22,108.0,396.5,56.8,5,1
2767.37,165.5,375.7,67.0,4,1
2909.36,129.1,419.7,79.3,6,2
3169.55,218.5,376.3,87.8,4,1
4016.73,178.3,597.7,101.4,5,1
2005.86,115.9,244.6,62.7,5,2
1152.67,109.3,72.2,47.4,4,1
2031.05,148.4,212.3,65.4,4,1
2803.25,230.6,233.7,105.1,4,1
2559.16,177.8,304.1,70.2,4,1
1840.64,133.9,192.7,59.4,5,1
1824.76,115.1,209.5,58.5,4,1
2005.76,223.2,105.0,77.0,4,1
1929.41,88.5,291.6,45.5,4,1
2520.37,131.8,318.3,80.0,6,2
1904.49,200.4,78.5,87.7,4,1
2727.74,168.1,274.7,106.3,5,1
2382.49,160.2,290.0,64.6,4,1
2799.64,114.6,451.5,59.5,4,1
3415.53,189.8,442.8,98.4,6,2
3171.72,195.1,374.5,99.2,5,1
3237.13,166.6,466.8,78.2,6,1
3084.19,146.0,468.8,69.4,5,2
4425.38,225.3,671.7,93.0,4,1
3071.97,246.5,290.6,102.6,4,1
2365.41,159.5,234.3,87.8,4,1
2649.16,123.0,368.6,75.9,5,2
2940.84,109.6,462.5,72.5,5,1
3483.21,188.7,411.1,120.5,5,2
1926.41,205.3,64.1,94.3,4,1
2851.7,207.3,308.6,87.6,4,1
1903.53,125.4,227.8,54.5,4,1
1924.17,140.3,206.7,59.6,4,1
1651.66,109.2,186.5,52.1,4,1
4052.42,191.5,543.0,123.8,5,2
2380.9,89.2,405.2,44.8,6,2
2317.2,195.7,147.1,105.1,4,1
2793.61,147.3,374.2,78.6,6,2
3420.82,165.4,502.0,83.5,6,1
2493.84,175.3,287.6,71.3,4,1
2282.85,109.6,339.3,54.1,5,2
1761.61,182.5,95.2,72.3,4,1
4549.95,180.2,683.9,121.5,5,2
3550.33,182.9,464.7,106.6,5,2
1954.89,176.8,124.0,83.5,4,1
2566.51,191.7,265.1,82.1,4,1
2374.19,123.6,322.7,65.5,6,2
3391.46,145.2,525.7,78.7,5,2
2816.99,105.7,486.1,50.0,5,2
1917.11,133.3,195.0,67.1,5,1
2871.41,171.7,379.1,74.3,4,1
3302.97,169.5,433.6,98.9,5,1
2412.34,207.2,201.4,86.4,4,1
2882.84,206.2,337.3,78.7,4,1
2880.38,232.7,287.4,88.9,4,1
2467.42,152.8,297.9,73.8,5,2
2708.84,245.8,203.0,101.5,4,1
1591.27,137.2,149.5,49.4,4,1
3172.91,202.4,306.0,126.6,5,2
3366.25,183.8,437.1,98.1,5,2
3840.5,155.5,631.2,77.1,5,2
2564.41,127.3,372.0,63.0,5,2
2257.11,254.5,79.5,102.4,4,1
2221.8,136.7,276.0,63.5,4,1
2166.84,122.0,257.8,71.9,5,2
2946.9,120.9,495.0,53.7,6,2
3426.05,184.6,468.2,90.5,5,2
2343.67,212.1,157.9,96.0,4,1
2052.41,150.6,221.9,62.5,4,1
3619.42,164.2,550.3,84.6,5,2
4297.58,169.5,663.3,107.4,5,2
2316.51,109.7,326.0,63.7,5,1
3673.63,169.0,473.2,122.8,5,2
2854.01,134.9,418.8,71.0,4,1
1941.0,204.2,63.5,96.7,5,1
1795.17,122.1,204.3,54.4,4,1
1956.0,165.8,146.5,78.5,5,2
2788.14,138.6,348.0,93.5,5,2
2706.64,177.1,339.5,71.1,4,1
1900.0,117.8,235.2,54.2,4,1
2872.91,115.1,456.4,65.2,6,2
2599.05,168.1,292.1,84.2,5,2
2822.42,89.8,472.9,63.5,6,2
2817.28,152.2,335.7,96.2,6,2
2474.96,153.3,283.0,81.1,4,1
3923.23,153.2,679.2,65.9,6,2
2728.03,182.7,340.6,70.5,4,1
2435.36,200.9,213.9,86.2,4,1
1486.52,146.5,100.3,55.5,4,1
1865.56,207.8,43.0,95.8,4,1
1464.42,97.1,160.5,48.2,5,2
1590.02,172.2,67.5,70.1,4,1
1973.52,237.1,18.0,105.9,4,1
1627.29,205.6,30.8,75.8,4,1
1528.89,176.5,35.3,75.7,4,1
2900.33,106.0,455.3,72.8,6,2
2649.02,175.3,325.3,71.9,4,1
3270.27,220.9,383.5,94.7,4,1
3377.18,154.7,487.5,89.8,5,2
2084.14,148.2,253.1,53.2,4,1
1420.54,157.3,51.5,65.0,4,1
2289.72,149.2,257.5,73.6,5,1
2916.5,191.3,335.2,90.1,5,1
2633.51,167.1,319.9,76.2,4,1
2432.76,118.5,380.2,48.7,4,1
1653.92,113.5,163.9,60.5,4,1
2515.89,108.5,382.5,61.3,5,1
1822.4,122.0,223.9,48.8,4,1
2337.52,169.3,279.6,60.2,4,1
2765.58,149.0,413.5,57.3,5,1
1962.93,196.5,119.9,77.5,4,1
2107.8,168.1,185.0,77.3,5,2
3682.44,185.2,497.9,105.6,5,2
3069.27,152.4,438.7,78.3,4,1
3849.55,156.2,627.7,79.4,5,1
2694.61,136.0,360.2,78.9,6,1
1452.51,148.3,82.5,58.8,4,1
3797.63,192.3,581.5,78.1,4,1
2860.8,126.1,465.4,55.0,6,1
3579.81,129.4,565.8,88.8,5,2
2787.59,89.5,463.1,64.2,5,1
2554.78,180.5,274.8,81.5,4,1
2430.31,138.9,343.1,55.8,4,1
2250.36,113.7,324.9,55.1,4,1
3642.25,200.3,489.9,97.9,5,2
3289.31,176.3,468.8,78.8,4,1
3255.74,158.6,425.4,102.2,5,2
2131.97,150.4,203.1,79.7,4,1
1911.4,119.9,257.5,44.7,4,1
1774.44,151.5,170.0,54.3,4,1
3182.88,224.3,375.2,87.2,4,1
2669.8,195.1,239.2,103.6,6,2
1745.66,146.2,162.6,56.8,4,1
2143.8,125.2,292.6,52.5,4,1
3423.18,149.4,563.7,63.4,5,2
1549.66,157.8,88.3,62.8,4,1
3877.23,139.5,671.0,70.6,4,1
2468.66,110.1,385.7,54.0,5,2
1968.01,160.0,169.9,72.0,4,1
3087.57,169.0,362.8,106.7,6,2
2944.24,209.3,338.0,83.9,4,1
2819.1,118.6,443.9,63.3,5,2
3299.86,147.2,516.7,71.6,5,1
3553.5,191.4,469.8,101.0,5,1
2616.66,138.9,356.9,70.3,4,2
1738.76,119.0,212.9,45.7,5,1
3983.5,155.4,635.5,91.1,5,2
3322.7,153.7,505.3,76.3,6,1
1482.97,136.3,114.3,53.4,4,1
1902.7,104.4,248.9,54.4,5,2
2343.76,161.5,269.4,68.9,5,1
3174.67,107.4,532.2,68.5,5,2
2169.53,128.6,236.5,78.8,6,2
2487.28,191.0,272.4,70.4,4,1
1922.73,132.1,245.2,45.9,4,1
2459.05,191.0,249.7,77.3,4,1
2476.38,120.1,345.7,68.1,5,2
3113.97,157.3,420.1,89.4,5,2
1856.72,152.3,181.7,57.9,4,1
3302.82,149.7,474.4,89.6,6,2
1660.99,113.4,183.7,52.5,5,1
3154.53,165.8,405.3,96.7,5,2
2472.31,142.5,320.1,69.1,5,1
2078.29,151.9,214.7,68.0,5,2
2101.61,145.1,238.6,63.0,5,1
3339.52,133.9,531.0,75.6,5,2
2273.7,188.3,163.4,96.3,4,1
1416.5,122.6,109.7,54.1,4,1
2131.91,141.9,211.8,79.7,4,1
1787.43,106.6,243.4,43.0,4,1
1920.45,173.8,139.4,74.2,4,1
3024.97,151.0,465.8,62.0,5,1
2442.36,194.3,212.8,90.4,4,1
2563.31,130.2,364.4,65.0,6,2
2605.64,163.4,344.9,63.6,4,1
3688.32,153.2,569.4,88.7,5,2
2539.83,210.3,215.3,93.0,4,1
2225.07,186.7,178.0,85.2,5,2
2334.78,97.7,351.7,59.7,5,2
2095.01,99.6,302.6,54.0,6,2
2344.05,194.3,195.4,87.2,4,1
2138.31,114.4,286.6,59.3,5,2
2733.15,160.0,353.8,75.3,5,1
2981.7,130.5,485.0,57.8,5,1
3145.08,147.4,469.9,75.1,6,1
2233.83,96.3,329.9,58.8,5,1
1984.07,213.3,108.4,77.5,4,1
3001.54,175.3,389.8,82.4,5,2
2851.28,90.5,489.1,59.2,5,2
4376.27,172.0,694.5,101.1,5,1
3480.02,136.9,540.9,85.4,5,1
2427.98,133.7,313.8,70.9,5,1
1617.03,129.2,154.6,53.5,4,1
2826.64,156.7,378.6,76.1,5,1
1943.7,162.9,183.1,62.2,4,1
2188.29,108.2,311.0,56.9,5,1
3287.84,128.7,560.0,59.2,5,2
2212.69,150.7,250.3,67.7,6,2
3139.83,203.8,399.3,80.8,5,1
2367.1,179.7,151.4,115.8,5,2
1590.5,94.1,194.7,48.4,4,1
1727.34,113.7,193.6,55.4,5,1
2355.63,124.1,289.1,78.1,6,2
1926.3,155.7,163.1,72.3,5,1
3007.7,223.2,337.5,85.0,4,1
2772.23,153.8,379.1,71.2,4,1
3624.35,175.7,501.3,101.8,5,1
1855.43,172.4,137.4,68.5,4,1
3288.12,179.9,411.8,102.3,5,2
3173.74,136.5,504.2,67.9,4,2
2145.75,235.9,83.2,96.6,4,1
2708.45,210.4,288.8,79.1,4,1
2865.55,159.0,403.8,68.3,6,2
2480.38,125.8,309.2,82.3,5,2
2224.45,163.2,240.8,67.6,4,1
2017.1,144.1,219.0,62.7,4,1
1498.44,157.4,82.5,59.9,4,1
1544.58,132.4,118.5,60.1,4,1
2072.7,171.6,143.6,90.2,4,1
2940.96,110.3,491.5,59.3,5,1
3022.19,186.8,323.3,109.1,5,2
2447.26,130.5,339.6,63.0,5,2
4195.1,174.6,600.7,121.6,6,2
2123.15,128.1,287.5,51.2,4,1
2581.64,194.1,267.1,81.9,4,1
2021.52,261.7,1.0,107.9,4,1
3562.71,156.0,535.1,88.7,6,2
3081.64,141.8,431.9,87.4,5,2
2776.43,155.8,370.9,74.4,4,1
3437.06,178.5,516.5,73.0,5,1
3005.87,182.9,343.4,100.1,5,2
2817.72,88.1,492.5,55.0,6,1
2430.66,207.7,186.8,94.7,4,2
2633.25,109.8,403.1,64.6,5,2
2381.48,105.5,364.2,55.8,4,1
1834.78,129.4,209.3,53.3,4,1
2802.94,161.5,358.6,80.3,6,1
2514.36,166.4,315.7,65.1,4,1
2881.13,139.9,384.3,87.1,5,2
2440.53,139.9,330.2,62.2,5,1
1847.02,204.6,33.9,99.2,4,1
2627.34,180.8,297.4,79.4,4,1
2756.56,222.8,261.1,91.2,5,1
2118.57,102.6,284.7,63.3,5,1
2719.95,113.8,403.8,72.1,5,2
2101.5,102.4,296.7,56.1,5,2
2027.45,109.3,284.6,50.2,4,1
1809.36,201.0,66.5,82.1,4,1
3774.28,209.4,560.3,77.3,4,1
4542.08,179.8,732.2,99.3,5,1
3583.62,172.7,501.7,98.5,5,2
1959.25,98.3,268.7,54.6,4,1
2391.1,214.4,173.4,93.3,4,1
3167.09,143.0,501.3,65.5,5,2
1826.57,100.7,233.2,54.5,6,2
1935.17,107.7,258.5,52.3,4,1
2518.6,95.0,425.6,48.5,5,2
3062.86,133.8,433.4,88.3,5,2
2306.91,154.4,258.6,72.8,4,1
3004.57,162.7,338.0,111.3,5,2
2499.15,187.2,260.0,78.9,5,1
3745.12,161.5,590.4,81.9,5,1
3241.38,144.8,452.9,94.5,5,2
2897.76,189.2,263.8,120.6,5,2
2995.35,167.8,399.8,80.6,4,1
1854.6,168.7,140.3,68.7,4,1
1564.5,112.9,172.6,46.9,4,1
1662.76,146.4,111.1,70.3,4,1
2400.18,89.0,409.5,45.1,5,1
3113.62,199.7,365.2,94.9,4,1
1841.61,133.2,198.3,57.3,5,1
3177.51,125.1,507.2,72.0,5,1
1725.48,109.6,207.7,50.7,4,1
1630.72,162.4,110.9,59.7,4,1
3227.37,172.4,407.2,101.0,5,2
1945.48,119.7,222.1,64.3,5,1
2102.27,181.7,161.9,80.8,4,1
2428.12,118.1,324.8,72.9,5,2
4665.58,187.9,711.3,118.8,5,2
2190.58,184.3,197.6,73.6,4,1
2736.15,94.8,469.8,53.1,5,1
1960.44,217.2,92.1,80.3,4,1
2834.21,236.3,252.4,97.7,4,1
2809.79,241.9,243.6,96.5,4,1
2014.37,100.6,285.8,52.1,4,1
3104.39,229.3,339.3,92.2,4,1
2020.68,128.5,254.0,54.5,4,1
1663.8,137.0,171.6,47.7,4,1
3099.34,150.1,417.2,92.3,6,1
1554.03,114.4,158.5,51.4,4,1
2169.39,130.1,298.0,50.7,4,1
2470.37,117.5,358.3,63.0,6,2
3357.75,183.4,478.4,78.9,5,1
3769.48,188.0,509.8,108.7,5,2
3258.0,181.7,360.7,120.9,6,2
2719.7,129.7,412.2,61.4,6,1
1906.2,141.1,200.9,59.8,4,1
2042.77,90.2,310.6,48.9,4,1
1774.64,120.4,187.4,60.4,5,1
1793.0,128.0,205.2,51.2,4,1
2646.88,154.7,346.3,71.4,5,1
4015.03,151.5,630.6,98.5,5,2
3924.23,166.2,635.2,79.8,5,2
4230.32,176.5,606.8,121.9,5,2
1538.05,83.8,200.6,44.5,4,1
2369.82,118.5,333.5,62.4,4,1
1984.96,172.9,153.4,75.5,4,1
1798.85,176.0,126.1,65.6,4,1
1799.69,148.9,175.0,56.0,4,1
2129.81,133.4,278.2,53.7,4,1
3026.23,108.1,485.6,72.4,5,2
3051.66,184.1,394.3,82.0,4,1
2802.8,146.2,377.4,78.7,4,1
2537.69,206.5,256.2,76.3,4,1
2413.91,162.4,277.1,72.9,5,1
1787.61,115.6,208.5,54.6,4,1
2208.88,99.4,316.6,60.5,5,2
2497.67,133.4,315.2,78.1,4,2
2064.63,211.9,85.4,97.3,4,1
3447.7,155.9,460.9,109.0,5,2
2033.98,146.2,222.5,62.2,4,1
1936.05,106.3,242.1,60.3,6,2
2507.53,238.6,189.8,88.2,4,1
1725.12,173.9,111.2,65.0,4,1
2079.03,100.3,303.7,51.5,4,1
3823.53,190.6,563.0,89.9,4,1
2246.26,165.2,239.6,69.7,4,1
2840.39,157.3,353.1,88.8,5,2
3280.81,154.5,453.2,94.4,5,2
2455.39,198.5,210.8,90.9,5,1
2410.26,149.0,243.4,93.4,5,2
2201.62,104.2,313.6,58.9,4,1
3051.28,170.1,426.1,74.1,4,1
2991.43,156.8,415.3,78.1,5,1
2499.77,113.0,378.2,59.5,5,1
1994.1,107.3,288.3,45.7,4,1
3941.22,172.9,571.7,107.0,5,2
2923.79,242.6,275.3,94.7,4,1
2246.7,122.6,317.0,54.2,4,1
2955.74,190.8,379.9,74.8,4,1
2299.76,143.3,294.2,61.1,4,1
2681.63,154.8,326.9,83.9,5,1
2451.13,149.9,268.6,86.4,4,1
2903.2,119.2,470.0,60.7,5,1
2978.2,196.7,348.5,88.6,6,2
1870.16,117.6,215.8,59.6,4,1
2049.73,178.3,179.0,69.0,4,1
1959.92,111.1,265.9,50.2,4,1
1526.25,121.8,147.7,49.8,4,1
3054.01,126.2,466.2,76.0,5,2
2416.72,186.1,238.0,80.0,4,1
2686.98,156.8,340.9,77.3,5,1
1786.71,126.8,196.0,55.1,4,1
3082.1,127.0,507.1,60.6,5,2
3878.39,168.0,543.4,114.7,5,1
2815.39,110.5,437.3,69.3,5,1
3268.98,178.8,453.3,82.3,4,1
2515.24,169.8,270.6,83.7,4,1
2644.12,161.1,329.3,75.8,5,2
2671.16,127.2,405.5,60.1,4,1
2641.24,141.0,380.5,61.7,5,1
3104.64,151.6,430.9,86.0,5,1
4252.3,209.9,645.6,92.2,5,1
2510.92,172.1,268.6,83.1,5,1
3232.56,235.5,369.3,90.3,4,1
2892.66,171.0,354.7,87.8,6,2
2712.13,140.4,402.6,60.0,4,1
2815.26,179.9,333.9,84.5,6,1
3220.82,181.3,432.8,84.9,5,1
2096.36,111.1,277.8,60.1,5,2
2401.57,176.6,243.5,80.2,4,1
1978.72,170.7,166.8,69.9,4,1
3275.56,158.6,521.2,61.8,5,1
3108.73,144.8,452.2,80.1,6,2
3930.12,150.6,630.9,89.4,4,1
2729.16,146.8,379.0,69.6,4,1
2905.06,232.1,292.6,89.6,4,1
2571.45,195.2,260.8,83.0,4,1
3897.58,169.8,566.5,105.8,5,2
1723.82,122.9,190.2,52.4,4,1
2324.74,155.8,275.7,66.5,4,1
2134.5,116.5,276.1,62.7,5,1
1425.6,226.3,0.0,80.8,4,1
2280.83,154.0,253.2,72.4,5,2
2166.32,131.3,265.4,64.4,4,1
2490.28,88.9,430.6,45.8,6,2
2175.92,93.3,315.3,60.2,5,2
3935.23,154.4,667.1,72.1,5,2
3487.8,204.9,482.8,81.9,4,1
1586.32,143.1,114.1,62.0,4,1
3326.08,160.8,491.8,79.5,6,1
3262.03,150.3,457.5,92.3,5,1
4184.03,167.1,626.1,112.4,6,2
2208.59,216.2,142.1,86.2,4,1
2748.01,110.4,434.5,63.1,6,2
1850.57,200.4,63.0,88.6,4,1
2246.4,186.2,193.4,80.9,5,1
1680.26,94.7,219.5,47.1,4,1
2790.71,122.9,394.9,80.0,5,2
3084.46,187.4,343.6,106.7,6,2
2710.43,126.9,394.3,69.5,4,1
4060.58,180.1,632.3,90.1,4,2
2770.39,119.9,458.1,51.0,4,1
3341.12,183.6,467.7,81.7,5,1
1668.93,150.1,127.3,62.2,4,1
3546.65,187.4,432.6,118.5,5,2
1870.46,100.3,220.5,65.2,5,2
1734.62,105.8,221.7,47.2,4,1
2672.47,196.3,268.2,90.5,4,1
2347.2,129.3,286.8,75.9,5,2
1882.89,108.7,234.0,56.9,5,2
1454.67,148.4,93.1,54.3,4,1
3755.77,128.2,643.0,74.6,5,2
2102.78,109.4,285.4,58.1,5,1
2738.91,164.4,312.0,92.6,4,1
2254.58,127.9,285.0,67.0,5,1
3096.95,181.0,317.6,122.5,5,2
2370.53,102.8,352.6,60.9,5,2
2867.38,119.6,464.8,58.9,4,1
3154.86,159.7,487.3,63.0,4,1
2630.3,140.1,309.7,92.4,6,1
2938.49,121.0,478.4,60.1,4,1
2121.05,192.1,164.2,77.4,4,1
2894.07,108.7,482.1,59.0,6,2
2915.75,205.5,357.8,73.6,4,1
2309.8,207.7,186.2,81.6,4,1
4606.7,161.1,753.7,105.3,6,2
2944.1,202.7,357.4,78.2,4,2
2657.43,179.0,321.4,72.9,4,1
4620.74,192.1,701.3,116.4,6,2
2080.65,214.4,104.4,89.5,4,1
2522.52,156.3,263.5,93.7,5,2
2687.27,218.4,228.7,99.9,4,1
2149.66,145.6,251.2,62.5,4,1
1734.82,108.0,197.4,57.0,4,1
2795.99,179.8,337.5,80.7,4,1
1707.05,170.1,111.7,64.4,4,1
3230.29,164.1,443.6,88.8,6,2
4554.57,204.8,691.0,107.9,5,2
3241.85,119.4,524.8,73.9,6,2
3282.3,177.9,442.1,89.1,4,1
3035.83,143.5,423.6,85.3,5,2
2903.08,103.0,516.2,47.4,5,1
3384.75,199.4,436.1,93.7,5,1
1776.08,101.7,213.0,57.5,4,1
2239.91,124.2,315.8,53.3,5,1
3249.02,211.5,421.7,79.6,4,1
1958.85,116.4,241.5,58.6,5,1
3058.79,174.6,365.3,99.9,5,1
2903.72,162.4,326.6,105.3,5,2
2981.29,245.8,259.5,106.7,4,1
2152.6,163.7,180.5,86.2,4,1
1954.8,125.8,237.7,55.6,4,1
2578.19,224.2,212.5,92.4,4,1
3305.18,178.1,416.5,103.0,6,2
3234.45,150.8,435.5,98.8,5,2
3734.11,191.0,546.2,87.2,6,2
1817.76,102.5,239.8,49.8,5,1
2020.99,179.6,182.4,63.7,4,1
1398.23,121.2,128.3,44.5,4,1
2770.84,220.9,252.8,97.3,4,1
2371.33,177.2,222.5,85.9,4,1
1852.4,95.2,245.5,54.4,6,2
2154.25,112.2,316.9,48.7,4,1
3064.11,180.9,335.1,111.1,5,2
1184.97,111.5,87.2,43.4,4,1
3691.42,181.3,522.6,97.3,5,1
3359.5,188.8,462.1,84.0,5,1
3802.57,162.6,589.0,88.4,5,2
1971.5,181.2,112.8,88.4,4,1
2785.09,154.9,359.8,80.7,5,1
2969.43,129.2,485.3,56.8,5,1
2044.95,149.4,222.9,61.7,4,1
2375.77,224.3,160.1,93.1,4,1
1854.06,108.3,241.0,50.7,5,1
2458.04,119.3,328.9,73.9,5,1
1835.9,209.6,43.1,91.7,4,1
3612.81,179.8,553.3,75.6,5,1
2677.99,209.9,261.3,88.1,4,1
3834.14,168.7,553.7,105.0,5,2
2213.78,142.9,258.2,67.7,4,1
1358.93,130.3,89.2,53.4,4,1
1729.06,106.7,216.5,48.4,4,1
3666.83,149.4,573.7,86.0,5,1
2728.47,106.6,442.9,59.0,5,2
2153.98,131.4,282.3,55.4,4,1
2043.77,184.7,169.9,69.5,4,1
2192.13,131.4,313.4,45.9,4,1
2205.21,149.1,244.9,69.9,4,1
1740.91,180.4,95.9,70.6,4,1
3323.59,174.5,497.5,70.6,5,1
2710.86,136.0,352.5,84.1,5,2
2431.63,140.8,329.7,61.1,5,1
2598.06,144.8,366.3,61.5,4,1
2872.67,133.5,430.4,68.6,6,2
3974.83,184.0,576.9,103.5,5,2
1941.38,109.7,276.2,44.2,4,1
2872.8,197.0,350.0,76.1,4,1
4391.8,201.0,667.0,102.2,5,1
3126.45,160.4,428.7,85.5,4,1
3154.45,126.5,493.7,74.9,4,1
1860.85,137.1,194.7,59.3,5,1
2326.14,161.2,278.4,63.1,4,1
2031.53,165.1,206.2,60.7,4,1
3819.9,152.3,611.3,85.1,6,2
1732.81,165.7,122.6,64.4,4,1
3284.44,113.1,555.0,68.0,6,2
2155.21,140.2,284.6,50.7,4,1
2225.11,142.7,285.2,57.1,4,1
2206.28,181.9,219.4,66.8,4,1
2592.54,115.2,379.1,68.4,6,2
2996.91,142.8,470.7,60.3,5,1
3531.96,139.9,538.5,90.9,5,2
2920.18,169.5,340.8,97.7,4,1
1560.9,95.7,175.6,52.9,5,1
2073.58,103.3,286.1,57.3,5,2
3941.15,189.1,605.4,84.8,6,2
2938.66,177.7,385.1,76.4,4,1
2696.31,138.2,381.3,68.7,6,2
1909.64,98.0,282.2,43.2,4,1
3162.92,164.6,429.0,87.6,6,2
2678.48,144.6,381.6,63.7,5,1
4630.64,171.0,741.0,109.2,5,2
2232.2,91.2,323.6,63.7,5,2
2493.37,197.9,267.1,70.4,4,1
1791.74,130.6,198.6,52.8,4,1
2398.77,126.9,321.5,67.2,5,2
2205.72,88.8,356.4,47.2,5,1
2408.79,156.2,312.9,59.2,4,1
3991.49,219.5,563.3,95.6,5,1
2794.98,173.4,331.3,86.3,5,1
2462.56,161.0,279.3,77.9,4,1
1943.35,97.9,285.6,45.5,4,1
2837.19,190.6,315.7,90.2,4,1
1413.43,126.2,110.7,51.8,4,1
2820.05,96.4,485.3,54.8,5,2
2916.88,172.4,296.1,115.9,5,2
1785.2,146.6,163.6,60.5,4,1
2197.65,198.2,154.1,87.6,4,1
2680.3,190.5,294.5,82.3,4,1
2624.73,150.5,362.6,63.6,4,1
2142.24,100.4,289.5,64.7,6,2
2290.2,220.4,157.3,86.6,5,1
1811.28,119.4,225.2,48.1,4,1
2476.58,126.5,353.3,62.0,5,2
1855.58,123.2,220.4,53.4,4,1
2635.97,155.5,330.4,76.9,4,1
1954.73,144.0,192.1,67.8,4,1
1513.69,158.9,54.4,73.4,4,1
2561.55,92.6,443.9,46.2,5,1
3931.99,153.6,605.7,99.4,5,2
3238.25,197.8,419.4,85.5,5,2
3181.1,228.5,365.1,89.7,4,1
2130.6,94.2,317.1,53.9,6,2
3109.14,114.9,551.3,49.4,5,2
3002.98,157.5,439.1,68.5,4,1
2663.89,235.3,221.7,92.9,4,1
1595.28,185.4,47.2,73.9,4,1
1566.8,130.2,131.3,57.9,4,1
2392.35,192.1,213.0,85.8,4,1
2396.91,131.4,310.3,70.0,5,2
1606.19,131.5,144.2,55.9,4,1
1998.11,178.4,156.3,73.2,4,1
2491.72,104.1,376.6,63.2,6,2
1277.12,122.5,85.8,49.3,4,1
2841.83,196.5,310.0,90.7,4,2
2133.47,173.3,175.1,82.2,4,1
2917.24,243.8,266.1,97.5,4,1
3572.96,190.3,468.5,104.2,4,1
3862.19,184.6,493.8,127.6,5,2
3270.71,121.9,568.7,56.5,5,1
3574.95,202.6,450.3,107.0,5,2
2329.26,116.3,330.5,60.2,4,1
3503.17,193.8,439.8,107.7,5,2
2573.7,129.2,356.3,70.2,5,1
3190.95,134.7,523.5,62.1,5,1
2795.67,103.7,474.5,53.7,6,2
3746.58,185.2,531.5,97.8,4,1
3138.8,145.7,464.2,77.7,4,1
3255.52,127.8,551.7,59.7,5,1
2702.87,176.2,297.8,89.6,5,1
2297.4,160.2,252.8,71.7,4,1
2621.11,108.7,422.0,55.4,4,1
1182.8,120.5,59.8,51.3,4,1
2472.18,134.4,327.1,69.6,5,1
3755.74,155.2,610.8,76.8,5,2
2027.58,193.7,141.8,76.2,4,1
2743.58,144.3,367.6,77.4,6,1
4044.75,159.8,672.1,79.7,5,2
2640.7,108.3,412.9,61.8,6,2
2822.07,112.3,473.6,53.1,5,2
2349.6,128.1,334.6,55.4,5,1
2489.25,129.8,335.5,69.8,5,2
2938.96,190.0,338.5,91.7,5,2
2336.21,143.8,281.6,70.5,4,1
2797.61,154.0,347.9,87.8,4,1
3592.31,194.9,511.3,85.3,4,1
2506.0,121.0,360.4,64.5,5,2
2916.3,100.2,496.2,58.9,6,2
2451.55,139.7,344.7,57.1,4,1
2082.04,104.8,316.3,44.2,4,1
2726.16,193.3,317.8,75.7,5,1
1509.75,159.0,71.8,65.2,4,1
3544.53,171.4,505.2,93.1,5,1
1980.16,165.2,191.4,61.5,4,1
3038.57,162.8,454.6,63.3,4,1
3415.78,119.0,555.5,79.8,5,2
3614.45,169.3,481.9,112.2,6,2
3432.63,178.0,442.4,105.7,5,2
2653.02,152.0,344.3,74.2,6,2
3794.78,183.6,551.8,94.8,5,2
4036.06,169.5,615.2,99.7,5,2
2589.13,126.5,390.7,57.8,5,1
2306.91,163.7,225.6,83.3,4,1
2752.35,169.9,338.1,80.0,5,1
3378.98,197.1,454.4,85.9,4,1
2822.77,147.9,385.6,76.5,4,1
1908.6,151.6,155.6,75.5,4,2
3403.85,152.6,528.2,75.6,5,1
4706.49,166.0,747.0,117.2,5,2
2070.74,164.1,210.5,63.6,4,1
1777.94,125.3,212.1,47.6,4,1
4063.14,167.9,651.4,87.4,4,1
3082.05,132.6,494.5,63.7,6,2
3242.12,190.6,448.8,76.1,4,1
2083.41,170.4,201.4,66.3,4,1
2535.04,158.8,302.7,76.6,5,1
1925.05,146.5,185.2,66.5,4,2
3564.32,168.2,563.2,71.0,5,2
3116.54,184.1,351.5,108.2,5,2
2506.64,188.4,202.3,104.8,5,1
3139.91,194.7,354.2,104.9,5,2
3014.32,199.3,352.9,89.5,4,1
3183.54,152.8,472.9,75.6,4,1
4204.59,176.8,642.0,103.2,5,2
2309.93,103.2,324.4,66.6,6,2
3269.55,113.9,554.7,66.2,5,2
3571.87,210.3,429.5,112.5,5,2
2776.37,109.2,464.8,53.4,5,1
2258.46,179.9,238.9,64.8,4,1
2128.0,118.7,310.4,45.7,4,1
2399.55,114.3,350.4,60.1,4,1
2880.87,156.4,381.3,81.2,4,1
2331.31,182.6,202.1,88.1,5,1
1289.25,110.7,109.0,45.6,4,1
2773.85,158.1,359.6,78.1,6,2
3239.83,134.3,511.8,72.8,5,2
1953.59,184.4,125.3,79.4,4,1
2574.61,178.2,308.2,69.9,4,1
1323.3,136.9,80.1,50.6,4,1
1839.86,125.4,234.4,44.5,4,1
1664.08,139.0,155.0,54.2,4,1
2482.54,243.7,183.7,85.9,4,1
1756.15,160.7,120.8,70.0,4,1
2853.17,104.7,450.8,70.1,5,1
2768.11,216.7,280.6,86.6,4,1
3221.5,125.7,499.4,80.1,5,2
2033.29,171.0,191.1,65.0,4,1
1299.25,119.7,95.4,48.8,4,1
2246.21,211.0,158.3,85.4,4,1
1830.39,101.7,249.1,47.5,4,1
2786.8,182.2,348.4,73.9,5,1
2305.93,107.4,354.7,50.9,5,2
2126.07,130.7,268.3,58.9,4,1
2521.85,99.0,423.2,48.1,4,1
3825.73,142.2,624.9,84.2,6,2
3244.96,173.6,491.0,65.2,4,1
3329.73,177.8,406.6,110.3,5,2
2291.55,103.4,353.7,51.5,5,2
2267.18,140.9,276.5,66.4,4,1
3999.8,196.6,546.4,114.2,6,2
2631.21,119.5,375.6,72.3,5,2
2229.65,97.2,353.8,47.3,4,1
3560.18,213.1,482.4,86.5,5,1
2484.99,247.7,159.8,95.0,4,1
2093.43,200.3,147.0,78.3,4,1
3150.36,113.0,556.9,52.3,6,1
2544.42,200.4,255.2,80.2,4,1
1287.43,122.1,90.9,48.4,4,1
2769.47,168.6,364.5,70.8,5,2
2221.31,144.2,280.2,58.2,5,2
2929.42,221.6,299.8,93.7,4,1
2582.3,121.3,378.4,64.9,4,1
3256.77,161.7,475.6,78.6,4,1
3376.04,164.2,432.2,110.1,5,2
2136.73,181.5,194.0,70.5,4,1
4275.1,174.4,704.9,84.2,6,1
3130.35,125.5,537.5,53.1,6,2
2599.8,242.6,214.6,85.7,4,1
2090.87,197.8,118.3,91.8,4,1
2707.43,95.6,449.9,58.4,5,2
2648.68,227.6,219.1,95.8,4,1
3122.5,112.0,556.3,49.9,6,2
4817.34,183.6,786.9,103.9,5,2
3426.64,113.6,614.3,57.2,5,2
2893.85,160.7,382.2,80.3,5,2
2951.36,156.3,382.2,88.6,5,2
2132.08,131.6,253.2,65.9,5,1
3649.5,188.4,483.8,106.8,5,1
2382.8,214.9,166.9,95.0,4,1
1947.17,116.5,275.0,42.4,4,1
2864.84,202.7,309.4,90.7,4,1
1160.35,111.7,62.9,51.3,4,1
3037.79,201.6,319.2,106.1,5,2
2519.34,188.1,216.7,100.0,4,2
2195.88,194.4,191.5,72.5,4,1
1481.36,130.7,126.0,50.5,4,1
2942.81,157.4,355.6,99.0,5,2
2562.99,96.9,414.3,57.5,5,2
1832.88,113.9,244.7,44.3,4,1
2929.52,118.6,481.3,58.9,5,2
2507.16,105.8,407.6,50.4,4,1
1392.0,123.1,110.2,51.0,4,1
1623.92,158.7,83.3,72.9,4,1
3676.78,131.2,581.0,92.0,5,1
3191.25,174.4,454.9,74.9,5,1
1794.21,106.5,233.5,48.2,4,1
2028.37,151.9,227.1,56.9,4,1
2379.61,192.7,209.1,85.8,4,1
2118.18,212.9,107.9,92.8,4,1
2342.77,193.1,188.2,90.8,4,1
2014.15,131.1,248.4,55.1,4,1
3326.69,159.3,439.1,103.7,5,2
1386.18,124.5,109.0,50.2,4,1
1962.14,154.5,200.2,60.4,4,1
1966.51,160.2,166.0,73.5,4,1
2786.81,97.3,465.8,59.4,5,1
3197.7,171.4,456.0,76.5,4,1
3497.94,133.4,566.2,77.7,5,2
4587.92,191.5,688.7,118.6,5,2
4615.23,180.1,754.1,97.6,5,2
2259.2,198.9,181.5,82.0,4,1
4235.53,224.5,600.1,104.1,4,1
3720.52,200.5,514.1,95.8,5,2
1861.86,194.2,85.9,82.4,4,1
2670.47,176.7,316.9,77.3,5,2
3792.72,181.5,541.9,99.9,5,1
1409.66,125.1,116.6,49.2,4,1
1636.01,162.5,107.6,61.7,4,1
2152.97,222.2,111.3,91.0,4,1
2625.16,158.7,311.4,82.7,6,1
3256.37,131.9,513.3,75.1,5,1
2346.95,120.8,317.6,65.9,5,2
2144.43,211.8,154.6,75.4,4,1
2251.88,171.7,260.7,58.0,4,1
1846.58,227.7,43.5,84.6,4,1
3177.16,198.7,367.5,101.4,5,2
2754.92,176.5,339.3,76.8,4,1
2614.34,213.2,249.8,84.7,4,1
1301.66,114.0,112.7,43.9,4,1
3533.76,199.5,478.4,91.3,5,1
1723.73,116.4,208.8,47.0,4,1
2595.12,151.4,326.7,75.9,5,2
2511.31,151.1,335.2,62.9,4,1
2616.72,163.2,342.9,65.8,4,1
2361.22,222.9,136.8,102.5,4,1
3965.26,193.5,568.5,101.9,4,1
2745.26,177.5,347.2,71.8,4,1
2021.36,159.9,221.4,55.1,4,1
3785.76,138.2,642.5,73.7,6,1
3707.38,194.7,541.6,84.7,5,1
1814.16,116.1,239.6,43.5,4,1
3211.47,164.1,455.0,81.7,4,1
2472.64,122.9,331.0,73.0,5,2
2789.49,145.4,391.7,71.2,5,1
3718.95,153.0,575.6,89.4,5,2
2673.72,126.0,427.7,51.0,5,1
1954.91,107.1,268.7,50.2,4,1
3153.9,189.5,415.1,81.7,4,1
1813.75,117.5,197.6,61.5,4,1
2231.86,127.1,283.9,65.3,5,2
1770.12,81.2,262.7,43.8,4,2
3443.72,163.4,477.4,97.9,5,2
1933.18,136.4,231.8,51.2,4,1
2441.57,196.0,245.2,75.2,4,1
2464.11,111.6,399.5,46.6,4,1
2297.35,226.6,130.8,96.4,4,1
2017.4,229.3,76.0,88.5,4,1
2677.24,111.7,453.9,46.1,4,1
3008.45,205.9,341.9,90.8,4,1
1765.38,144.0,151.5,64.8,4,1
3260.08,169.7,390.7,113.2,5,2
2874.22,187.3,344.0,83.3,5,2
2970.12,240.5,286.1,96.0,4,1
2833.94,137.6,423.7,65.4,6,1
4376.98,196.8,657.3,106.7,5,2
3693.03,136.7,624.6,72.0,6,2
3161.73,115.5,531.6,63.7,6,2
3050.91,217.5,355.4,84.3,5,1
2924.36,114.9,493.7,54.4,6,2
1636.48,108.5,201.7,44.0,4,1
2181.85,181.6,185.2,79.4,4,1
2982.7,100.1,530.8,51.0,6,2
3008.41,152.3,416.1,81.7,5,2
1715.89,123.2,172.5,59.2,4,1
2481.44,145.7,285.2,84.2,5,2
2615.36,145.0,308.3,89.2,5,2
2901.93,91.8,513.3,53.5,6,2
2793.0,223.9,253.5,98.2,4,1
4305.55,170.4,664.8,107.2,5,2
2486.16,97.8,405.1,52.7,4,1
2217.42,131.1,285.7,61.1,4,1
2485.94,140.3,319.7,71.8,4,1
1741.85,109.4,177.7,65.9,5,1
3370.41,188.8,400.6,112.6,6,1
3334.27,150.5,520.9,72.1,5,2
1864.4,92.5,261.8,49.7,5,2
1471.26,136.5,103.0,57.0,4,1
2748.91,162.6,327.9,87.4,5,1
2932.65,117.8,491.1,55.2,4,1
2896.71,137.6,452.8,59.5,5,1
2540.57,123.7,324.3,83.2,5,2
1964.61,182.3,148.9,71.1,4,1
1957.49,140.1,218.4,58.2,5,1
2361.07,145.8,306.3,61.4,4,1
1769.74,117.5,224.3,44.7,4,1
2106.29,101.5,326.6,43.8,5,2
2706.53,159.8,342.5,77.5,6,2
4538.34,173.8,692.8,119.1,6,2
4017.03,215.0,567.9,98.4,6,2
3679.16,227.9,494.3,87.8,5,1
3511.21,164.7,497.5,95.8,5,2
2937.34,202.0,324.6,92.3,4,1
2453.66,145.0,341.5,56.4,4,1
3290.55,178.9,443.6,89.0,6,2
2327.19,126.7,329.1,56.0,5,1
2590.46,173.9,299.6,77.4,4,1
2873.23,201.9,345.1,76.1,4,1
3543.37,192.9,462.5,102.4,4,1
1941.66,127.5,235.8,54.3,4,1
2271.01,168.2,246.5,68.0,4,1
1869.46,114.2,252.0,45.0,4,1
3926.67,177.2,586.1,97.0,4,1
1410.32,104.1,136.6,49.7,5,1
3565.66,132.6,594.3,73.1,6,2
3751.91,147.4,614.0,78.5,5,1
1616.74,121.6,161.8,53.7,4,1
2850.87,99.0,515.3,43.7,5,2
2771.53,190.0,335.5,74.4,4,1
1966.69,98.4,252.4,62.6,5,2
3499.65,213.2,451.1,93.6,4,1
3114.08,89.9,565.2,54.9,6,1
3382.1,136.5,557.9,67.2,4,1
2260.22,167.8,227.4,75.5,4,1
2188.46,250.2,92.5,90.9,4,1
1987.75,161.8,206.1,57.3,4,1
1956.26,207.2,105.3,78.5,4,1
3382.14,204.3,385.1,113.8,6,2
1938.67,118.2,238.8,56.7,5,2
3167.17,160.6,428.9,89.9,6,2
2844.81,142.9,377.3,84.9,5,1
1653.3,113.6,175.5,55.2,5,1
2920.99,210.5,335.1,82.1,4,1
3578.89,251.8,439.9,90.2,4,1
1842.12,91.3,250.0,53.0,5,2
3731.45,171.6,572.3,84.0,5,2
2479.75,249.5,149.7,98.1,4,1
2292.53,153.8,268.4,67.1,4,1
1787.57,118.0,232.2,43.0,4,1
2226.58,120.0,320.8,51.5,4,1
2067.31,96.0,269.4,67.3,5,2
3671.03,173.3,512.0,103.3,6,2
2941.7,155.5,377.4,90.0,5,1
2550.55,159.5,312.4,73.7,5,1
2499.19,143.8,277.2,90.6,5,1
2564.47,144.1,317.2,79.9,4,1
3211.72,180.5,396.7,100.3,5,2
2399.7,135.5,294.2,75.6,5,2
1955.47,118.4,238.5,58.7,4,1
2842.72,98.8,488.9,54.6,5,2
2546.13,109.6,390.4,60.7,5,2
2378.78,228.5,146.6,97.6,4,1
2070.0,150.4,216.2,67.0,4,1
1998.93,159.9,197.3,63.4,4,1
3585.05,164.0,570.2,72.0,5,2
4463.88,178.0,727.8,93.4,6,2
3795.29,214.7,510.0,99.6,4,1
3790.78,150.4,631.1,73.9,6,2
2648.74,184.1,284.6,86.0,4,1
1932.9,132.4,179.6,76.1,5,2
2955.32,189.9,366.3,81.2,4,1
2824.43,160.2,360.5,82.4,4,1
2738.51,172.1,312.5,88.9,5,1
2355.19,147.4,309.1,58.8,4,1
3247.89,142.7,509.6,71.0,5,1
2075.43,255.4,33.4,102.2,4,1
1635.11,102.4,211.6,42.1,4,1
1456.39,121.6,126.2,51.7,4,1
2204.97,242.2,105.7,90.4,4,1
2539.07,187.5,279.5,74.5,4,1
1566.34,101.0,180.0,49.1,4,1
2230.0,197.6,191.5,74.8,4,1
1898.22,106.1,250.2,52.6,4,1
4230.44,202.5,638.9,96.1,5,2
2715.22,157.6,328.4,85.7,5,2
1968.15,219.3,66.0,91.9,4,1
2728.34,143.3,381.9,69.8,4,1
2465.72,166.9,265.1,82.0,4,1
3176.66,213.7,297.3,125.9,6,2
3122.68,170.5,401.4,92.8,6,2
2300.53,157.9,255.5,71.9,4,1
2813.52,207.5,316.8,79.6,4,1
2486.75,153.8,312.5,69.1,6,1
3494.74,196.4,413.1,117.5,5,2
2790.79,171.2,358.0,74.9,4,1
2995.46,187.5,343.4,96.9,4,1
1701.84,154.7,125.1,64.7,4,1
3274.98,160.2,463.1,86.9,5,1
2269.61,131.2,303.0,59.2,4,1
3093.19,184.8,323.3,117.9,6,2
3555.58,167.0,550.7,76.1,6,2
3290.8,165.7,467.9,84.0,5,1
2928.9,130.4,423.5,79.2,5,2
2804.19,139.5,372.6,84.0,5,2
2916.53,239.5,259.4,102.3,4,1
2965.76,223.6,303.0,95.5,4,1
2244.71,103.8,326.2,58.3,5,2
3684.95,181.8,542.2,87.7,6,2
1891.64,128.3,209.0,60.3,4,1
3075.76,99.3,528.1,62.9,5,2
1723.98,185.5,48.7,87.5,4,1
2022.5,125.9,257.3,54.4,5,1
2714.3,88.9,465.0,55.4,5,1
3717.92,128.8,630.6,75.6,5,1
2483.88,151.5,297.2,76.6,5,1
2625.93,91.6,451.6,50.4,5,2
4126.35,164.6,651.2,95.9,4,1
3279.5,163.8,468.4,83.4,5,1
3924.21,138.4,651.5,84.9,6,2
2961.15,161.4,430.4,66.0,5,1
2940.35,178.7,330.4,100.4,4,1
2462.39,128.9,363.7,54.6,4,1
2956.64,203.0,351.3,82.1,4,1
1602.04,95.8,185.9,52.8,4,1
1911.2,130.3,206.4,62.7,5,1
2114.51,236.5,59.0,103.6,4,1
3070.22,160.2,394.0,94.8,5,1
2347.85,152.4,273.8,71.4,4,1
1734.07,165.1,126.8,62.9,4,1
3147.05,189.7,334.1,116.9,6,2
4000.1,199.0,602.1,88.4,5,2
2308.31,122.6,345.3,48.5,5,1
3220.67,139.9,498.1,74.3,5,2
2913.57,215.6,305.6,92.1,4,1
2481.53,165.9,240.0,95.3,5,2
1850.82,145.0,199.8,52.4,4,1
2484.72,87.3,434.6,44.1,4,2
2414.31,197.9,211.8,86.2,4,1
1739.12,115.8,201.4,52.2,4,1
2495.11,171.3,290.4,72.0,4,1
2914.93,133.7,443.4,67.4,4,1
2865.45,230.6,255.9,102.2,4,1
2782.15,135.1,355.2,91.2,6,2
1994.51,148.8,182.2,74.5,4,1
2828.37,229.0,271.9,91.7,4,1
2168.5,185.0,177.9,79.7,4,1
2530.1,163.8,287.3,80.6,5,1
2241.18,130.5,301.6,57.0,5,1
1826.83,149.3,153.5,68.4,4,1
2363.7,124.7,317.2,66.2,5,2
4403.02,226.7,642.9,102.7,5,1
2688.05,141.1,385.9,64.5,5,2
3387.89,190.8,444.9,93.9,5,2
3193.93,167.4,416.7,95.3,5,1
2674.59,175.2,229.7,117.2,6,2
2432.65,188.8,241.2,79.2,4,1
1760.88,199.9,56.4,81.7,4,1
4837.98,165.1,823.6,98.1,5,1
2456.59,153.7,250.7,93.2,6,2
3521.76,138.3,573.0,75.2,5,2
4373.37,181.0,726.1,82.8,6,2
2441.16,168.8,292.9,66.1,4,1
1730.23,107.6,216.3,48.3,4,1
3742.07,176.4,533.8,100.1,6,1
2430.02,161.3,299.2,65.3,4,1
2117.03,103.8,254.6,75.9,5,1
2291.32,237.4,137.1,88.2,4,1
2132.03,104.9,316.7,49.5,4,1
2482.15,128.9,335.3,69.5,5,2
1954.54,98.2,282.5,48.0,5,1
2785.9,99.3,459.2,61.3,5,1
2173.63,89.4,329.9,55.2,5,2
2726.01,115.1,376.4,84.5,5,2
3155.15,223.9,345.8,97.4,4,1
3230.99,116.9,534.9,69.3,6,1
1567.5,163.7,51.0,78.7,4,1
2379.53,123.5,327.4,64.0,5,2
2460.23,149.1,309.7,69.4,5,2
3971.98,192.4,621.1,79.8,5,1
2884.23,196.2,272.8,112.0,6,2
3103.54,137.0,482.5,69.5,5,2
3195.85,193.0,360.1,109.3,4,1
4361.51,210.8,672.3,92.1,5,1
3189.65,254.8,341.4,89.4,4,1
1679.82,108.3,198.6,50.2,5,1
2153.25,226.4,96.5,95.8,4,1
2727.64,190.2,323.5,74.8,4,1
2334.05,117.7,323.5,63.3,6,1
1767.98,121.5,195.1,55.7,5,1
1557.9,129.7,148.4,49.5,4,1
4032.8,190.1,586.5,102.9,5,2
2413.0,155.1,288.4,71.0,4,1
4414.6,231.4,650.7,98.5,4,1
2261.07,238.0,146.2,80.5,4,1
3085.06,161.6,422.2,83.3,5,2
4393.61,186.2,667.3,108.9,5,2
2259.37,145.3,238.5,80.4,4,1
1132.87,107.6,77.0,43.8,4,1
1788.24,124.3,197.0,55.9,5,1
1681.88,125.7,161.2,59.4,5,1
2129.16,123.9,298.4,48.9,4,1
1767.65,151.8,150.5,62.0,4,1
2537.28,186.4,288.3,70.9,4,1
2685.45,98.4,461.1,49.7,4,1
1708.97,129.6,191.1,47.3,4,1
3167.07,141.1,484.0,74.1,4,1
2617.57,199.1,264.4,84.8,4,1
1515.46,150.3,89.7,61.7,4,1
1934.99,130.5,233.6,53.2,4,1
2355.54,159.4,276.8,67.9,4,1
3134.15,154.3,441.7,83.3,5,1
2135.27,104.3,263.4,73.8,5,2
2789.94,117.6,451.4,57.1,4,1
1719.46,144.6,146.4,61.7,5,1
1896.8,155.8,154.0,73.0,4,1
2981.19,100.6,509.2,60.2,5,2
3394.45,150.0,499.2,88.6,4,1
2676.94,184.1,252.0,103.6,5,2
2810.85,96.2,509.5,43.1,5,1
1392.85,145.1,55.9,65.4,4,1
3030.97,152.1,473.2,58.9,4,1
4159.26,188.9,627.1,99.5,5,1
2184.44,139.7,256.6,66.6,4,1
2685.26,119.9,393.9,70.0,5,2
2392.51,191.2,217.6,84.1,4,1
2753.65,174.8,292.8,98.1,5,2
2379.56,231.0,129.1,104.4,4,1
1496.6,127.4,149.0,43.5,4,1
2127.38,89.3,337.4,46.7,5,1
2247.12,153.1,254.6,68.5,4,1
3422.05,189.7,455.5,93.5,5,1
1812.9,136.1,132.6,82.0,5,1
2126.75,149.2,238.2,64.1,4,1
3452.3,207.2,453.6,89.9,4,1
2109.23,121.8,295.5,48.9,4,1
2433.23,225.1,179.4,90.6,4,1
3773.14,148.2,649.0,64.9,6,2
2136.41,87.5,335.9,49.2,5,2
2106.62,122.0,274.3,57.9,5,2
2500.36,215.5,241.4,74.8,4,1
2232.75,125.7,310.5,54.2,6,1
2415.84,193.1,235.9,77.8,4,1
1687.55,191.1,53.7,78.7,4,1
2485.24,104.7,373.6,63.6,6,1
2296.93,215.8,174.6,81.7,4,1
2334.34,211.0,181.8,84.8,5,1
2265.69,222.1,119.1,100.1,4,1
2661.61,124.1,363.2,79.2,6,1
2616.86,142.0,325.3,83.1,6,1
1287.28,116.8,99.3,47.0,4,1
3162.51,199.5,399.0,85.4,5,1
2204.86,114.1,266.2,75.9,6,2
2060.94,155.5,207.6,67.6,4,1
1899.87,109.6,242.1,54.8,4,1
4329.16,163.1,747.1,76.5,6,1
3262.19,125.4,503.6,82.9,5,1
1782.28,196.3,59.3,84.4,4,1
2755.08,132.1,382.2,77.6,5,2
3155.83,177.4,439.9,76.3,4,1
2610.61,146.0,352.8,68.4,6,2
3851.93,187.1,557.9,96.9,5,1
3370.15,172.9,423.6,109.4,6,2
2155.02,185.2,170.7,81.3,4,1
2768.31,175.8,309.0,92.1,5,1
2935.12,230.2,282.2,98.4,4,1
1790.19,91.9,254.3,45.0,5,1
3670.61,133.6,606.0,79.1,5,1
2151.18,123.4,286.6,56.8,4,1
1506.91,161.2,67.6,65.7,4,1
3028.49,148.8,387.3,98.2,6,2
2664.37,127.9,401.8,60.6,4,1
1824.0,114.7,229.0,49.9,4,1
2448.53,179.9,263.8,74.8,5,2
4267.09,195.0,647.3,99.8,5,2
2581.41,204.2,270.5,75.9,4,1
2898.64,208.9,301.8,95.1,4,1
1367.76,147.6,58.5,60.4,4,1
3548.25,164.9,517.7,90.9,4,1
2724.16,108.0,434.9,61.4,6,2
3058.38,107.7,491.5,73.5,5,2
2494.57,130.5,341.3,67.5,5,1
2513.33,142.1,340.0,65.0,5,1
2259.86,126.6,313.3,55.6,5,2
2247.77,170.9,248.0,63.6,4,1
3444.14,151.2,550.7,70.7,5,1
2213.4,159.5,229.5,73.0,4,1
3119.36,230.3,348.8,89.2,4,1
2073.8,181.7,150.4,82.8,4,1
3042.55,195.5,364.7,89.1,4,1
1455.3,111.8,137.0,51.1,5,1
2802.26,151.6,378.0,76.0,5,1
2496.78,175.2,295.7,68.1,4,1
2109.96,122.2,269.3,60.4,4,1
2275.72,102.7,370.5,42.6,4,1
3098.34,161.4,391.8,98.4,5,1
3706.77,162.0,505.7,115.1,5,2
1634.33,124.3,172.2,49.8,4,1
2249.75,133.0,289.3,62.3,4,1
1584.35,146.2,96.3,68.3,4,1
2591.77,104.9,428.9,50.7,5,2
2002.57,183.7,141.6,77.9,4,1
3553.68,192.7,411.5,126.3,6,1
1417.92,140.7,67.9,64.8,4,1
3239.6,205.1,392.1,94.5,5,2
3299.23,125.2,564.9,59.8,5,1
2866.25,136.8,399.5,80.1,5,2
3233.6,114.6,557.6,60.5,6,2
3797.9,188.2,549.7,94.0,5,2
2780.13,120.7,441.8,58.9,6,2
3176.8,142.3,496.1,69.2,4,1
2137.09,120.5,289.5,55.2,5,1
3126.52,186.9,398.3,87.3,4,1
2651.4,145.2,385.2,58.8,4,1
2316.68,257.6,123.4,88.1,4,1
2899.59,176.2,321.5,101.0,5,1
2314.99,153.1,271.2,68.6,5,1
3487.52,212.3,457.0,90.0,5,1
2695.24,119.1,383.4,76.1,5,1
4300.0,172.2,649.5,112.6,5,2
2983.02,145.0,410.3,84.6,5,1
1926.29,132.0,216.2,59.3,4,1
2004.28,123.4,271.7,47.1,4,1
2501.51,146.7,278.8,88.8,5,2
3818.65,184.9,531.3,106.0,5,2
1641.55,157.6,113.4,62.0,4,1
2892.94,121.9,461.9,62.0,6,2
1996.76,139.6,233.6,56.0,4,1
1534.38,131.9,136.2,51.4,4,1
2575.99,214.0,212.7,96.5,4,1
2625.69,244.2,207.0,91.2,4,1
3828.58,189.0,543.7,99.8,5,2
2242.61,252.8,107.3,89.1,4,1
3064.43,138.6,439.8,83.4,5,2
3043.63,154.9,403.1,90.2,5,2
3350.11,116.0,565.7,69.3,6,2
1754.46,154.3,137.2,65.4,4,1
4843.53,204.3,759.2,109.9,5,2
2975.69,144.0,450.0,66.6,5,2
2474.96,135.4,317.4,73.7,5,1
2819.15,151.1,393.6,71.2,5,2
1616.89,141.2,122.3,62.5,4,1
1431.78,124.8,103.0,57.8,4,1
3243.45,179.3,437.0,86.5,4,1
2937.72,97.7,506.7,57.8,5,2
2297.62,160.8,269.8,63.9,4,1
2453.34,177.4,243.4,85.6,4,1
3772.08,193.5,516.2,103.7,5,2
2856.84,123.2,441.9,66.2,5,2
2579.88,154.3,262.0,101.6,5,2
2853.98,211.1,301.5,89.3,4,1
2457.64,88.6,419.1,47.5,5,2
2833.7,217.3,288.1,90.3,4,1
2315.19,209.1,154.1,95.8,4,1
4061.95,204.1,563.0,110.4,5,2
2861.3,155.7,388.2,76.1,4,1
3971.38,210.2,547.1,104.7,4,1
2549.26,124.2,395.4,52.3,4,1
2226.09,157.3,239.5,71.0,5,1
2261.21,140.4,270.1,68.8,4,1
1876.19,106.8,247.0,51.2,5,1
3440.25,150.4,551.2,70.4,4,1
2192.08,157.4,247.0,63.8,4,1
2303.39,176.3,227.3,76.6,4,1
4082.86,189.4,615.0,96.2,4,1
2304.75,154.7,235.4,82.7,4,1
2855.88,228.8,251.1,104.0,4,1
1416.38,141.7,90.5,54.2,4,1
2879.0,226.4,298.3,86.7,4,1
2625.85,196.7,265.9,86.2,4,1
1647.91,133.9,157.3,53.7,4,1
2189.2,148.7,264.1,59.8,4,1
2394.01,152.3,298.2,65.8,5,2
1677.12,171.9,89.7,70.1,4,1
1335.3,142.9,49.4,62.9,4,1
3136.47,144.0,496.7,63.7,4,1
2182.46,135.3,288.8,54.0,4,1
2249.05,138.2,268.0,69.3,5,1
2051.02,111.0,282.7,52.9,4,1
1548.27,128.7,116.4,63.1,4,1
2550.81,202.6,238.5,87.4,4,1
1675.13,106.5,217.6,42.1,4,1
2564.18,161.3,315.4,73.0,5,1
3812.97,183.0,601.1,75.2,5,1
3597.39,225.4,438.7,104.5,4,1
3412.26,152.5,537.4,72.5,4,1
1992.1,145.9,194.2,70.2,5,1
2308.28,126.1,312.3,61.6,5,2
1940.91,185.9,125.6,77.2,4,1
2776.63,100.2,447.0,65.3,6,2
3207.68,191.7,412.8,87.7,5,1
2535.32,135.0,354.0,64.4,4,1
4907.01,172.2,844.2,93.5,6,1
2940.23,161.0,357.2,96.4,5,1
1827.2,100.0,242.9,50.6,5,1
2615.38,199.9,265.6,83.7,4,1
3539.06,210.0,480.8,86.2,4,1
2103.02,179.6,171.3,77.7,4,1
2191.51,241.1,77.6,101.8,4,1
4122.51,198.4,582.9,110.8,5,2
2659.31,141.6,368.0,69.0,4,1
4384.89,197.4,670.8,101.4,6,2
1462.06,179.7,42.4,63.8,4,1
3176.8,220.7,372.8,89.2,4,1
2886.21,148.0,437.2,60.6,5,1
3081.39,140.7,467.5,72.1,4,1
2085.45,172.6,163.0,82.5,4,1
2761.1,101.2,461.0,56.9,5,1
2911.73,186.2,289.3,112.2,5,2
2679.15,98.3,452.6,52.8,5,2
2650.19,194.3,305.3,72.4,4,1
3638.3,133.1,621.0,69.1,5,2
2683.13,98.7,473.7,43.7,6,2
2893.2,132.7,411.3,79.7,4,1
3567.71,152.6,524.7,95.4,6,2
2111.16,97.3,288.8,63.0,5,2
3044.32,107.0,524.2,57.7,5,2
2449.83,157.4,288.5,74.0,4,1
2938.36,185.6,385.9,72.5,4,1
2660.95,118.4,403.1,63.9,6,2
2520.31,140.7,291.0,88.2,6,2
2052.83,153.0,224.7,60.2,4,1
2460.44,138.3,281.4,86.8,5,2
2287.35,199.4,186.6,82.6,4,1
2580.88,200.1,246.5,88.3,5,1
1306.08,138.6,64.6,54.8,4,1
3214.03,200.3,356.7,109.6,5,2
2504.12,96.0,426.6,46.0,5,2
3659.79,193.9,491.5,102.0,5,1
2324.69,120.3,271.1,84.3,5,1
1956.88,168.3,168.4,67.8,4,1
1871.79,133.8,193.8,62.4,5,1
2319.05,141.9,302.3,60.3,4,1
3588.38,164.5,555.8,78.6,5,2
2350.79,114.4,359.8,50.4,5,2
2140.7,159.5,254.8,53.8,4,1
2942.21,97.9,532.0,47.0,5,2
3195.95,197.3,399.5,89.9,4,1
1394.55,154.0,61.9,59.0,4,1
2705.2,92.7,439.0,64.2,6,2
3056.36,155.9,382.5,100.3,5,2
3798.88,182.5,566.1,89.4,5,2
3702.54,178.3,557.0,84.6,5,1
2392.5,196.4,197.3,90.8,5,1
1990.82,100.7,301.3,42.5,4,1
1754.1,105.5,198.9,59.6,5,1
2650.95,219.5,259.7,81.6,5,1
1974.31,109.4,242.7,62.9,5,2
3012.99,157.6,406.8,83.9,4,1
2258.45,100.4,340.7,54.9,4,2
2457.68,110.9,381.8,54.1,4,1
2699.93,114.1,422.4,61.5,5,2
1829.95,145.5,168.8,63.6,4,1
1850.3,146.0,197.2,53.1,4,1
2600.44,180.0,313.2,69.7,4,1
3160.1,169.7,409.9,93.5,6,2
2068.45,108.9,275.2,59.1,5,1
3087.24,217.2,334.7,97.7,4,1
2082.91,216.4,115.2,84.0,4,1
1790.9,154.0,150.3,63.8,4,1
1646.34,198.6,57.0,69.3,4,1
4198.75,146.1,704.6,88.4,5,2
3577.22,218.0,444.8,102.9,5,2
2507.55,204.5,232.7,84.3,4,1
1971.83,212.8,77.9,89.9,4,1
1885.22,98.7,254.1,52.7,5,2
3232.63,150.4,487.3,75.8,5,2
2204.11,204.5,158.8,83.4,4,1
3027.28,224.2,318.9,95.0,4,1
3527.07,167.6,508.5,91.4,5,2
1817.09,229.8,3.2,98.3,4,1
1620.0,207.8,20.8,78.4,4,1
2234.1,113.3,324.1,53.8,4,1
4737.0,166.5,805.1,94.5,6,2
3461.76,225.8,423.5,96.1,5,1
1358.93,127.6,89.2,54.6,4,1
2104.58,89.6,293.1,63.8,5,2
1775.36,167.5,124.9,67.3,4,1
3145.63,218.5,357.7,93.4,4,1
2359.4,158.0,219.1,94.5,5,2
3939.55,160.3,625.6,88.4,5,2
2238.84,141.7,233.0,82.2,5,1
3337.86,116.1,562.4,69.3,5,2
2123.0,136.0,215.6,79.6,4,1
2986.5,85.8,554.2,47.4,5,1
2020.4,167.9,197.6,62.1,4,1
2180.37,88.4,351.6,46.7,5,2
1976.15,232.4,56.5,91.2,4,1
4119.56,173.3,658.6,88.0,4,2
3185.4,121.4,517.9,69.8,5,1
2407.34,253.2,111.6,105.3,4,1
3192.68,104.8,556.9,60.7,6,2
3813.37,171.5,512.4,119.8,5,2
2314.18,169.2,264.9,64.2,4,1
3496.07,181.0,515.9,78.7,6,2
3799.65,161.2,551.2,105.6,5,2
2972.95,111.7,512.9,52.7,6,2
2376.16,169.2,255.0,75.5,4,1
2083.19,239.1,89.6,85.4,4,1
1924.01,133.5,241.4,47.1,4,1
1921.88,115.6,249.3,51.3,4,1
1682.76,100.5,225.5,42.1,4,2
4673.33,224.9,727.7,95.9,4,1
3734.17,210.6,538.2,82.1,5,1
1816.53,158.7,156.0,62.0,4,1
1413.47,167.6,22.9,72.4,4,1
3187.67,239.4,330.0,101.1,4,1
2124.13,145.7,246.2,61.8,4,1
3536.04,135.4,550.2,88.2,6,2
3176.42,220.2,389.9,81.8,4,1
3043.91,159.3,416.3,82.4,4,1
2344.49,135.0,316.5,59.8,4,1
2735.54,115.4,441.8,56.3,5,2
3113.93,151.2,432.2,86.7,6,2
2949.78,215.1,323.0,88.6,4,1
2424.1,214.7,194.4,87.5,4,1
2366.77,203.2,176.0,94.4,4,1
1831.3,94.0,269.5,41.9,5,1
4089.51,181.9,599.2,107.2,5,2
1474.34,137.2,96.9,59.8,4,1
2028.36,133.2,219.6,68.6,5,1
2724.0,132.8,361.6,82.9,6,2
2693.07,138.4,366.6,74.8,5,1
3781.57,163.8,533.0,110.5,5,2
2607.17,193.7,303.5,68.7,4,1
3119.93,231.8,365.3,81.3,4,1
2730.07,161.7,348.3,76.7,4,1
2612.69,142.0,337.5,77.2,5,2
2524.64,212.5,205.7,94.7,4,1
1750.09,111.8,224.6,44.9,5,2
3438.0,163.2,517.4,79.5,4,1
2957.03,128.2,459.2,67.5,5,2
3461.89,177.5,476.1,94.1,5,1
2768.77,161.8,355.1,77.9,4,1
2296.2,134.6,273.9,73.6,6,2
2966.05,221.3,342.3,79.1,4,1
2704.82,215.5,293.2,74.5,4,1
3003.07,236.9,308.8,91.1,4,1
2681.46,227.0,238.5,91.0,4,1
2056.55,182.1,159.5,76.7,4,1
2263.85,211.2,130.5,99.6,4,1
2077.72,92.0,316.1,49.5,5,1
3521.11,119.0,625.5,60.3,5,2
4879.76,190.1,788.1,107.4,5,2
3006.22,124.7,468.6,70.3,5,2
2661.15,187.7,309.9,74.5,4,1
1473.66,147.7,84.3,60.6,4,1
1200.84,100.6,94.5,46.7,4,1
2285.33,136.0,289.2,64.9,4,1
1453.58,159.2,49.8,68.6,4,1
3180.03,150.6,451.4,85.8,5,2
1518.72,165.4,74.7,62.1,4,1
2254.24,101.4,350.9,49.5,6,2
3228.97,231.4,370.6,91.2,4,1
3997.01,183.7,584.9,102.5,4,1
3020.63,138.3,450.4,74.0,5,1
2006.34,126.7,263.2,49.7,5,1
1794.41,121.0,207.5,53.4,4,1
2472.64,202.1,198.7,96.6,4,1
2731.45,147.0,407.6,57.0,5,1
3310.47,117.7,578.0,58.6,6,2
2315.76,98.3,327.0,68.3,5,1
1770.55,92.8,248.6,45.0,4,1
2066.84,114.8,281.0,53.7,4,1
2023.46,197.9,130.3,79.0,4,1
2035.31,158.7,196.6,68.2,4,1
1816.1,163.8,138.8,67.3,4,1
1564.85,115.0,156.8,53.1,4,1
2878.0,116.5,465.7,61.0,5,1
2179.2,180.7,181.6,81.1,5,1
2900.82,177.7,383.6,72.9,4,1
2889.85,218.9,290.7,94.6,4,1
2756.9,213.1,282.9,85.9,4,1
3516.98,177.1,470.2,103.1,5,1
2170.2,104.9,302.7,60.0,5,2
2936.56,193.9,318.6,98.5,4,1
1418.77,144.0,86.5,55.2,4,1
2320.82,205.2,199.5,78.0,4,1
1424.88,128.6,101.1,56.2,4,1
1649.76,237.3,0.0,87.9,4,1
3502.95,171.0,559.9,64.4,5,1
2185.8,93.1,310.7,63.4,6,2
2973.34,214.2,331.7,87.8,4,1
3991.12,155.1,664.4,79.2,5,1
2686.15,119.3,403.8,66.0,6,1
2245.83,99.6,351.7,48.9,5,2
2209.4,144.6,256.2,67.4,5,2
2420.55,217.9,177.8,93.1,4,1
3241.67,127.4,511.2,76.3,5,2
1911.54,107.1,244.0,56.4,4,1
1986.44,183.1,140.3,77.0,4,1
2354.06,200.7,212.3,78.0,4,1
2879.81,209.9,307.8,89.9,4,1
1454.42,104.2,163.8,42.5,4,1
2874.23,146.2,384.7,83.4,5,2
2619.47,106.1,424.8,55.1,4,1
2659.78,162.0,304.0,88.4,4,1
2261.38,154.0,267.9,63.8,4,1
1889.91,108.8,258.3,46.9,4,1
2203.78,142.4,238.8,75.5,6,2
3179.0,218.3,387.5,84.0,4,1
2607.57,138.1,347.5,73.9,5,1
4442.85,185.4,742.6,81.2,5,2
2772.81,228.1,273.5,85.1,4,1
2872.8,110.9,482.6,55.4,5,2
2938.05,118.3,477.5,61.6,5,1
3277.95,203.9,409.3,91.7,4,1
2406.38,161.9,272.8,74.2,4,1
3441.03,136.7,579.1,64.2,4,1
2866.5,221.7,276.4,97.1,4,1
2304.76,172.4,225.3,79.4,5,1
1390.42,120.8,124.8,45.3,4,1
2526.98,97.8,419.9,50.7,4,1
2431.56,250.2,137.3,98.0,4,1
2346.37,153.8,275.6,69.9,4,1
1990.36,218.5,79.4,88.8,4,1
2442.44,133.5,351.1,56.0,5,1
2330.3,94.4,375.4,50.1,5,1
2917.0,206.7,334.1,83.8,4,1
1427.72,151.0,81.5,55.3,4,1
2395.14,108.2,386.3,46.3,4,1
2866.34,170.7,378.6,74.3,4,1
3177.06,189.1,420.8,81.9,4,1
2939.21,115.0,493.0,56.4,5,2
2356.2,175.7,249.3,72.9,5,1
2758.81,184.8,318.8,82.7,4,1
3405.55,174.7,450.8,100.4,5,1
1503.42,107.9,165.3,45.7,4,1
3764.61,172.4,520.8,110.2,6,2
1524.71,172.6,49.4,70.8,4,1
2109.03,101.4,312.6,50.3,5,1
2927.25,125.6,430.0,78.3,5,2
1591.02,118.3,161.9,52.3,4,1
1898.1,126.0,205.2,63.7,5,1
3619.09,131.0,581.1,85.6,5,2
2434.23,87.1,408.6,50.2,6,2
3123.75,165.7,439.0,78.3,5,2
2457.26,156.8,311.0,65.2,5,1
1930.02,128.8,250.6,45.8,4,1
2081.39,147.8,220.1,67.7,4,1
2252.59,114.3,326.1,54.6,5,1
1999.61,116.7,273.9,48.6,5,1
3473.32,178.8,487.9,89.6,4,1
2390.33,143.1,296.2,70.4,4,1
4669.13,193.4,704.6,119.7,5,1
3029.98,128.3,443.9,82.3,5,2
3735.35,235.1,481.0,96.8,4,1
3476.77,161.9,488.3,97.4,5,1
2733.22,128.6,422.4,58.8,5,1
4201.56,181.5,661.1,92.4,5,2
1717.27,114.9,196.5,52.4,4,1
2263.94,221.0,108.6,105.0,5,1
2691.35,138.1,358.2,78.5,5,2
4482.1,193.4,675.5,111.8,5,2
2671.8,192.8,308.0,74.3,4,1
3037.32,137.6,471.5,66.7,5,1
2275.86,133.0,301.8,59.6,5,2
2520.36,198.5,264.6,74.2,4,1
1738.27,123.8,194.9,51.5,4,1
2631.51,186.8,258.1,94.6,5,1
2845.99,231.0,269.3,93.9,4,1
2998.05,147.6,442.7,70.8,5,2
3281.11,205.3,426.4,83.8,4,1
2594.72,101.0,452.6,42.2,5,2
2576.23,127.1,343.6,77.0,5,2
2904.84,113.6,477.3,60.1,5,2
1448.37,150.0,74.1,61.4,4,1
2334.96,223.9,177.4,81.1,4,1
2702.79,117.2,418.7,62.2,4,1
3162.41,153.6,412.2,99.9,5,2
3190.73,132.5,467.4,87.9,5,2
3151.32,129.0,512.1,65.3,5,1
2917.45,154.5,362.5,94.4,5,2
2565.77,193.0,273.6,77.7,4,1
1943.31,169.4,146.8,75.4,4,2
2377.48,150.2,308.8,60.2,4,1
2943.52,146.5,440.7,66.1,6,1
3203.88,194.0,399.9,92.0,5,1
3163.24,127.1,497.1,74.1,5,2
2937.81,212.5,340.9,80.5,4,1
3266.02,208.1,398.4,93.3,4,1
3777.03,172.9,570.3,89.4,5,2
3122.45,191.3,357.1,103.2,4,1
1733.73,97.3,224.9,49.4,4,2
4273.99,158.0,680.9,102.0,5,2
3121.31,247.1,324.0,93.0,4,1
4092.77,175.5,645.9,89.7,4,1
2708.98,201.4,322.4,68.2,4,1
2429.11,195.5,216.7,86.7,4,1
1698.67,161.2,123.2,62.3,4,1
2426.48,97.7,404.3,46.5,4,1
2132.73,155.4,232.5,64.6,4,1
2519.58,168.9,277.7,81.5,6,2
2246.1,114.1,297.9,66.5,5,2
2578.95,88.6,454.4,45.2,4,2
3328.29,160.3,466.7,91.1,5,2
2247.73,144.4,246.0,76.2,4,1
3732.93,180.4,551.7,89.4,5,2
1810.6,174.7,102.4,78.0,4,1
1403.08,149.3,76.1,55.7,4,1
1707.75,98.2,219.5,48.5,4,1
2478.22,191.4,204.9,99.2,5,1
2618.84,131.2,342.5,80.5,6,2
2764.49,225.8,276.6,83.9,4,1
2722.94,195.7,278.0,92.0,5,1
3229.31,158.3,452.3,87.4,4,1
1386.36,148.3,75.5,54.6,4,1
2603.53,153.3,345.3,67.6,5,1
2570.93,205.3,241.7,87.0,4,1
1635.26,122.7,178.7,47.8,4,1
2503.22,181.8,262.0,80.9,4,1
3679.04,173.2,552.3,86.3,5,1
1407.05,129.1,103.8,52.8,4,1
3102.15,178.4,368.6,101.6,4,1
1924.44,125.4,240.1,51.4,4,1
2323.01,109.3,376.9,42.0,4,1
1791.62,201.1,57.8,84.0,4,1
2917.72,179.9,391.4,70.3,4,1
1983.69,111.4,278.0,47.3,4,1
2762.83,161.9,362.3,74.0,5,2
1626.3,85.8,222.1,43.8,5,1
3604.2,138.0,601.8,71.7,4,1
2319.97,150.2,279.3,66.9,4,1
2496.7,169.4,277.6,78.7,5,2
3289.18,168.8,439.3,95.2,6,2
3383.61,177.6,496.4,76.4,4,2
2689.07,101.3,447.1,55.0,5,1
2551.48,159.2,338.1,62.4,4,1
2678.15,133.7,397.5,61.5,5,1
2619.34,206.0,255.4,86.0,4,1
3353.66,214.2,393.8,102.4,5,1
3593.85,158.3,535.6,90.9,5,2
2581.57,171.2,336.8,61.0,4,1
3247.08,170.3,453.8,83.4,5,2
1643.3,107.5,188.8,50.9,5,1
3968.06,149.9,651.9,84.5,5,2
2108.9,133.4,205.5,83.7,6,1
2554.47,145.2,288.3,91.2,5,2
3956.82,207.0,582.0,89.0,5,2
2435.11,108.6,356.1,64.0,4,1
4678.6,190.1,737.8,107.4,5,2
2195.97,113.7,303.3,58.7,5,2
3658.35,160.2,514.4,106.7,5,2
3448.65,109.3,617.6,60.1,6,2
1648.35,113.8,170.7,56.7,4,1
2693.98,159.0,335.0,79.8,5,1
2300.87,158.4,215.4,89.5,5,1
3628.52,179.2,523.7,90.8,4,1
1798.87,140.6,156.9,67.7,5,1
2150.39,147.9,250.3,62.0,4,1
2631.1,128.6,376.0,68.1,6,1
1687.95,202.7,26.2,85.8,4,1
3169.33,151.1,474.1,74.3,5,2
2133.37,133.2,271.8,57.0,4,1
2962.76,208.7,339.5,85.5,4,1
1293.21,102.0,111.4,48.9,4,1
3303.38,220.5,391.8,94.9,5,1
2375.36,164.9,257.6,76.1,5,1
1888.81,170.4,144.4,70.0,4,1
1447.16,124.8,127.4,48.7,4,1
2020.41,163.3,174.2,74.5,4,1
2487.16,96.4,396.8,57.2,4,2
2396.95,243.0,154.1,89.8,4,1
2971.81,213.6,361.6,74.6,4,1
1941.81,140.3,229.0,51.6,4,1
2244.59,130.8,272.5,70.2,5,2
1841.78,206.9,57.4,87.2,4,1
3029.62,156.2,448.3,67.9,4,1
3088.61,162.3,414.9,86.7,6,1
2483.75,109.3,395.4,51.7,4,1
2208.35,111.2,307.0,59.5,5,2
1950.16,110.8,264.5,49.9,4,1
2543.34,206.9,237.7,85.0,4,1
2132.33,127.1,298.1,48.0,4,1
2763.65,136.2,384.3,75.8,5,1
2733.6,203.3,285.4,86.6,4,1
2812.34,142.1,375.7,82.4,5,2
3192.0,142.6,499.8,69.1,5,2
1921.55,128.4,217.5,59.8,4,1
3485.08,201.3,475.6,86.4,5,2
3679.05,225.8,496.2,87.9,4,1
2596.89,105.6,446.4,43.2,5,1
2115.85,178.1,183.1,74.5,4,1
2608.55,186.9,314.3,67.0,4,1
4356.95,190.4,680.8,96.9,6,1
2995.6,91.0,544.8,50.3,5,2
2748.92,191.1,327.7,74.8,4,1
3367.86,114.5,573.9,68.2,5,1
2040.41,116.4,257.8,60.4,5,1
2250.05,189.8,186.8,82.6,4,1
3750.18,207.2,521.1,93.0,5,1
2728.0,160.7,366.7,68.7,5,1
1514.06,102.4,171.6,46.5,5,1
2311.56,109.0,323.9,64.5,5,1
2131.99,98.9,333.6,44.7,5,1
2089.53,93.6,325.3,46.0,4,1
3145.38,129.2,501.6,69.2,5,1
3380.39,138.5,532.3,77.5,5,2
1985.01,178.7,161.2,69.5,4,1
2434.07,202.4,240.5,73.6,4,1
1656.49,96.6,199.6,52.4,4,1
2000.2,92.9,281.6,55.8,5,2
2324.08,104.3,350.5,56.1,6,2
1414.33,129.8,122.2,45.1,4,1
2900.01,219.3,305.5,89.0,4,1
2185.47,185.8,182.7,79.0,4,1
2735.05,89.4,480.8,50.5,5,2
2648.57,193.1,281.2,83.5,4,1
1619.37,92.9,205.9,47.1,4,1
1704.56,155.6,115.7,68.8,4,1
2316.94,154.8,286.9,61.1,4,1
2308.93,114.9,305.8,69.6,5,2
2472.61,233.0,180.3,91.0,4,1
1855.45,111.8,234.6,52.2,4,1
2357.73,96.8,374.4,52.5,4,1
1891.2,224.1,50.5,88.1,4,1
1893.84,204.3,71.0,88.0,4,1
2554.36,212.9,229.5,87.2,4,1
2237.74,140.6,291.2,56.7,4,1
2419.6,208.5,207.6,83.9,4,1
3845.64,132.4,661.3,74.5,6,1
1314.4,112.8,121.9,41.8,4,1
1915.78,252.8,0.0,106.4,4,1
2652.66,225.9,217.1,97.9,4,1
1730.4,113.0,208.4,49.4,4,1
3254.9,167.5,468.2,79.1,5,2
4836.28,180.2,797.7,102.7,5,2
3575.08,246.0,415.4,103.3,4,1
2434.73,101.5,376.8,57.9,6,2
3545.47,143.8,558.5,81.8,5,1
2321.5,154.8,261.7,72.8,4,1
2482.84,132.2,322.4,73.8,4,1
2638.78,148.7,370.2,62.6,5,1
2850.76,220.2,324.3,74.7,4,1
3245.33,154.4,406.1,111.5,5,1
2668.71,195.4,263.1,92.7,5,1
3326.48,225.8,396.7,92.9,5,1
3441.26,169.9,443.3,109.8,6,2
3207.44,118.3,503.2,80.1,5,2
3935.76,186.9,578.6,97.1,4,2
2258.27,218.8,140.3,91.3,4,1
3268.79,184.4,424.9,92.4,5,2
3442.96,177.4,494.3,84.0,5,2
2455.68,122.7,359.4,58.6,5,2
3624.82,173.4,568.5,73.0,5,2
3792.76,172.2,520.6,113.5,5,2
2096.33,229.3,80.2,95.4,4,1
1908.58,148.7,212.7,51.5,4,1
3184.79,169.1,416.7,93.5,4,1
1845.16,110.5,232.5,52.6,4,1
2560.81,102.6,415.9,54.1,5,1
2635.16,122.9,365.0,76.0,5,2
2555.43,162.4,298.2,79.2,4,1
2268.62,101.6,338.5,56.4,5,1
2868.05,113.9,468.2,59.9,4,1
3667.98,162.3,566.2,83.8,4,1
3955.37,146.1,632.5,93.4,5,2
3416.25,200.0,421.1,103.5,5,2
3751.44,167.0,576.2,86.5,5,1
2557.77,101.6,382.7,68.9,5,2
2742.31,135.4,411.0,61.8,4,1
2353.7,112.3,342.5,59.4,4,1
2473.81,111.8,400.3,47.2,4,1
3799.11,212.1,519.3,97.1,5,2
1585.74,106.2,180.4,48.8,4,1
2322.73,196.3,194.4,84.4,4,1
4175.18,166.5,619.8,114.4,5,1
3556.08,142.7,564.9,80.7,4,2
3641.33,191.2,504.2,95.6,5,2
1384.71,136.9,72.8,60.7,4,1
2739.84,181.5,330.8,76.7,5,2
3564.21,148.1,545.2,87.8,6,2
2518.56,133.4,381.9,50.8,4,2
1733.63,128.2,165.1,62.3,4,1
2413.48,153.4,285.7,73.0,4,1
1695.18,169.3,100.1,68.6,4,1
2762.03,124.5,417.4,66.1,5,2
2403.35,99.6,387.1,50.7,5,2
3457.29,213.9,448.1,90.0,5,2
2901.78,187.7,366.0,76.3,4,1
2434.44,144.1,319.0,64.7,5,2
1798.74,200.8,56.3,85.6,4,1
3152.45,159.4,454.2,77.5,5,2
3036.16,134.6,407.2,96.6,6,1
2362.46,130.3,346.3,50.7,4,1
2184.2,217.5,145.4,81.4,4,1
2797.56,204.2,315.0,80.1,4,1
2580.47,123.4,362.9,70.6,6,1
3045.31,160.9,431.9,74.9,5,1
2069.7,182.1,148.9,82.9,4,1
1566.24,168.5,82.2,62.6,4,1
2226.47,170.6,236.2,66.6,4,1
2239.34,194.1,187.0,79.4,4,1
3434.98,141.8,518.1,88.4,5,2
1705.49,89.9,230.2,47.3,4,1
3628.43,162.1,585.3,71.0,5,1
3034.65,173.9,421.9,72.4,4,1
2265.59,135.6,291.5,61.9,4,1
2336.97,180.3,223.9,80.0,5,1
3564.22,160.6,557.2,77.0,6,1
3746.41,134.4,611.7,84.7,5,1
2678.66,244.6,225.2,88.8,4,1
2008.67,149.0,213.2,62.2,4,1
2307.62,127.8,312.1,60.9,6,2
2227.24,94.4,362.5,44.4,5,1
2347.14,104.4,372.9,48.6,5,1
2542.44,163.4,302.4,75.5,4,1
2177.85,128.3,295.8,53.5,5,1
3277.93,193.7,441.3,82.0,4,1
1666.54,119.2,193.4,46.2,4,1
2626.83,213.6,236.4,91.9,4,1
2871.49,251.1,220.4,109.5,4,1
3550.01,181.2,484.3,98.7,5,2
2481.57,115.4,371.3,59.4,5,1
2248.86,163.1,215.0,81.8,4,2
2330.94,178.9,240.1,72.8,4,1
2447.55,233.9,151.5,100.7,4,1
3759.42,209.5,506.1,99.7,4,1
3562.02,202.5,496.7,85.0,5,1
2739.87,157.2,375.8,67.6,5,1
2090.83,148.2,237.3,61.0,4,1
2639.8,115.3,393.1,67.4,6,2
2141.82,159.5,242.6,59.2,4,1
4314.1,174.3,675.4,101.7,5,2
2195.42,197.7,154.9,87.2,4,1
4356.41,186.7,678.5,99.5,4,1
2817.36,105.4,474.4,55.4,5,2
2664.67,228.2,217.6,97.9,4,1
1702.39,177.7,76.6,76.1,4,1
2931.96,132.5,422.4,79.2,5,2
1600.16,108.0,193.5,43.8,4,1
2424.28,101.9,405.5,43.9,5,2
3195.91,133.1,481.5,81.9,5,2
3963.76,182.9,606.0,89.8,6,2
2574.06,169.0,261.7,94.6,5,2
3119.33,140.8,472.4,74.1,5,2
3992.79,176.9,619.5,89.7,5,2
3408.69,202.4,382.1,119.0,6,2
4551.44,198.0,748.7,85.0,5,1
2367.88,135.0,332.2,55.4,5,1
1869.88,110.7,230.0,56.3,6,1
3554.45,140.1,564.1,82.0,5,2
2721.4,183.4,294.7,89.9,5,1
2080.37,106.8,315.6,43.4,4,1
3381.25,175.5,477.2,85.6,4,1
2408.79,170.2,271.0,71.5,4,1
4583.33,180.1,790.0,78.1,6,2
3723.5,154.6,537.7,106.0,5,2
2724.66,111.7,401.1,74.8,6,2
3529.21,189.4,457.1,104.8,5,1
2062.29,153.0,230.7,58.6,4,1
2839.49,110.6,450.6,66.1,6,1
2892.18,261.6,256.8,91.0,4,1
4186.06,139.0,698.6,92.8,5,2
3061.31,103.4,528.5,59.3,6,2
3228.79,151.3,473.9,80.9,5,1
2706.21,112.3,415.9,65.9,5,2
2365.72,150.6,233.2,92.3,5,2
4185.12,157.9,697.5,84.8,5,1
2354.39,117.5,354.5,51.8,5,1
3694.04,146.2,619.9,70.0,6,2
1544.61,133.3,138.1,51.0,4,1
3174.64,188.1,422.4,81.4,4,1
1593.84,117.8,165.5,51.2,4,1
1684.56,179.0,78.0,73.0,4,1
3382.48,183.0,462.4,89.0,4,1
1742.4,120.6,200.9,50.7,4,1
1791.84,143.1,149.3,69.2,4,1
2394.86,237.5,135.0,100.6,4,1
1874.86,172.0,136.4,71.2,4,1
2896.26,165.1,389.2,75.4,5,2
2119.69,124.1,304.7,44.9,4,1
1568.83,103.2,194.8,41.9,4,1
2002.3,196.6,120.6,81.5,4,1
4457.92,166.9,685.0,116.7,5,1
2395.9,139.8,300.9,70.3,5,1
3372.9,112.7,598.4,58.7,6,1
3323.4,161.2,480.0,84.3,5,2
2249.56,222.3,130.7,93.1,4,1
3361.3,155.3,478.4,91.8,4,1
1867.12,125.6,195.7,64.6,4,1
1738.11,160.0,112.0,72.2,4,1
2880.32,157.4,408.1,68.7,4,1
2056.88,133.5,245.2,60.2,4,1
3008.82,179.8,370.4,89.8,5,1
3766.44,144.0,661.6,60.5,5,2
1308.11,111.8,110.3,46.6,4,1
3984.43,152.6,644.3,88.5,5,1
2688.93,135.4,334.8,89.8,5,2
1777.72,134.0,194.1,51.7,4,1
1832.83,124.9,219.6,50.5,4,1
3514.92,130.2,564.6,81.8,6,2
2722.38,123.8,382.1,77.6,5,2
2719.23,126.0,426.6,56.6,6,2
1593.08,160.4,84.8,68.0,4,1
1501.22,151.1,105.5,52.8,4,1
2677.96,166.2,330.8,76.7,6,2
2569.44,131.5,359.6,67.2,6,2
3167.74,101.0,572.5,52.6,5,2
3129.94,111.0,543.6,56.8,4,1
1806.93,200.8,69.7,80.6,4,1
2039.97,87.9,283.9,61.4,5,2
2031.57,87.2,316.5,46.3,5,1
4038.88,161.3,618.6,102.2,5,2
2326.82,232.0,116.0,103.9,4,1
4412.48,190.1,701.4,94.1,5,2
2082.68,90.7,321.9,48.0,4,1
1549.44,185.8,45.5,69.3,4,1
1432.19,91.2,165.4,45.1,4,1
3007.98,199.0,369.1,81.8,4,1
2770.92,212.7,310.4,75.4,4,1
3648.62,129.2,594.9,83.6,6,2
3744.33,136.8,594.7,90.9,6,2
2225.27,174.5,215.1,74.1,4,1
3733.77,180.6,556.8,87.1,5,1
2980.41,109.3,478.3,70.0,5,2
1991.0,89.0,289.3,53.1,5,1
1898.73,181.9,97.7,86.7,4,1
1956.15,86.2,286.9,51.6,5,2
3416.47,179.7,506.6,74.6,4,1
2987.28,100.2,516.2,58.0,5,2
3345.9,185.4,399.2,111.9,6,2
2780.25,215.4,259.4,97.9,4,1
1538.21,98.6,176.0,48.9,5,2
2887.78,235.4,250.4,104.9,4,1
3146.09,134.7,523.6,57.0,4,1
2872.16,157.6,370.4,84.4,5,1
2897.29,214.7,315.1,86.5,5,2
3398.84,189.1,465.9,86.5,5,1
3208.11,172.8,459.1,75.6,4,1
2439.65,147.3,289.0,77.2,5,1
2124.29,106.2,308.3,51.8,6,2
2964.22,99.0,528.0,50.7,5,2
3159.32,177.1,371.3,107.3,5,2
1735.06,124.3,191.7,52.3,4,1
2455.26,216.3,174.2,99.3,4,1
1656.42,123.1,178.4,50.0,4,1
3001.72,148.7,454.3,65.6,4,1
2213.68,191.2,169.4,85.7,4,1
3567.1,211.7,458.0,98.7,4,1
2233.21,101.7,334.9,54.1,5,1
2106.51,102.9,287.8,60.4,5,1
2144.24,132.9,249.3,68.4,5,1
2398.15,127.9,303.1,74.9,6,2
2985.12,108.0,519.8,52.7,5,2
3515.17,175.0,507.1,87.4,5,1
1707.88,198.0,74.7,68.6,4,1
2537.4,100.7,416.4,52.1,5,1
3234.74,117.2,532.8,70.5,5,2
2449.75,192.8,212.4,92.1,4,1
2767.39,148.6,379.4,72.8,4,1
2445.3,138.7,301.8,75.9,5,2
2710.42,123.8,366.6,83.2,5,2
2486.72,184.4,271.1,73.8,4,1
1302.25,106.9,101.7,52.0,4,1
4070.44,167.3,623.5,100.8,6,2
2486.1,120.9,358.0,63.4,4,1
2606.34,154.1,323.4,77.4,5,1
3292.88,166.5,481.4,77.9,6,1
1782.59,157.0,142.9,64.8,4,1
3433.66,131.0,514.3,94.7,5,2
2190.96,176.9,190.7,80.1,4,1
2289.35,118.9,317.5,60.4,5,1
1785.94,103.6,234.1,48.3,4,1
2087.35,91.5,324.6,47.0,5,1
2682.42,180.8,314.7,77.8,4,1
2058.77,113.8,281.2,53.2,4,1
1909.1,120.7,228.6,56.9,5,2
2533.73,228.4,183.3,98.6,4,1
2219.47,187.9,209.6,69.9,4,1
2382.51,173.1,236.8,82.6,5,1
2056.9,158.4,215.6,62.3,4,1
3960.96,175.9,623.2,85.0,5,2
1676.7,118.5,190.6,48.9,4,1
2772.95,163.6,335.2,86.4,4,1
2208.49,108.3,325.9,52.4,6,2
3034.86,159.0,393.8,91.5,5,2
3623.36,219.4,475.8,93.6,4,1
3167.86,145.5,516.8,57.6,4,1
2286.91,140.8,234.8,87.2,5,2
3283.11,187.8,426.7,91.7,5,1
2551.28,87.8,446.1,46.2,4,1
2674.94,181.1,330.2,69.9,4,1
1917.3,178.8,123.1,78.8,4,2
2204.15,206.0,163.5,80.7,4,1
1797.5,186.1,77.6,82.5,4,1
2122.06,129.9,272.2,57.1,4,1
4005.93,170.5,614.3,96.3,6,2
2563.48,102.1,409.3,57.5,5,2
2430.73,115.2,348.7,63.9,5,2
3176.62,179.4,399.3,95.7,5,2
2413.74,156.9,294.2,67.7,4,1
1737.0,122.3,198.2,50.5,4,1
3367.39,182.4,458.6,89.3,4,1
2715.94,97.6,461.6,53.2,4,1
2252.26,106.9,351.4,46.5,5,2
2165.15,112.9,307.6,53.7,6,2
2747.56,151.6,369.8,73.5,6,1
3304.55,123.1,520.6,81.1,5,2
1813.09,153.2,146.0,68.5,4,1
2638.59,192.0,252.5,95.6,5,1
3099.59,150.7,439.6,82.1,5,1
2522.32,121.4,376.0,59.2,5,1
1478.2,115.8,149.0,46.6,4,1
2385.83,209.0,197.5,84.4,4,1
1694.28,131.4,172.7,53.1,4,1
2374.62,214.6,158.4,98.0,4,1
2260.43,124.2,286.6,68.6,6,2
2226.12,101.8,340.3,50.8,5,1
2120.7,219.6,108.9,89.6,4,1
3090.31,123.1,497.8,67.4,6,2
2630.81,81.7,445.3,58.1,5,2
2778.0,197.7,297.3,88.7,4,1
3288.06,127.4,565.3,57.5,5,1
3533.21,148.6,516.3,97.1,5,2
2606.35,183.4,290.6,78.9,4,1
3504.4,164.6,512.8,88.3,5,1
1425.31,131.7,97.5,56.5,4,1
2735.91,166.0,313.0,91.1,5,1
2193.99,126.5,318.6,46.0,4,1
1685.53,165.3,88.6,74.4,4,1
2405.75,226.8,148.8,100.4,4,1
2261.76,234.6,114.9,96.0,4,1
2292.55,144.1,256.1,76.9,5,1
1902.78,93.0,269.9,50.1,5,2
2624.59,175.2,310.2,75.9,4,1
2159.25,132.6,288.0,53.0,4,1
3120.78,209.0,384.7,82.9,4,1
1497.38,135.4,122.8,51.6,4,1
2311.59,110.6,322.3,64.5,6,2
2086.86,164.3,192.3,73.4,4,1
1871.87,108.4,230.1,57.5,5,1
2471.16,212.5,178.0,101.0,4,1
3522.21,224.4,434.3,98.6,5,1
2888.09,171.9,392.6,70.0,4,1
1946.9,134.3,165.1,83.3,5,2
2881.65,193.6,353.9,76.8,4,1
2130.22,131.6,248.1,67.9,4,1
1632.26,176.0,58.1,77.3,4,1
1925.27,163.1,170.8,65.5,4,1
4220.17,154.5,676.3,99.7,5,2
2216.99,146.1,250.5,70.1,4,1
3892.24,132.7,635.1,91.2,5,2
1436.17,129.1,127.1,45.7,4,1
2636.23,137.5,364.7,69.7,5,1
3878.54,178.2,594.5,87.5,4,1
3684.39,178.5,562.4,80.1,5,2
2870.87,227.0,296.1,86.5,4,1
4012.65,175.8,596.9,102.4,5,2
2989.38,119.5,493.4,59.8,5,2
4389.41,173.7,717.8,91.5,5,1
3022.05,139.9,437.2,79.3,4,1
2829.81,205.2,301.3,89.3,4,1
1633.44,124.3,171.5,50.0,4,1
1567.42,113.7,184.9,41.4,4,1
4003.16,173.0,569.2,114.9,5,2
2940.48,111.5,515.0,48.3,5,2
3746.72,157.4,565.4,95.1,5,2
1434.16,134.0,103.7,53.7,4,1
1275.1,105.8,102.8,49.0,4,1
1421.35,121.1,125.7,48.3,4,1
1572.33,106.5,192.0,42.1,4,1
1968.76,152.3,198.5,62.8,4,1
2324.7,202.2,171.3,92.3,4,1
2791.65,152.6,375.8,75.3,5,2
3315.15,170.0,465.6,85.9,5,1
3090.65,97.3,553.1,54.4,6,2
1977.11,137.3,224.5,58.9,4,1
1778.84,110.7,216.8,52.1,4,1
2866.7,128.7,415.7,76.6,5,1
2856.58,96.6,511.8,47.0,5,2
3152.67,173.8,419.7,86.5,6,2
2163.09,162.1,202.7,78.2,5,1
2436.04,171.6,248.2,84.1,5,1
3220.2,164.2,445.8,86.7,5,2
1584.33,136.4,132.2,56.7,4,1
1801.77,87.8,230.6,58.7,5,2
2718.46,137.0,410.6,58.6,5,1
4477.82,179.9,763.4,78.3,5,2
1851.6,145.1,166.9,67.1,4,1
2847.77,210.1,310.9,84.9,4,1
2941.97,186.4,349.7,88.6,4,1
3489.4,186.4,498.6,83.2,4,1
2594.31,163.3,272.7,94.5,5,1
2687.84,218.4,239.9,95.0,4,1
2213.91,188.4,211.3,68.3,4,1
1854.81,97.5,264.1,45.4,4,2
2928.42,161.9,350.4,97.7,5,2
3740.17,203.7,541.2,84.5,4,1
3018.06,94.9,523.8,60.3,5,2
2657.37,142.3,387.7,59.7,4,1
2754.2,153.9,343.5,84.9,5,2
2518.34,169.5,223.0,105.4,5,2
3030.97,162.4,445.6,66.5,5,1
2497.12,168.5,292.2,72.7,5,2
3273.7,177.2,462.3,79.5,5,1
2112.48,88.8,320.9,52.7,6,1
1873.38,203.7,67.3,87.7,4,1
2184.13,156.8,226.1,72.5,5,1
3095.99,149.3,456.8,74.6,4,2
2955.85,224.1,289.4,100.2,5,1
3045.36,105.3,514.6,62.9,5,2
2037.78,194.9,143.7,76.0,4,1
2653.31,94.7,461.2,47.7,5,2
2704.62,134.1,370.8,76.1,4,1
2435.09,131.6,311.3,73.7,5,2
2146.59,117.5,304.9,50.8,4,1
2740.67,202.4,268.9,95.0,4,1
2549.06,183.9,237.7,95.8,4,1
2076.59,125.9,235.7,70.0,5,2
3516.85,169.3,515.2,86.5,5,2
3978.0,197.6,585.5,93.9,4,1
1946.49,153.8,198.0,59.9,4,1
1318.91,151.3,50.1,57.0,4,1
1902.16,188.1,120.9,74.0,4,1
3140.93,143.1,485.2,69.8,5,1
1633.76,179.3,76.1,68.0,4,1
2944.06,154.2,425.3,69.6,5,2
1644.85,101.9,214.9,42.0,4,1
1454.64,108.0,146.5,48.5,4,1
1710.24,246.4,0.0,96.9,4,1
4027.09,174.3,664.4,74.7,4,1
2243.6,170.5,240.3,66.7,4,1
2545.04,149.8,352.3,59.6,4,1
2731.36,181.9,307.1,86.2,5,1
3222.19,140.6,498.6,73.9,4,2
4106.22,166.3,608.6,111.9,5,2
2779.5,186.1,258.0,111.5,6,2
3617.11,218.7,485.3,89.0,5,2
3016.11,241.4,278.1,104.2,4,1
3652.11,192.5,481.3,106.3,5,2
2080.82,138.0,252.5,57.6,4,1
4115.48,170.0,614.9,108.4,5,1
2826.61,143.3,381.3,80.9,6,1
2998.31,199.3,357.0,85.9,4,1
3144.05,139.7,471.5,77.7,4,1
4245.57,168.7,687.4,91.3,4,1
2915.57,117.4,482.2,57.4,5,2
3001.22,140.9,428.8,80.2,4,1
3622.39,117.6,650.1,61.3,6,2
2869.1,137.5,385.0,86.6,5,2
2722.33,152.3,369.9,70.4,6,2
2768.26,240.9,229.2,98.7,4,1
2855.85,142.6,420.6,67.0,5,1
2073.39,175.5,172.2,75.9,4,1
4071.88,168.9,635.5,94.9,6,2
3875.67,169.6,608.0,85.0,5,1
2643.05,211.9,229.9,97.3,4,1
2802.36,138.9,419.7,63.1,5,2
3565.54,131.2,601.8,70.4,5,1
2564.49,187.5,283.2,75.7,4,1
3621.72,175.7,475.4,113.0,5,1
1600.8,105.1,154.7,62.4,4,1
2367.49,132.5,329.4,57.7,6,2
3597.74,157.6,597.8,64.0,5,1
3088.45,203.6,342.9,100.3,4,1
2104.54,197.0,142.5,82.9,4,1
2146.06,137.7,258.9,62.2,4,1
2707.02,161.6,351.1,72.9,4,1
1840.96,181.7,98.9,79.8,4,1
2128.44,149.9,241.1,62.8,4,1
2514.38,218.9,220.7,84.0,4,1
2012.1,127.0,246.5,57.6,5,1
2824.91,166.2,388.5,67.4,4,1
2863.11,225.8,283.0,92.0,4,1
2790.54,221.1,278.1,88.2,4,1
2573.01,216.4,250.4,78.4,4,1
2775.51,181.4,326.9,82.5,5,2
3193.2,195.2,417.6,82.4,4,1
2367.29,102.1,367.4,54.4,4,1
3980.29,190.8,586.7,96.7,5,2
2150.89,132.1,263.4,63.2,5,1
2048.28,109.0,284.7,52.6,4,1
2407.3,194.2,228.4,79.7,4,1
2623.39,121.7,399.6,59.8,5,1
3578.12,186.4,493.8,95.2,5,1
1592.81,136.9,134.9,56.2,4,1
3075.97,200.5,382.5,82.6,4,1
4020.54,211.7,543.6,111.1,5,1
2779.08,165.4,374.1,69.0,4,1
2275.51,100.6,353.4,51.0,4,1
2998.62,190.4,392.4,74.2,5,1
2751.68,147.1,356.5,81.9,5,1
2180.4,130.1,254.2,71.5,4,1
2777.37,134.1,337.8,98.9,5,2
1833.52,151.5,176.4,58.0,4,1
4015.53,195.9,591.9,96.0,4,1
1453.48,132.6,110.0,53.7,4,1
2392.55,240.7,130.9,100.7,4,1
2917.97,193.8,289.1,109.6,5,2
4129.49,197.6,638.1,87.4,5,1
2124.01,166.5,191.4,76.9,4,1
3040.76,130.5,469.0,71.4,5,1
3082.37,139.5,434.6,87.3,5,2
2026.85,149.9,196.6,71.2,4,1
4289.57,161.7,692.5,97.0,5,2
2963.57,156.0,424.4,71.3,4,2
1995.43,125.0,253.0,53.7,4,1
2232.43,175.9,235.9,65.0,4,1
1967.41,99.7,262.6,57.6,4,2
2334.79,112.3,345.2,56.1,6,2
2852.14,211.1,326.9,77.8,4,1
2972.13,152.2,445.7,64.5,4,2
2284.27,127.7,320.4,54.7,4,1
2050.19,124.3,274.0,50.8,4,1
3746.34,150.1,592.3,86.3,4,1
2895.44,174.7,327.8,98.4,5,1
1545.06,104.1,162.6,53.1,5,1
2881.16,170.2,370.3,79.9,4,1
3068.32,168.7,353.9,108.7,5,2
3635.5,188.0,489.1,103.0,5,2
2839.48,223.9,297.2,83.9,4,1
1972.85,191.5,117.1,82.1,4,1
2078.98,106.5,315.1,43.6,4,1
1819.6,118.8,184.0,67.6,5,1
3020.38,111.4,507.1,60.7,5,2
2263.13,241.8,96.3,101.2,4,1
1916.26,123.0,260.5,42.5,4,1
2060.57,130.8,267.0,52.2,4,1
2173.57,129.7,248.2,73.6,6,2
2046.64,182.0,149.5,80.1,4,1
2883.46,136.4,459.8,55.4,5,1
2520.25,225.5,216.6,83.6,4,1
2188.01,126.7,282.8,61.1,4,1
4102.4,202.6,634.4,83.9,5,2
3400.03,174.6,471.4,90.6,5,1
2034.21,94.1,294.0,53.5,4,1
2673.06,133.6,383.6,67.1,6,2
3470.58,140.0,560.2,74.4,6,2
1766.94,156.9,154.7,57.8,4,1
1866.16,196.7,82.0,83.5,4,1
2088.04,105.2,303.3,50.5,5,1
3054.99,107.5,510.3,64.8,6,2
2594.24,126.1,410.2,49.9,4,1
2006.25,211.7,110.4,79.8,4,1
3314.27,137.8,511.5,79.7,5,2
1753.21,103.0,224.0,49.5,4,1
3103.04,154.8,442.6,79.2,4,1
4553.92,209.3,642.0,127.7,5,1
1549.16,116.3,172.5,43.7,4,1
3103.17,133.5,464.6,78.9,5,2
3080.34,111.7,511.2,65.5,5,2
4176.01,140.2,708.9,86.6,5,1
2340.53,139.6,256.4,84.1,4,2
4181.94,192.7,666.1,83.0,6,2
3608.28,114.1,648.8,61.9,5,2
4055.97,198.8,623.0,85.4,5,2
4069.74,171.7,644.4,89.5,4,1
1768.33,199.7,48.9,86.0,4,1
2028.02,184.9,137.7,81.9,4,1
1739.03,109.1,219.0,47.4,5,1
2272.64,89.6,383.0,42.5,5,1
1842.71,138.6,180.0,63.2,4,1
3379.05,179.7,431.8,103.7,5,2
2679.22,169.2,321.6,79.5,5,2
2728.99,145.6,381.6,68.9,5,1
1843.46,124.5,216.2,53.4,4,1
2304.46,111.5,346.9,52.3,4,1
2096.0,104.7,307.5,49.7,5,2
1413.42,85.4,168.4,44.2,4,1
3802.61,165.9,602.9,80.8,5,2
5091.4,186.8,850.7,104.6,5,2
2175.15,102.0,304.2,61.1,5,1
3230.15,235.3,360.3,94.2,4,1
2034.23,161.2,209.1,61.4,4,1
3712.65,122.3,669.3,60.7,6,2
2181.99,107.6,338.3,44.2,5,1
2953.66,172.7,346.8,97.3,5,1
2660.5,179.7,233.9,111.8,5,2
2290.12,82.0,382.1,48.2,6,2
1762.98,212.8,41.0,83.1,4,1
3515.1,230.2,446.6,89.8,4,1
1640.68,161.0,111.2,61.3,4,1
2853.97,109.6,497.7,47.2,5,2
2138.33,158.7,204.6,76.1,4,1
1470.33,98.1,170.9,43.8,5,1
3670.12,192.7,499.1,100.3,4,1
2891.28,211.1,314.2,87.8,5,1
2854.17,114.4,435.6,72.7,5,2
4426.59,193.9,704.7,92.5,4,1
1670.04,130.7,147.8,61.8,4,1
2519.0,115.2,393.8,53.6,4,1
1880.93,206.6,46.7,96.4,4,1
2539.76,150.4,319.1,73.5,6,2
3296.79,158.1,510.9,69.0,5,1
3388.9,151.0,545.5,67.0,5,2
2560.06,203.6,272.7,72.8,4,1
2007.56,153.1,222.6,56.1,4,1
3114.5,158.9,446.1,77.2,5,1
2594.83,164.6,308.3,78.2,4,1
2108.92,101.1,323.8,45.4,6,2
1776.78,187.5,63.6,85.8,4,1
2469.0,129.9,365.7,54.1,4,1
2397.53,150.3,260.2,83.9,4,1
1970.97,124.9,259.5,48.2,4,1
3182.22,189.8,381.0,99.9,5,2
3383.16,220.4,406.6,97.2,4,1
2734.09,236.3,219.0,101.4,4,1
2591.46,99.3,417.6,58.2,5,1
3604.01,166.9,504.0,102.3,5,2
1481.28,125.0,142.8,45.6,4,1
2829.32,187.4,341.0,79.5,4,1
3252.15,150.7,478.8,81.6,5,2
1557.12,128.8,141.6,52.8,4,1
2862.41,155.8,384.2,78.1,6,1
2848.86,121.2,461.9,57.4,5,2
2680.14,148.3,350.0,76.3,5,1
3420.5,192.2,416.8,109.4,6,2
3536.83,186.2,478.5,97.5,4,1
1962.05,129.5,196.3,73.2,5,1
2287.16,191.7,206.7,77.1,4,1
2422.35,181.0,241.9,81.2,4,1
1899.3,160.9,149.7,73.0,4,1
1771.98,125.3,193.5,55.2,4,1
2135.46,184.4,148.7,89.2,4,1
2964.71,170.5,382.9,83.5,4,1
2122.78,164.1,227.2,62.0,4,1
2532.05,95.4,423.9,50.6,5,2
2135.46,142.0,261.5,57.9,4,1
3416.07,185.9,470.3,87.9,5,2
2903.79,103.0,495.2,56.8,4,1
2155.18,162.6,224.5,67.4,4,1
2110.9,231.1,94.9,89.6,4,1
1651.41,140.6,150.1,54.3,4,1
4004.55,166.5,632.5,89.9,5,2
3283.17,128.6,559.6,58.9,5,1
2498.34,134.9,344.5,64.5,5,1
3461.53,206.3,455.4,90.5,5,1
3949.98,154.5,620.3,94.5,5,2
3820.63,188.3,536.2,102.5,4,1
3562.97,202.9,506.6,80.5,5,1
2610.72,120.4,399.0,59.3,4,2
2796.46,137.5,421.2,62.4,5,2
2564.04,122.2,380.5,61.5,5,1
3732.88,140.7,606.1,82.8,5,2
3388.41,187.1,465.9,86.3,5,1
1565.57,122.0,157.6,49.7,4,1
3666.52,133.4,628.1,68.9,5,2
2628.67,168.4,271.8,96.5,5,2
1715.86,135.8,145.8,65.5,4,1
3108.13,172.5,429.0,78.0,5,1
4521.33,189.8,727.7,94.6,5,2
2479.07,211.0,203.7,91.1,4,1
1594.85,93.7,181.3,55.0,5,1
2140.84,95.2,312.8,56.5,5,2
1844.53,154.2,165.9,62.7,4,1
2573.5,207.0,264.1,76.6,4,1
2205.89,146.6,269.8,60.0,4,2
2744.93,144.7,404.5,60.9,4,1
2303.43,137.2,241.1,87.8,5,2
3265.63,125.6,561.7,57.4,5,1
1946.53,135.5,214.2,60.9,4,1
1879.84,139.0,208.7,54.3,4,1
2085.17,202.8,129.3,84.1,4,1
2163.47,126.8,289.3,55.5,4,1
2127.4,115.1,288.2,57.1,5,1
2105.18,137.9,262.9,55.7,4,1
3125.68,214.0,358.4,92.9,4,1
1397.48,149.4,50.2,66.6,4,1
3039.73,121.0,504.3,59.8,5,1
2158.51,132.4,288.5,52.8,4,1
2444.63,180.1,264.6,74.0,4,1
2650.0,99.4,431.1,58.7,5,1
4039.93,178.2,648.6,81.4,5,2
1973.81,139.9,214.6,61.8,4,1
1670.97,137.0,146.6,59.6,5,1
1962.65,125.1,235.7,57.7,4,1
4140.85,180.6,598.9,113.7,5,2
2574.12,122.3,373.9,65.5,6,2
1997.67,118.0,247.8,59.4,5,2
2828.71,135.9,447.8,54.9,4,1
2643.18,163.8,321.1,78.1,5,2
3452.49,109.2,627.1,56.3,5,2
2783.4,139.8,426.7,57.5,4,1
3934.27,178.9,631.3,77.1,5,2
1778.35,112.5,210.9,53.9,5,1
2501.13,211.8,204.6,92.8,4,1
1775.28,84.6,226.4,59.0,6,2
2613.53,117.5,379.3,69.6,6,2
1983.62,230.0,68.7,87.6,4,1
3351.72,160.3,471.5,91.6,5,2
2872.27,108.6,482.7,56.4,5,2
1911.78,187.3,118.6,76.5,4,1
1883.24,135.9,178.7,69.4,4,1
2934.87,210.0,353.9,75.5,4,1
1460.64,161.3,69.8,59.6,4,1
2130.54,166.1,203.4,72.5,5,1
3139.99,117.7,510.2,69.8,6,2
1338.24,147.0,59.0,57.1,4,1
3235.4,172.1,447.6,84.1,4,1
1496.37,116.2,149.9,48.0,4,1
3468.43,134.4,590.4,63.3,6,2
2583.96,99.2,438.6,48.1,6,2
2016.0,189.5,111.4,90.3,4,1
1369.64,114.2,126.1,45.4,4,1
1466.59,115.1,141.5,48.9,4,1
1925.4,157.8,192.7,58.2,4,1
2526.34,132.7,376.5,54.4,5,2
1247.92,134.0,64.9,50.3,4,1
2210.75,179.1,185.8,83.5,5,1
1977.24,114.3,251.4,57.2,4,1
1277.14,113.4,102.8,45.8,4,1
1822.32,220.0,45.9,84.3,4,1
4201.88,160.3,657.4,103.4,5,2
3740.25,139.1,615.6,80.1,6,2
2459.94,190.6,221.3,90.3,5,1
3063.3,167.2,375.5,99.2,5,2
3031.3,144.8,441.1,76.4,5,1
3744.4,140.6,606.0,84.2,5,2
1522.4,117.1,153.1,49.1,4,1
1748.98,108.2,209.2,53.2,4,1
2028.62,158.0,198.3,67.0,4,1
1997.98,105.6,272.5,54.0,5,1
2765.53,200.9,317.3,77.0,4,1
1510.54,147.4,79.6,67.0,4,1
2783.75,158.8,280.0,114.3,5,2
1932.52,152.6,182.0,66.0,4,1
2956.5,117.6,473.1,66.0,4,1
2282.94,90.6,362.8,52.1,4,1
3941.81,163.9,622.0,88.7,5,2
2457.69,155.9,270.1,83.7,4,1
3059.89,205.6,362.0,87.7,5,1
2485.89,99.8,371.0,67.0,5,2
3490.78,172.8,526.0,77.3,6,1
3681.52,199.1,497.8,99.4,5,1
2290.88,194.8,198.3,79.8,4,1
1358.1,136.1,84.1,53.0,4,1
2054.9,125.1,229.4,70.8,5,1
3166.81,133.0,477.7,80.4,5,2
2358.32,134.9,256.4,88.1,5,1
2078.34,178.5,154.8,82.8,4,1
1976.39,169.0,165.8,70.8,4,1
1526.08,168.6,66.6,65.0,4,1
1826.62,110.0,250.4,42.7,4,1
1465.99,146.3,102.2,52.5,4,1
2637.14,180.1,316.6,72.2,4,1
1442.21,143.1,95.2,54.3,4,1
2434.15,156.8,285.8,73.7,5,2
1573.09,136.0,121.6,60.3,4,1
4185.3,214.2,621.8,93.5,4,1
2347.9,146.8,228.6,94.0,5,2
2825.26,138.4,396.9,76.0,4,1
2490.46,162.1,310.8,66.5,5,1
1896.3,121.1,230.0,54.6,4,1
2096.36,243.1,74.2,91.9,4,1
1984.6,94.0,292.2,48.9,5,1
2052.41,126.9,267.1,52.9,4,1
2930.16,174.5,342.5,95.8,4,1
4676.36,182.4,751.4,104.6,5,2
2127.52,175.1,198.6,70.3,4,1
3462.07,153.7,549.5,72.1,5,1
4328.59,194.6,675.5,94.3,4,1
3019.76,135.5,456.4,72.5,4,1
2864.49,121.0,483.5,49.6,4,1
1182.44,108.2,72.3,51.2,4,1
1960.27,127.5,220.9,63.0,4,1
2060.45,148.5,244.3,54.3,4,1
3996.46,226.6,543.3,101.9,4,1
3089.06,172.2,354.1,109.3,5,2
4056.95,207.4,587.6,97.4,4,1
2439.62,153.4,269.5,83.1,5,1
2699.19,149.3,349.2,78.3,4,2
2373.73,153.3,318.1,54.3,4,1
2659.04,213.2,245.0,91.8,4,1
3250.4,226.6,390.6,86.8,4,1
2550.27,139.2,320.7,79.0,5,2
1930.2,164.3,133.1,82.3,4,1
2289.59,102.4,362.0,48.0,5,1
1668.16,207.4,41.2,74.9,4,1
1911.27,219.2,75.6,81.3,4,1
2998.41,151.4,406.1,85.4,6,2
3027.23,164.4,360.0,103.3,5,2
2063.48,250.9,71.4,86.1,4,1
1745.71,82.5,258.9,42.2,5,2
1593.47,119.7,172.5,47.2,4,1
2046.16,105.5,263.4,63.4,6,2
3032.49,206.1,362.6,84.2,4,1
2927.95,144.8,407.6,79.8,5,1
2645.78,196.8,284.0,80.3,4,1
4106.05,187.1,595.2,108.6,5,1
2839.16,119.2,425.3,73.4,5,2
2291.09,91.5,383.3,43.5,5,1
2301.95,127.8,305.8,63.1,5,2
2311.8,158.4,205.3,95.2,4,1
2342.78,157.5,282.9,64.6,4,1
2207.57,141.3,275.2,60.2,5,1
3123.84,122.7,461.1,87.6,5,2
2574.69,182.4,309.3,67.5,4,1
2731.51,159.4,309.6,95.1,5,2
2697.09,170.8,274.9,101.6,5,1
3368.12,230.5,429.9,80.7,4,1
4099.56,152.2,659.2,94.9,5,2
1518.12,100.4,177.3,45.3,5,1
2865.24,140.2,371.3,91.0,6,2
1882.01,150.7,198.3,54.0,4,1
2533.13,85.2,422.4,55.9,5,2
2911.46,210.8,323.3,86.2,4,1
2996.04,139.9,407.3,89.7,5,2
3325.33,123.1,574.8,59.3,5,1
1824.79,144.0,169.4,63.5,4,1
3304.84,159.9,468.1,88.1,5,2
3134.45,143.8,469.4,75.7,4,1
3038.1,198.4,386.8,77.5,4,1
3725.02,173.0,521.1,105.4,5,2
3359.02,178.7,453.4,92.3,5,2
1822.56,122.8,208.8,55.1,4,1
1819.98,168.3,119.8,74.2,4,1
1828.93,206.0,71.1,80.0,4,1
3270.04,159.0,470.2,83.7,4,1
2056.9,126.4,238.3,66.4,5,2
3262.85,180.3,461.3,77.4,5,1
2657.75,166.6,330.0,74.6,4,1
2839.92,191.1,282.7,105.0,4,2
1832.92,99.0,208.7,66.9,5,2
2594.62,140.8,340.4,74.4,6,2
3151.02,204.5,417.1,73.8,4,1
3216.0,210.6,401.2,85.4,4,1
4202.12,174.8,663.8,94.2,5,1
3013.67,150.0,432.3,76.0,5,1
2454.98,212.6,193.7,92.2,4,1
1895.43,124.0,225.6,55.2,4,1
2503.53,216.6,223.8,82.4,4,1
2396.91,172.5,277.2,66.5,4,1
1879.5,208.3,40.2,98.4,4,1
2672.54,235.8,193.9,105.9,4,1
1833.26,152.6,139.5,73.9,4,1
2395.61,117.8,331.8,66.4,6,1
3705.16,162.0,561.9,90.0,6,2
4005.4,172.2,631.0,88.1,4,1
3174.63,106.9,562.4,55.3,5,2
2338.76,192.5,207.7,82.0,4,1
1949.67,217.1,81.5,83.9,4,1
1660.05,136.8,154.8,54.8,5,1
1993.12,195.9,105.3,87.6,4,1
1537.23,124.3,149.6,49.1,4,1
2515.3,210.0,229.7,84.0,4,1
3076.1,183.9,377.9,92.1,5,2
2382.98,144.5,306.4,64.4,4,1
2811.06,202.0,337.9,72.4,4,1
2949.9,228.0,315.6,86.1,4,1
1881.98,165.2,155.1,66.7,4,1
3453.49,162.6,475.4,100.1,5,1
2083.74,120.9,272.4,56.7,4,1
3617.16,194.5,513.3,87.3,4,1
1461.29,140.8,109.2,51.3,4,1
2904.85,140.3,379.0,91.9,5,2
2844.66,165.9,354.1,85.0,5,2
2594.79,153.7,286.3,92.8,4,1
4241.21,193.3,662.0,91.1,4,1
2626.3,103.3,449.8,46.0,5,2
2192.39,162.8,214.9,75.8,4,1
3668.92,172.4,487.0,114.6,5,2
2360.05,117.0,365.0,48.0,4,1
3017.24,185.8,404.6,72.8,4,1
2799.59,209.5,293.3,87.6,4,1
2215.17,186.0,189.8,79.1,4,1
1576.36,128.2,157.7,48.1,4,1
2442.99,123.4,378.2,48.5,4,1
4391.92,207.9,605.0,126.7,5,1
1303.25,134.0,63.8,56.9,4,1
3287.07,153.9,518.6,66.4,5,1
1941.36,229.0,63.4,85.8,4,1
1981.2,158.8,166.6,75.5,4,1
2754.44,116.4,421.6,67.0,6,2
2958.07,253.9,278.1,92.2,4,1
2490.61,186.1,277.0,70.9,4,1
1832.99,127.4,224.9,47.1,4,1
3952.62,148.2,649.5,84.6,5,2
2347.11,158.4,266.3,72.0,4,1
2008.5,127.4,243.5,58.3,4,1
2835.94,165.2,323.7,97.8,5,1
3300.37,138.3,517.4,75.3,5,2
2710.18,170.9,338.2,74.9,4,1
2617.96,111.0,386.4,69.8,5,2
2087.55,111.1,255.4,69.1,5,2
1891.38,103.6,251.8,52.2,5,1
2780.55,143.8,325.4,100.4,5,2
1452.03,117.3,141.7,46.2,4,1
1736.16,207.5,10.2,96.2,4,1
2762.93,136.5,377.6,78.5,4,1
2955.02,117.2,473.7,65.7,5,2
1902.28,92.4,268.1,51.1,4,1
2583.62,114.4,396.3,60.1,4,1
2199.77,141.1,298.4,49.1,4,1
2462.58,88.5,388.7,61.5,5,2
2200.11,101.8,301.5,65.2,5,2
3483.96,214.0,443.2,95.0,4,1
2377.6,81.5,413.3,44.3,4,1
2259.59,209.7,181.3,77.3,4,1
2191.06,183.1,195.9,75.0,4,1
2822.24,141.1,430.9,59.4,5,1
1989.0,119.5,277.6,44.5,4,1
2158.73,155.3,236.1,65.9,4,1
3246.89,173.9,432.4,91.3,6,2
2338.79,232.5,151.8,89.1,4,1
1698.4,170.5,117.3,60.8,4,1
1553.57,81.0,200.7,47.4,4,1
2888.77,142.5,411.0,75.0,5,2
3417.95,194.1,381.7,123.9,5,2
2331.43,181.8,197.9,90.3,4,1
3319.01,157.4,491.0,80.6,4,1
2649.79,184.2,329.3,66.2,4,1
2751.98,95.1,493.0,44.4,6,2
3202.12,120.1,557.3,54.7,5,2
2521.86,121.2,322.1,83.2,5,2
3307.22,170.9,468.2,83.4,4,1
1392.49,122.2,117.2,48.3,4,1
1891.45,180.8,91.4,89.2,4,1
2086.35,145.0,233.1,63.8,4,1
2797.84,116.9,428.1,68.6,5,2
1931.75,160.3,180.0,63.4,4,1
3961.1,179.7,574.7,104.9,5,2
3763.34,122.0,637.4,80.6,5,2
1582.72,135.2,129.6,58.2,4,1
2195.65,174.0,194.9,80.0,4,1
3638.19,207.7,471.6,102.3,5,1
2279.57,190.8,214.6,73.1,4,1
1561.9,89.6,196.3,46.5,4,1
2962.15,187.9,315.2,105.5,5,1
2567.57,200.1,242.2,88.7,5,1
1757.2,126.7,202.4,49.0,4,1
2051.81,187.4,140.8,82.1,4,1
2501.07,105.7,356.6,72.4,6,2
1629.9,83.6,208.0,51.5,5,1
2470.21,111.2,399.0,47.7,5,1
2266.5,115.2,312.3,61.8,4,1
1472.98,112.6,138.0,52.3,4,1
2848.9,226.5,258.5,101.0,4,1
3733.31,192.2,523.4,96.8,5,2
4087.47,163.7,682.9,77.9,5,2
3332.32,178.4,397.5,114.3,5,2
2268.48,201.5,180.8,82.1,4,1
2557.71,157.0,267.7,95.4,5,1
2687.32,124.0,402.2,64.7,5,2
2638.09,152.5,326.7,80.1,6,2
2881.35,101.8,504.4,50.7,4,1
2422.98,124.3,314.7,74.1,5,2
2491.46,108.9,376.2,61.2,5,1
2802.91,190.5,312.1,88.0,4,1
2465.65,172.3,258.7,82.4,4,1
2628.92,89.6,452.3,51.2,5,1
2836.72,181.7,359.0,74.9,4,1
4128.89,182.7,619.4,102.3,5,2
3698.5,144.1,629.6,67.1,5,1
2928.63,147.9,390.1,86.3,5,1
1828.28,133.6,179.5,64.0,4,2
2302.82,147.7,296.4,58.5,4,1
2309.62,146.5,270.6,71.2,4,1
3720.94,123.2,616.0,84.9,5,2
1455.67,150.2,82.3,58.4,4,1
1628.0,138.7,149.9,52.6,4,1
2146.75,129.0,271.1,60.7,4,1
3914.94,176.7,593.1,92.8,5,2
2936.8,119.9,442.7,76.3,5,2
2752.85,130.1,410.7,65.5,5,1
2638.1,171.7,226.1,116.4,5,2
3225.75,192.5,396.9,96.4,5,1
1974.73,170.5,191.1,58.7,4,1
2134.31,164.2,195.6,77.2,4,1
2937.88,193.5,292.4,110.5,6,2
2350.84,136.7,312.3,61.7,4,1
2942.31,125.7,466.2,63.9,5,1
2969.92,131.4,420.0,84.9,5,1
2000.98,168.8,159.7,76.3,4,1
2005.44,196.1,126.5,79.4,4,1
2117.2,237.0,87.1,91.2,4,1
3134.21,208.8,361.6,94.7,4,1
3384.54,178.0,464.1,90.7,6,1
1966.35,93.4,286.8,49.5,5,1
2523.46,170.6,309.0,67.2,4,2
1774.33,125.2,218.3,44.5,4,1
2740.18,240.5,231.3,94.8,4,1
2654.64,142.2,392.3,57.4,4,1
1991.45,115.2,272.9,48.8,4,1
2270.4,134.8,299.6,59.2,5,2
2604.04,153.7,329.6,74.6,5,2
1230.43,125.7,81.5,44.6,4,1
3218.21,181.4,428.3,86.6,5,1
2078.59,135.3,227.1,69.9,5,1
2158.76,207.0,153.1,79.8,4,1
2342.16,144.9,307.9,59.0,4,1
1499.55,104.0,164.2,47.4,5,1
1575.48,107.2,169.5,52.1,5,1
2435.85,254.6,154.3,88.9,4,1
3597.98,136.9,596.8,73.7,5,2
2382.27,225.7,140.2,102.0,4,1
2444.04,108.6,375.3,56.5,5,2
2546.0,196.8,260.6,79.6,4,1
2942.57,155.5,342.0,105.8,5,2
2009.7,151.8,196.8,68.4,4,1
3612.56,195.3,450.8,114.3,5,2
3575.2,101.6,661.2,58.2,6,2
3416.12,184.2,439.6,102.3,4,1
2802.61,106.9,450.8,63.5,5,2
2295.63,157.8,256.0,71.2,4,1
2369.35,126.6,308.5,69.9,6,2
1286.28,142.6,62.8,51.6,4,1
2987.4,203.6,275.9,118.8,5,1
2568.36,92.9,414.7,59.8,5,1
1857.28,124.3,200.7,61.9,4,1
3900.56,152.4,641.7,80.5,6,2
2554.48,118.1,388.4,58.7,4,1
2319.6,143.8,302.4,59.4,4,1
1872.72,249.6,0.0,99.1,4,1
1783.6,120.3,206.4,53.0,4,1
2293.79,180.7,222.9,75.5,5,1
3644.53,161.3,553.1,87.4,6,2
3727.35,179.8,552.9,88.5,5,2
2513.66,118.2,376.1,59.6,5,2
1670.1,171.5,79.6,74.0,4,1
1989.65,156.5,187.4,68.2,4,1
2372.33,150.0,294.0,66.3,4,1
3120.83,126.2,526.3,56.7,5,2
2740.39,118.8,421.6,64.3,5,1
3353.4,124.8,580.1,59.3,4,1
2986.88,157.2,428.0,71.8,5,1
1876.53,140.9,179.1,66.3,5,1
2407.52,99.2,366.2,60.7,6,2
3288.83,181.8,436.4,90.7,5,2
2377.76,98.8,366.9,57.2,5,1
2920.83,117.4,476.7,60.5,4,1
2242.56,96.6,336.3,56.8,4,1
2003.84,122.0,266.5,50.0,4,1
2508.15,166.3,241.0,97.6,5,2
4158.07,166.1,650.4,99.1,5,2
2595.2,171.6,241.4,104.8,5,2
1922.86,122.1,256.7,45.3,4,1
2279.4,102.3,316.5,67.1,5,2
2812.31,243.8,243.6,95.9,4,1
2205.93,191.3,156.2,90.7,4,1
3657.25,201.2,512.5,89.2,4,1
1905.7,103.7,258.5,50.8,4,1
2766.62,134.5,410.2,65.3,5,1
2208.39,117.7,316.2,52.6,4,1
2646.55,159.7,341.4,71.4,6,2
2413.47,207.0,174.7,98.5,4,2
2285.16,140.1,268.4,72.4,4,1
3276.51,149.1,517.9,67.6,6,2
2142.22,155.4,224.0,69.4,4,1
2071.4,185.7,188.3,63.9,4,1
4393.87,190.8,667.6,106.7,6,2
2102.54,99.2,308.6,52.4,4,2
3395.63,133.7,554.6,71.4,4,2
1903.25,193.6,87.5,86.5,4,1
2814.38,146.2,411.6,64.8,4,1
3242.07,96.5,606.6,47.7,5,2
2010.75,101.4,280.8,53.5,5,1
1369.44,154.0,26.1,72.1,4,1
4518.91,199.2,722.9,92.3,4,2
3651.97,156.2,572.7,81.8,5,2
3009.91,154.0,433.7,73.3,5,2
2620.19,141.4,321.5,85.4,5,2
2186.57,112.5,312.6,54.1,4,1
3721.15,136.5,631.3,72.2,6,1
1955.13,134.2,232.6,54.2,4,1
2537.69,156.8,310.7,74.2,5,1
1547.04,199.5,0.0,87.3,4,1
2368.6,94.0,393.6,46.5,4,1
1488.9,126.6,125.7,53.3,4,1
2550.93,139.8,339.6,70.4,5,2
3135.47,158.6,473.3,67.5,5,1
2287.92,164.5,256.2,67.2,4,1
2694.46,235.1,218.2,97.9,4,1
3022.83,118.4,487.1,66.8,5,2
1843.72,119.5,215.8,55.8,4,1
2239.97,145.2,267.5,65.5,4,2
1704.45,153.0,145.9,56.5,4,1
2352.02,170.5,286.9,58.0,4,1
2350.51,139.3,297.7,66.9,5,1
1494.35,170.2,38.6,73.3,4,1
1988.8,196.4,107.4,86.0,4,1
2888.3,93.7,481.3,65.4,5,2
2399.39,190.4,236.7,76.8,4,1
3003.13,206.0,381.4,72.6,4,1
2530.54,195.4,260.9,78.4,4,1
1642.08,140.1,160.7,48.8,4,1
3609.64,158.1,571.0,77.0,5,2
2426.89,163.8,288.5,68.7,4,1
2191.69,136.8,286.8,55.2,4,1
1940.54,96.2,294.8,41.8,4,1
3971.38,157.9,618.3,96.3,5,2
3550.06,196.6,423.6,118.8,6,2
2607.49,142.7,373.9,60.1,4,2
2712.01,190.3,272.1,95.8,4,2
3301.28,189.5,389.7,109.4,5,2
1692.2,174.3,109.4,62.0,4,1
2405.62,126.6,319.7,68.9,6,2
2029.88,97.8,288.3,53.9,4,1
2011.64,113.2,259.1,58.0,5,2
1678.19,120.2,162.6,60.8,4,1
2485.21,129.6,349.1,63.4,5,2
2498.83,123.1,373.6,56.9,4,1
2264.12,166.5,237.5,72.0,4,1
1687.65,203.0,35.9,81.3,4,1
3623.52,197.2,520.2,83.8,5,2
3335.6,168.0,433.6,103.2,6,2
4420.86,186.6,682.8,104.8,5,2
3122.43,149.4,450.1,80.5,6,1
2956.02,128.0,441.2,75.5,5,1
2225.66,148.0,289.9,52.7,4,1
2312.07,88.8,388.0,45.0,4,1
2871.42,100.6,500.2,52.0,5,2
2495.31,118.2,379.7,55.9,5,1
2569.88,113.2,389.7,62.0,5,2
2351.7,154.7,279.7,68.2,4,1
2020.01,167.7,180.9,69.5,4,1
2768.19,127.4,423.2,62.9,5,2
1953.05,169.3,175.9,63.6,4,1
2179.24,123.3,279.2,63.2,4,1
2232.6,224.8,123.6,93.2,4,1
3057.16,193.2,415.4,69.2,4,1
2425.0,210.1,185.2,93.7,4,1
3036.24,172.2,403.9,81.3,4,1
3755.24,162.2,555.1,98.5,4,1
4440.68,183.9,723.0,90.4,5,1
2937.44,228.9,279.2,100.6,5,1
2366.58,163.3,287.2,62.7,5,1
2362.72,124.1,277.7,83.9,5,1
1645.23,170.9,66.7,77.2,4,1
2252.3,142.6,287.4,59.1,4,1
4204.12,150.7,699.5,89.3,5,1
2416.6,170.7,290.2,63.6,4,1
2844.88,146.3,419.0,64.8,5,1
2942.05,192.8,344.2,88.3,5,1
3248.02,164.1,434.1,95.0,5,2
3219.99,128.8,531.1,64.5,5,2
3559.67,231.5,418.9,106.5,4,1
3011.84,186.4,319.2,110.0,6,1
2011.9,91.0,308.7,45.9,4,2
2198.88,205.4,152.0,85.4,4,1
2850.56,237.1,250.3,100.1,4,1
1864.4,136.1,207.3,54.5,4,1
2456.36,161.1,276.0,78.6,5,1
3012.74,119.5,492.9,62.6,5,1
2838.57,213.1,276.1,98.0,4,1
2968.97,178.9,351.5,94.2,5,2
1401.33,105.4,135.5,48.6,4,1
2983.32,185.6,370.6,84.3,6,2
2939.62,112.4,470.6,67.5,5,1
3769.28,210.4,540.2,85.2,4,1
1676.95,171.2,109.4,61.6,4,1
3785.71,170.3,569.2,92.0,5,2
2051.48,144.5,251.9,51.7,4,1
2565.04,125.8,373.7,63.0,5,2
2137.52,144.6,234.0,69.2,5,1
2943.26,227.6,300.0,92.5,4,1
2941.8,130.2,457.4,65.7,5,2
2825.58,89.2,498.2,52.9,5,2
4483.36,200.6,715.7,90.9,5,2
3726.15,155.0,560.7,95.9,5,2
3367.2,171.0,454.3,96.2,4,1
2701.55,99.3,477.8,43.7,6,2
3041.69,91.3,555.8,50.4,5,2
2549.9,179.1,282.2,78.3,4,1
2784.74,98.4,476.6,53.9,5,2
2384.58,165.3,264.8,73.8,4,1
3058.06,184.5,383.4,87.4,5,1
3496.13,160.5,512.2,89.5,5,1
1470.79,105.8,157.2,46.5,4,1
3879.13,168.7,556.4,108.7,6,1
3745.57,207.3,529.3,88.8,4,2
2192.13,174.7,215.3,70.2,4,1
1848.25,116.8,230.4,51.1,4,1
3679.35,167.9,519.1,103.5,5,2
1757.7,135.9,193.3,49.0,4,1
2385.66,216.3,195.1,82.2,4,1
2634.08,136.3,395.8,56.2,4,1
2179.2,157.3,192.5,86.7,4,1
2180.68,144.0,265.0,60.5,4,1
2005.07,163.8,174.4,72.5,4,1
1844.14,150.0,168.9,63.2,4,1
3420.97,146.2,520.2,83.9,6,2
2040.01,113.8,289.2,47.6,4,1
1741.22,170.0,130.2,60.0,4,1
3465.29,189.2,506.4,75.9,4,1
1695.9,116.2,196.7,49.4,4,2
2435.96,130.4,330.6,65.8,4,1
2051.65,136.6,255.1,53.9,4,1
2215.1,137.7,252.1,72.9,5,2
2549.84,145.8,277.9,95.0,6,2
3446.18,145.1,503.1,94.8,6,2
2201.85,101.9,324.8,55.0,6,1
4039.65,163.2,688.7,70.3,5,1
3525.02,196.6,437.1,110.0,6,1
2710.78,227.7,251.3,88.3,4,1
2347.8,212.6,156.1,97.0,5,2
3097.0,149.1,418.9,91.7,6,2
2607.72,108.4,415.6,56.8,5,1
2664.75,216.9,239.6,93.2,5,1
1664.85,119.7,198.7,43.5,4,1
2749.59,143.4,344.6,88.6,5,1
3769.22,198.1,496.2,110.2,5,2
2971.65,150.7,351.7,106.9,6,2
2440.17,177.8,240.5,85.2,4,1
2707.92,147.1,362.3,74.5,4,1
4876.42,189.4,789.4,106.8,5,1
2969.57,102.1,519.6,53.6,6,2
3235.57,148.7,497.4,72.3,5,1
1752.89,114.0,229.0,42.3,4,1
3088.9,151.2,441.3,79.9,5,2
2586.43,172.4,295.9,79.3,5,1
3143.83,200.0,341.3,108.7,4,2
2637.1,133.1,385.5,62.5,5,2
3610.18,183.5,492.6,100.6,6,1
2990.28,224.9,328.6,86.2,4,1
2648.48,95.1,451.3,51.4,5,1
2562.15,179.9,307.0,68.3,4,1
3167.9,119.3,528.7,64.0,5,2
2242.9,237.2,92.1,102.9,4,1
3520.11,146.3,573.8,71.1,4,1
3392.52,163.7,490.3,86.3,4,1
2222.54,109.3,323.5,54.6,5,1
2139.67,161.7,236.1,61.0,4,1
2652.19,181.8,288.3,85.7,5,2
4450.38,169.0,754.8,83.9,6,2
1902.67,186.3,115.9,77.1,4,1
3349.51,152.3,508.9,78.3,5,2
2089.95,171.5,211.7,61.9,4,1
2218.65,143.4,235.3,78.2,4,1
2224.17,152.3,239.3,73.1,4,1
2973.53,214.4,305.0,99.6,4,1
3547.08,137.7,573.8,77.9,5,2
2672.88,160.3,326.8,80.5,6,1
2457.28,194.8,252.7,74.1,4,1
2057.07,123.2,284.9,47.2,4,1
3423.58,144.2,527.7,81.8,5,2
3756.65,169.9,569.3,88.9,6,2
2362.0,174.2,195.4,98.2,4,1
1750.59,128.6,168.1,62.6,4,1
2078.22,145.5,252.7,53.9,4,1
3304.85,173.4,407.1,109.2,5,1
2713.39,170.9,314.4,85.8,5,2
2778.69,117.8,407.6,75.2,5,2
3588.7,191.3,505.8,88.9,5,2
2491.54,99.2,407.3,51.7,6,2
3778.68,193.5,525.4,100.4,5,2
2941.12,98.1,492.4,64.3,5,2
3073.2,146.8,419.7,89.7,4,1
1639.2,199.5,26.9,81.5,4,1
3000.64,168.9,397.9,81.5,4,1
1861.22,121.8,213.5,57.8,4,1
3615.23,175.6,486.2,107.6,5,2
3343.58,147.7,516.0,76.5,4,1
1918.92,123.9,225.4,58.0,4,1
1996.52,93.3,297.1,48.3,6,1
3652.51,161.4,549.3,90.0,5,2
4417.99,190.2,672.2,107.6,5,2
1649.06,107.0,193.8,49.5,5,1
2070.38,184.7,175.1,70.1,4,1
2059.64,189.1,148.6,78.8,4,1
2349.85,197.9,197.4,85.4,4,2
2064.29,135.0,255.9,55.6,4,1
2311.03,136.3,299.7,63.0,4,1
2232.63,114.0,310.1,59.6,6,2
2055.53,155.2,189.2,75.3,4,1
2595.33,166.3,288.3,86.3,4,1
2937.15,182.6,354.6,87.6,4,1
2706.57,165.5,320.6,84.7,5,1
3174.38,141.9,477.5,77.4,5,2
2783.46,120.6,437.7,61.1,4,1
3408.79,168.0,483.7,89.1,5,2
2167.02,161.4,242.2,61.4,4,1
1842.72,230.6,18.7,94.0,4,1
2945.67,173.8,389.2,77.1,4,1
1524.02,136.0,112.5,58.9,4,1
2937.3,103.9,492.1,61.5,6,1
2180.4,93.4,322.9,57.2,4,1
3614.93,160.1,577.5,73.8,4,1
2030.58,108.9,280.7,52.5,5,1
2024.34,107.9,273.1,55.6,4,2
1133.28,143.7,10.8,57.3,4,1
3383.84,168.5,456.7,98.1,5,2
2596.7,210.1,254.5,82.0,4,1
2494.35,249.6,141.6,103.3,4,1
4106.49,203.2,600.9,98.9,5,2
2362.41,151.5,306.4,59.0,4,1
1714.61,145.8,131.1,67.4,4,1
1664.51,127.0,148.6,62.4,5,1
2278.06,147.0,252.6,75.5,5,1
2697.92,133.4,404.0,60.9,5,1
2094.26,206.7,122.7,86.3,4,1
3471.83,217.0,436.4,95.4,5,1
2889.39,170.9,372.7,79.5,4,1
2724.31,169.7,237.0,122.0,5,2
2476.19,100.5,408.6,48.9,4,1
2446.26,119.1,339.5,68.0,5,2
3125.38,167.6,411.8,89.8,6,2
4524.2,202.4,658.9,119.9,5,2
2279.12,203.7,203.1,72.4,4,1
2270.79,104.5,366.8,42.8,4,1
3246.6,160.2,494.0,70.0,5,2
3061.88,167.8,419.0,79.4,5,1
1917.53,159.8,166.4,68.1,4,1
3528.67,176.7,475.6,102.2,5,2
2266.24,127.2,318.3,53.8,5,2
1979.67,92.8,282.5,53.2,4,1
3371.56,153.3,502.9,83.0,5,1
2890.94,144.0,405.4,77.1,5,1
2679.67,144.6,354.0,76.2,4,1
3096.47,150.2,445.3,79.4,6,2
2186.49,241.7,96.3,92.7,4,1
3714.18,130.4,595.5,90.1,5,2
3175.45,213.9,399.9,80.0,5,1
1719.28,127.8,171.1,58.2,4,1
1470.23,116.7,145.7,46.7,4,1
2518.16,237.6,195.7,87.2,4,1
2348.12,140.1,336.0,49.3,4,1
3350.94,211.3,398.9,101.1,5,2
1859.23,80.7,285.7,43.8,5,1
3052.54,233.6,318.0,94.0,4,1
2833.0,152.4,397.3,70.5,4,1
2434.94,172.4,278.3,70.2,4,1
2145.2,183.7,199.7,67.9,4,1
2136.38,99.8,305.8,57.1,4,1
2981.04,208.4,309.9,100.9,5,1
4122.33,209.7,619.7,89.4,4,1
2719.71,89.9,486.3,46.1,4,1
2233.8,104.5,304.3,66.5,5,1
2684.88,113.4,387.0,75.9,5,2
1626.35,124.8,174.5,47.7,4,1
2362.56,147.5,285.6,70.1,6,1
1699.51,111.1,196.7,52.1,4,1
2662.71,233.4,249.4,81.2,4,1
2608.66,125.5,351.3,77.9,5,2
1788.05,199.3,76.8,76.0,4,1
1628.21,104.3,185.6,52.1,4,1
2406.94,97.9,397.7,47.2,5,2
1623.12,125.2,155.0,55.8,4,1
2319.16,149.8,295.9,59.6,4,1
3927.15,164.5,609.3,92.4,6,1
1813.59,200.3,80.1,76.9,4,1
3560.1,153.4,515.4,98.3,5,2
3195.55,129.1,528.9,62.6,6,2
2391.6,212.4,179.2,91.7,4,1
2556.28,96.7,395.1,65.4,5,2
1752.99,157.8,132.2,65.9,4,1
2870.0,117.0,451.2,66.4,5,1
2916.61,169.1,412.5,65.6,5,2
2024.18,134.2,266.7,46.7,4,1
3652.6,222.2,457.2,103.9,4,1
2794.06,101.0,461.3,60.6,5,2
2964.94,194.3,351.0,87.1,5,1
2237.1,202.1,139.4,96.8,4,1
1985.51,128.5,235.3,58.9,4,1
1991.38,116.2,268.5,50.3,4,1
2203.86,147.0,268.2,60.3,4,1
2468.16,89.6,414.0,50.4,5,1
2837.47,170.6,373.3,73.6,4,1
1820.7,169.3,118.1,74.6,5,1
2225.07,169.4,221.3,73.6,5,1
2874.21,206.1,300.1,94.4,4,1
1811.5,219.1,19.9,95.1,4,1
2282.15,116.4,346.9,47.6,4,1
3899.24,194.3,581.7,88.4,5,2
3123.15,213.6,367.7,88.7,4,1
2208.77,121.6,297.4,59.2,4,1
1679.43,174.0,87.0,70.6,4,1
2051.7,96.7,315.2,44.9,5,1
2533.03,173.6,281.4,79.2,4,1
3114.49,139.1,488.3,67.2,5,1
1656.66,124.8,181.3,48.0,4,1
2159.5,137.9,230.6,76.2,5,1
2584.2,129.6,383.0,59.3,4,1
2405.76,226.5,178.5,87.3,4,1
3152.55,115.8,556.0,51.7,5,2
1866.19,133.9,207.8,55.5,5,2
3062.23,170.0,454.0,62.9,4,1
2435.39,187.3,222.8,88.4,5,1
1872.45,123.1,211.4,59.3,5,2
1134.22,120.9,63.8,43.9,4,1
2157.19,188.3,148.1,90.2,4,1
3245.85,136.1,513.9,71.7,5,2
2508.15,178.0,268.4,80.2,4,1
2291.07,191.2,176.2,91.2,4,1
1453.92,119.5,136.6,47.7,4,1
2133.98,236.1,112.9,82.0,4,1
3683.47,197.3,503.6,97.8,5,2
3461.15,172.2,465.8,101.0,6,2
2117.78,237.9,66.4,100.1,4,1
4169.03,165.1,649.5,101.2,5,1
1425.45,121.1,122.6,50.1,4,1
1445.04,156.7,80.1,55.3,4,1
2287.31,164.4,226.2,80.5,5,1
2369.19,154.7,303.2,59.7,5,1
1819.2,137.8,181.3,60.3,4,1
2484.28,223.3,177.7,97.8,4,1
3724.5,204.9,506.4,97.7,4,1
4025.97,142.8,706.3,69.9,5,1
2892.72,149.8,433.3,62.3,4,1
4551.8,211.2,639.3,127.8,5,2
2498.25,140.0,324.3,71.2,5,2
3252.56,141.8,519.4,67.6,5,2
3225.91,138.6,460.0,92.4,6,1
1293.3,138.8,61.8,54.5,4,1
1978.8,163.4,136.8,86.4,5,1
3546.6,187.7,504.0,86.6,5,1
1778.3,134.2,196.0,50.8,4,1
2269.92,185.1,223.9,70.4,4,1
3631.38,242.2,429.0,105.2,4,1
2719.03,134.5,403.4,63.1,4,1
1910.15,150.5,207.4,53.2,4,1
2378.17,157.1,298.6,61.7,4,1
2481.51,154.9,291.0,77.5,5,2
3503.83,160.8,467.7,110.0,5,2
3689.97,194.2,535.4,85.7,5,1
3082.38,114.1,516.8,62.1,5,2
2471.4,129.4,330.6,70.1,6,2
1699.42,162.1,117.5,64.6,4,1
2866.52,229.2,312.1,77.9,4,1
3391.02,195.1,474.4,79.2,4,1
1884.15,125.1,235.5,49.1,4,1
2776.85,101.7,463.5,57.3,4,1
3287.99,151.6,459.6,93.7,5,2
3152.69,134.2,513.2,62.6,4,1
2402.26,153.9,296.5,66.7,4,1
1877.59,88.2,253.7,56.7,6,2
2639.68,239.6,228.5,85.3,4,1
4159.79,166.0,719.0,68.9,5,2
1412.98,154.7,69.2,57.5,4,1
3242.45,142.0,464.5,90.7,5,2
2775.81,231.2,244.2,97.1,4,1
3457.58,202.9,468.4,85.8,4,1
3112.18,161.9,375.7,106.9,5,2
2586.22,108.0,402.3,60.6,6,1
1282.88,112.0,116.3,41.1,4,1
3590.35,148.3,558.1,84.9,5,2
3629.41,163.7,543.6,88.9,5,1
2788.39,182.8,343.2,76.0,4,1
2698.4,105.1,447.4,54.3,4,1
2716.06,102.3,464.4,49.9,4,1
3507.88,179.1,519.3,79.4,4,1
2252.15,119.2,330.9,50.2,5,1
2574.61,136.3,371.3,60.4,5,1
2501.97,193.2,251.6,80.3,4,1
2785.34,185.1,322.8,83.7,4,1
2693.87,125.6,412.8,60.0,5,1
1855.15,184.0,124.4,69.0,4,1
1978.82,243.1,56.0,86.9,4,1
3060.71,126.6,492.3,65.0,6,1
2436.38,155.4,294.4,70.8,5,2
2290.64,174.4,248.4,66.6,4,1
2377.22,128.3,331.9,59.6,5,1
2365.59,166.6,254.8,75.6,5,1
2415.56,217.5,185.9,89.1,4,1
1402.93,134.9,97.4,52.6,4,1
2603.88,164.8,270.2,96.0,5,1
3185.81,207.4,405.2,81.7,4,1
2386.73,142.1,311.8,63.4,5,1
3555.33,160.1,541.1,83.4,5,1
2659.05,210.6,261.9,85.4,4,1
2734.41,169.3,358.5,69.3,4,1
1922.27,137.5,226.3,51.9,4,1
1694.51,199.9,64.4,70.8,4,1
1784.82,129.9,184.9,58.4,4,1
2138.04,195.8,160.1,79.4,4,1
2365.16,144.4,289.4,70.0,5,2
2281.9,152.4,294.3,55.0,4,1
2571.61,221.3,230.8,84.8,4,1
3116.41,160.9,455.8,72.2,5,1
3459.32,181.3,465.9,96.7,5,1
2753.34,123.4,430.6,59.7,5,2
2268.61,110.0,341.8,51.2,5,1
2734.89,124.6,403.8,69.0,5,2
2749.66,193.1,319.9,77.5,4,1
2384.16,116.6,339.4,62.2,5,2
3011.53,157.2,362.5,103.6,6,2
3015.24,134.9,461.0,70.2,5,2
1797.52,104.1,251.4,41.7,4,1
1515.12,155.1,87.8,60.4,4,1
3320.72,149.4,502.2,79.3,4,1
1905.95,192.6,129.8,68.5,4,1
2647.77,102.0,454.7,46.8,4,1
3503.91,206.2,470.6,88.5,5,1
2826.28,207.0,311.2,83.7,4,1
2687.08,178.0,322.3,76.2,5,1
2272.94,114.0,339.8,50.9,4,2
1350.41,118.2,121.9,43.3,4,1
3180.87,115.7,538.1,62.8,4,1
1806.77,184.9,86.4,80.2,4,1
4115.19,183.7,624.6,98.0,5,1
2348.78,148.9,305.1,59.2,4,1
3571.49,148.7,577.6,74.0,5,1
2419.55,122.7,359.3,54.6,5,1
2350.86,110.0,357.3,53.5,6,2
1917.65,219.2,57.5,90.1,4,1
3929.15,194.9,536.5,111.5,6,2
2754.17,165.1,319.2,90.8,5,2
2401.56,99.8,392.8,47.9,4,1
2253.97,116.0,287.7,71.0,5,2
1551.6,109.1,171.2,47.8,5,1
2781.82,193.2,301.6,89.2,5,2
1507.57,180.7,26.5,75.5,4,1
3027.41,221.1,334.3,89.5,4,1
2639.48,120.7,424.3,51.1,4,1
3580.29,198.0,454.4,107.8,5,1
3461.97,123.0,621.8,53.6,5,2
2108.03,223.4,98.2,91.3,4,1
3314.54,131.2,535.6,71.9,5,2
2328.24,96.3,378.9,47.5,5,1
3200.7,106.9,551.4,63.1,5,2
2994.38,164.7,375.8,92.5,5,2
1857.34,119.4,232.0,50.2,4,1
2576.56,129.6,380.9,59.4,5,2
2707.79,146.9,352.0,79.1,5,2
3196.62,210.5,391.2,87.8,4,1
2486.62,171.0,271.3,79.7,4,1
3431.46,216.1,408.4,103.7,4,1
3992.82,224.3,559.6,95.3,4,1
2188.69,208.6,137.1,89.5,4,1
3921.37,190.4,563.2,100.7,4,1
2378.57,130.8,302.2,71.8,5,1
2675.25,154.2,352.3,72.1,4,2
2250.01,160.2,199.7,90.0,5,1
2483.75,160.9,270.4,84.3,5,1
1808.3,128.8,172.6,67.0,4,1
3334.92,207.9,372.3,112.7,5,2
1620.0,158.8,89.1,69.8,4,1
3596.54,151.7,535.3,94.3,5,2
2405.16,177.1,254.9,75.2,4,1
1817.74,129.2,221.8,45.9,4,1
1830.14,136.6,210.8,48.9,4,1
2514.26,141.7,306.1,80.3,5,2
3763.69,184.7,573.9,81.0,5,2
2818.22,186.8,285.6,103.2,4,1
3458.0,155.0,539.3,75.6,4,1
2109.55,149.7,241.5,60.5,4,1
2259.11,112.0,326.6,56.1,4,1
1423.68,107.9,156.1,40.9,4,1
2456.11,157.2,276.8,80.0,5,2
3024.64,137.6,432.3,82.8,5,1
2244.4,147.0,215.8,88.2,5,2
1925.35,109.8,277.8,41.6,5,1
2225.15,119.8,292.2,64.1,5,1
2392.74,157.9,279.1,71.7,4,1
3070.47,208.1,334.8,99.9,5,1
1416.48,189.6,0.8,72.8,4,1
4142.99,210.4,606.6,97.2,4,1
3473.47,221.8,427.7,97.3,5,1
1276.38,138.6,62.9,52.3,4,1
1670.4,242.3,0.0,98.9,4,1
3120.2,206.8,364.7,92.7,5,2
3121.64,139.3,444.0,87.6,5,2
2162.94,120.6,236.6,81.5,5,2
2700.68,162.4,326.2,82.9,4,1
4318.75,187.7,661.8,102.3,6,2
2951.34,166.6,301.5,119.9,5,1
2194.24,138.0,293.7,52.0,4,1
2592.26,135.0,361.7,67.3,6,2
1404.15,122.9,105.0,54.8,4,1
2750.09,117.9,387.3,81.0,6,2
4073.35,177.8,669.3,76.1,4,1
1770.83,129.9,189.0,55.0,4,1
3877.11,180.5,602.7,82.7,6,2
2814.44,160.8,372.8,75.6,6,2
2163.88,85.0,348.7,47.6,5,1
1339.23,128.2,106.0,44.7,4,1
3792.44,151.5,625.9,75.8,5,2
2136.93,198.9,136.2,88.5,4,1
1727.11,105.9,210.7,51.2,4,1
3309.09,173.0,494.7,70.9,4,1
3292.49,140.8,507.5,77.7,5,1
2038.95,157.7,201.8,66.8,4,1
1340.9,124.1,100.9,49.0,4,1
2570.18,134.5,357.3,67.0,6,2
3314.04,237.8,356.2,104.2,4,1
2192.82,151.8,264.8,58.5,4,1
1643.81,111.9,200.3,43.9,4,1
1954.18,150.3,211.1,56.5,4,1
3103.03,185.2,414.5,78.2,4,1
2657.83,135.6,320.2,92.7,5,2
2014.68,135.7,255.2,50.1,4,1
1468.64,135.6,109.6,54.2,4,1
2801.69,228.6,273.2,88.3,4,1
2344.35,149.7,307.4,57.3,4,1
2742.83,192.0,263.5,102.3,5,1
2784.16,146.1,374.9,77.8,4,1
2744.24,232.4,236.5,96.5,4,1
2129.51,144.8,233.3,68.6,4,1
2269.52,162.7,230.9,77.2,5,1
2459.98,112.8,372.6,57.6,5,2
3178.81,216.3,378.3,89.0,4,1
2466.88,163.9,311.8,62.7,4,1
2410.7,192.0,166.6,108.5,5,2
2512.48,158.6,334.0,60.2,4,1
3888.18,173.8,577.6,98.0,5,1
1900.96,95.5,272.2,47.8,6,2
2981.79,217.2,332.8,86.9,4,1
2845.45,157.2,381.9,76.6,4,1
2569.51,174.7,322.5,64.5,4,1
3748.96,158.7,593.1,82.4,5,1
4403.47,187.9,642.8,120.1,5,2
3500.76,169.7,521.7,81.7,4,1
2762.45,96.9,472.6,53.9,5,2
2582.55,141.1,365.9,61.6,4,1
2582.35,154.3,286.9,90.8,5,1
2288.07,111.0,336.0,55.6,4,1
3887.62,185.8,500.1,127.1,6,2
2265.53,108.9,359.0,43.8,5,1
1030.32,109.7,47.0,44.8,4,1
2593.1,151.7,369.9,56.3,4,1
2563.31,192.6,269.1,79.6,4,1
2515.2,182.8,195.5,111.3,5,1
1750.87,160.3,126.2,67.2,4,1
2024.04,221.5,87.9,87.4,4,1
3348.69,151.3,511.0,77.7,5,1
2437.39,183.4,254.1,76.4,4,1
1915.31,128.9,236.5,50.4,4,2
2757.25,164.1,346.3,79.5,5,2
2141.31,90.5,329.6,51.2,5,2
2404.75,216.9,216.2,74.7,4,1
2145.51,211.6,111.8,94.7,4,1
2312.75,140.3,287.3,66.9,5,1
2242.08,246.4,107.8,91.7,4,1
1925.18,111.1,257.7,50.0,4,1
2266.44,143.0,292.9,58.1,4,1
1921.35,111.6,258.5,49.0,4,1
1582.34,168.5,72.3,68.8,4,1
2919.79,121.9,466.5,62.9,6,2
3522.41,244.0,440.5,87.1,4,1
2273.49,112.6,301.2,68.7,5,2
3250.28,152.6,418.5,107.3,5,2
3981.48,202.6,581.1,94.1,5,2
2304.6,174.4,249.2,67.8,4,1
2187.91,171.4,233.3,63.2,4,1
3154.67,128.3,497.9,72.2,4,1
2530.72,104.3,394.6,59.5,6,2
1759.25,137.6,162.6,62.0,4,1
2304.12,135.3,307.9,59.0,4,1
3125.24,105.4,533.6,63.3,5,2
3320.08,229.6,375.4,100.0,4,1
1684.9,178.6,107.6,60.0,4,1
3275.22,155.2,496.0,74.5,5,2
2781.34,119.8,423.5,67.6,5,2
3740.48,173.5,520.0,107.4,5,2
2815.4,198.8,320.4,82.1,4,1
2623.05,213.5,239.4,90.2,4,1
2814.56,131.6,419.2,67.9,5,2
1526.92,142.7,115.5,54.9,4,1
2403.84,159.5,251.3,84.5,5,2
2119.21,115.4,264.9,66.4,5,2
2330.93,112.6,364.4,47.0,5,1
2367.64,186.9,217.9,83.1,4,1
1770.79,132.7,165.4,64.3,5,1
2951.97,185.0,366.9,82.7,4,1
2957.69,208.8,339.3,85.0,4,1
2047.08,146.4,199.3,73.8,4,1
3592.51,178.1,500.7,97.5,4,1
2645.21,108.1,414.6,61.6,5,1
3583.29,232.6,436.5,100.8,4,1
3281.56,183.3,449.6,83.3,4,2
2178.71,142.4,237.7,73.2,4,2
3853.25,151.2,579.6,103.3,5,2
3886.65,153.3,620.2,88.1,4,1
3752.79,161.1,554.4,99.0,5,2
2688.88,122.3,429.8,53.4,4,1
2400.0,122.0,348.9,57.4,6,2
2657.07,200.9,274.2,84.1,4,1
2079.92,101.2,270.2,66.0,5,1
3453.1,169.0,481.0,94.8,5,1
3668.61,146.0,605.9,73.5,6,2
3524.31,231.6,443.4,91.6,4,1
2702.04,202.7,309.5,72.6,4,1
1882.11,108.7,239.6,54.3,6,2
2495.3,131.8,349.7,63.2,5,2
3842.23,188.5,514.0,114.7,5,2
1650.63,110.2,202.2,44.5,4,1
1969.12,211.7,77.4,90.3,4,1
2881.47,195.7,263.9,115.9,5,2
3217.89,159.7,395.8,110.6,6,2
3139.17,106.3,552.3,56.1,6,1
2523.33,228.8,183.2,97.3,4,1
4290.89,171.4,663.4,105.8,6,2
2799.0,151.4,377.0,76.2,5,1
2481.86,117.4,358.0,64.5,6,2
3442.39,184.1,504.5,76.4,5,1
2223.07,105.3,336.6,50.6,4,2
3392.52,197.5,456.7,86.2,5,1
2255.16,167.0,242.1,68.8,4,1
3432.35,167.1,470.3,98.1,5,2
2166.1,104.9,326.5,49.0,6,2
1728.08,105.9,209.9,51.6,4,1
3031.94,178.9,417.3,71.9,4,1
3087.21,138.9,433.5,88.6,5,2
1690.24,111.2,207.6,46.1,4,1
2402.2,176.3,225.1,88.5,5,1
2852.95,161.0,383.0,75.2,5,1
2582.2,99.6,404.3,63.0,5,2
2240.64,88.5,370.3,45.1,5,2
3776.73,187.3,523.1,103.9,5,2
1457.18,108.7,147.1,48.2,4,1
4004.29,216.1,578.2,91.9,5,1
2682.58,219.5,240.5,93.6,5,1
1508.08,125.1,141.9,48.9,4,1
2194.04,109.9,329.2,48.6,5,1
3715.77,176.6,567.5,82.1,5,2
2689.18,216.3,256.7,88.6,4,1
3027.69,211.3,313.3,103.2,4,1
3447.76,142.0,552.5,74.4,5,2
2522.07,167.9,315.1,65.6,5,2
4009.81,184.9,602.4,95.7,5,2
2563.41,94.3,402.6,63.9,5,2
2570.74,218.9,191.0,103.5,4,1
3007.97,156.7,425.8,75.3,4,1
3119.39,183.7,398.4,87.9,4,1
2280.69,215.9,130.0,99.7,4,1
3168.83,154.2,408.0,102.2,5,2
1355.58,107.1,128.2,46.0,4,1
2902.12,182.4,300.7,107.7,6,1
1731.32,120.1,203.5,48.5,4,1
2760.55,185.3,299.6,91.2,5,1
1942.24,107.0,249.4,57.4,5,1
3415.92,171.4,475.8,91.9,5,1
1867.66,156.6,175.7,59.8,4,1
3079.83,167.1,440.3,72.3,4,1
3001.56,121.3,508.9,53.4,4,1
1794.59,106.0,246.9,42.6,4,1
2754.13,132.6,421.2,59.9,4,1
2626.48,128.6,408.1,53.3,4,1
2173.31,128.2,296.0,52.9,5,1
2377.89,225.5,168.2,89.2,4,1
3750.41,190.9,503.3,108.1,5,2
4341.32,183.4,685.9,96.0,5,2
3163.76,146.1,473.9,76.0,4,1
2527.29,163.0,275.7,85.8,5,2
2570.39,93.0,404.7,64.4,6,2
2793.3,112.9,463.7,54.1,5,1
1680.85,120.6,175.8,55.0,4,1
2004.57,151.4,201.7,65.8,4,1
3125.82,193.8,317.3,120.2,5,2
1479.48,153.2,83.5,59.2,4,1
3434.24,183.4,460.5,95.4,4,1
1693.65,187.2,63.9,76.6,4,1
1861.75,99.9,234.8,58.1,5,1
2322.82,100.7,330.9,66.3,6,2
2688.1,121.7,384.2,73.8,5,2
1635.8,203.9,44.1,71.5,4,1
2578.98,177.1,243.9,99.5,6,2
4370.66,167.9,708.9,95.9,6,1
2535.9,142.9,296.0,86.7,6,2
2712.44,185.5,325.3,74.4,4,1
1567.36,141.9,123.2,56.4,4,1
1887.45,232.6,24.7,95.4,4,1
2911.54,150.2,372.1,91.4,5,1
4303.31,174.9,672.3,101.6,5,2
3980.79,183.5,558.7,112.5,5,1
2427.44,148.2,307.0,67.4,4,1
2851.15,246.0,234.6,103.2,4,1
2012.81,123.2,242.4,61.2,5,1
1851.8,140.1,179.9,63.5,4,1
2206.14,130.6,267.2,68.3,4,1
2021.76,100.0,293.0,50.0,5,1
2111.9,129.9,266.5,58.5,5,1
2444.87,151.7,271.0,83.8,5,2
3894.59,157.2,621.8,86.5,5,2
1428.28,163.9,41.2,67.5,4,1
2513.71,216.6,197.9,95.1,4,1
2648.84,196.4,254.8,93.7,5,2
2627.77,176.0,309.0,76.4,4,2
2835.41,198.3,275.2,104.6,6,2
2214.14,128.3,319.1,47.2,4,1
1986.2,157.1,199.1,62.4,4,1
3096.85,101.7,532.0,62.4,6,2
2500.88,129.6,317.9,79.0,5,2
3547.49,186.2,436.5,117.4,5,2
2846.25,135.8,435.7,62.3,5,1
2367.22,129.3,324.4,61.4,5,2
2923.57,174.5,374.6,80.8,4,1
4224.18,164.3,717.9,77.3,5,2
2650.69,88.3,474.7,44.3,6,1
1664.42,98.0,188.4,57.6,4,1
3398.62,182.6,460.1,92.0,5,1
1656.33,136.0,140.6,61.1,4,1
2157.99,122.5,319.1,43.5,4,1
2257.11,240.0,84.2,106.7,4,1
2160.74,221.0,116.7,90.0,4,1
4243.4,179.5,611.9,119.8,5,1
3506.12,151.5,524.9,89.0,4,1
1432.95,149.1,66.4,63.4,4,1
2796.11,110.4,463.8,55.5,4,1
1779.13,117.3,213.5,50.7,4,1
1872.06,185.0,110.7,76.6,4,1
1524.41,131.6,132.4,52.0,4,1
2462.79,113.5,363.5,61.7,5,2
2433.53,102.2,403.6,45.6,5,1
1871.2,97.5,244.6,55.8,6,2
2291.85,104.9,337.6,58.0,5,2
2961.65,120.4,453.4,74.0,4,1
2464.83,174.0,206.2,104.9,6,2
2812.05,99.0,497.1,47.5,5,1
2306.56,142.9,286.8,65.3,4,1
1546.14,144.3,108.3,59.5,4,1
3503.66,180.1,511.6,81.8,5,1
2990.73,219.0,323.7,91.1,4,1
2395.62,156.3,261.7,80.4,5,1
3091.87,177.3,428.2,74.5,5,1
1668.95,121.0,184.3,49.8,4,1
2063.12,214.9,122.1,79.4,4,1
3088.76,194.7,305.6,120.9,6,1
2227.04,196.4,183.5,78.6,4,1
2872.73,186.2,355.5,78.4,4,1
3071.8,187.5,416.0,73.1,4,1
1284.48,153.5,30.2,61.1,4,1
1917.04,96.6,263.9,52.8,5,2
2952.9,183.1,395.6,70.9,4,1
2719.77,167.1,272.7,106.7,5,2
2543.9,134.7,291.6,93.2,5,2
3234.19,150.6,489.9,74.7,5,1
2008.85,150.9,211.0,62.4,4,1
2223.06,121.6,254.9,79.7,5,2
2265.12,135.2,300.2,58.2,4,2
2683.85,139.5,385.6,64.9,5,1
2676.78,97.5,479.5,41.0,5,2
2664.99,117.0,354.0,86.8,5,2
3591.63,135.5,614.7,65.7,5,1
2962.68,148.4,448.1,64.1,5,1
3073.14,208.9,360.5,88.4,4,1
3803.52,154.0,618.1,79.5,5,2
2575.11,196.9,236.1,93.7,4,1
3479.9,230.3,403.8,104.8,4,1
4263.69,171.7,638.6,113.6,6,2
2380.03,157.1,255.1,81.3,5,1
3609.62,161.7,556.4,81.9,4,1
2555.15,223.3,235.2,80.1,4,1
2263.4,114.4,296.7,68.8,6,2
2116.79,246.1,46.3,105.2,4,1
2827.45,124.1,405.0,79.0,5,2
3314.53,147.6,503.4,79.0,5,1
3963.12,223.5,545.2,98.7,5,1
2400.18,214.4,200.6,82.2,4,1
2814.42,253.3,248.6,89.7,4,1
3059.41,115.1,477.4,76.6,5,2
3098.84,108.9,525.6,62.3,5,1
2483.85,157.1,250.6,94.8,5,1
2604.21,135.3,392.4,54.8,4,1
2906.12,219.5,305.3,89.7,4,1
2892.28,151.0,392.1,80.0,5,1
2543.94,121.1,375.1,62.1,4,1
2546.86,193.7,245.4,87.8,4,1
3058.64,138.3,492.5,59.5,5,2
3066.33,170.8,386.5,93.0,5,1
3267.4,126.1,567.6,54.7,5,1
2249.21,148.9,274.6,61.7,4,1
2285.18,156.6,280.6,59.6,4,1
3163.07,160.8,436.5,86.0,5,2
3031.08,153.7,418.8,82.3,5,2
1501.5,123.0,133.6,52.8,4,1
2004.62,167.9,177.9,69.0,4,1
1131.46,114.0,62.5,47.3,4,1
1990.41,129.1,256.6,49.7,4,1
3786.13,181.3,563.6,89.6,5,1
3227.16,156.7,439.7,93.5,5,2
2917.59,88.3,522.5,52.7,6,2
2458.6,225.4,174.3,95.6,4,1
2555.25,181.7,248.1,92.9,4,1
2604.65,101.7,388.9,71.4,5,2
2379.43,140.5,332.5,54.2,4,1
3679.79,187.2,553.9,79.5,5,2
3129.24,163.6,432.7,82.7,5,2
2975.02,110.7,494.5,61.6,4,1
2922.57,128.5,450.7,67.3,6,1
3789.21,147.3,615.4,82.1,5,2
1186.65,105.9,91.7,44.0,4,1
3807.68,183.4,593.2,77.9,4,2
3995.69,149.5,633.7,95.9,6,2
1973.23,111.5,268.4,50.4,5,1
1300.49,135.9,72.7,51.8,4,1
1448.11,128.7,99.5,59.5,4,1
2547.94,99.5,403.3,59.7,5,1
2413.24,127.2,341.8,59.7,5,1
2456.52,140.0,285.9,83.7,6,2
2868.76,137.9,401.2,79.1,4,1
2635.63,229.7,192.3,105.3,4,1
2357.54,191.8,220.6,78.6,5,1
3098.18,187.9,359.6,100.9,6,2
2365.4,162.1,242.9,82.8,5,1
3560.69,164.3,573.7,67.6,4,1
1723.74,102.8,228.6,44.2,5,1
2207.92,135.6,284.5,58.6,4,1
3114.62,178.0,393.2,92.2,6,2
1916.32,216.0,66.0,87.6,4,1
1947.89,161.3,184.0,63.0,5,1
1745.7,82.5,241.9,49.8,4,1
2741.77,180.3,295.3,93.2,4,1
2624.07,100.7,433.4,54.1,4,1
2053.44,171.2,191.9,66.8,4,1
2442.84,196.7,245.5,74.9,4,1
1976.03,209.6,77.2,92.1,4,1
2177.52,190.9,176.6,78.6,5,1
1570.16,160.4,82.6,66.5,4,1
2804.49,153.9,396.2,67.1,5,1
2770.2,132.7,427.3,58.9,4,2
2585.38,109.2,419.3,52.4,5,2
4766.71,199.2,769.8,99.0,5,2
2372.71,126.3,317.9,66.2,6,2
2294.44,213.7,142.2,96.8,4,1
2116.58,108.9,263.5,69.7,5,1
2020.79,153.9,168.6,81.2,4,1
2053.1,179.4,178.8,68.9,4,1
2953.73,194.4,365.2,79.5,4,1
2704.47,94.1,445.6,60.7,5,2
3488.69,192.0,485.3,86.6,5,2
2860.98,205.2,330.8,79.7,4,1
3358.01,154.6,474.1,93.7,6,1
2305.1,110.9,321.6,63.9,5,2
2144.92,88.9,325.1,54.4,6,2
4183.07,183.0,642.7,97.8,5,2
2544.91,164.0,270.3,89.7,5,2
2716.9,149.0,339.1,84.9,5,1
3106.68,222.8,369.5,81.9,4,1
3129.23,210.5,373.2,88.3,4,1
2229.76,190.3,163.8,90.4,4,1
1834.71,118.5,209.3,58.2,4,2
1732.38,105.4,214.6,50.3,4,1
2781.65,120.8,427.0,65.6,5,2
1867.13,146.7,192.7,56.6,4,1
1608.38,188.9,62.8,66.8,4,1
3491.68,183.0,465.6,99.7,6,2
1977.41,168.5,173.0,67.9,4,1
2042.5,154.9,214.4,62.8,4,1
2466.67,189.1,230.0,87.8,4,1
3754.77,157.9,589.1,85.2,5,2
3000.4,229.6,289.8,102.5,4,1
2449.3,149.2,324.8,61.5,5,2
1761.38,194.8,52.8,85.6,4,1
1538.13,120.1,141.7,54.5,4,1
2398.75,150.8,266.3,81.1,4,2
2538.29,213.5,222.2,88.4,4,1
2912.02,139.1,442.6,65.1,5,1
1925.94,84.8,296.6,44.5,6,2
2967.23,125.5,490.5,55.9,5,1
2274.99,172.3,201.1,86.8,5,1
2082.49,124.6,269.4,56.3,4,1
1872.2,117.4,217.0,59.4,5,1
2819.34,196.0,321.1,83.4,5,1
2512.22,179.0,264.2,82.2,6,2
3635.75,140.1,609.9,70.7,5,2
2180.9,178.0,184.5,81.2,4,1
3566.66,187.8,490.4,94.9,5,2
3260.75,166.8,447.9,89.1,5,2
3457.89,188.0,430.1,109.5,5,2
2839.6,109.3,470.5,57.8,5,1
2630.69,206.0,254.7,87.5,4,1
1369.25,147.9,64.7,57.7,4,1
1728.17,122.9,189.3,53.2,4,1
3232.13,235.5,360.0,94.5,4,1
3395.09,219.5,428.5,89.2,4,1
4046.94,169.9,643.8,88.0,5,1
3180.42,165.0,395.3,104.3,6,2
2555.57,188.2,270.9,79.9,4,1
2708.48,251.2,188.7,105.5,4,1
3755.09,181.3,524.3,103.7,6,2
2653.68,159.0,291.5,94.6,5,2
3473.57,192.6,460.7,95.6,5,1
1441.59,108.2,157.8,41.9,4,1
1266.66,113.0,83.0,53.6,4,1
1758.37,115.5,199.8,55.2,4,1
2552.9,212.0,230.3,87.1,4,1
3987.45,155.7,620.6,98.0,5,2
3135.96,212.9,337.9,103.6,5,2
1901.32,125.0,252.4,43.5,4,1
3131.09,194.2,327.4,116.0,6,2
2679.38,209.1,265.0,87.0,4,1
3077.41,146.0,478.9,64.2,5,2
2392.33,144.4,298.7,68.9,4,2
3880.28,181.1,582.9,91.6,4,1
4781.27,203.6,787.2,90.9,5,2
3915.44,172.5,569.7,105.2,5,2
1752.11,161.2,130.7,64.9,4,1
2179.18,144.9,246.4,68.2,4,1
2026.52,107.2,285.2,50.8,5,1
3309.43,129.9,535.8,71.8,5,2
4325.87,152.8,747.4,80.6,5,2
3529.24,172.5,452.0,114.6,5,2
2916.54,137.1,441.3,67.0,5,2
3141.4,104.3,557.1,55.1,5,2
2274.59,119.3,280.5,75.1,5,2
3248.25,101.4,582.5,57.0,5,2
1169.8,114.4,82.2,42.6,4,1
2818.47,174.2,364.8,73.6,5,1
2380.57,261.7,89.3,108.5,4,1
2695.31,229.5,227.0,96.6,4,1
2795.04,232.6,285.0,80.5,4,1
2926.06,161.0,404.3,73.9,5,2
3316.28,162.4,464.8,89.7,5,1
1931.15,170.3,161.6,67.0,4,1
1803.43,165.5,102.7,81.2,4,1
2892.76,170.8,390.8,71.8,6,2
3046.62,137.7,446.6,78.8,5,2
3027.32,172.5,401.5,81.2,4,1
1903.0,164.3,144.1,74.4,4,1
3296.73,177.1,371.7,122.4,5,2
2770.52,189.7,299.0,90.6,4,1
2198.65,115.1,265.7,75.0,6,2
3212.0,192.7,407.6,90.1,5,1
3250.68,159.4,491.4,71.9,5,1
2747.44,216.7,295.3,77.7,4,1
2595.84,141.1,332.5,77.9,6,2
3679.52,198.2,503.7,96.9,4,2
3075.76,173.2,399.1,87.4,5,2
3344.5,134.4,542.2,70.9,6,2
2901.94,197.0,355.6,76.8,4,1
1655.17,169.8,105.8,61.4,4,1
4038.39,186.6,606.0,96.4,5,2
1600.35,154.3,119.9,56.0,4,1
3302.62,102.0,605.0,52.7,6,2
3518.63,161.7,516.1,89.7,4,1
3807.19,177.8,560.5,94.9,4,1
2996.3,183.8,353.4,94.2,4,1
2832.66,161.3,343.3,90.5,5,2
1687.25,122.9,198.1,44.8,4,1
1373.66,144.3,77.7,54.0,4,1
3184.11,175.8,390.1,102.2,5,2
2293.54,165.0,240.7,74.5,4,1
2413.28,205.7,184.5,94.7,4,1
1593.38,156.9,103.1,61.5,4,1
2450.79,191.4,236.2,82.3,4,1
2425.81,253.8,125.2,101.1,4,1
3903.47,193.0,506.1,123.0,5,2
2140.55,121.4,278.2,60.2,5,1
3117.49,184.1,415.3,80.0,4,1
2202.18,105.2,341.7,46.1,4,1
1572.85,173.2,67.6,67.8,4,1
2474.96,155.6,330.2,59.1,5,1
3529.49,186.9,426.8,119.4,5,2
2269.06,83.5,384.5,44.1,6,1
2555.35,220.9,218.0,88.9,4,1
2141.31,181.3,193.3,71.4,4,1
3420.48,117.7,599.1,61.5,6,1
3361.09,161.1,442.1,105.4,6,2
2641.38,193.0,273.5,86.1,4,1
2691.49,161.9,321.2,84.4,5,1
1554.41,84.3,195.9,48.2,4,1
3224.46,148.8,512.4,64.4,5,2
3080.33,141.9,468.9,70.8,4,1
2519.88,106.7,415.7,47.8,5,1
2903.49,189.8,312.3,99.5,6,2
2906.81,145.6,391.7,84.2,5,1
2342.12,108.7,350.3,56.3,5,2
3866.64,151.6,620.0,86.7,4,1
3481.49,164.2,468.3,105.7,5,2
2556.92,183.7,286.7,75.0,4,1
2323.08,158.7,241.3,80.3,4,1
2936.6,184.2,330.7,97.5,6,2
2966.29,131.8,449.1,71.4,5,1
2571.12,132.9,354.6,69.0,5,1
2442.4,171.9,282.5,69.4,4,1
2598.52,153.1,295.3,89.4,5,2
2098.3,117.8,258.3,66.0,6,2
3598.47,126.6,586.3,83.0,6,2
3117.0,92.6,572.5,50.7,5,2
2612.8,168.8,269.2,95.7,5,1
2979.09,168.3,381.3,86.8,5,2
2798.95,103.6,471.8,55.2,4,2
2089.64,202.6,110.6,93.0,4,1
4488.44,171.5,711.6,106.2,5,2
2367.99,100.7,376.1,51.2,4,1
1352.53,147.4,60.7,57.8,4,1
1593.29,129.4,142.6,56.2,5,2
2531.16,100.6,386.9,64.6,5,2
1835.91,186.1,124.9,65.8,4,1
3133.54,128.4,508.2,65.2,5,2
2084.15,169.4,156.6,86.7,5,1
2047.7,136.1,252.9,54.7,4,1
2167.08,131.3,281.0,57.5,4,1
2182.47,193.8,186.8,73.3,4,1
3788.74,189.2,538.1,97.7,4,1
1920.24,149.2,169.5,71.7,4,1
1839.47,111.5,244.9,46.0,4,1
2953.34,163.8,355.5,97.3,6,2
3002.12,227.6,329.7,85.9,5,1
2131.9,171.3,202.8,70.6,4,1
1627.66,115.6,189.0,45.5,4,1
2457.29,115.8,374.7,55.1,5,1
1989.08,167.3,161.0,75.1,4,1
3248.69,186.8,462.5,72.4,4,1
2757.64,89.5,495.8,46.3,6,2
1846.8,195.3,65.6,89.2,4,1
2391.68,225.8,157.5,95.4,4,1
1799.04,159.0,144.1,65.2,4,1
2372.06,192.0,193.2,92.4,4,2
1763.52,238.4,0.0,96.4,4,1
3107.29,226.0,343.1,92.3,4,1
2255.28,160.1,222.6,80.5,4,1
2146.37,154.3,213.9,74.8,4,1
3367.82,181.8,478.4,80.8,5,1
3326.71,138.7,530.5,72.2,5,2
2189.12,104.1,324.2,52.8,5,2
2095.63,96.5,310.1,52.2,5,1
2021.03,199.1,109.4,87.4,4,1
2580.76,112.4,430.9,45.3,4,1
2212.71,237.5,106.5,93.0,4,1
1797.81,126.3,211.4,49.7,4,1
2363.3,163.4,220.1,92.1,6,1
2586.56,189.5,261.9,86.8,4,1
2252.2,99.5,338.7,55.5,5,1
2624.93,126.5,410.7,52.9,4,1
2632.01,97.3,461.6,44.0,5,2
2895.57,169.9,370.9,81.4,4,1
3230.79,167.3,435.1,91.2,5,2
3593.11,153.0,514.5,102.6,5,2
3044.81,110.3,502.4,66.0,6,1
3396.06,148.0,509.7,85.0,4,1
2762.77,209.6,263.4,96.7,5,2
2433.86,106.6,363.4,61.5,4,1
3918.24,207.4,567.3,91.0,4,1
2255.0,152.0,238.0,77.2,5,2
1825.36,119.7,214.2,54.4,5,1
4390.88,200.6,674.7,98.8,5,1
3561.27,161.1,516.4,94.6,6,2
4044.67,183.6,626.0,89.6,6,1
2811.62,170.7,370.3,72.0,4,1
2941.33,200.4,321.8,94.7,5,1
3251.94,115.1,568.9,57.4,5,2
2896.74,100.0,508.0,51.6,5,1
2307.95,111.8,352.1,50.3,4,2
2430.4,106.8,372.1,57.2,5,2
2658.01,145.2,361.8,70.0,6,2
2767.06,99.7,442.8,66.3,5,1
2890.7,145.9,362.8,95.1,5,2
2443.13,128.7,371.7,49.1,4,1
2001.28,129.0,245.1,56.1,4,1
3046.78,171.1,377.4,94.8,5,1
1315.5,153.8,57.2,52.4,4,1
2408.44,236.5,140.1,100.3,4,1
1701.04,174.5,103.8,65.3,4,1
2111.23,131.4,254.9,62.9,4,1
3480.94,133.5,578.0,70.6,6,1
1920.9,122.4,249.5,48.2,4,1
3259.94,123.6,495.3,87.1,5,2
2190.1,202.8,177.0,74.5,4,1
3520.31,195.9,480.1,90.7,5,2
2238.31,119.9,302.6,60.9,5,2
3290.59,154.3,512.6,69.2,5,2
2758.48,167.2,339.7,81.2,6,2
2124.92,123.4,284.3,54.9,4,1
2664.67,205.2,271.2,84.4,5,1
1824.68,157.1,139.1,71.1,4,1
2117.92,96.7,333.5,44.1,5,1
3318.52,166.2,453.5,93.3,5,1
2022.75,239.1,63.2,90.4,4,1
1950.0,104.3,255.9,56.6,6,2
4785.89,182.9,773.0,107.0,5,1
3186.79,141.7,443.6,93.9,6,2
2429.76,89.2,393.2,55.6,5,1
2043.78,172.8,198.9,61.9,4,1
3040.74,160.5,445.1,68.7,4,1
1798.91,210.5,63.4,78.1,4,1
2553.22,160.0,323.5,68.8,4,1
1835.49,109.8,246.5,45.6,5,1
2953.9,169.2,354.3,95.6,5,1
2024.46,149.0,212.1,64.5,4,1
3172.71,154.3,472.6,73.9,5,2
3061.64,197.9,294.1,121.5,5,2
4197.95,205.1,632.3,94.3,5,2
3341.3,174.3,471.3,84.3,5,2
2468.57,122.8,341.3,68.0,6,2
2088.87,185.7,180.3,69.4,4,1
3309.03,179.8,440.5,92.0,4,2
3710.17,143.1,620.0,73.1,5,2
4026.85,214.9,590.4,89.5,4,1
2261.11,173.8,174.7,96.3,5,1
3441.02,173.0,460.7,100.7,5,2
2009.85,115.6,262.6,55.2,6,1
2188.66,175.4,178.1,86.1,4,1
1414.42,111.6,137.5,46.5,4,1
2202.97,118.2,289.8,63.4,5,2
2818.19,133.2,414.5,69.7,6,1
1877.28,154.5,177.8,60.9,4,1
2387.39,197.0,211.8,83.6,5,1
3085.59,119.0,513.9,61.6,6,2
2975.4,227.5,340.9,78.0,4,1
2836.71,145.0,398.7,73.6,5,2
1703.06,114.5,164.9,65.1,4,1
1464.6,88.9,174.1,45.9,5,1
2365.67,252.7,107.0,103.0,4,1
2668.91,174.2,276.8,96.1,5,1
1951.92,147.2,190.5,66.8,4,1
3074.64,168.1,415.8,82.1,4,1
2498.41,151.6,336.6,60.6,4,1
2351.13,235.5,136.9,95.7,4,1
2195.83,197.6,140.0,93.9,4,1
2192.82,158.9,247.9,62.9,4,1
2570.41,215.3,198.7,101.6,4,1
3495.53,215.9,423.5,104.2,4,1
1766.08,82.0,261.6,43.5,4,1
2617.06,201.5,268.2,82.0,4,1
3554.34,145.0,526.1,96.7,6,2
3065.26,141.2,447.9,78.8,5,2
2530.9,183.9,275.3,77.2,4,1
3373.51,169.4,432.1,107.5,5,2
1905.75,209.8,102.9,72.8,4,1
2686.99,145.8,329.4,87.4,5,1
3620.05,229.1,465.0,93.8,4,1
2119.66,93.6,325.7,49.2,5,1
1949.64,149.8,204.6,59.1,4,1
2963.93,201.3,343.7,87.1,4,1
4065.58,192.2,585.9,105.9,4,1
1683.84,114.9,184.2,54.2,5,1
3698.06,178.5,550.4,86.9,4,1
3137.84,227.0,341.0,96.2,4,1
2810.88,126.5,416.0,71.2,4,1
1911.49,107.3,237.3,59.3,5,2
4708.97,168.7,765.2,108.1,5,2
2323.31,93.5,370.4,52.0,5,2
2361.87,103.2,389.7,43.4,5,1
1973.76,95.7,282.3,51.3,6,1
4062.4,182.5,606.2,100.9,5,1
1763.11,84.7,253.0,45.8,4,1
1726.18,179.8,76.2,78.0,4,1
2034.7,132.7,226.8,66.3,4,1
2442.27,166.1,290.0,68.6,4,1
4377.91,188.4,650.5,113.6,5,2
2446.1,162.7,222.9,100.4,5,2
2945.1,221.5,294.9,97.7,4,1
3139.63,224.6,339.7,98.0,4,1
2150.29,90.0,343.0,46.5,5,1
1497.5,128.2,146.9,44.1,4,1
2089.58,167.3,208.4,65.2,4,1
2407.43,179.0,233.6,84.1,4,1
2509.6,146.3,345.0,60.5,6,2
1890.94,80.2,262.1,57.9,6,1
2467.62,160.2,294.0,72.3,4,1
3324.9,163.7,505.0,72.2,4,1
1977.2,183.2,138.5,76.7,4,1
2788.79,157.3,390.4,66.4,4,1
4644.13,181.0,710.5,119.8,5,2
1754.7,146.0,161.4,58.3,4,1
2283.03,125.9,317.1,56.8,5,1
2238.61,127.3,302.8,57.6,4,1
2445.62,121.7,359.7,57.8,5,1
1917.86,233.4,18.0,101.4,4,1
3517.26,147.2,578.4,68.3,5,1
3659.46,138.4,622.1,68.6,4,1
2166.26,165.7,219.9,69.3,4,1
2415.8,152.6,297.7,68.3,4,1
2367.24,125.4,326.2,62.3,4,1
3567.47,193.5,479.2,97.4,5,1
2778.21,170.5,354.6,75.3,4,1
1769.96,96.7,219.6,56.1,4,2
3617.94,167.9,504.5,103.1,5,1
1906.55,151.8,195.6,57.5,4,1
2253.94,91.6,376.1,42.6,6,2
3591.15,147.1,531.7,97.3,6,2
1627.02,140.8,147.7,52.5,4,1
2153.93,155.8,242.0,62.5,4,1
3416.03,197.5,426.0,102.5,5,1
2541.89,224.9,205.5,91.2,4,1
2251.84,136.2,287.6,61.9,4,1
2319.14,155.9,280.4,63.8,4,1
2571.5,184.5,288.3,75.6,4,1
3742.77,179.5,534.1,98.7,4,1
1979.12,107.2,273.6,50.7,5,2
2618.26,194.7,297.5,72.2,4,1
2030.97,136.9,238.4,58.8,4,1
4760.42,199.2,798.1,85.7,6,2
3671.53,135.1,591.1,85.2,6,1
3484.73,165.2,526.2,79.9,4,2
3513.62,138.6,594.6,64.5,5,2
4253.3,163.4,677.5,98.9,5,2
2481.4,175.9,277.3,74.3,4,1
2961.58,191.7,354.3,86.4,4,1
2408.36,213.7,187.5,89.3,4,1
2447.78,90.0,410.1,49.7,5,1
1598.74,104.9,193.1,45.2,5,2
2785.44,137.2,429.3,57.7,5,1
1727.17,135.0,176.4,53.5,4,1
3353.23,220.1,384.4,103.9,4,1
1813.82,137.4,190.0,56.0,4,1
3592.47,173.6,530.1,86.4,5,2
1640.64,228.9,0.0,92.7,4,1
2462.86,224.7,190.0,89.3,4,1
2514.83,222.0,213.5,85.9,4,1
2407.92,188.4,242.5,76.1,4,1
2487.29,118.1,364.9,61.7,5,2
2300.01,203.3,195.0,78.5,4,1
2003.89,204.4,97.2,88.6,4,1
2040.57,162.6,194.1,68.2,4,1
2257.8,200.3,189.6,77.6,4,1
2666.65,201.6,268.1,87.5,4,1
3485.59,171.4,532.5,74.4,5,2
2270.07,85.1,367.6,51.0,5,2
2161.98,114.8,320.1,47.0,4,1
3005.43,134.5,443.1,77.2,5,2
2308.61,162.4,276.1,61.7,4,1
2671.81,156.9,346.2,73.3,4,1
2312.33,132.6,304.3,62.7,4,1
1344.75,104.9,118.9,49.9,4,1
2450.55,212.5,208.0,85.4,4,1
3725.75,173.7,542.6,95.6,5,1
3326.24,181.3,457.3,85.8,4,1
3205.77,154.3,473.7,77.1,4,1
2595.02,176.5,335.7,60.7,4,1
2027.67,96.0,309.9,44.9,5,2
3253.38,177.0,434.1,89.9,6,2
3080.64,132.6,475.3,72.1,5,1
1528.17,117.3,143.2,54.0,4,1
3014.46,174.1,317.2,116.6,5,2
4093.53,167.7,626.8,101.7,5,2
3540.45,166.9,493.2,100.0,5,2
3356.0,122.9,557.3,70.6,5,1
2805.33,166.7,355.3,79.7,5,1
3420.85,124.8,545.6,82.1,5,2
2310.53,136.5,287.3,68.4,6,2
3488.33,213.4,427.1,102.9,4,1
2871.42,234.2,249.0,104.3,4,1
1850.4,217.3,33.4,94.2,4,1
4141.74,181.5,668.2,82.5,6,2
2267.6,183.9,176.8,91.6,5,1
2836.41,155.3,350.7,90.3,6,2
4395.84,239.6,639.8,97.6,4,1
2177.74,126.8,291.6,56.0,5,2
2298.9,164.5,252.3,70.2,4,1
2970.02,183.9,377.0,80.7,6,1
1162.02,127.4,48.6,50.9,4,1
3027.31,116.5,472.5,74.6,5,2
1672.73,119.3,186.4,50.0,4,1
2043.43,86.2,310.4,50.8,6,2
2301.34,198.9,185.4,84.9,4,1
3012.67,166.8,386.3,88.9,6,2
2177.3,224.3,120.7,88.6,4,1
2384.14,93.2,356.3,65.1,6,2
2201.88,100.5,335.8,50.7,5,2
1517.02,157.3,91.4,58.0,4,1
2839.22,116.7,451.6,62.9,5,2
1968.2,209.7,87.6,86.5,4,1
2563.79,220.5,209.4,93.8,4,1
2400.84,124.5,359.4,51.7,4,1
2163.85,162.6,229.5,66.2,4,1
1952.17,182.0,133.1,76.9,4,1
2382.97,242.7,130.2,99.0,4,1
2865.18,173.1,337.5,91.4,5,1
3568.63,172.2,519.2,89.2,4,1
1976.4,101.9,271.8,53.5,5,1
2318.8,143.0,304.5,58.8,5,1
2774.98,174.7,342.5,78.5,5,1
2495.62,216.9,213.1,86.2,4,1
1637.13,180.9,71.2,69.9,4,1
3120.75,218.7,351.7,93.2,4,1
4558.9,172.1,716.2,111.7,6,1
1448.41,123.8,121.9,51.7,4,1
3548.36,150.1,507.3,102.1,5,2
3569.87,190.2,485.6,96.3,5,1
2949.99,111.0,483.4,63.6,4,1
2107.62,175.3,181.4,75.6,4,1
1866.97,93.4,216.7,69.6,5,2
1839.96,111.4,251.7,43.1,4,1
1698.0,210.3,34.0,80.1,4,1
2989.22,161.0,430.8,69.1,5,1
3361.8,160.4,498.6,80.7,4,1
2114.88,128.8,260.0,62.2,4,1
1788.16,93.2,242.3,49.6,5,1
3213.91,97.1,590.0,51.7,6,2
2558.86,196.9,273.0,75.5,4,1
2647.35,158.1,256.4,109.9,5,1
1559.41,153.2,82.2,68.7,4,1
2033.36,114.0,280.0,50.8,4,1
2522.34,178.5,292.7,70.9,4,1
2096.53,110.3,274.9,61.8,4,1
2354.08,85.9,404.9,43.5,5,1
2514.01,106.0,409.4,50.3,4,1
3310.03,204.2,438.9,82.0,4,1
3374.38,168.3,473.1,89.9,5,2
2153.42,93.8,333.5,49.4,5,2
2844.23,136.2,394.7,80.1,5,2
2320.91,122.3,326.9,58.2,4,2
2226.73,108.9,312.8,60.0,5,2
4366.62,190.6,689.2,94.1,5,2
2284.73,173.5,227.9,75.5,4,1
1311.22,112.3,102.6,50.2,4,1
2102.4,155.9,202.5,74.3,4,1
1879.62,115.2,257.7,43.1,5,1
2201.3,182.2,201.6,74.0,4,1
1905.85,125.7,190.6,71.2,4,1
3005.19,205.1,353.3,85.7,4,1
2554.7,143.9,295.7,88.5,6,2
2492.06,188.7,275.6,70.5,5,1
2063.56,183.6,190.5,63.0,4,1
2688.95,174.1,338.9,70.8,4,1
3098.08,188.9,402.6,81.4,5,1
4488.84,204.4,646.2,120.7,5,2
2136.69,137.2,270.5,56.2,4,1
4140.64,200.8,607.2,101.0,4,1
1711.96,164.5,101.5,72.0,4,1
2008.4,149.1,151.6,89.5,5,2
3192.64,176.5,448.9,76.8,4,1
2184.05,160.9,225.1,71.1,4,1
2172.48,198.0,157.0,83.6,4,1
3189.28,110.7,538.6,65.8,6,1
4696.87,179.1,781.2,95.1,6,2
2113.58,118.8,262.2,65.5,6,2
2788.85,153.7,345.0,88.2,5,1
2731.09,109.5,468.4,46.6,6,2
2617.56,133.0,408.0,50.4,5,2
2461.58,143.3,322.5,66.5,4,1
1940.81,115.5,253.8,51.5,4,1
2799.29,152.4,383.8,72.7,5,2
2362.47,175.1,264.7,67.1,4,1
2248.74,234.4,115.9,94.2,4,1
2844.72,188.6,330.7,85.3,5,2
2023.14,126.0,219.8,71.1,5,1
2108.03,126.5,280.0,53.6,4,1
3039.62,240.1,285.4,104.2,4,1
3669.76,178.3,552.0,83.2,4,1
2866.15,166.2,391.4,70.7,5,1
3084.69,202.2,351.4,96.7,4,1
2269.19,128.5,283.5,69.0,4,2
1940.26,223.5,46.6,95.5,4,1
2600.26,127.9,364.0,70.3,6,2
2173.8,145.0,237.0,71.8,5,1
3020.47,240.0,301.9,94.8,4,1
2345.12,145.0,325.4,51.5,4,1
1734.7,145.6,146.8,62.8,4,1
3411.98,139.8,505.7,92.2,5,2
1863.12,107.6,243.6,50.9,4,1
2543.62,130.5,332.3,77.0,6,1
2728.32,189.8,320.0,76.6,4,1
3125.62,116.2,541.3,55.1,5,2
2767.12,164.1,305.2,98.9,5,2
2400.39,112.6,357.2,57.9,4,1
2604.11,240.1,202.7,92.5,4,1
2656.06,129.4,398.9,60.3,5,1
3368.0,135.8,558.3,65.8,5,2
3162.49,206.5,349.8,104.2,6,2
2460.76,233.7,154.0,101.1,4,1
2617.12,173.3,278.3,90.1,4,1
2236.04,121.4,257.0,80.3,5,2
2293.89,124.8,287.2,71.7,5,1
2822.29,133.7,390.0,80.8,5,2
2782.19,146.3,374.4,77.7,6,1
3891.23,167.7,557.9,109.9,5,2
1634.91,129.7,154.6,55.3,4,1
3180.31,215.7,348.2,102.7,5,1
2641.2,154.4,364.3,62.9,4,1
1807.92,188.3,60.2,90.4,4,1
1495.44,199.0,0.0,80.5,4,1
2104.63,192.1,168.2,73.7,4,1
1677.04,110.8,190.5,52.4,4,1
2714.59,126.4,384.2,74.7,6,2
2685.88,194.0,289.5,83.5,4,1
2996.76,173.6,421.2,68.6,4,1
3535.83,164.8,507.7,94.0,5,2
3251.32,147.4,459.6,91.5,5,1
1930.14,119.8,253.0,48.8,4,1
1969.7,143.0,223.3,56.0,4,1
1409.52,171.2,30.7,66.9,4,1
2727.22,166.1,315.4,89.0,5,2
3149.3,203.0,370.9,94.9,4,1
2358.55,106.8,338.6,64.1,5,2
2189.18,120.4,323.1,46.1,4,1
2269.26,102.3,321.9,63.6,5,2
3600.06,159.4,548.0,85.6,4,1
2094.7,103.7,284.4,60.3,5,1
3827.74,186.6,569.2,89.4,4,1
1814.49,125.6,201.5,56.2,4,1
3020.37,135.5,468.7,67.1,5,1
3393.51,242.3,401.5,90.9,4,1
1649.24,155.6,109.7,65.4,4,1
1902.91,197.4,110.2,74.7,4,1
4605.1,203.1,747.9,89.0,5,1
1607.83,117.7,175.9,48.2,4,1
2705.82,188.7,300.9,83.1,4,1
2348.44,197.9,224.9,73.0,4,1
3235.58,175.9,481.9,67.1,4,1
2532.24,184.8,243.9,90.8,4,1
2151.62,210.1,134.3,86.0,4,1
3336.32,156.8,501.6,78.0,4,1
3106.79,245.2,294.6,105.3,4,1
2785.29,131.0,430.3,60.0,6,1
2308.54,153.1,293.6,58.0,4,1
1222.45,124.7,73.6,47.7,4,1
3367.79,221.7,382.9,105.5,4,1
4299.47,197.0,614.1,117.2,5,2
2858.53,144.7,391.5,79.3,6,2
3010.68,182.0,364.5,91.6,5,1
2827.52,165.5,323.2,97.0,5,1
1958.58,197.4,131.7,71.3,4,1
1747.41,179.6,91.4,73.7,4,1
3250.08,160.0,403.7,110.6,6,1
3213.27,164.2,419.1,97.8,5,2
2176.3,134.2,237.8,76.5,5,1
3400.97,106.1,585.7,70.4,5,2
2247.4,148.9,286.2,56.4,4,1
2702.85,95.9,478.5,45.1,5,1
1816.01,116.2,228.8,48.4,4,1
2483.31,194.3,265.5,71.5,4,1
2475.17,144.7,345.3,57.2,4,1
2709.06,96.0,429.9,67.3,5,2
2900.29,181.0,344.3,88.8,4,1
2941.34,172.2,372.6,84.7,5,2
1652.59,127.3,151.8,59.6,4,1
1819.73,86.9,253.1,51.1,4,2
2111.45,198.1,158.6,76.1,4,1
2421.81,197.6,193.1,95.4,4,1
2845.26,173.9,360.7,78.5,5,1
2147.51,220.0,120.2,87.4,4,1
4429.25,191.7,681.2,104.2,5,1
3840.91,227.6,519.2,94.9,4,1
2310.43,90.7,383.9,45.8,5,2
1987.28,107.3,277.0,50.0,4,1
3728.75,193.3,548.9,84.4,5,2
2058.98,140.0,228.8,64.9,4,1
2112.46,137.9,243.8,65.1,5,1
2304.75,191.9,207.3,78.7,5,1
2604.01,107.7,423.7,53.2,5,2
2934.99,142.8,400.4,84.7,5,1
2045.31,140.0,252.2,52.9,4,1
2215.78,163.3,225.7,73.3,5,1
2012.37,142.9,221.6,61.6,4,1
2834.04,219.9,265.6,99.1,4,1
1914.69,137.0,155.7,82.7,4,1
2045.18,142.2,241.7,56.6,4,1
3670.67,157.4,569.0,85.0,5,1
2251.68,143.8,285.9,59.2,4,1
1933.4,127.8,214.7,62.6,4,1
2470.38,179.9,249.3,83.7,4,1
3626.45,216.1,491.9,88.3,4,1
2163.51,193.6,172.2,77.8,4,1
1869.83,104.7,242.1,53.6,4,1
3002.82,125.9,460.6,73.0,5,2
3431.52,222.3,427.0,92.7,4,1
3342.63,156.1,503.3,78.3,5,2
2849.91,123.9,411.8,78.6,5,2
1954.99,82.0,306.3,44.6,6,2
2877.84,187.0,352.1,80.2,4,1
2491.85,120.7,373.3,57.3,4,2
1795.73,125.6,216.0,47.7,4,1
3539.29,203.6,502.6,79.4,4,1
3150.01,161.9,406.8,97.2,5,2
2640.97,221.8,231.5,92.0,4,1
2655.07,127.4,417.3,53.0,4,1
1321.87,130.7,81.4,52.6,4,1
3984.8,198.0,576.8,98.4,5,2
1597.8,118.0,181.3,44.5,4,1
2586.95,207.9,258.9,80.0,4,1
2107.5,125.8,261.4,62.1,5,1
3049.22,150.1,460.0,67.6,4,1
1828.61,132.7,190.9,59.4,4,1
2172.09,86.7,344.1,49.9,5,2
3019.22,127.4,487.9,62.0,4,2
2768.68,241.9,224.5,100.4,4,1
3228.71,171.8,410.2,100.1,5,1
2869.5,130.5,445.6,62.8,5,1
2716.59,228.6,274.5,78.3,4,1
2485.2,85.9,429.7,47.0,4,1
2335.8,122.3,320.3,62.8,6,2
1206.0,131.2,45.6,55.4,4,1
3728.83,162.1,604.6,73.6,6,1
3722.73,177.2,554.4,88.5,5,1
3669.29,171.0,545.8,89.1,5,1
1605.07,116.2,169.9,51.2,4,1
4291.02,175.6,647.4,111.0,5,1
1337.9,120.3,102.0,49.9,4,1
1782.84,165.5,131.3,66.2,4,1
1589.5,148.5,116.1,59.0,4,1
2487.45,201.5,225.2,86.7,4,1
2914.71,189.4,345.5,86.1,5,1
2903.6,191.7,324.0,93.4,6,2
2060.94,116.0,278.9,53.5,4,1
2263.44,227.3,150.8,83.5,4,1
2639.12,109.7,385.2,73.3,5,2
3752.7,168.5,546.6,99.1,5,2
1545.66,133.6,115.7,60.9,4,1
3638.43,144.1,577.0,83.8,6,2
3961.36,184.9,567.7,105.6,5,2
2698.98,188.5,284.8,89.5,4,1
3012.28,197.2,357.4,88.2,4,1
3061.48,202.1,291.6,120.7,5,2
1511.77,134.0,112.5,58.4,4,1
3154.88,197.4,384.3,92.0,5,2
2838.71,110.8,478.3,53.6,4,2
4203.15,202.9,598.8,110.7,5,2
4071.17,159.5,677.7,80.3,5,2
1715.05,106.4,225.9,42.9,4,1
1876.06,131.7,216.2,53.8,4,1
2743.75,168.8,355.2,72.0,4,1
2404.33,148.3,306.3,65.1,4,1
1808.4,162.9,139.0,66.7,4,1
3407.93,238.2,381.0,103.5,4,1
3356.69,114.1,569.5,69.1,5,2
2169.45,104.3,328.8,48.5,5,1
2705.94,156.7,365.0,68.8,4,1
3528.06,158.5,511.9,94.0,5,2
3040.15,176.6,361.0,98.9,6,2
2759.33,182.8,349.2,70.1,5,1
2885.62,111.1,483.9,56.2,5,1
2663.16,201.3,273.5,84.9,4,1
2750.51,200.6,279.0,92.5,4,1
1234.68,106.7,93.3,48.3,4,1
3452.14,199.0,454.2,93.3,4,1
2140.38,215.7,103.4,96.0,4,1
2705.75,142.9,336.5,87.6,6,2
2547.19,92.2,430.3,50.8,5,2
2495.67,118.3,359.2,65.1,6,2
2711.38,158.5,357.6,71.9,6,2
3098.86,128.8,491.9,68.5,4,1
4030.2,205.8,530.5,120.5,5,2
2191.28,144.8,240.9,72.1,4,1
3481.31,226.8,448.8,86.5,4,1
2597.02,127.0,371.8,66.8,6,2
2385.09,140.0,309.0,65.5,5,1
4472.82,197.0,658.7,116.7,5,2
3635.91,168.4,517.2,99.3,5,2
3765.2,172.7,572.3,87.2,5,2
3208.68,123.6,516.5,72.0,6,2
2704.66,146.6,357.1,76.7,5,2
3086.58,134.3,462.6,77.7,6,2
1262.79,116.7,107.6,40.6,4,1
3392.11,183.6,467.9,87.3,5,2
2221.42,183.0,200.8,76.3,4,1
3009.93,136.3,472.9,63.7,5,2
1156.89,111.1,73.7,46.4,4,1
2280.41,192.7,196.1,80.6,5,1
2321.08,163.4,256.2,71.4,4,1
1850.61,177.7,126.3,70.5,4,1
3653.59,153.4,555.8,90.8,4,2
3808.87,170.2,598.7,81.5,5,2
2978.28,176.0,334.1,104.2,5,1
1743.64,116.1,207.6,49.9,4,1
2257.73,209.4,185.3,75.4,4,1
2512.62,165.7,312.6,66.6,4,1
2167.44,89.9,345.5,47.3,5,1
3123.74,147.8,415.2,96.9,5,2
2901.9,176.1,354.6,86.6,4,1
1853.13,189.3,115.0,70.7,4,1
2907.24,151.0,394.6,80.6,5,2
2241.97,209.6,166.4,82.0,4,1
2432.94,159.5,263.6,82.3,5,2
3540.86,144.8,515.9,99.8,6,2
3829.93,180.4,593.7,81.5,5,1
2073.45,110.0,299.0,48.6,4,1
3197.35,155.0,415.5,101.7,5,2
2869.77,165.3,402.4,66.5,4,1
3159.29,166.9,459.2,72.8,5,2
3614.47,151.6,598.1,68.4,5,2
3505.97,216.1,396.5,117.3,5,2
2928.4,117.8,490.2,55.2,6,2
3044.63,152.3,403.9,91.1,5,2
2103.98,116.3,277.5,58.7,5,1
2305.26,187.3,201.0,83.6,4,1
3712.76,168.8,535.6,99.5,5,2
2649.4,158.8,297.3,91.7,5,1
2745.82,207.9,255.2,99.3,6,2
4104.47,190.0,592.3,108.4,5,2
2120.7,185.8,172.4,76.5,4,2
3077.33,221.4,338.0,93.3,4,1
2596.92,102.1,419.5,56.7,5,1
1127.8,118.3,52.9,49.2,4,1
1542.88,137.0,102.6,64.9,4,1
1423.83,122.2,115.7,52.4,4,1
2038.03,170.8,194.3,64.2,4,1
1607.92,174.2,66.5,71.7,4,1
3147.54,231.4,360.3,86.8,4,1
1828.47,161.2,133.9,72.0,4,1
4571.52,158.2,731.3,112.6,5,2
2898.07,130.6,462.9,58.2,4,1
3283.34,138.0,523.4,70.9,5,2
3608.46,175.7,488.3,105.8,6,2
2767.06,148.4,339.2,90.7,5,2
2139.4,127.4,278.3,57.4,4,1
2573.96,143.9,316.7,81.3,5,2
3409.77,227.2,440.9,81.9,4,1
1659.78,167.2,81.4,73.9,4,1
2180.28,92.1,346.6,47.3,4,1
2655.82,183.9,317.6,72.2,5,1
3316.59,175.7,416.2,105.4,5,1
2112.04,119.2,283.0,55.9,4,1
2898.7,95.1,493.0,60.7,5,2
2847.09,142.6,420.0,66.3,4,1
2456.49,132.7,328.4,68.0,6,2
3820.77,202.3,550.4,90.0,5,1
3098.69,108.8,540.8,55.6,5,2
3220.03,166.1,459.2,79.9,5,1
2376.42,92.0,396.1,47.1,4,1
3038.25,177.4,376.7,91.3,4,1
2275.28,161.7,253.5,68.2,4,1
1876.49,159.7,153.4,69.3,4,1
2103.76,89.9,313.3,54.5,6,2
1922.89,147.7,173.7,70.8,4,1
2850.84,146.7,383.6,81.0,5,1
2459.09,108.4,399.5,47.5,4,1
2025.95,89.4,316.5,44.7,5,1
3127.37,116.2,519.5,64.9,5,1
1626.25,131.9,151.3,54.8,4,1
1581.32,138.8,132.7,55.0,4,1
4080.44,158.4,605.6,113.8,5,2
1702.03,140.8,142.3,63.3,4,1
2946.92,138.1,457.5,62.7,4,1
2206.04,247.4,74.9,101.9,4,1
1453.96,130.8,114.6,52.5,4,1
2502.59,108.2,388.2,57.5,5,2
3143.68,159.3,440.5,82.7,4,1
2861.82,160.0,367.8,83.4,5,2
3161.9,135.6,505.3,66.5,4,2
2947.07,118.8,470.9,65.4,5,2
2015.44,89.4,296.7,52.3,5,2
1587.74,151.2,104.0,63.0,4,1
4137.47,210.9,620.3,90.3,5,1
4012.04,175.5,575.3,112.1,5,2
3029.89,112.2,487.6,70.0,5,2
2824.46,132.5,426.1,65.6,4,1
2025.59,90.4,301.3,51.0,6,2
2242.67,133.0,297.5,57.9,4,1
1878.3,143.8,200.3,55.8,4,1
3443.08,235.7,396.9,101.4,4,1
3953.6,156.0,644.4,83.5,5,2
2249.78,154.7,271.3,60.6,4,1
2449.15,102.8,379.5,57.8,6,2
2260.97,182.3,226.4,69.5,4,1
1642.87,159.5,119.0,58.8,4,1
2734.66,191.4,232.9,115.3,5,1
1830.82,172.0,130.8,68.8,4,1
2408.29,170.8,265.8,73.5,4,1
3523.24,155.4,532.6,85.7,5,2
2137.74,91.2,312.9,57.9,5,2
3883.89,204.2,564.4,89.9,5,1
2113.28,133.2,272.5,54.5,4,2
1972.96,95.1,281.0,52.1,6,2
3094.16,217.1,334.1,98.8,4,1
2446.39,148.1,302.9,71.4,4,1
2806.14,167.9,351.3,81.0,5,2
2881.59,164.9,386.2,75.2,6,2
2270.81,165.0,205.6,87.6,5,1
2443.17,162.0,222.9,100.4,6,2
2721.97,163.4,275.4,107.4,5,2
3210.44,161.1,455.5,82.7,5,1
2092.94,93.7,327.2,45.5,4,1
3223.58,149.6,475.2,80.5,4,1
3490.8,125.2,601.2,65.0,6,2
2191.11,174.5,215.5,70.1,5,1
2089.06,222.1,103.7,87.3,4,1
3246.39,129.9,491.9,84.4,6,2
2597.37,225.1,231.0,85.9,4,1
3258.59,114.2,529.2,76.1,5,2
3180.74,177.2,451.1,74.2,5,2
2556.52,221.9,236.4,80.3,4,1
2899.94,186.9,353.6,82.0,5,1
3228.29,192.0,353.8,116.1,5,2
3815.09,139.3,633.5,80.4,6,2
4353.88,168.6,657.8,116.5,5,2
1377.84,129.5,89.1,55.9,4,1
2351.62,164.3,279.2,64.2,4,1
3592.5,177.9,433.1,127.6,6,2
2296.43,184.7,245.6,63.9,4,1
2983.1,141.6,430.4,77.2,5,1
2422.85,114.0,384.5,47.7,5,1
2168.33,195.6,150.8,87.0,4,1
3022.89,236.7,300.7,97.1,4,1
2008.93,194.0,129.9,79.3,4,1
1924.21,132.6,231.6,51.9,4,1
3478.57,177.9,452.2,106.5,5,2
2090.44,161.4,212.1,66.3,4,1
2434.84,149.6,267.2,85.3,5,1
4212.46,185.0,665.1,90.2,6,2
3068.65,118.1,523.7,55.7,6,2
3874.1,174.3,597.6,87.3,4,1
2643.53,171.0,304.2,82.6,4,1
4464.47,175.9,694.8,109.1,6,2
1675.98,177.5,92.1,66.4,4,1
2073.64,137.0,252.3,57.4,4,1
3733.4,150.9,593.2,84.1,6,2
1669.86,114.5,178.9,55.1,4,1
3578.21,216.4,482.0,87.2,5,1
1562.72,142.2,137.3,49.4,4,1
1643.78,107.7,208.1,42.3,5,1
1928.82,127.4,234.4,53.5,4,1
2502.63,148.3,278.4,88.4,6,2
1815.98,141.4,184.9,56.8,4,1
3118.33,176.2,360.1,108.1,6,1
2749.27,198.3,314.4,77.6,4,1
2704.18,190.0,300.1,82.6,4,1
1879.2,106.8,255.6,47.7,4,1
1920.01,160.1,177.1,63.5,4,1
2196.68,133.9,282.3,59.1,4,1
1792.81,94.6,233.1,53.6,4,2
1905.34,215.1,30.0,102.8,4,1
1373.81,137.1,85.9,53.5,4,1
2856.78,127.0,473.3,50.6,5,1
1467.76,141.4,99.2,56.2,4,1
3045.17,144.8,476.4,62.3,5,1
2786.43,165.2,333.6,87.9,5,2
3710.09,139.3,618.9,75.3,4,2
1384.88,109.5,142.5,41.9,4,1
3250.99,213.1,397.1,90.0,4,1
2140.79,158.8,198.1,79.3,4,1
3196.47,110.3,578.3,49.1,5,2
2118.76,132.4,259.4,61.3,4,1
2609.99,103.7,432.4,51.7,5,1
2670.94,239.1,200.9,101.2,4,1
2529.58,110.2,427.2,42.2,4,1
2189.6,225.5,94.3,101.2,4,1
2010.16,130.8,233.4,61.5,4,1
3099.43,156.1,429.6,84.1,6,2
2195.19,132.2,268.8,65.7,4,1
2873.52,121.7,466.5,57.9,4,1
3167.76,155.6,491.2,64.5,4,1
3467.18,216.4,442.4,92.5,4,2
2897.44,98.6,505.6,53.4,6,1
3003.83,181.8,387.7,80.7,5,1
3340.52,116.4,553.8,73.3,6,2
1798.01,207.9,60.5,80.5,4,1
2090.51,204.4,135.3,81.3,4,1
3120.84,134.1,515.8,57.9,6,2
2886.09,218.7,294.6,92.5,4,1
2893.44,199.5,294.7,101.8,5,1
2887.92,123.0,469.3,57.7,5,2
2918.88,149.6,378.7,89.5,5,2
3659.55,225.5,473.8,95.8,5,1
3220.97,170.8,440.8,86.0,4,1
1588.55,139.3,135.6,54.3,4,1
3458.91,178.3,474.6,94.2,5,2
4005.1,154.1,656.9,84.6,5,1
2450.3,214.2,203.2,86.7,4,1
2930.08,137.9,453.8,62.6,4,1
1629.95,132.3,140.5,59.8,4,1
3133.16,164.6,396.3,98.8,5,2
1944.94,143.2,191.3,67.5,4,1
2098.29,139.4,242.4,63.5,4,1
2665.86,256.2,173.4,105.3,4,1
2522.97,225.2,187.1,97.1,4,1
2287.62,158.5,252.4,71.6,4,1
2969.89,139.4,396.5,91.8,6,1
2908.34,104.5,468.0,68.7,5,2
3162.33,174.0,425.3,85.0,5,2
2659.67,108.6,383.0,77.0,5,2
2338.05,183.7,211.5,84.2,4,1
2462.57,164.5,300.5,66.9,4,1
2020.21,181.4,155.0,75.0,4,1
1478.4,165.8,71.3,58.9,4,1
1257.99,117.7,104.4,41.1,4,1
2944.28,124.9,459.2,67.6,5,2
2172.76,123.3,302.0,52.4,5,1
2692.57,163.5,368.8,62.6,4,1
3589.52,194.2,432.9,120.1,5,1
3064.85,250.3,316.6,88.6,4,1
1742.8,127.3,199.4,48.5,4,1
3345.02,152.5,529.8,68.4,4,1
2560.5,220.1,216.4,90.5,5,1
2461.1,127.6,363.7,55.1,5,2
3172.23,176.0,378.6,106.0,5,1
2133.68,154.4,260.7,52.6,4,1
2748.59,123.6,443.4,53.4,6,2
2692.29,203.5,255.3,95.2,4,1
1739.43,178.8,99.3,69.7,4,1
2206.65,85.0,363.2,46.0,4,1
1561.98,88.9,188.5,50.3,4,1
1821.68,117.5,209.2,57.2,5,1
2879.52,175.5,355.8,83.8,5,2
2396.56,163.4,294.1,63.0,4,1
2451.1,159.2,304.4,66.3,4,1
2577.98,158.6,261.3,99.8,5,2
2862.31,127.8,432.6,69.0,4,1
4229.06,198.7,613.6,108.9,5,2
2309.58,100.0,354.9,54.4,5,1
2846.6,112.6,486.0,50.3,5,2
4377.46,161.2,705.4,101.2,5,2
2153.53,101.8,305.1,58.4,6,1
2123.0,118.7,244.4,74.5,6,2
2587.58,184.3,253.7,92.8,4,1
2901.7,100.3,507.6,52.2,5,2
2437.71,111.6,387.8,48.9,4,1
3334.59,112.7,600.0,53.8,5,2
1979.11,122.3,241.8,58.1,4,1
2790.19,157.1,382.9,70.0,4,2
2498.98,230.3,179.3,95.6,4,1
2597.17,128.5,356.4,73.1,5,2
2658.44,165.6,335.5,72.7,6,1
2435.81,193.1,205.2,93.6,4,1
1650.55,196.2,54.6,71.9,4,1
2524.51,124.0,376.7,57.9,4,1
1637.15,118.7,187.1,46.0,5,1
1651.92,139.2,145.4,57.0,4,1
2962.09,122.8,453.4,73.0,5,2
2621.61,106.4,437.1,49.8,5,2
2767.61,185.9,300.4,91.4,5,2
2764.67,168.8,371.0,67.3,4,1
2375.09,160.3,283.8,66.5,4,2
2436.14,152.2,335.2,54.1,4,1
2358.63,130.4,284.2,77.8,5,2
1468.59,122.4,122.3,54.4,4,1
2023.99,208.9,99.3,87.9,4,1
4126.8,200.9,643.7,83.2,5,1
1997.74,225.0,79.8,86.5,4,1
3247.04,125.6,510.6,78.0,6,2
2666.7,122.4,414.5,57.7,4,1
2932.93,126.8,436.5,75.5,5,1
1497.84,180.6,31.4,72.2,4,1
2427.43,173.9,272.9,71.2,4,1
1262.4,102.6,110.6,45.5,4,1
4226.98,171.7,614.0,120.5,5,1
3715.68,177.2,467.9,126.1,5,1
3419.35,201.2,445.4,92.5,4,1
2595.15,176.9,250.4,98.4,5,2
2847.95,207.3,339.5,73.4,4,1
2495.4,186.4,249.7,83.4,4,1
1988.43,122.1,265.0,48.9,5,1
2885.33,167.5,385.6,74.8,4,1
2079.3,203.4,128.4,83.6,4,1
1877.18,121.5,233.3,50.9,4,1
3317.17,179.1,420.6,102.0,6,2
2662.43,193.4,301.7,75.8,4,1
1867.38,168.6,140.6,70.1,4,1
4148.17,166.3,665.8,91.1,5,1
2250.98,164.6,215.3,81.3,4,1
1550.31,110.5,178.5,43.8,4,1
3800.14,182.5,553.5,95.1,5,1
1652.99,111.7,195.5,47.2,4,1
2008.88,84.0,319.3,44.0,5,1
1900.98,196.7,106.9,76.3,4,1
2791.9,162.0,381.2,68.8,4,1
3659.32,222.2,493.2,88.6,5,1
3044.59,181.9,340.8,106.0,4,2
2897.86,198.1,354.8,76.3,4,1
1684.93,189.5,70.1,71.8,4,1
2627.32,140.3,380.0,60.6,4,1
2204.33,166.9,221.9,72.1,4,1
2400.97,125.8,305.0,75.3,5,2
2417.09,104.3,368.2,58.6,5,2
3739.69,168.3,553.9,94.5,5,1
1996.03,148.3,223.6,56.5,4,1
2913.99,108.4,487.2,59.1,5,1
2808.02,152.4,379.5,75.6,4,1
1776.12,131.8,195.5,51.9,4,1
2916.85,193.4,344.7,85.0,4,1
1593.82,151.5,114.9,58.7,4,1
2344.53,93.5,379.6,50.2,5,2
2115.91,115.9,296.6,51.7,6,2
2917.8,190.4,329.9,93.0,5,2
3013.4,146.1,450.4,69.7,5,2
3509.6,200.3,460.0,96.5,4,2
2308.63,114.3,331.4,58.4,4,1
3289.06,171.6,474.6,78.3,5,1
4015.61,153.4,620.3,102.3,6,2
3276.64,178.8,455.8,82.0,5,1
1731.56,113.1,209.2,49.2,4,1
2045.49,147.6,225.8,61.4,4,1
2837.05,195.6,358.1,69.1,4,1
3213.68,186.2,423.2,86.2,5,2
1729.3,122.3,198.2,49.7,4,1
1999.97,181.1,152.9,73.8,4,1
3306.94,152.9,509.4,73.1,6,2
3337.57,208.2,408.9,96.6,5,1
2599.5,148.9,364.5,60.7,4,1
2658.09,173.4,318.9,76.5,4,1
4428.25,208.0,668.1,102.6,4,1
2812.95,149.7,401.3,67.6,4,1
3257.89,150.1,485.2,79.6,5,1
2528.25,132.2,317.7,81.0,5,2
2882.78,199.6,305.9,95.7,4,2
1887.59,205.1,98.3,74.9,4,1
3030.29,187.4,342.8,101.0,5,1
2916.81,181.4,327.4,98.0,5,1
3292.01,208.5,413.0,89.5,5,1
2683.83,180.2,284.2,91.8,5,1
3342.43,182.1,457.7,87.0,5,1
2286.17,101.1,348.4,54.2,5,2
4079.16,168.1,666.3,82.4,5,1
3343.89,174.2,474.4,83.3,4,2
2704.22,222.6,220.3,103.6,5,1
2101.63,104.6,302.5,52.6,4,1
2008.96,119.3,252.1,58.1,5,1
3401.99,172.3,454.4,99.5,5,2
2095.8,153.9,219.3,67.0,4,1
4256.28,191.8,645.3,100.9,6,2
2506.59,203.0,214.1,93.1,4,1
2556.51,104.7,408.4,56.0,5,2
3354.8,146.7,472.7,97.4,6,2
3674.87,182.2,552.6,81.8,5,1
1370.33,160.1,29.1,68.2,4,1
2234.1,127.5,307.9,54.7,6,2
1658.1,122.5,186.1,47.1,5,1
2830.83,148.5,395.8,72.6,4,1
2228.48,105.6,310.4,62.7,5,2
2332.55,164.5,265.8,67.9,5,1
4199.96,172.2,681.6,87.2,6,2
2941.38,169.8,379.8,82.6,4,2
1819.42,115.4,226.8,50.1,4,1
1821.12,181.5,128.9,64.4,4,1
2051.62,93.6,291.4,56.8,5,2
2087.51,110.8,307.6,46.0,4,1
2062.2,134.8,206.4,77.5,5,2
2379.67,148.2,298.1,66.0,4,1
1639.47,157.8,96.0,69.4,4,1
3049.42,224.6,319.6,97.0,4,1
3294.12,209.1,380.7,103.9,4,1
1917.6,143.3,172.4,72.7,4,1
2086.57,117.1,286.3,52.6,4,1
3274.53,131.1,555.5,58.7,5,1
2901.96,209.6,302.0,95.1,4,1
1932.01,179.5,147.6,69.3,4,1
2866.71,99.9,471.1,64.7,5,2
3222.46,167.2,450.7,83.4,4,1
1200.3,114.0,84.0,45.4,4,1
2235.64,195.8,193.2,75.5,4,1
2841.55,154.5,426.7,57.4,5,1
2621.45,157.0,341.7,69.6,5,2
2576.25,147.1,276.5,98.0,6,2
2578.86,105.6,423.5,51.4,5,2
4830.82,168.8,768.4,120.2,5,1
3394.54,178.5,465.6,90.9,4,1
2371.48,215.4,184.6,85.7,4,1
1578.48,153.5,103.1,61.4,4,1
2747.92,172.5,359.6,68.9,4,1
1758.86,104.9,228.2,47.4,5,1
1916.16,86.9,287.6,46.4,5,1
1997.96,108.9,241.0,66.5,6,2
4054.24,157.8,651.7,90.7,5,2
3728.97,186.1,554.4,85.2,5,1
2631.69,112.3,386.2,70.8,5,2
1855.44,216.1,62.8,82.2,4,1
2386.94,176.6,273.9,65.0,4,1
3793.12,139.7,663.0,64.7,6,2
2402.43,98.3,368.6,59.5,6,2
3334.5,163.4,486.5,81.7,5,1
4312.97,171.4,674.6,103.2,6,2
3347.97,230.9,397.6,92.7,4,1
2224.32,124.7,309.5,54.2,4,2
3296.35,200.7,391.7,103.0,5,2
3006.57,247.1,301.9,90.1,4,1
3453.58,173.8,502.0,83.4,4,2
2484.49,178.2,282.7,71.2,4,1
3393.44,172.8,482.8,85.7,5,2
2821.45,133.1,439.0,59.2,4,1
2739.52,162.4,324.9,87.8,5,1
2946.84,143.9,437.9,68.8,4,1
2207.33,200.6,152.3,88.4,4,1
2416.13,225.4,165.8,94.6,4,1
3923.99,174.0,583.3,99.4,5,2
2598.4,104.7,375.3,75.4,5,1
3041.99,123.0,500.4,60.9,6,2
3327.41,222.1,413.1,87.4,4,1
3485.48,118.1,583.7,75.3,6,2
2466.28,177.7,269.7,75.2,4,1
3458.28,175.8,463.4,100.2,5,2
2962.42,116.6,454.6,75.3,5,1
3309.83,162.4,509.1,69.3,5,1
3452.66,189.4,486.6,83.2,4,1
2970.49,125.7,496.8,53.4,4,2
1953.39,155.6,162.8,75.6,4,1
2992.53,134.7,452.8,71.4,5,2
1557.14,158.0,90.3,62.7,4,1
3337.82,231.4,408.2,86.6,4,1
2996.56,188.1,371.4,84.3,4,1
2875.82,105.6,483.1,57.9,5,2
3321.74,176.6,420.4,103.8,6,2
1871.65,112.9,248.6,47.3,4,1
3484.6,158.5,511.2,89.6,4,1
3279.79,253.5,335.1,102.8,4,1
2604.81,118.6,374.0,70.5,5,2
3108.23,138.6,452.5,82.6,5,2
2471.49,117.2,374.5,56.1,4,1
2028.09,95.4,305.6,47.1,5,2
2241.31,109.8,312.1,61.5,5,2
2828.05,139.4,401.1,74.0,5,1
2336.05,91.1,355.3,61.2,5,2
2249.44,136.4,276.3,66.5,4,1
2200.76,104.1,332.8,50.3,5,1
1400.73,127.7,115.6,47.5,4,1
1768.53,151.1,151.7,61.9,4,1
2638.8,181.0,322.9,69.3,4,1
4170.67,203.5,582.8,113.9,5,2
2570.5,153.7,312.0,78.6,4,1
3213.32,168.1,423.4,94.1,5,1
3808.51,191.1,569.3,85.2,4,2
3638.58,186.8,538.9,81.8,6,1
3633.69,168.7,529.9,93.3,5,1
1962.6,92.3,290.3,48.0,5,2
2096.38,171.7,177.0,78.0,4,1
3886.35,207.2,579.3,82.2,4,1
2628.3,195.2,288.2,77.2,4,1
1993.89,94.3,264.5,62.1,5,2
2346.44,139.9,281.9,73.3,4,1
3054.72,207.1,331.9,99.8,4,1
1986.6,150.5,204.7,62.8,4,1
4622.65,200.7,755.2,88.8,5,2
2593.45,150.9,368.9,57.1,4,1
3843.0,175.2,592.4,85.9,5,1
2635.58,162.4,327.3,75.2,4,1
2952.15,118.5,469.6,66.7,5,1
3782.02,161.7,593.9,84.4,4,1
1435.44,172.0,22.2,73.2,4,1
1939.85,183.2,143.0,70.6,4,1
4254.65,177.2,639.4,109.8,5,2
3946.97,185.8,515.9,126.7,5,2
2922.15,112.6,487.0,58.2,5,1
3455.74,177.3,499.9,83.0,5,1
1943.7,131.9,234.7,53.0,4,1
4005.77,177.1,536.0,128.1,5,1
3713.47,185.7,509.2,103.8,5,1
2798.01,130.6,424.9,64.0,4,1
2365.73,220.7,167.1,90.5,4,1
1856.75,158.2,160.5,64.7,4,1
2571.56,194.6,263.0,82.4,5,1
3065.35,184.3,410.3,76.3,5,2
1691.51,155.3,133.4,59.6,4,1
2259.63,113.5,304.5,65.3,5,2
3854.54,154.8,599.0,93.3,6,1
2870.64,177.1,315.7,99.9,5,1
3733.54,192.5,464.0,123.0,5,2
2486.8,103.6,389.7,57.1,6,2
2027.35,136.9,253.0,52.0,4,1
1178.64,119.8,53.3,54.0,4,1
2614.61,139.3,377.6,60.8,4,2
3592.92,154.0,524.9,97.5,5,2
2259.75,184.4,228.2,67.7,4,1
2718.43,209.9,251.8,96.9,4,1
3426.57,130.0,545.9,80.3,6,2
2185.0,135.0,271.7,62.0,4,1
2809.13,128.7,387.9,82.5,5,1
2428.31,151.7,274.2,80.5,5,1
2306.79,116.0,329.8,58.2,4,1
2016.73,119.8,269.5,51.0,4,1
2856.06,194.4,329.5,84.5,4,1
2209.13,120.4,319.0,50.2,4,1
2380.7,107.7,375.8,49.6,4,1
3165.51,129.8,497.1,73.1,5,2
2580.91,226.9,240.8,78.9,4,1
2996.3,118.6,520.5,48.9,4,1
3328.26,152.3,516.0,72.8,6,2
1964.04,179.1,152.4,70.9,4,1
1619.21,137.2,132.4,60.1,4,1
1754.99,111.9,214.1,50.1,4,1
2600.75,121.6,374.3,68.6,5,2
1998.09,94.1,290.5,51.1,5,1
2291.78,179.2,202.5,85.0,4,1
2119.09,149.0,252.5,57.0,4,1
2342.52,219.8,174.5,85.1,4,1
2709.11,142.7,399.3,60.1,4,1
2164.5,129.7,274.6,60.8,4,2
2735.2,136.2,391.2,69.5,5,1
3180.76,195.7,330.7,119.5,5,1
3619.12,190.2,539.2,77.9,4,1
2010.41,219.1,89.1,86.4,4,1
3391.5,208.7,437.6,89.6,4,1
3323.34,159.2,478.1,86.0,4,1
2609.5,133.1,337.2,80.9,4,1
2376.76,132.7,342.5,52.9,5,1
2907.25,182.9,369.2,77.6,4,1
2932.08,173.1,385.3,77.6,4,1
2658.49,221.7,267.6,77.9,4,1
2575.89,169.5,271.9,90.0,5,2
2234.59,92.6,363.0,45.8,4,1
3925.82,182.1,534.4,117.7,5,2
3283.79,151.3,487.0,81.2,5,2
3566.35,185.6,471.7,104.1,5,2
2183.5,103.8,333.8,48.1,5,1
3576.77,160.0,536.4,87.9,4,1
2143.67,159.8,232.3,63.9,4,1
2483.05,173.7,280.2,74.1,5,2
2020.34,201.8,124.5,79.4,4,1
1621.62,116.9,171.1,52.2,4,1
3226.02,215.3,406.3,82.2,4,1
2272.5,196.7,192.4,79.5,4,1
2968.58,207.4,334.5,89.0,4,1
2442.49,140.7,327.8,63.2,6,2
3475.07,185.3,488.5,86.7,5,2
2540.74,253.2,178.2,90.6,4,1
2991.0,172.9,413.4,71.8,4,1
4894.54,209.0,782.9,103.0,6,2
2163.17,88.4,319.4,59.1,6,2
2687.03,221.9,253.3,87.4,4,2
2072.3,164.8,205.5,65.7,4,1
2675.3,88.1,476.9,46.1,6,2
2773.62,138.4,374.0,80.5,5,2
2905.61,98.2,484.1,64.0,6,1
1563.14,94.4,199.4,43.1,5,1
2103.35,183.5,164.8,78.9,4,1
2728.28,237.6,240.6,90.6,4,1
3301.78,130.2,543.7,67.4,5,2
2459.86,186.8,234.6,86.0,4,1
2167.72,134.8,279.0,57.0,4,1
2274.24,250.9,113.9,90.6,4,1
1933.84,189.4,129.3,73.2,4,1
2072.73,168.2,189.3,71.4,4,1
1457.46,146.2,81.5,60.7,4,1
2858.22,245.5,239.6,102.0,4,1
2530.82,230.1,189.0,94.9,4,1
3811.7,140.9,641.1,76.0,5,2
2218.71,131.7,299.5,54.9,4,2
1757.76,99.5,228.0,49.7,4,1
2438.51,157.9,238.4,94.8,5,2
3248.52,217.1,392.3,90.1,4,1
2440.81,120.6,358.6,58.2,5,1
2562.46,180.8,287.8,76.5,4,1
2156.83,242.2,103.9,85.8,4,1
1857.85,222.4,45.5,87.4,4,1
1794.08,138.1,168.4,63.1,5,1
3698.2,182.6,526.9,95.6,5,2
2066.3,83.8,325.8,47.5,4,1
1705.3,151.8,131.6,63.5,4,1
2986.17,137.9,461.5,65.4,5,1
2819.36,86.0,509.6,48.5,5,2
1884.36,114.1,243.6,50.4,4,1
2901.41,116.7,458.6,66.7,5,2
2954.12,219.1,304.5,95.5,4,1
3528.62,177.6,534.6,75.6,5,1
1747.06,177.6,101.5,70.1,4,1
2637.43,129.7,381.0,66.1,6,2
3029.94,120.3,478.4,70.6,5,1
4775.16,180.4,817.8,87.0,6,2
4807.39,200.4,817.9,81.6,6,1
3144.67,243.0,315.9,101.0,4,1
3656.34,151.7,573.7,83.9,5,2
1590.68,154.9,98.2,64.3,4,1
2027.91,187.3,137.3,81.1,4,1
1971.2,198.9,80.3,94.9,4,1
2255.95,111.7,296.9,69.1,5,2
2598.82,211.7,237.2,89.2,4,1
4839.04,206.3,735.7,119.0,5,2
2233.53,194.2,183.1,80.5,4,1
1750.73,142.3,163.9,58.4,4,1
3014.62,146.2,409.8,87.9,5,2
3236.66,130.7,516.1,72.1,5,2
3160.04,192.7,368.9,101.5,6,2
3855.88,158.3,629.8,78.1,4,1
1917.24,129.9,217.4,58.7,4,1
2453.99,226.5,204.8,81.0,4,1
2865.99,203.0,344.6,75.0,4,1
2996.29,203.6,367.5,79.1,4,1
1971.91,204.8,124.6,72.7,4,1
1920.0,199.8,92.2,83.6,4,1
1737.81,139.5,183.6,49.5,4,1
1693.53,166.1,110.3,65.3,4,1
2858.71,198.6,326.8,84.1,4,1
3010.56,166.2,420.2,73.9,4,1
1672.52,200.2,31.2,83.0,4,1
1669.44,202.1,38.4,78.6,4,1
3163.91,185.9,376.9,101.4,5,2
3801.98,154.8,634.1,71.8,5,1
3460.68,180.9,449.2,104.5,6,2
2277.79,135.0,287.3,65.4,6,2
1869.8,234.2,9.0,99.7,4,1
1471.44,179.7,31.3,69.7,4,1
3997.99,190.5,615.3,86.1,4,1
2550.98,130.7,379.7,56.6,5,1
3452.85,161.7,517.3,81.9,6,2
2810.71,118.0,420.7,72.9,6,2
3629.22,134.9,595.5,78.6,5,1
1963.84,114.4,280.1,42.8,4,1
2910.7,101.2,480.7,64.8,5,2
1618.34,123.5,154.8,56.1,4,1
2783.01,186.7,310.1,88.4,4,1
2426.85,89.0,403.4,50.8,5,2
2557.16,167.8,302.8,75.0,4,1
2713.58,143.7,391.9,63.5,4,1
3766.3,174.8,565.1,89.6,5,1
3598.12,180.0,545.2,77.5,5,1
2766.01,104.7,447.8,61.8,5,2
1340.97,131.7,82.1,54.0,4,1
2735.85,155.6,302.1,100.6,5,2
1614.93,126.2,156.4,53.9,4,1
1635.0,170.1,89.5,66.3,4,1
2119.37,118.5,307.7,46.1,4,1
3199.49,193.1,400.4,91.7,5,2
3210.22,205.8,399.2,87.8,5,1
3728.95,186.1,511.3,104.4,5,2
2182.82,151.8,243.1,67.0,4,1
3461.63,187.9,498.3,79.7,5,1
2239.67,133.3,297.3,57.5,4,1
3549.42,152.8,543.5,84.9,4,1
2615.62,179.0,268.6,91.7,4,1
4130.63,216.2,589.6,100.8,5,1
2511.66,179.2,284.2,73.1,5,1
2822.64,200.6,335.4,75.4,4,1
2651.27,174.4,309.2,79.6,4,1
3777.03,169.3,584.5,84.6,5,2
3083.95,226.3,337.3,92.2,4,1
2190.6,171.4,211.8,73.1,4,1
2415.14,120.1,343.4,62.3,5,1
1965.98,131.3,240.3,53.3,4,1
2409.64,111.7,369.0,54.1,6,2
2215.25,209.7,123.3,98.1,4,1
3709.28,197.7,487.0,107.9,5,2
4080.71,240.0,557.8,98.8,5,1
3032.92,127.2,504.8,56.1,5,2
2490.38,115.2,397.0,49.1,4,1
2663.78,155.4,346.5,72.9,5,1
3096.59,206.5,337.4,102.3,5,1
2842.32,140.2,350.4,97.8,5,2
1865.88,142.3,194.3,57.7,5,1
2521.52,139.3,370.1,53.8,5,1
2846.1,221.1,286.6,90.6,4,1
2382.7,185.6,239.9,75.6,4,1
2069.73,131.3,259.8,56.1,4,1
2465.68,241.5,151.7,99.2,4,1
2025.08,103.5,309.2,41.6,5,1
1869.27,99.4,230.7,61.0,5,2
2692.2,178.0,261.5,103.8,5,2
2394.19,229.0,143.4,100.5,4,1
2414.38,141.9,297.4,73.0,5,2
2955.9,137.8,449.8,67.3,5,1
1942.88,136.5,222.8,56.2,4,1
3106.4,109.9,522.1,64.3,5,2
2086.8,145.1,192.9,81.6,4,1
3167.54,141.6,435.8,95.3,5,2
3632.43,193.9,515.8,88.2,4,1
3041.24,142.0,430.5,83.5,6,2
3119.23,133.0,501.0,64.8,4,1
2909.02,161.6,318.4,109.9,5,1
2278.91,169.8,235.6,73.1,5,1
2804.54,95.3,496.1,48.8,5,2
3278.95,197.7,398.6,99.3,4,1
2311.65,248.5,107.2,98.7,4,1
1171.02,101.9,91.9,44.0,4,1
1826.99,226.7,38.0,85.4,4,1
3012.21,148.1,430.5,77.5,6,1
3117.71,135.4,435.2,92.8,6,2
4143.69,154.4,696.8,82.1,6,2
2424.16,198.8,214.9,85.5,4,1
1480.08,229.6,0.0,87.5,4,1
2021.28,98.1,290.1,52.0,5,1
1493.44,88.0,187.5,43.5,5,1
2707.07,242.5,208.9,100.2,4,1
1755.05,204.7,37.6,87.3,4,1
2315.68,118.7,295.0,73.5,5,1
2014.28,187.6,142.8,77.0,4,1
2741.71,229.6,236.7,97.4,4,1
3604.89,140.2,588.5,76.7,5,2
2404.93,198.3,229.4,77.1,4,1
1628.1,105.5,180.6,53.8,4,1
1696.43,213.5,35.8,77.7,4,1
2156.88,158.7,215.0,73.6,5,1
2161.09,109.8,281.1,66.4,5,1
2476.78,168.9,305.1,64.5,4,1
1752.98,155.7,131.1,67.3,4,1
2291.78,174.2,236.5,72.1,4,1
2221.2,186.6,183.1,82.5,4,1
2332.62,124.5,330.8,56.8,6,2
1438.21,102.7,159.7,43.2,4,1
3870.79,161.4,613.8,85.5,6,2
2836.26,188.9,283.1,105.4,4,1
3373.83,168.1,493.6,80.8,4,1
1735.55,115.9,221.0,43.1,4,1
1475.13,143.1,99.8,56.0,4,1
2881.07,148.1,373.2,88.4,6,1
1665.95,170.0,90.8,69.2,4,1
3140.78,167.8,461.6,69.3,4,1
1997.42,97.1,296.5,47.0,5,1
1609.72,156.9,100.9,64.3,4,1
1978.84,96.1,292.6,47.1,5,2
2594.37,180.3,317.9,66.8,4,1
1914.05,182.4,126.4,75.4,4,1
1514.69,142.3,124.7,49.7,4,1
2874.8,141.6,416.1,71.6,5,1
2156.09,150.6,214.2,77.4,5,1
2870.33,193.9,337.1,82.9,4,1
2495.62,95.3,418.2,49.0,5,2
2366.94,208.4,204.8,79.3,4,1
2517.5,157.8,304.5,74.2,5,2
2596.24,110.2,400.3,61.6,5,2
2699.52,197.8,278.1,88.4,4,1
3645.71,158.6,564.6,83.6,5,2
2436.89,147.7,329.1,58.9,4,1
2035.07,106.0,279.3,54.9,4,1
2979.84,172.9,355.4,96.3,6,1
2756.86,173.2,365.9,66.7,4,1
1811.09,128.9,215.8,48.0,4,1
2172.6,100.7,325.9,51.8,5,1
2933.54,141.1,404.9,83.3,5,1
2411.22,123.6,324.5,68.7,5,1
2434.6,125.8,362.0,53.7,4,1
2341.33,111.6,346.0,56.8,6,2
3663.75,166.2,535.4,95.3,6,2
1281.66,116.9,95.1,48.2,4,1
3499.02,126.6,566.0,81.0,5,2
1253.48,139.8,45.2,57.1,4,1
3207.41,196.6,357.4,110.2,6,2
3740.68,132.9,644.4,70.1,5,2
2246.37,144.9,239.9,78.6,5,1
3085.67,169.3,407.7,86.4,5,1
3288.95,121.7,538.1,72.2,6,2
2604.49,123.7,359.8,74.5,4,1
3133.31,176.3,424.1,81.3,5,2
1549.03,118.5,154.5,50.8,4,1
2794.19,107.1,447.0,64.2,5,2
2266.01,138.4,288.7,62.0,5,1
2894.72,219.5,282.5,98.5,4,1
2890.65,128.5,394.4,88.8,5,2
1576.05,116.8,149.1,56.9,4,1
1914.1,122.8,252.3,46.0,4,1
2400.16,218.3,188.1,86.1,4,1
2300.66,89.4,373.0,50.1,5,2
2665.06,109.2,402.8,68.6,5,2
1579.68,130.4,147.4,52.1,4,1
1820.97,205.2,65.2,82.1,4,1
3619.09,210.2,479.6,95.6,5,1
4167.88,157.3,698.2,82.9,6,2
3438.07,185.7,426.0,110.2,5,2
1917.09,113.3,247.7,52.6,4,1
1535.89,103.2,170.0,49.3,4,1
3819.01,155.5,615.6,81.6,6,2
3437.8,223.3,441.3,86.6,4,1
2954.63,227.5,293.0,97.0,4,1
3094.92,144.5,413.1,96.0,5,2
1552.11,102.5,179.9,47.0,5,1
2559.52,120.4,404.4,51.1,5,1
2190.9,208.5,142.7,87.3,4,1
1815.69,161.3,143.8,66.1,4,1
1412.39,95.1,165.2,41.3,4,1
2980.2,185.6,399.3,71.2,4,1
3087.53,109.1,525.3,61.1,5,2
4568.56,204.0,715.8,98.8,5,2
2684.1,104.9,466.4,44.3,4,1
2650.38,121.6,397.2,63.9,6,2
3734.43,188.1,494.2,111.7,5,1
1770.06,130.0,156.5,69.3,5,2
1834.3,134.1,209.0,51.3,4,1
2944.27,154.2,417.2,73.2,5,2
2496.11,253.9,143.4,100.8,4,1
1919.08,145.9,177.2,69.6,4,1
2766.09,179.2,343.7,75.0,4,1
1952.7,211.5,66.9,93.2,5,1
1918.2,132.5,209.0,61.4,4,1
3231.86,135.4,503.1,75.3,5,1
2492.33,117.0,387.4,52.8,4,1
3180.75,180.6,368.0,109.6,5,2
1767.23,109.9,224.5,47.8,4,1
2105.47,151.9,232.1,63.3,5,2
2326.14,215.0,161.1,91.3,4,1
2613.27,172.1,296.9,81.9,4,1
4096.69,209.1,540.9,121.9,5,2
3550.18,177.0,481.1,102.0,5,2
2530.46,168.1,288.8,78.1,5,1
1770.06,104.2,229.2,48.5,4,1
1796.34,115.3,228.8,46.7,4,1
4086.06,170.5,645.7,91.3,5,2
3640.42,130.3,631.0,66.2,6,2
2698.34,120.0,449.5,46.7,5,1
3108.57,205.3,343.2,101.6,4,1
2127.68,90.0,341.9,44.5,4,1
2975.92,116.6,453.6,77.2,5,2
3062.59,127.2,499.0,62.0,4,1
2413.44,189.9,243.2,75.6,4,1
3284.45,118.8,556.2,64.9,5,1
2922.61,180.3,344.0,91.7,6,1
2539.38,121.9,398.0,51.1,4,2
1676.16,160.3,80.8,79.1,4,1
2330.26,120.7,325.8,60.5,5,1
2546.75,167.7,299.2,75.5,4,1
3462.07,180.0,427.5,114.7,6,2
2554.75,174.2,250.1,95.3,5,1
2147.59,121.5,262.3,68.1,5,2
3063.55,160.4,348.8,114.1,6,2
1760.68,118.9,206.1,51.2,4,1
2785.13,146.9,368.3,80.5,5,2
2308.07,209.5,166.6,89.3,4,1
3150.78,143.5,469.9,77.5,5,1
2233.3,128.3,284.9,64.5,6,2
2305.89,202.0,178.8,87.0,4,1
3790.73,186.4,584.2,78.7,4,1
2053.94,148.1,218.8,65.1,4,1
2656.73,156.9,360.1,65.4,4,1
2045.75,94.0,297.4,53.3,6,2
2257.83,141.1,282.4,62.7,4,1
1623.88,131.8,141.1,59.1,5,1
1959.05,178.8,159.8,67.2,4,1
2219.58,111.2,345.1,43.8,4,1
2660.1,196.7,248.0,97.9,5,2
1989.6,206.2,103.8,83.3,5,1
2730.05,106.4,413.4,72.3,5,2
2201.02,142.7,234.8,76.8,4,1
1831.57,229.7,50.6,79.0,4,1
2667.37,100.2,458.2,48.2,4,1
2396.82,102.0,381.3,51.5,6,2
3752.5,131.7,639.5,74.2,6,2
2196.87,122.8,322.4,46.2,5,1
2439.6,220.5,173.1,96.2,4,1
2730.51,202.3,279.1,89.4,4,1
2161.6,175.3,185.0,80.0,5,1
1862.96,138.4,196.6,58.1,4,1
2379.09,161.5,234.3,88.4,5,1
3472.55,161.8,489.4,96.4,5,1
2845.31,154.7,366.3,84.6,4,1
3184.79,147.4,515.1,59.4,4,1
1884.1,107.1,262.4,45.1,5,1
3344.53,225.7,371.4,106.2,4,1
2437.8,155.4,302.3,67.4,4,1
1282.87,132.0,64.1,55.4,4,1
4024.23,163.2,583.8,115.2,5,2
2145.72,148.0,265.7,54.6,4,1
3530.3,129.0,575.7,79.1,6,2
2824.28,183.9,293.3,101.7,4,1
2387.63,150.6,278.3,74.6,4,1
2965.9,113.8,504.1,54.9,5,2
1825.78,101.8,220.5,59.7,5,1
3305.9,164.5,458.7,90.3,6,2
2899.7,158.2,386.5,80.1,4,1
4774.69,202.5,767.9,99.2,5,2
3063.28,104.4,522.0,62.0,5,2
1914.81,97.0,265.9,51.5,5,2
2634.35,143.4,351.5,72.8,5,1
2542.36,107.0,419.4,48.5,4,1
2140.77,124.1,292.0,52.9,4,1
2641.07,126.6,353.0,80.3,5,2
2579.04,214.4,251.0,79.7,4,1
1937.81,195.7,118.3,75.7,4,1
1695.3,138.1,141.9,63.9,4,1
2284.94,118.6,326.1,56.2,5,2
3066.96,141.2,464.7,71.5,4,1
4603.44,179.5,703.6,119.0,5,2
2085.26,156.7,165.4,88.6,4,1
2840.03,151.6,333.4,100.0,6,2
1582.23,151.0,103.4,62.8,4,1
2220.07,107.6,328.1,53.1,5,1
1384.56,123.8,113.1,48.5,4,1
2911.16,141.2,444.6,63.1,5,2
2510.42,153.7,319.0,68.9,5,2
3741.48,189.2,587.1,70.7,4,1
3847.58,193.5,593.3,77.8,4,1
2501.08,227.2,190.1,92.4,5,1
2518.75,225.7,195.9,92.5,4,1
1888.23,132.8,213.9,55.7,4,1
1988.25,137.8,241.0,52.6,4,1
3980.53,193.5,537.6,117.3,6,2
3038.12,120.7,481.6,69.9,5,2
3972.72,145.8,683.4,72.9,5,2
2889.05,117.0,436.3,75.1,5,2
3160.72,209.5,330.6,111.1,5,2
1709.58,94.1,218.1,51.2,4,1
2726.6,99.5,466.0,51.6,6,2
3046.1,146.2,439.9,78.0,4,1
2044.8,208.0,108.3,86.6,4,1
2236.57,112.6,306.7,62.2,4,1
3038.94,187.4,326.8,109.1,5,1
4035.9,191.7,583.9,103.7,5,2
2684.81,246.1,220.8,90.8,4,1
2884.17,188.2,324.7,92.5,4,1
3697.86,181.9,507.1,104.6,5,2
2150.39,120.9,284.4,58.8,5,2
2571.72,165.7,339.3,61.3,4,1
2066.84,90.9,309.1,51.8,5,1
2213.66,238.9,107.6,92.0,4,1
3994.11,205.1,521.1,121.1,6,2
2030.94,222.5,92.9,85.5,4,1
2317.96,170.3,238.1,76.1,4,1
2487.29,208.9,248.4,73.1,4,1
3189.76,228.4,355.7,94.9,4,1
1469.52,138.8,89.2,61.9,4,1
2047.68,202.9,120.1,84.0,4,1
1775.95,148.2,164.9,58.2,4,1
2481.98,216.1,188.6,95.9,4,1
2895.51,137.2,404.8,80.9,4,1
1621.34,128.6,166.3,49.1,4,1
2657.53,112.7,416.5,60.1,4,1
2859.97,105.1,487.4,54.4,4,1
1982.55,154.1,192.4,66.3,4,1
2763.91,167.4,264.5,115.1,6,1
2771.1,154.9,378.5,70.9,5,1
3196.89,97.7,598.2,45.9,5,2
4031.63,210.9,572.7,99.7,4,1
2652.01,134.9,373.1,68.9,5,1
3610.09,164.0,526.4,94.3,4,1
1945.3,202.0,70.7,95.0,4,1
1844.98,161.9,137.7,71.8,4,1
2141.22,97.9,335.9,45.1,6,2
3074.65,174.6,419.4,77.6,5,1
1741.48,175.2,118.4,63.0,4,1
2580.36,104.5,399.4,62.8,5,1
2332.54,182.2,203.8,87.6,4,1
3663.07,175.5,538.3,89.7,5,1
2859.79,223.2,282.3,93.1,5,1
1102.44,120.0,55.4,44.6,4,1
1752.24,112.9,214.3,49.3,4,1
3583.07,132.0,583.5,80.2,6,1
1617.55,162.4,79.4,72.3,4,1
3262.14,147.2,505.2,72.5,4,1
3034.31,134.6,478.3,64.7,4,1
4370.84,186.7,702.3,90.6,5,1
2788.84,165.4,377.3,68.7,6,2
3214.61,164.6,449.0,84.4,5,2
3499.74,185.7,482.9,91.7,5,2
4701.79,205.0,734.2,105.0,6,2
1883.75,233.5,23.8,95.0,4,1
2300.42,119.8,274.2,80.5,5,2
2881.49,137.4,385.2,87.9,5,2
2109.1,243.1,50.5,103.9,4,1
1916.88,111.1,242.7,55.7,6,2
3848.17,153.0,653.9,68.9,5,2
1734.72,112.9,205.8,51.1,5,2
4188.98,212.7,643.2,85.0,5,1
2295.12,192.0,188.3,86.0,5,1
3768.6,169.3,577.3,86.9,5,2
2745.17,170.8,289.0,100.7,5,2
1273.92,175.2,0.0,70.4,4,1
2683.99,129.1,397.2,64.3,6,2
3334.01,152.3,497.3,81.7,6,1
2737.33,92.8,482.9,48.3,6,1
3098.27,103.3,544.9,56.2,6,2
2733.46,205.7,291.2,82.9,4,1
3315.92,171.7,465.0,85.5,6,2
2958.65,129.5,453.9,69.5,5,1
1759.45,112.4,203.1,55.3,4,1
4153.97,193.1,586.5,115.0,5,2
3567.58,146.8,567.5,79.0,4,1
4581.47,205.9,697.4,107.6,5,2
1683.6,155.4,110.6,68.9,4,1
2407.26,201.9,209.7,84.5,4,1
2584.48,197.5,259.0,84.2,4,1
1692.14,125.9,191.9,46.8,4,1
1574.41,146.0,110.2,61.1,4,1
2192.95,136.4,274.1,61.3,5,1
3446.63,170.5,482.9,92.6,4,1
2677.13,175.4,278.0,96.0,5,2
3124.19,155.4,413.2,94.4,6,2
2970.14,205.3,365.9,76.2,4,1
3233.85,146.9,496.7,73.3,4,1
2962.83,122.5,476.6,62.9,5,2
2430.0,230.2,149.0,101.5,4,1
2219.02,165.2,215.7,77.3,4,1
3658.7,147.3,548.9,97.1,6,1
2508.49,145.3,283.1,88.3,4,1
2200.71,150.4,267.8,58.7,4,1
2447.27,137.9,296.0,79.1,5,1
3149.35,161.6,413.7,94.2,5,2
4353.78,191.3,710.3,83.1,4,1
1676.35,177.1,78.5,72.7,4,1
2523.4,164.1,258.6,92.5,4,1
2147.84,131.7,275.8,57.5,4,1
2991.11,180.1,352.7,95.5,6,2
2365.77,213.7,154.0,99.4,4,1
2101.69,126.5,278.9,53.4,4,2
2361.81,140.4,307.4,63.4,4,1
2496.74,124.9,317.3,80.9,5,2
2882.93,158.7,409.0,68.0,4,1
2015.81,135.3,251.9,51.9,4,1
1481.26,178.6,51.5,62.3,4,1
1457.47,108.8,141.2,50.8,4,1
2072.45,96.5,306.7,51.1,5,2
2274.34,123.5,319.2,55.9,5,1
2351.08,188.2,220.4,79.7,4,1
4584.1,180.1,770.4,86.9,4,1
1535.77,119.4,155.1,48.7,4,1
2137.64,245.2,91.4,88.0,4,1
3674.19,160.7,541.7,96.1,5,1
2520.63,117.1,387.1,56.0,5,2
2805.27,161.8,388.3,67.2,4,1
4451.4,168.1,750.2,86.5,6,2
2255.32,175.7,209.6,79.3,4,1
1956.23,126.9,242.3,53.3,4,1
4244.95,155.4,733.8,76.5,5,2
2989.97,189.7,328.1,102.1,5,2
2511.74,159.0,316.2,67.9,4,1
1418.53,128.8,91.9,59.5,4,1
2991.93,110.3,526.1,49.6,5,2
2021.56,110.9,278.1,51.7,5,1
2501.49,142.0,304.7,79.4,6,2
1443.36,223.0,0.0,85.7,4,1
2353.51,119.2,357.8,49.5,4,1
1663.83,147.4,142.5,56.1,4,1
3243.93,195.1,371.6,108.5,6,2
2943.16,202.7,297.2,104.8,4,1
2876.98,208.3,340.1,75.9,4,1
2841.21,99.0,500.1,49.4,5,1
1891.9,102.3,260.9,48.8,5,1
2025.52,160.3,201.7,64.2,4,1
1510.45,121.5,142.9,50.3,4,1
3630.21,143.7,581.9,80.9,6,2
3975.38,195.8,585.4,94.5,4,1
2436.06,203.5,218.5,83.1,4,1
2045.45,217.7,79.6,95.1,4,1
1804.02,149.0,149.2,67.9,4,1
1365.6,121.9,120.8,43.9,4,1
2310.39,221.1,171.3,82.3,4,1
3651.38,147.2,574.6,84.9,6,2
2617.6,187.8,258.7,92.4,5,2
1614.75,127.2,140.0,60.7,4,1
2781.45,98.5,444.8,67.6,5,2
1966.23,102.0,266.3,54.8,5,2
2992.29,184.0,290.9,121.4,6,2
2239.56,191.3,196.5,76.5,4,1
1726.33,104.7,213.4,50.4,5,1
2397.12,106.7,376.6,51.6,4,1
2298.92,100.5,340.8,59.3,6,2
1987.58,191.4,117.0,83.8,4,1
3916.29,199.8,532.8,109.5,5,2
3873.33,136.2,634.7,87.7,5,2
3022.2,215.9,314.4,100.1,5,1
2853.1,183.7,318.8,93.7,5,2
1692.37,114.9,199.9,48.2,4,1
2140.16,165.6,184.2,82.3,4,1
4062.8,211.8,564.6,106.4,5,1
4447.73,159.5,703.8,110.5,5,2
2875.64,187.8,338.8,85.5,4,1
1782.77,105.7,229.7,49.0,4,1
3782.18,172.1,598.9,77.6,5,2
1998.52,134.3,235.8,57.6,4,1
2002.72,122.1,267.0,49.6,4,1
2518.21,145.7,323.6,71.2,5,2
3568.98,172.8,503.7,95.9,6,2
2110.63,110.7,295.7,53.9,5,1
2657.42,155.5,297.9,93.8,5,2
2299.01,135.8,233.9,91.1,6,2
2676.96,147.5,341.9,80.0,4,1
1983.95,115.2,265.3,51.3,4,1
4255.61,164.5,730.6,75.0,6,2
3794.1,193.8,568.3,82.9,4,1
2508.79,100.5,374.4,67.7,6,2
2482.53,119.5,359.7,62.9,5,2
1703.39,122.5,195.8,47.8,4,1
2892.45,237.0,286.1,88.9,4,1
2964.79,172.3,382.2,83.0,4,2
2196.81,123.3,289.2,60.8,5,1
2169.2,184.5,187.5,75.7,4,1
4015.37,141.3,662.0,89.1,5,2
2706.78,249.0,209.1,97.2,4,1
3216.25,148.3,467.1,83.8,4,1
2176.89,111.5,303.6,57.4,6,2
1682.13,127.7,178.5,50.8,4,1
1988.41,215.5,94.6,83.1,4,1
2455.62,201.0,225.5,83.3,4,1
2323.98,111.1,364.0,47.1,5,1
1790.71,94.8,244.7,48.1,6,2
3387.05,219.4,421.2,91.6,5,1
2085.95,166.8,211.6,63.6,4,1
2532.65,152.3,338.3,63.4,4,1
2362.81,162.5,297.8,58.0,4,1
2709.55,144.1,400.3,59.1,4,1
2579.54,164.2,279.3,89.5,5,2
3532.37,244.7,403.3,104.5,4,1
2864.33,222.6,284.2,93.0,4,1
2902.45,149.4,380.9,86.8,6,2
2342.18,82.1,400.5,45.7,5,2
1655.76,184.5,37.8,85.2,4,1
1404.24,112.3,123.6,51.2,4,1
1558.82,175.9,74.5,61.9,4,1
2712.68,151.4,314.7,94.3,5,2
2543.24,186.4,272.9,78.4,4,1
3081.11,168.4,404.1,87.9,5,2
2271.79,193.6,187.8,82.9,5,1
3049.15,158.2,435.3,75.0,5,2
3289.62,121.6,553.6,65.4,5,2
3519.5,170.7,511.8,87.7,4,1
2326.74,99.8,338.6,63.7,5,1
2614.48,98.7,406.0,66.2,6,2
2597.78,145.4,356.0,65.8,5,2
2308.72,149.6,272.1,69.1,4,1
2084.62,128.2,286.6,47.3,4,1
2022.01,123.7,262.8,52.9,4,1
4449.46,181.2,757.0,77.4,6,2
2102.01,144.1,268.5,50.2,4,1
2058.02,103.4,278.9,58.8,4,1
3768.27,223.9,517.5,89.2,5,1
3236.58,177.1,450.0,80.9,5,1
2956.27,134.1,460.9,64.0,4,1
1773.6,151.7,123.4,74.8,4,1
2785.21,131.0,415.5,66.6,4,1
2933.23,165.9,416.0,67.3,4,1
1853.8,172.3,123.4,74.5,4,1
2705.01,112.0,449.9,50.8,5,2
1928.12,220.8,62.8,88.2,4,1
2523.57,180.4,253.6,87.5,4,1
3542.8,173.8,516.9,86.6,4,1
1846.05,150.7,160.3,66.9,4,1
1859.65,99.7,241.4,55.0,4,2
1879.63,140.8,169.2,71.1,5,1
3927.0,170.9,624.6,82.8,4,1
2206.48,152.5,263.1,60.4,4,1
3145.17,122.9,503.9,70.9,6,2
3586.71,163.9,521.8,93.8,5,1
2430.6,118.1,339.9,66.5,4,1
2303.27,94.0,387.0,42.1,5,2
3241.69,188.9,411.3,93.4,5,1
2962.38,219.9,334.9,82.6,4,1
2607.18,188.2,298.9,73.2,4,1
1988.8,220.0,82.4,86.6,4,1
1775.72,137.0,184.0,54.7,4,1
3309.39,214.9,400.3,94.3,5,2
3205.54,172.5,448.5,80.2,4,2
2220.97,192.1,143.8,97.5,5,1
2729.56,163.8,320.7,88.0,4,1
3116.21,181.0,435.8,72.1,4,1
2621.07,179.8,290.1,82.4,4,1
1921.13,150.7,215.8,50.6,4,1
3630.98,192.2,492.1,99.3,5,1
3548.25,167.2,533.0,83.0,4,1
2838.06,168.1,379.6,71.9,4,1
3173.0,151.3,490.2,67.5,4,1
2502.84,199.4,230.7,86.9,4,1
3609.53,172.3,538.2,85.3,4,1
2698.94,127.6,407.5,62.1,5,2
2719.11,155.8,333.2,84.8,6,2
3186.1,185.5,377.1,104.0,5,2
2854.15,225.4,276.9,93.9,4,1
1948.65,197.9,94.7,86.5,4,1
3553.48,130.6,609.1,66.1,5,2
2212.88,197.7,157.1,88.2,4,1
2755.99,205.3,299.6,81.8,4,1
1764.62,213.1,33.9,86.3,4,1
3781.61,182.2,507.9,113.5,6,2
2935.85,167.4,394.6,76.4,5,2
3159.15,166.6,408.1,95.6,5,2
1891.44,127.7,221.7,54.9,4,1
2838.91,144.6,425.5,62.1,4,1
3796.82,194.7,554.8,88.8,5,2
2807.13,111.9,451.8,61.4,5,1
3354.92,176.3,448.2,95.2,5,1
1748.85,167.2,132.6,61.1,4,1
2837.68,138.5,418.1,67.9,5,1
1541.93,112.8,177.3,42.4,4,1
2060.07,130.4,248.6,60.5,4,1
1458.06,123.1,124.2,52.1,4,1
2590.7,183.5,288.6,78.0,4,1
1844.85,111.0,231.8,52.6,4,1
2266.7,156.6,266.7,63.7,4,1
2291.58,152.2,242.1,79.4,4,1
2428.66,126.0,334.1,65.4,5,2
2910.79,107.5,457.0,72.5,5,1
3093.61,218.7,344.2,93.6,4,1
2072.95,96.1,310.8,49.5,6,2
2703.03,242.5,233.8,88.7,4,1
2829.8,184.4,335.1,83.5,4,1
2226.31,90.7,328.6,61.0,5,2
3003.9,188.3,344.8,96.9,5,1
2991.26,139.3,400.0,92.7,5,2
1878.48,150.8,172.7,65.0,4,1
2147.25,110.6,293.1,59.2,5,1
1778.05,163.5,105.5,78.0,4,1
4386.91,164.7,713.6,97.1,6,2
2688.73,155.3,334.9,80.9,5,1
2177.31,228.7,94.2,98.4,4,1
1356.56,122.0,112.1,46.7,4,1
3746.74,160.2,574.3,89.9,6,1
1840.64,122.2,224.5,50.4,4,1
1148.05,120.8,66.0,44.5,4,1
2683.95,229.5,240.2,89.5,4,1
2964.55,173.4,317.9,111.0,5,2
1466.75,143.8,79.6,63.7,4,1
1496.93,109.8,163.9,44.6,5,1
3753.79,208.0,525.7,91.0,5,1
1734.2,109.1,205.0,53.1,4,1
2917.44,129.8,450.3,66.3,4,1
3505.83,146.5,563.9,73.8,4,1
2011.88,138.1,241.8,54.7,4,1
5083.11,181.4,797.3,129.8,6,2
2955.0,194.8,370.5,77.1,4,1
3719.78,233.5,469.4,100.9,4,1
1960.28,240.7,57.8,85.1,4,1
2824.38,178.3,338.1,84.3,5,1
2303.53,97.6,360.8,52.2,6,2
1782.81,123.6,217.2,46.6,4,1
2361.75,122.1,355.7,50.1,5,1
3843.32,201.5,528.4,102.7,4,2
3075.4,171.9,402.6,86.4,4,1
2978.79,104.2,499.5,62.7,5,2
2414.82,185.6,245.7,76.6,4,1
2453.33,152.4,318.2,63.5,4,1
2365.47,128.9,351.5,49.3,4,1
2033.2,132.9,217.4,70.3,4,1
1750.47,140.4,168.6,57.1,4,1
2698.55,127.5,369.2,79.1,6,2
2957.81,167.7,329.9,107.5,5,2
1923.53,102.9,274.7,45.9,5,2
2381.37,192.8,210.4,85.4,4,1
1459.58,126.4,119.2,53.0,4,1
2909.43,177.8,321.0,101.6,6,1
1478.44,150.8,97.2,54.1,4,1
1735.93,100.5,219.9,50.5,4,1
2501.87,209.9,209.9,91.4,4,1
2155.28,122.2,276.4,62.3,5,1
4006.08,184.0,558.8,115.0,5,2
3251.75,171.2,460.4,80.6,5,1
1355.13,111.5,122.2,46.7,4,1
2622.49,207.8,267.3,80.2,4,1
3402.38,152.0,543.1,69.1,5,1
1798.44,157.9,167.1,55.4,4,1
2174.51,117.7,305.2,53.7,5,2
1990.06,125.5,254.8,52.1,4,1
2064.91,153.3,201.1,71.9,5,1
2753.58,169.1,307.3,94.2,5,1
2243.41,153.7,219.1,83.5,5,1
2890.87,188.4,352.5,80.8,4,1
3129.6,215.0,371.5,87.1,5,1
3272.48,155.8,495.0,74.4,6,2
1825.32,166.4,113.2,78.5,4,1
1188.72,159.6,8.4,57.4,4,1
1617.82,118.9,186.8,43.9,4,1
2694.11,100.5,461.9,49.4,6,2
2638.35,258.7,192.3,92.7,4,1
2330.47,110.8,359.0,50.1,4,1
1912.66,88.5,273.7,51.5,5,2
2833.32,207.6,307.6,85.9,4,1
2210.09,209.6,160.0,81.3,4,1
2611.58,120.8,341.5,84.7,5,2
2359.3,175.1,236.2,79.3,4,1
2497.42,105.4,401.3,52.3,6,1
1454.44,174.3,40.3,66.2,4,1
2730.99,121.6,373.6,83.4,5,2
2769.09,204.2,306.1,80.8,4,1
3349.08,224.6,416.6,87.1,4,1
3444.94,158.0,508.3,86.6,5,2
2526.74,98.7,423.5,48.6,5,1
2593.49,206.2,244.9,87.7,4,1
2761.86,194.3,326.6,75.4,4,1
1671.99,106.7,208.2,45.8,5,1
3698.48,140.9,629.6,68.5,5,2
2883.06,236.4,294.1,84.6,4,1
2261.33,249.2,111.3,91.0,4,1
3042.69,142.7,427.8,84.6,5,2
4564.13,185.9,710.4,108.8,5,2
3081.26,212.2,344.7,94.8,4,1
2563.28,107.0,416.2,52.3,5,1
1633.92,150.7,128.1,57.6,4,1
2912.56,151.8,376.1,89.0,5,1
2696.84,224.7,252.4,87.6,4,1
2950.1,198.1,374.4,73.4,4,1
2181.58,174.6,192.3,79.3,4,1
2017.23,154.7,172.9,78.6,4,1
2993.68,203.2,323.0,98.8,5,1
3332.42,176.1,469.5,83.3,5,2
4460.8,194.1,709.0,94.3,5,1
2115.0,176.3,131.0,98.4,4,1
2450.4,233.2,172.2,92.1,4,1
1462.13,137.3,85.1,63.6,4,1
2032.4,159.4,178.6,75.6,4,1
2436.81,83.4,403.6,54.3,6,2
1903.64,177.0,137.5,71.7,4,1
2897.86,166.9,364.1,86.0,4,2
2725.59,187.4,315.8,79.2,4,2
1673.36,160.5,99.3,70.5,4,1
1968.35,121.9,253.8,51.7,4,1
2408.73,173.3,278.3,66.9,4,1
1895.29,107.9,248.6,52.1,4,1
2079.0,140.8,233.0,64.9,4,1
2879.89,133.8,464.0,54.3,4,2
2355.92,119.2,331.9,61.3,5,1
2558.85,113.5,393.3,59.1,4,1
2837.42,103.6,480.9,55.5,5,1
2876.27,154.7,363.8,89.1,5,1
2655.21,196.1,304.8,72.4,4,1
2211.22,139.8,266.9,64.9,4,1
2520.55,151.3,335.3,63.8,4,1
2671.84,200.7,288.2,79.6,4,1
2665.09,196.6,290.7,79.5,4,1
2014.37,115.0,252.8,60.3,5,1
2489.84,173.9,255.1,86.0,5,1
1769.28,110.2,185.3,65.2,4,1
2010.9,241.7,69.9,85.0,4,1
2093.07,144.8,250.2,57.0,4,1
1419.14,102.6,155.6,42.9,4,1
2674.48,130.8,384.0,68.4,5,1
2166.99,167.3,209.7,73.2,5,1
2890.28,92.9,531.4,43.7,5,2
2861.83,196.1,266.9,112.2,5,2
2453.23,103.3,365.5,64.2,5,2
1447.32,133.6,107.6,53.6,4,1
2102.95,90.6,339.5,42.5,6,1
1655.79,134.0,139.4,62.4,4,1
2957.52,93.1,523.3,54.6,5,2
2663.36,132.7,405.1,56.9,4,1
3818.84,164.1,605.1,82.4,5,2
1540.08,130.4,124.0,58.1,4,1
2601.93,165.8,280.9,90.6,5,2
2866.47,185.5,363.9,74.3,4,1
1913.7,91.7,269.2,52.2,6,2
2491.5,167.2,303.6,67.6,4,1
3504.72,172.8,530.0,77.1,6,2
2717.79,229.6,261.4,83.8,4,1
2261.2,141.0,294.0,57.9,4,1
2623.49,183.2,307.3,73.5,4,1
2253.27,178.1,220.5,73.2,4,1
2162.46,233.5,90.8,96.1,4,1
2369.48,107.8,354.8,57.7,4,1
2050.54,205.2,136.9,75.8,4,1
3364.66,206.3,399.8,104.5,5,1
2510.97,122.8,366.2,61.7,6,2
2218.03,175.8,194.6,81.8,4,1
3345.27,105.9,583.6,65.2,5,2
2775.15,176.7,294.7,98.8,4,1
2745.35,199.3,297.4,84.3,4,1
4024.53,163.7,640.4,89.8,6,2
1735.2,140.1,154.9,61.7,4,1
3831.79,130.5,687.4,62.2,5,2
2937.65,135.3,436.4,72.3,6,1
1662.5,169.8,88.4,70.0,4,1
3115.66,259.3,286.7,103.5,4,1
1886.73,225.9,46.9,88.4,4,1
2088.33,193.6,150.1,79.2,4,1
3687.04,161.5,519.7,106.9,6,2
1884.93,196.4,98.6,78.3,4,1
2221.64,167.1,226.6,71.9,5,2
2824.88,235.4,264.4,91.8,4,1
3330.7,202.9,422.2,92.3,5,2
2411.12,111.7,346.3,64.3,5,2
3292.33,148.1,500.3,77.6,5,1
3137.44,194.5,371.0,97.3,5,2
3025.38,205.4,261.6,128.6,6,2
3029.95,179.8,400.3,78.8,4,1
954.0,114.4,27.0,43.2,4,1
2689.82,185.5,273.1,95.1,6,2
1365.92,114.8,108.7,52.4,4,1
1968.86,157.0,197.1,61.4,4,1
3458.06,148.8,534.0,80.7,4,1
1930.78,189.2,104.2,84.1,4,1
2456.04,174.3,289.5,66.8,4,1
1891.68,220.9,17.1,104.4,4,1
3172.16,160.3,439.6,85.8,5,2
2825.12,127.5,435.9,63.5,5,1
3024.7,132.7,462.7,71.5,5,2
4121.65,173.0,573.0,126.4,5,1
3043.24,207.2,385.0,74.9,4,1
2267.04,139.6,310.7,51.7,4,1
4085.91,193.9,592.9,104.3,6,1
2242.14,125.4,283.7,67.3,5,1
1859.04,121.2,185.9,70.1,4,1
2580.64,139.4,319.5,82.8,5,2
1522.34,112.9,170.6,43.1,4,1
2071.12,101.3,298.8,52.3,5,2
1366.56,131.2,76.1,59.7,4,1
2757.94,108.5,463.8,52.1,5,2
1325.66,116.3,103.3,49.7,4,1
1608.03,134.7,151.3,51.5,4,1
2190.54,141.0,261.6,64.4,4,1
2383.22,139.4,279.8,78.5,5,2
2895.73,165.4,338.3,97.9,5,2
3355.74,160.3,524.3,68.6,4,1
3779.4,204.1,480.8,115.5,5,2
4722.16,190.2,808.0,81.0,6,2
4147.25,172.5,673.1,85.0,5,1
1951.29,174.2,152.9,71.4,4,1
2830.89,160.6,398.2,66.2,5,1
2321.85,110.9,360.4,48.5,4,1
3040.61,113.7,489.9,69.5,5,2
2402.89,145.1,300.1,69.1,5,1
1903.2,211.1,52.4,94.3,4,1
2343.8,169.3,250.7,73.8,4,1
3021.29,225.6,321.2,92.7,4,1
2453.06,205.4,212.2,87.0,4,1
2397.68,180.7,251.1,74.5,4,1
3849.02,171.9,575.9,95.3,5,1
3581.98,175.5,482.1,105.7,6,2
2137.26,175.3,189.4,75.4,4,1
3086.91,185.3,399.0,83.3,4,2
2186.5,104.6,343.3,43.9,6,2
2591.41,242.6,170.4,104.4,4,1
1609.01,131.2,145.3,55.9,4,1
4344.08,176.2,666.9,107.9,5,2
2318.44,93.7,352.4,59.3,5,2
2308.73,152.5,294.1,58.0,4,1
2594.29,99.5,434.9,50.7,4,1
2197.87,152.0,249.6,65.7,4,1
3253.47,190.1,436.8,82.9,5,1
1893.02,139.5,213.4,53.5,4,1
2625.5,232.1,230.5,86.1,4,1
3231.28,121.9,531.2,68.8,5,2
2442.69,94.3,421.7,42.1,5,2
1632.96,206.4,6.8,86.7,4,1
2091.68,185.1,185.7,67.6,4,1
2958.78,108.4,524.9,47.3,5,2
1911.99,166.7,140.4,76.0,5,2
1854.55,147.1,166.9,66.5,4,1
1514.37,112.5,166.4,44.3,4,1
4170.38,171.3,688.5,81.2,6,2
1349.04,142.2,69.3,55.9,4,1
1499.69,137.2,114.4,54.8,4,1
2787.26,115.3,428.1,68.2,5,1
2689.77,134.2,393.0,64.6,4,2
3267.28,149.1,514.1,68.3,5,1
2803.45,144.6,401.1,69.0,5,1
1820.43,210.6,48.7,87.0,4,1
2633.48,124.4,349.4,82.0,6,2
3536.05,138.8,572.0,77.0,5,2
2508.53,192.9,242.6,85.2,4,1
3289.19,178.3,480.3,72.8,5,1
1996.12,174.3,148.9,78.1,4,1
2632.76,100.6,434.3,54.8,4,1
2466.36,247.5,151.0,96.9,4,1
2282.04,163.4,220.7,82.8,4,1
2602.44,161.8,303.4,82.4,5,1
2268.36,115.0,312.9,61.9,5,1
3565.58,173.3,492.6,100.2,5,1
4116.34,172.3,603.8,112.4,5,2
2856.24,123.1,412.4,79.3,5,2
1806.29,156.2,153.1,63.2,4,1
1949.45,168.7,170.7,65.8,4,1
2607.49,114.5,425.5,49.7,4,1
1542.6,92.9,180.6,49.8,4,1
4000.35,177.2,618.6,90.8,4,1
2423.15,90.7,393.9,53.9,5,2
3354.88,204.2,424.7,93.3,5,1
2388.32,242.7,137.3,96.5,4,1
2146.38,130.0,236.5,75.6,5,1
2765.41,187.0,295.4,92.8,5,2
1383.4,114.4,113.0,52.7,4,1
3122.05,167.3,416.4,87.5,5,2
2598.2,114.8,402.0,59.0,5,2
1647.37,112.8,188.2,49.3,4,1
3054.01,217.7,343.8,89.8,4,1
2871.85,141.0,427.0,66.7,4,1
3146.81,206.0,347.7,103.6,5,2
2121.9,182.7,153.0,86.6,4,1
2487.38,183.6,221.3,96.4,5,1
1810.48,138.1,185.1,57.5,4,1
1920.96,141.4,198.7,62.3,4,1
3514.54,110.4,620.7,65.6,5,2
2446.29,121.8,359.4,57.9,4,1
3555.78,194.7,513.1,80.5,5,1
1956.11,150.4,172.8,73.7,4,1
2731.8,213.9,277.2,85.3,4,1
3923.18,162.6,613.9,90.8,6,1
2600.16,123.7,402.8,54.9,5,1
2526.28,100.8,435.7,42.3,4,1
2815.38,93.8,515.1,42.2,5,2
2076.95,118.0,291.3,48.9,4,1
3775.33,174.1,555.3,95.3,5,2
3032.2,151.1,419.1,83.5,5,2
3647.67,173.3,458.7,124.4,5,2
2946.67,216.0,306.5,95.2,5,2
1689.98,110.0,182.8,57.7,4,1
2262.73,155.7,272.0,61.3,4,1
2890.44,151.5,397.8,77.0,5,2
2181.18,156.6,251.4,61.0,4,1
3195.61,138.9,517.0,63.6,5,1
3700.09,151.2,569.2,90.9,5,2
1728.34,199.9,39.3,85.7,4,1
3029.78,119.0,509.8,57.2,5,2
2949.61,191.7,332.0,95.0,4,1
2068.4,174.8,147.9,86.4,5,1
1838.43,124.1,223.4,49.8,4,1
3447.61,155.1,503.4,90.4,4,1
2419.79,98.5,397.3,48.5,4,1
2106.59,132.3,275.9,52.6,4,1
2595.01,172.9,310.7,73.4,4,1
1664.46,163.8,113.4,61.7,4,1
2595.75,166.2,340.0,63.5,4,1
2275.77,107.5,309.8,67.4,5,2
3503.81,217.9,450.9,92.1,4,1
2477.9,123.5,365.7,57.9,5,1
1889.16,116.0,249.7,47.4,4,1
2933.61,97.9,493.2,63.2,5,2
3358.13,172.7,493.6,77.0,5,1
3330.16,170.6,491.1,75.9,5,1
2500.96,120.3,364.1,62.6,6,2
2422.28,120.8,348.4,60.6,4,1
2153.94,147.8,224.0,74.1,4,1
2866.94,176.3,367.2,77.0,4,1
2030.19,174.3,176.0,69.9,4,1
2190.65,96.8,345.0,47.0,4,1
2379.34,168.8,241.5,82.0,4,1
3503.99,175.5,512.7,83.5,4,1
3464.01,175.8,504.1,82.7,5,2
2547.88,158.3,328.6,66.7,4,1
1988.98,89.4,286.9,53.7,5,2
3071.85,220.8,326.9,97.9,4,1
3370.6,189.9,421.6,102.7,4,1
2235.51,153.4,251.7,68.3,5,1
3693.78,143.3,628.1,67.6,6,2
2601.22,174.6,258.8,96.4,5,1
2234.78,144.4,248.9,73.5,5,1
3082.27,117.5,493.2,71.1,6,1
2330.08,215.5,171.7,86.8,4,1
3012.44,192.7,358.9,89.6,4,1
3081.02,94.6,552.3,54.8,5,2
3064.64,172.9,331.6,116.3,6,2
3688.36,164.3,544.2,94.9,5,2
2585.34,133.1,355.5,70.1,5,1
3388.19,122.1,531.5,86.0,5,2
2894.13,206.7,227.4,128.6,6,2
2313.24,149.2,296.1,59.1,4,1
1918.89,121.5,251.8,47.3,4,1
4183.63,160.3,718.4,74.3,5,2
2512.91,112.8,370.9,64.2,6,2
2641.5,139.3,308.6,94.4,6,2
3535.77,206.7,503.3,77.3,5,1
3029.0,192.1,319.1,109.3,5,2
2950.85,111.1,498.8,56.8,5,2
3684.34,164.9,567.2,84.0,5,2
2831.05,187.3,333.2,83.2,4,1
3741.55,142.1,600.4,85.7,6,2
1270.8,167.4,16.2,59.6,4,1
3913.48,157.6,648.4,76.6,5,1
2157.85,195.1,160.2,81.9,4,1
1642.32,170.4,91.8,66.0,4,1
2675.68,120.0,366.1,81.3,6,1
3949.07,178.9,544.6,117.2,5,2
3523.22,175.0,522.8,81.4,5,2
3855.84,144.4,613.8,91.4,5,1
3480.23,207.7,462.5,88.8,5,1
3046.23,219.3,304.1,105.8,4,1
3110.68,237.3,303.2,105.4,4,1
2218.75,183.8,205.3,73.6,4,1
1644.75,126.2,183.6,45.0,4,1
4023.48,170.0,647.2,83.8,6,1
3460.96,211.4,436.6,96.6,5,1
2093.51,132.2,279.7,49.5,4,1
3699.54,156.2,586.0,81.2,6,2
2888.76,167.4,366.9,83.5,4,1
1760.71,152.5,153.7,59.5,4,1
2838.53,163.4,378.7,74.5,4,1
2545.48,196.2,264.9,77.9,4,1
2257.23,88.0,385.0,40.6,5,2
1707.17,115.7,205.8,46.8,4,1
3168.67,142.9,428.8,98.0,5,2
3217.16,168.2,404.5,102.9,5,1
2456.72,128.9,352.2,59.1,4,1
1288.11,111.9,104.0,47.2,4,1
2855.53,114.0,433.0,74.1,6,1
2650.7,162.8,309.1,84.8,5,2
2235.56,194.8,187.2,78.6,4,1
3537.85,178.9,532.9,76.8,4,1
2297.21,156.7,252.6,73.3,4,1
3538.14,131.0,628.5,55.6,6,2
3539.02,182.4,473.6,101.7,5,2
1792.81,105.3,216.9,56.0,5,2
2445.01,157.5,302.4,67.3,4,1
2019.58,190.3,138.7,78.2,4,1
3370.12,189.6,459.5,86.0,5,2
2917.47,182.8,371.7,77.7,4,1
1763.47,107.9,194.3,61.6,4,1
2682.97,213.6,212.2,108.9,4,1
2104.64,135.0,235.1,69.4,5,1
2666.76,214.7,264.7,83.2,4,1
2567.71,192.9,287.6,71.7,4,1
1692.49,165.4,110.8,65.3,4,1
2415.63,162.8,269.7,76.2,4,1
3248.0,142.7,514.2,69.0,5,1
2430.18,181.7,236.1,84.3,4,1
1825.7,211.5,40.8,90.7,4,1
1688.14,123.4,182.6,51.6,4,1
3612.46,194.2,468.9,106.7,6,2
2716.39,216.8,274.9,83.3,4,1
2483.3,94.0,403.2,55.0,5,1
1916.33,147.0,199.4,59.0,4,1
2594.89,249.2,184.7,95.5,4,1
3985.44,219.5,580.9,87.1,4,1
1394.08,136.5,91.0,53.8,4,1
1915.4,174.2,163.9,62.5,4,1
2273.12,104.4,362.4,45.1,4,1
2970.57,182.9,344.3,95.8,6,1
1552.36,114.3,168.7,46.7,4,1
2282.02,246.6,114.3,93.2,4,1
2184.44,240.0,105.7,89.1,4,1
2820.29,228.3,253.8,99.1,4,1
1927.42,112.5,254.3,51.1,5,1
2024.29,115.0,278.2,50.2,4,1
2838.35,122.5,457.8,57.5,6,2
2229.5,179.7,233.6,64.1,4,1
2238.7,120.4,299.5,62.2,6,2
2700.89,130.0,387.4,70.2,4,1
2038.89,121.5,233.4,68.8,5,1
2188.72,133.5,305.8,48.0,4,1
2619.37,145.3,335.0,77.6,5,1
2022.62,106.3,292.3,47.6,5,2
2919.88,147.8,442.5,62.1,4,1
1885.51,129.9,208.7,59.0,4,1
3565.57,169.2,519.1,90.3,5,2
2426.39,135.7,340.7,57.9,4,1
1402.5,141.9,84.6,55.2,4,1
1702.1,154.7,117.3,68.2,4,1
1682.52,212.6,21.9,82.7,4,1
3007.58,90.0,533.9,56.9,5,2
1457.52,188.2,0.0,84.4,4,1
3870.87,172.9,544.0,111.4,5,2
1551.8,102.0,180.6,46.8,4,1
2029.49,149.9,227.4,57.8,4,1
1724.55,113.8,197.4,53.3,4,1
2721.72,227.9,271.4,80.5,4,1
3014.34,130.0,454.8,75.0,4,1
1880.54,103.9,238.8,56.6,5,1
2672.2,192.2,314.2,71.9,4,1
1755.9,117.0,207.0,51.1,5,1
3569.19,150.7,548.0,86.1,5,2
3030.89,184.4,399.8,77.1,4,1
2623.33,192.6,266.3,87.5,5,1
1985.27,121.3,238.9,60.5,4,1
3365.54,122.0,568.8,66.9,5,1
1959.66,112.4,269.1,48.2,4,1
2121.44,161.0,214.6,68.8,4,1
3184.51,196.0,395.6,90.9,4,1
2107.71,242.3,68.2,96.2,4,1
2432.58,96.6,379.0,58.9,5,2
1614.29,129.0,146.0,57.1,4,1
2464.11,153.7,324.5,61.3,4,2
3680.78,186.2,471.9,116.5,5,2
2056.99,138.0,260.3,51.5,4,1
1876.33,207.0,53.2,92.9,4,1
4332.87,227.5,639.2,96.2,5,1
2551.84,196.4,278.2,72.6,4,1
3074.5,106.6,559.3,45.7,6,1
2907.72,194.0,355.5,78.8,4,1
2712.93,150.4,363.8,72.9,5,1
3448.82,124.7,574.0,72.7,4,1
2542.8,141.8,315.4,79.3,6,2
2718.19,174.9,349.1,69.1,4,1
1793.37,161.6,146.4,62.4,4,1
2287.3,190.0,217.4,73.1,4,1
3210.24,223.5,384.6,86.4,4,1
2119.51,125.8,266.7,61.1,4,1
2509.44,114.2,400.8,49.9,4,1
2042.6,106.9,289.7,50.7,6,2
2527.72,175.2,317.6,61.9,4,1
4420.49,166.7,694.0,108.6,6,2
2107.36,105.7,267.9,68.1,5,2
3073.52,124.0,511.8,59.0,4,1
1870.24,110.5,224.9,58.7,5,1
2160.47,180.8,169.4,84.4,4,1
3390.27,176.4,483.4,83.4,5,2
2851.2,148.1,428.9,60.4,4,1
2988.22,194.4,325.1,101.2,5,1
1660.92,136.2,155.2,55.0,4,1
2080.95,83.9,301.3,60.0,5,1
2769.75,105.7,446.8,62.2,6,2
2546.96,139.7,340.8,69.4,5,1
1379.95,117.6,131.8,42.5,4,1
1543.77,138.3,117.6,57.8,4,1
2293.15,145.8,292.4,60.0,4,1
2401.39,166.1,262.8,76.2,4,1
3689.32,190.6,471.8,115.5,6,2
3346.56,155.8,455.3,100.2,6,2
2664.45,230.9,207.9,101.0,4,1
2627.6,177.8,297.5,80.7,4,1
2802.54,122.1,440.0,61.6,5,2
3389.79,185.9,467.2,86.4,4,1
2763.55,204.4,292.4,86.3,4,1
2416.24,218.8,179.6,91.4,4,1
1348.57,129.0,77.6,58.0,4,1
2209.69,94.0,314.9,63.8,5,2
2469.76,152.4,292.0,76.9,4,1
1634.87,124.6,159.4,55.4,4,1
1706.8,126.6,189.6,49.1,4,1
2231.86,116.9,323.5,52.3,4,1
3057.51,225.2,313.4,100.4,4,1
2607.29,124.4,383.7,63.9,5,2
2181.3,239.9,78.7,100.8,4,1
1922.75,178.8,132.2,75.4,4,1
1856.54,149.1,190.8,55.2,4,1
1935.96,122.6,222.1,61.9,5,1
3539.38,189.8,466.9,101.4,5,2
2724.24,86.1,452.0,63.6,5,2
2652.0,101.8,445.6,51.4,5,1
3091.78,158.7,382.1,103.2,6,2
2422.77,160.8,283.5,71.7,4,1
2147.38,242.1,82.9,94.1,4,1
4377.02,177.4,719.6,87.7,4,1
1734.6,178.8,65.6,84.1,5,1
2420.06,209.4,211.5,81.8,4,1
3696.92,193.4,545.2,82.5,4,1
2682.65,227.2,233.5,93.3,4,1
2097.57,242.4,77.9,90.7,4,1
2015.93,191.9,148.4,72.7,4,1
2871.95,109.0,472.9,60.5,5,2
2519.54,160.6,293.5,78.1,4,1
3565.81,177.1,533.6,80.3,5,2
4240.9,164.1,725.3,75.9,5,1
3130.58,186.8,395.7,88.9,5,1
3770.04,120.2,650.4,76.4,5,2
1361.39,130.4,96.2,50.6,4,1
2373.92,147.5,296.1,66.6,4,1
3342.1,130.1,527.8,78.9,4,1
1260.28,114.8,92.7,47.8,4,1
2453.25,149.4,307.5,69.5,5,2
2447.84,143.1,339.2,57.6,5,1
1390.21,169.2,20.3,70.2,4,1
2898.62,145.7,412.5,74.0,5,2
2117.64,169.5,204.2,69.2,4,1
1789.53,140.7,157.3,66.4,4,1
1882.8,258.9,0.0,97.0,4,1
1957.8,196.7,144.3,66.0,4,1
2908.46,256.4,264.4,91.7,4,1
2544.27,110.9,398.9,56.1,5,1
2024.05,144.5,220.0,62.9,4,1
2545.61,105.3,417.4,50.6,4,1
2605.19,163.1,333.7,68.7,5,1
3993.1,183.7,586.4,101.4,5,2
1810.33,176.4,123.8,67.8,4,1
1756.2,130.5,145.8,72.3,5,1
2643.91,82.3,468.8,48.8,5,2
2490.75,109.9,368.8,64.0,5,1
1878.25,197.3,98.4,77.3,4,1
2768.85,207.3,301.0,81.7,4,2
4289.37,201.8,665.0,91.4,4,1
2680.29,201.5,281.3,83.2,4,1
3558.66,213.8,479.3,87.4,5,1
2466.58,142.4,340.2,59.6,5,1
4220.53,188.9,573.5,130.1,5,1
2063.41,182.0,166.8,74.3,4,1
3275.27,162.0,467.0,84.4,4,1
2960.66,161.5,430.8,65.7,5,1
2634.28,171.1,317.0,75.8,5,1
1706.65,138.8,140.9,65.3,4,1
2317.52,165.3,278.8,60.1,4,1
2296.18,187.2,200.2,83.0,4,1
1861.01,215.8,49.0,89.1,4,1
2022.39,153.1,212.4,62.3,4,1
2312.78,112.1,324.0,63.1,4,1
2473.18,222.0,187.0,93.0,4,1
2134.16,173.8,179.7,80.0,4,1
1859.58,181.5,105.1,79.2,4,1
2447.09,156.9,286.5,74.8,5,1
1737.09,196.1,65.2,76.9,4,1
2322.16,180.8,213.0,83.0,5,1
2263.74,160.6,271.7,59.4,4,1
1379.19,139.3,66.0,62.0,4,1
3067.36,189.6,408.8,74.9,4,1
1584.0,154.5,72.9,74.9,4,1
3194.23,162.2,490.2,64.9,4,1
2107.35,152.1,230.4,64.2,4,1
1512.78,139.3,84.7,68.5,4,1
2838.6,136.5,411.7,71.7,6,2
3121.48,159.1,473.1,65.9,5,2
1869.07,187.5,126.7,68.0,4,1
2300.8,122.7,283.4,75.2,5,2
1764.82,103.6,213.0,55.4,5,1
2094.56,170.4,181.3,76.4,4,1
2493.09,198.2,268.4,69.7,4,1
2858.99,162.0,360.9,85.3,5,2
2290.57,145.2,272.8,68.7,4,1
4647.32,162.9,781.0,96.9,6,2
3245.88,150.8,444.5,96.1,6,2
1637.8,150.8,118.9,62.1,4,1
3156.93,150.0,398.7,106.9,5,2
2400.46,194.2,237.2,75.0,4,1
1850.24,160.8,159.5,63.2,4,1
3293.28,153.5,473.6,87.2,4,1
3610.69,178.5,514.1,93.4,4,1
1586.25,123.5,151.0,54.3,5,1
3048.16,116.3,496.5,66.3,5,2
1658.86,206.7,18.3,84.3,4,1
2494.08,98.1,419.0,47.3,5,2
1856.06,137.1,203.3,54.9,4,1
3013.88,214.7,328.2,93.6,4,1
3634.43,143.0,612.7,67.9,5,2
4449.33,165.1,749.2,88.0,5,2
2836.42,126.0,443.8,61.9,4,1
1728.81,199.4,54.5,79.2,4,1
4094.28,179.5,572.1,120.9,5,2
2396.24,190.9,234.1,77.3,5,1
3223.08,173.6,434.9,87.7,6,2
3829.02,178.5,518.9,115.5,5,1
2988.52,153.5,403.6,84.5,6,1
3054.96,129.4,450.1,81.9,6,2
2702.6,185.8,272.7,96.5,5,2
1495.68,146.9,87.7,61.9,4,1
2756.73,164.7,318.1,91.7,4,1
3204.35,166.7,459.6,77.7,4,1
1548.36,165.5,57.6,72.9,4,1
1641.38,142.9,141.0,56.2,4,1
2021.83,191.3,150.5,72.8,4,1
3098.79,139.4,486.8,66.0,4,1
3448.71,168.1,474.3,97.7,6,2
3168.75,205.3,401.6,82.3,4,1
3180.9,128.3,513.7,68.1,4,1
2770.57,190.0,313.8,83.9,4,1
3199.77,206.0,394.4,88.7,4,1
2763.37,236.5,218.8,104.7,4,1
3300.7,152.2,428.6,108.6,5,2
3363.77,133.8,527.2,80.0,5,1
2668.62,95.9,457.1,50.7,5,2
2943.73,221.9,312.5,89.6,4,1
2610.79,111.0,420.9,53.7,5,1
1576.08,186.1,9.6,88.1,4,1
2569.21,181.0,291.9,75.3,4,1
2287.17,129.8,283.1,70.6,4,1
3253.88,228.3,381.2,90.7,4,1
4146.05,166.1,686.9,81.5,6,2
2101.78,147.3,219.7,70.5,5,1
3380.93,169.0,511.9,73.1,4,1
2537.86,132.3,296.5,91.4,5,2
1967.5,227.1,66.5,88.1,4,1
1805.18,90.0,221.2,62.3,5,2
3287.97,190.9,438.7,85.5,4,1
1830.57,121.4,240.1,42.7,4,1
1426.7,161.3,66.2,57.4,4,1
2307.78,212.8,170.1,86.3,5,1
3784.46,174.9,486.8,126.4,5,1
2743.14,95.4,465.2,55.6,6,2
2927.43,204.5,322.0,91.3,5,1
1723.44,202.3,44.4,81.8,4,1
2579.47,101.5,413.3,57.8,6,2
1939.09,119.8,241.6,54.8,4,1
2341.94,144.5,291.3,66.5,4,1
2157.65,207.4,111.8,97.9,4,1
1426.62,131.8,104.3,53.6,4,1
2249.22,123.5,320.9,52.4,4,1
4001.68,176.5,620.8,90.3,6,1
2431.23,127.1,321.8,70.6,5,1
3104.83,156.7,440.9,79.4,5,2
1699.61,148.1,143.6,59.2,4,1
2267.79,189.9,193.2,81.7,4,1
2208.69,182.8,217.7,67.4,4,1
3110.99,145.8,470.0,72.0,4,1
3001.01,180.6,398.0,76.3,4,1
2802.48,137.9,416.1,65.2,5,1
1938.2,184.3,130.2,75.6,4,1
2577.03,205.2,240.2,88.4,4,1
2243.49,168.1,235.7,69.8,4,1
2590.95,212.2,224.7,93.7,4,1
3759.28,197.4,543.3,88.5,4,1
2350.32,142.0,290.2,69.1,4,1
2145.51,186.1,192.1,70.3,4,1
2280.03,94.1,378.9,43.1,4,1
3603.09,166.4,512.4,98.6,5,2
3722.65,141.1,606.2,81.5,5,2
2489.87,226.1,192.6,90.6,4,1
3893.96,173.2,539.6,115.9,5,2
4179.93,183.2,630.7,102.7,5,2
4301.94,174.4,705.4,86.9,5,2
2126.08,199.9,151.4,80.1,4,1
3643.15,193.5,532.0,82.3,5,2
2502.32,125.4,316.6,81.6,6,2
2354.57,152.6,279.4,69.6,5,1
1741.75,91.6,228.8,51.2,5,1
3525.76,168.6,519.8,85.8,5,2
2421.61,171.2,270.6,72.7,4,1
4296.89,196.4,675.1,90.1,5,1
3594.27,168.3,549.7,80.3,5,2
2206.34,167.7,246.5,61.1,4,1
4121.55,184.2,577.0,119.6,5,2
2152.65,224.8,134.8,79.4,4,1
3283.83,148.1,502.3,75.8,5,1
2633.07,157.7,306.3,86.4,4,1
2674.54,179.4,306.4,81.3,4,1
2553.35,229.9,202.7,91.4,4,1
3932.44,192.4,593.3,87.7,5,1
3178.44,214.8,370.4,93.1,4,1
3112.31,143.3,494.9,62.1,5,1
1690.59,142.9,162.6,52.1,4,1
3142.54,124.0,481.0,80.3,5,2
3840.84,152.5,594.5,94.7,5,2
1802.16,235.6,0.0,95.9,4,1
2382.09,148.5,301.2,64.8,4,1
2496.66,176.3,236.7,93.8,5,1
3894.17,156.8,570.8,109.3,5,2
2010.49,208.0,131.0,72.7,4,1
1992.88,158.1,171.9,74.8,4,1
2310.25,103.9,332.5,62.7,5,2
3168.84,186.0,398.0,92.6,4,1
3641.52,178.6,482.5,110.8,5,2
2232.97,133.9,289.4,60.0,5,1
2681.62,180.4,299.2,84.8,4,1
2793.72,140.5,377.6,80.1,5,1
1851.98,207.7,75.0,80.1,4,1
2553.18,125.7,364.8,65.7,4,2
2466.41,203.0,226.2,83.3,4,1
3059.1,174.4,368.5,98.6,6,2
1664.57,174.3,71.4,75.8,4,1
2320.25,122.9,296.5,71.4,5,2
1721.53,105.0,205.8,53.1,4,1
1817.22,132.1,203.0,53.0,4,1
2860.23,186.2,279.1,111.0,5,2
2153.36,244.2,104.5,84.3,4,1
3629.0,160.0,579.9,74.4,4,2
2396.13,153.3,274.3,76.2,5,1
3002.33,154.5,406.0,84.5,5,2
2155.58,201.7,125.0,94.3,4,1
2521.4,105.0,410.1,51.2,4,1
2896.62,111.4,455.9,69.7,6,1
2841.7,231.6,289.9,83.9,4,1
2364.62,199.0,223.9,74.8,4,1
2389.72,92.5,376.9,56.9,5,2
2792.71,198.7,291.5,92.4,5,1
1335.41,117.1,105.1,49.6,4,1
3100.87,214.4,355.2,91.4,4,1
3379.3,162.8,493.1,84.0,5,2
2170.74,85.0,346.4,49.4,5,2
2571.34,89.5,457.4,42.6,5,2
1677.02,156.8,118.7,63.9,4,1
2696.57,129.7,395.4,66.2,4,1
2679.13,120.4,397.9,67.3,6,2
2313.43,176.2,213.7,83.8,4,1
3575.63,182.1,501.7,93.4,5,1
2811.96,222.1,246.7,104.1,5,1
2036.37,250.2,32.1,100.8,4,1
2644.0,145.7,388.1,56.5,4,1
1826.44,167.2,131.6,70.1,4,1
2257.23,145.3,271.6,65.5,4,1
2228.1,136.7,262.2,70.3,5,2
2313.03,169.4,250.3,70.5,4,1
2407.8,137.8,271.8,85.5,4,1
2960.89,175.5,346.9,96.8,4,1
2866.09,170.3,361.5,82.1,4,1
3023.84,140.2,439.3,78.4,5,1
3459.16,161.0,555.1,66.1,4,1
2224.39,210.7,145.4,88.9,4,1
3306.37,173.2,399.5,112.8,5,2
1923.77,164.8,153.3,72.4,4,1
2577.28,153.9,363.3,56.5,5,1
2451.26,165.7,269.5,78.9,4,1
1521.38,115.0,163.7,45.2,4,1
2373.08,219.5,167.6,91.6,4,1
2304.05,222.7,140.7,94.5,4,1
3394.95,127.1,578.0,63.8,5,2
2779.5,195.7,287.1,94.3,5,2
2496.51,165.9,287.6,75.8,5,1
2410.39,202.5,220.9,79.6,4,1
3145.11,143.1,499.8,63.7,5,1
2633.99,132.8,378.2,65.5,4,1
2844.3,119.5,464.4,56.5,5,1
2240.0,129.6,285.6,64.4,4,2
3327.89,123.1,550.9,70.2,6,2
2880.87,129.9,439.5,67.0,5,2
2660.87,156.7,323.2,82.4,4,1
2059.85,115.5,287.7,49.6,5,2
2656.42,136.8,396.9,58.0,5,1
2545.68,124.2,344.8,74.4,6,1
2266.58,105.6,352.7,48.1,5,1
2079.4,83.7,336.6,44.2,6,2
1790.33,113.9,218.2,51.3,4,1
1287.66,128.6,58.4,60.0,4,1
1689.19,106.2,211.2,46.6,5,1
2723.46,193.5,290.8,87.3,4,1
2605.76,118.2,360.5,76.8,6,2
3068.76,185.8,391.8,84.3,4,1
2829.82,166.8,374.9,73.6,4,1
3206.54,117.9,515.4,74.8,5,2
2694.34,206.5,259.3,92.3,5,1
1978.87,202.2,124.3,74.8,4,1
2275.86,113.7,318.8,60.6,6,2
2752.31,179.7,335.4,76.9,4,1
2716.76,154.1,338.9,82.7,4,1
2586.71,118.3,387.2,62.7,4,1
1882.51,121.6,239.8,48.6,4,1
2448.44,149.2,325.8,61.0,4,1
2863.66,145.9,397.8,76.6,4,1
2351.85,208.1,200.1,79.9,4,1
2814.75,106.8,490.5,47.3,5,2
4249.83,191.2,689.1,81.0,5,2
4262.22,146.0,709.0,93.6,5,2
2966.0,118.3,459.3,72.9,5,2
3734.35,151.7,586.2,86.9,5,2
2412.62,162.0,284.1,69.8,4,1
4147.81,173.8,665.5,87.9,5,2
3068.37,159.4,412.6,86.7,5,1
2462.59,150.1,327.6,61.3,4,1
1743.92,136.3,169.0,58.1,4,1
2128.03,87.2,350.2,42.1,6,2
2089.33,125.7,270.1,56.2,4,1
2493.37,132.7,300.8,84.3,6,1
2247.78,120.7,310.5,58.1,4,1
2481.6,143.9,261.1,95.8,5,2
3005.35,153.8,375.2,98.8,5,2
2571.91,147.1,359.2,60.8,5,1
2465.72,210.0,198.9,92.2,4,1
2639.11,157.3,344.8,70.1,4,1
2295.1,96.7,342.1,60.0,5,2
2625.04,218.5,246.1,85.2,4,1
1287.8,117.9,96.7,47.7,4,1
1098.65,111.0,58.9,46.6,4,1
1527.08,106.6,169.8,46.8,4,1
3464.93,153.3,491.7,98.3,5,2
2627.4,127.1,370.0,71.0,4,1
2481.51,106.6,387.3,56.2,4,1
1423.12,112.9,143.4,44.2,4,1
3356.93,134.9,560.5,63.9,5,2
3334.25,133.8,540.7,70.7,5,1
3913.41,207.0,501.4,120.0,5,2
1689.32,123.8,174.8,55.0,4,1
4384.87,231.6,641.8,99.0,5,1
3581.2,202.1,514.7,79.3,5,1
2892.81,133.1,383.8,91.7,6,2
2158.17,87.4,345.3,47.5,4,1
2090.91,124.0,259.8,61.8,4,1
4002.53,147.9,646.2,91.8,5,1
1988.05,130.2,253.1,50.5,4,1
3413.98,142.6,521.4,84.2,6,2
3068.02,179.1,394.3,86.0,4,1
1438.78,170.8,37.4,67.3,4,1
2250.2,143.0,240.7,79.5,6,2
2624.05,240.8,213.0,89.9,4,1
1697.62,93.2,205.4,55.9,5,1
2722.15,155.8,355.1,75.4,4,2
4012.98,148.7,673.7,80.4,5,2
3323.1,178.7,480.3,76.3,4,1
2900.71,155.8,339.2,102.3,5,1
2756.92,150.7,379.1,70.9,5,1
2900.22,188.8,349.5,83.0,5,1
3392.92,170.7,446.0,102.9,5,2
2658.86,114.9,422.9,56.4,5,2
2194.74,158.1,238.6,67.5,5,1
2581.47,98.2,427.3,53.3,6,2
2422.12,128.4,377.0,44.5,4,1
2168.29,220.8,124.9,87.3,4,1
2421.49,194.4,224.7,82.8,4,1
2048.31,217.7,90.0,90.9,4,1
2127.16,130.0,269.0,59.0,4,1
1314.96,144.8,43.8,62.3,4,1
2727.77,160.2,267.1,113.2,6,2
2395.42,172.0,266.9,71.1,4,1
2185.67,234.4,99.4,94.5,4,1
3872.8,184.0,551.5,103.4,5,2
2149.2,202.9,131.8,90.0,5,1
2655.59,202.7,255.8,91.3,4,1
1787.11,129.9,206.7,49.0,4,1
2429.47,105.1,381.6,53.6,6,1
3430.88,170.2,475.6,94.2,6,2
3352.33,154.4,494.3,84.2,4,2
2585.37,205.7,226.6,95.2,4,1
3053.1,176.8,328.5,114.7,5,2
3092.69,179.7,411.7,80.8,6,2
3167.02,218.4,363.6,93.2,4,1
2811.27,107.1,493.0,45.7,6,2
2526.16,170.3,233.8,101.1,5,2
2531.95,156.9,272.8,90.3,6,1
2162.17,106.9,304.9,57.2,6,1
3937.99,166.9,618.4,88.5,5,2
3207.27,229.2,348.7,99.6,4,1
3835.6,206.4,487.0,118.0,6,2
2406.96,135.2,299.9,74.1,4,1
2314.52,135.3,291.4,67.5,4,1
2730.31,117.3,429.4,60.4,5,1
2741.86,187.7,274.7,99.2,5,1
3203.34,199.8,406.5,86.4,4,1
3514.83,163.8,558.5,69.5,5,1
3176.28,174.4,349.2,120.2,5,1
3139.5,180.6,427.7,78.5,5,1
2112.52,124.4,230.6,77.0,5,1
2228.57,103.6,321.8,58.6,4,1
2944.36,121.9,468.9,64.5,4,2
1917.1,148.6,199.2,58.4,4,1
1614.53,219.4,9.4,77.7,4,1
1996.71,198.7,138.3,72.1,4,1
2137.01,192.4,151.8,84.5,4,1
1960.71,182.4,130.3,78.9,5,1
2410.1,150.7,304.2,65.6,5,2
2642.19,94.1,466.9,44.2,5,1
2523.77,171.1,292.0,74.6,4,1
2439.09,92.5,367.0,66.8,6,1
3241.16,109.6,587.0,50.5,5,1
1828.75,163.3,127.1,74.1,4,1
3040.24,140.5,483.9,60.3,6,1
2933.16,93.8,533.8,47.0,5,2
2444.11,162.6,304.6,63.9,4,1
2696.8,249.3,216.0,92.8,4,1
1895.91,88.6,287.0,43.7,5,1
2736.71,175.1,340.9,74.8,4,1
4181.12,228.2,607.7,93.1,5,1
3342.88,155.3,482.2,88.1,4,1
3085.4,221.5,319.6,102.3,4,1
2063.56,114.6,267.1,59.6,4,1
2556.83,175.7,291.9,76.3,4,1
2637.96,199.1,284.0,78.4,4,1
2933.7,177.8,360.7,86.7,4,1
2269.45,162.2,256.6,66.0,4,1
3279.64,149.1,508.7,72.0,5,1
3009.4,132.6,428.9,84.8,5,2
2396.03,100.0,342.7,69.5,5,2
3191.14,250.4,323.5,99.5,4,1
2700.14,130.6,368.1,78.4,6,2
3057.94,144.8,440.9,79.4,5,2
3752.38,121.1,643.4,77.2,6,2
3122.89,104.9,568.8,47.5,5,2
4084.7,197.6,605.6,96.9,4,1
3388.99,125.1,544.1,79.1,5,2
1714.18,193.6,68.2,74.1,4,1
2677.13,116.5,430.5,54.3,4,1
2864.12,94.1,519.8,45.4,5,2
3929.65,154.2,632.2,87.1,6,2
3947.63,211.7,559.0,96.1,4,1
1527.3,160.9,75.4,64.7,4,1
1755.75,142.9,157.0,61.8,4,1
3145.36,139.1,483.7,72.7,4,1
2632.03,165.0,255.7,105.5,5,2
2235.4,164.1,238.1,69.6,5,1
4910.14,202.8,795.2,102.0,5,1
3655.78,162.6,601.2,66.8,4,1
2516.1,213.5,187.4,101.4,4,1
4482.5,182.4,689.5,110.5,5,1
2480.41,211.7,226.6,80.8,4,1
3028.61,130.7,476.6,66.6,4,2
1502.05,142.2,114.4,52.9,4,1
1961.95,114.2,264.3,49.8,4,1
3915.31,152.0,644.4,81.1,5,2
1532.72,140.7,116.6,56.0,4,1
2692.71,163.7,360.0,66.4,5,1
3407.94,188.4,464.1,88.7,5,2
2862.46,203.5,313.5,88.3,4,1
4635.69,184.2,745.0,102.1,5,2
2022.36,124.4,279.0,45.4,4,1
2617.5,102.6,428.9,54.6,5,2
3154.29,173.6,363.4,111.8,5,1
3668.87,163.2,525.1,101.7,5,1
3940.18,171.4,641.5,76.5,5,2
2810.52,185.3,359.4,70.2,4,2
1492.9,113.6,160.2,44.2,4,1
2286.54,161.5,260.2,66.6,4,1
2652.39,149.2,328.2,82.5,5,2
3069.17,167.1,412.2,83.5,5,2
2109.7,86.6,303.7,61.0,6,1
3861.27,187.7,517.4,115.6,6,2
2184.22,134.9,290.4,53.7,4,1
1959.42,143.2,216.2,58.0,4,1
2592.9,203.4,254.7,84.5,5,1
2935.4,159.2,403.4,76.1,5,1
2001.65,220.5,108.6,76.1,4,1
1607.29,88.9,195.9,52.0,4,1
2665.48,93.5,440.2,58.9,6,2
1623.44,102.9,204.9,43.6,4,1
2325.25,100.4,338.0,63.5,5,1
3006.99,161.3,429.4,71.6,4,1
1914.39,176.1,158.8,63.8,4,1
2306.44,145.2,293.2,61.4,4,1
2689.35,203.1,228.1,107.2,5,2
2958.11,214.3,343.5,80.8,4,1
1659.63,133.1,160.8,53.8,4,1
2939.2,204.2,334.8,87.1,5,1
3082.28,181.3,404.2,82.3,4,1
3160.07,115.8,507.6,74.1,6,1
2547.8,180.5,258.8,87.9,4,1
2928.39,183.9,339.7,92.7,5,1
2262.86,128.6,304.3,59.0,4,1
1825.96,217.9,46.9,85.2,4,1
2421.39,111.2,372.9,53.9,5,2
2486.38,131.7,357.9,58.7,6,1
2729.66,131.0,382.2,75.2,5,2
2110.15,219.2,125.7,81.2,4,1
3076.28,156.1,440.8,76.5,4,1
1518.28,86.0,196.3,43.2,5,1
2215.35,122.3,302.6,57.3,6,2
2900.0,141.0,394.7,84.1,5,1
3221.99,194.4,350.8,115.7,6,2
2214.29,238.1,115.3,89.0,4,1
2021.82,121.8,227.3,69.5,4,1
3001.63,131.6,468.9,66.6,4,1
2702.28,114.6,414.9,64.9,6,2
1264.05,129.2,67.2,53.2,4,1
3065.08,113.4,523.6,57.5,6,2
2342.48,94.5,370.9,53.4,6,1
1915.87,224.6,49.6,91.0,4,1
3814.79,189.5,533.7,102.5,6,2
2632.26,151.2,351.8,68.9,5,2
2811.66,171.9,330.9,89.0,5,1
2719.03,132.4,405.5,63.1,5,1
2824.82,117.0,436.2,68.0,5,1
2753.06,138.7,402.9,65.2,5,2
2066.41,86.6,308.0,54.2,6,2
2186.7,149.8,229.4,74.4,4,1
2610.21,159.8,335.3,70.0,5,2
1905.58,124.3,239.3,50.1,4,1
2253.84,115.4,303.6,64.2,5,1
1893.3,141.9,164.8,74.0,4,1
3165.89,128.1,506.5,69.7,5,2
2819.49,225.1,282.6,87.7,4,1
2755.76,210.4,302.1,78.4,4,1
2892.08,118.6,457.0,65.5,6,2
2688.0,181.7,299.1,85.0,4,1
1928.06,151.6,195.4,60.0,4,1
1932.82,156.2,174.0,68.0,4,2
3195.4,149.6,469.7,79.8,4,1
3169.37,123.2,507.5,71.8,5,2
2969.15,197.0,343.2,89.8,4,1
2748.13,210.0,289.1,83.5,4,2
3119.9,153.0,457.2,75.5,5,1
4042.26,157.7,646.0,91.9,6,2
2222.04,126.0,302.6,56.4,4,1
2953.23,236.6,308.4,85.9,4,1
3174.62,186.3,385.9,98.4,5,1
3912.51,167.5,566.6,108.4,5,2
2572.09,144.2,372.5,56.1,5,1
2842.89,135.3,391.3,81.9,5,1
1463.73,140.9,105.9,52.9,4,1
2133.95,240.2,102.4,84.8,4,1
1346.41,142.5,69.0,55.6,4,1
1931.51,198.0,114.6,75.7,4,1
4343.0,166.6,754.2,73.3,6,2
1460.24,147.5,98.1,53.1,4,1
2490.47,174.5,269.8,79.2,4,1
1969.99,119.7,236.1,60.8,4,1
2187.36,111.8,318.3,51.9,4,1
3113.82,151.3,457.6,75.4,5,1
2231.82,104.6,297.1,69.4,6,1
2902.75,116.2,456.4,68.0,5,1
2284.7,225.2,148.0,88.0,4,1
2071.87,128.2,225.4,73.1,4,1
2285.94,163.8,233.0,77.7,4,1
1367.05,150.2,54.5,60.9,4,1
3042.23,107.9,529.3,54.8,5,1
2567.2,153.0,289.0,88.8,5,2
1372.55,114.3,114.3,50.9,4,1
1851.3,213.0,52.3,87.8,4,1
1768.84,111.1,226.2,46.6,4,1
3707.85,136.5,597.8,85.6,6,2
2431.91,192.6,220.3,86.7,4,1
1974.14,244.9,40.1,92.7,4,1
2156.18,108.1,318.0,50.2,5,1
2087.48,94.5,319.6,47.9,5,2
2688.31,169.8,237.5,117.7,6,2
2623.74,119.1,390.1,65.2,4,1
1861.95,188.9,99.3,78.8,4,1
1853.48,135.6,200.2,56.7,4,1
2872.02,165.7,394.4,70.2,5,1
1450.41,157.4,61.8,63.7,4,1
2263.48,117.6,332.6,51.4,5,1
2379.43,148.6,291.0,69.0,6,2
1942.4,91.4,278.0,51.7,5,2
1625.9,146.5,135.0,55.6,4,1
3370.83,112.5,610.5,53.2,6,2
1983.27,112.5,269.6,50.5,4,1
3396.04,199.6,464.4,82.2,4,1
1890.38,202.7,88.7,80.5,4,1
1760.96,140.3,169.7,57.9,4,1
2932.17,144.6,453.8,59.8,4,1
2387.7,185.1,240.1,76.3,4,1
2120.5,109.3,280.0,62.6,5,2
2251.33,102.4,309.1,67.3,5,1
1551.91,124.7,164.7,43.8,4,1
2373.41,124.8,322.0,65.1,6,2
1985.4,120.5,257.9,52.4,4,1
3357.53,111.4,552.4,78.1,5,2
2950.45,93.3,529.2,51.2,5,2
2836.48,194.1,341.5,77.1,4,1
1351.07,122.1,98.4,52.1,4,1
2920.16,102.5,497.9,57.6,5,2
2172.5,178.9,162.5,89.6,4,1
1726.64,131.7,193.5,47.3,4,1
4232.59,186.6,619.2,112.2,5,2
2851.85,123.8,468.3,53.7,4,2
4190.8,178.6,659.5,93.2,6,2
2639.99,216.5,224.9,97.1,4,1
2634.55,147.9,364.5,65.0,4,1
2464.38,133.6,346.7,60.4,5,1
3332.93,165.1,486.4,80.8,5,2
3520.67,141.4,516.1,99.0,5,2
1721.03,94.9,232.4,45.7,4,1
1689.92,119.1,186.2,52.1,4,1
2237.54,165.4,224.9,75.1,5,1
2751.7,161.8,376.2,66.6,4,1
2835.64,102.3,492.7,50.7,5,2
3120.75,153.3,450.4,78.4,4,1
2868.9,132.5,384.4,89.0,5,2
3408.71,167.7,498.3,82.7,5,2
2927.27,163.3,337.2,102.8,5,2
2911.8,93.6,516.1,52.5,5,2
2165.78,131.6,278.4,58.4,5,1
2224.81,135.5,306.3,50.9,4,1
2657.11,177.0,306.5,80.4,4,1
2419.35,112.0,360.3,58.9,4,1
2743.73,181.9,311.8,85.4,4,1
2827.67,158.9,336.9,93.8,5,2
1871.45,186.7,114.2,74.2,4,1
3599.14,191.0,504.4,90.9,4,1
1854.53,140.5,190.3,59.0,5,1
3883.19,172.7,614.5,81.6,4,1
1652.33,139.2,157.3,51.8,4,1
2882.45,195.5,330.0,86.7,4,1
3722.64,139.6,631.4,71.0,6,1
4450.82,171.5,674.7,118.5,5,2
2870.72,90.8,503.1,55.0,5,2
1146.92,119.5,67.2,44.4,4,1
4051.31,178.0,614.1,98.1,5,1
2552.66,105.8,411.8,53.6,5,2
1856.9,172.1,120.1,76.5,4,1
1907.04,245.8,22.2,92.8,4,1
4544.27,203.3,718.1,95.4,5,2
3226.42,200.0,429.0,79.0,4,1
3363.24,201.5,362.9,122.8,5,2
3430.36,195.9,431.0,102.5,6,2
2992.07,156.1,388.4,90.4,6,2
2448.8,203.8,228.4,80.0,5,1
4239.79,173.0,631.5,113.5,5,2
2904.8,188.8,364.4,76.9,5,1
3434.03,175.1,500.9,81.1,5,2
2517.63,214.2,209.5,91.4,4,1
1692.91,122.9,186.2,50.7,4,1
3419.66,141.9,537.0,78.2,4,1
2384.64,142.3,323.1,58.1,4,1
1900.52,114.8,252.6,47.9,5,1
1847.76,236.5,12.6,94.6,4,1
1927.47,164.6,163.7,68.3,4,1
2465.72,183.7,271.0,71.9,4,1
3590.55,176.8,524.9,87.1,4,1
3429.43,196.0,467.6,86.1,4,1
1535.04,118.1,161.7,46.2,4,1
2252.31,102.9,357.7,45.6,5,1
2970.43,123.0,473.8,64.8,6,2
3225.44,117.9,523.6,73.2,5,1
1984.38,142.2,214.9,61.8,4,1
2562.26,166.2,319.5,68.8,4,1
2125.01,91.1,324.4,51.4,5,1
2306.73,104.9,354.3,52.2,5,2
2670.64,153.0,318.1,87.3,5,2
2664.76,148.5,303.8,95.1,5,2
3312.63,240.2,391.0,87.5,4,1
2458.1,175.8,240.6,88.1,6,1
2858.15,137.8,449.5,56.6,5,1
2247.16,118.1,314.1,57.6,5,1
1829.48,216.9,52.1,83.7,4,1
2989.61,142.5,433.7,76.1,5,1
1663.2,181.4,77.7,69.6,4,1
2118.09,202.5,135.0,85.3,4,1
2824.39,135.1,399.1,76.4,5,1
2051.1,201.5,124.2,83.1,4,2
2999.63,178.2,395.1,78.5,4,1
4223.43,190.6,671.0,86.4,4,1
2206.35,113.6,300.7,61.0,5,2
1938.4,109.6,256.2,52.8,4,1
1887.43,186.5,108.3,78.7,4,1
2113.0,113.8,277.5,60.9,5,2
2146.44,110.1,294.7,58.6,5,1
2826.43,159.2,374.5,76.9,5,1
2913.5,208.0,309.2,93.9,4,1
1930.14,134.3,230.8,52.2,4,1
2727.17,102.8,466.8,49.9,4,1
2480.05,191.6,259.2,75.2,4,1
2404.05,147.9,250.6,90.0,5,2
2031.09,171.0,159.0,79.0,4,1
3410.75,160.9,510.5,80.6,4,1
2458.15,144.3,333.6,60.7,4,1
2690.29,125.2,381.3,73.8,6,2
2329.72,106.4,332.5,63.8,5,2
2283.18,132.2,314.3,55.2,5,2
2788.52,183.0,327.2,83.1,4,1
2170.79,128.5,298.0,51.7,4,1
1927.64,107.1,269.8,46.7,4,1
3481.36,179.9,458.0,103.3,6,2
3064.11,160.6,445.0,71.3,5,1
2461.75,194.4,238.7,81.1,5,1
1761.98,123.2,194.9,54.4,4,1
3039.9,177.6,375.3,92.0,5,2
3228.38,131.8,541.1,59.6,5,2
2389.95,105.8,384.2,47.8,4,1
2812.3,152.9,328.6,98.5,5,2
2874.74,156.8,404.7,69.9,5,1
1928.7,118.6,231.7,58.6,6,2
3630.27,251.6,440.8,95.7,4,1
2121.22,189.3,167.1,77.3,4,1
3082.61,173.6,407.3,84.4,5,1
2655.5,170.6,320.4,76.8,4,1
2431.29,161.2,309.6,60.9,4,1
2320.97,108.9,370.0,45.1,5,1
3870.55,224.6,529.0,95.1,4,1
1711.57,111.3,195.7,53.8,4,1
2132.75,221.4,92.7,97.4,4,1
2295.9,164.0,244.2,73.7,4,1
1622.97,108.0,163.9,59.5,5,1
2585.9,146.6,308.2,85.2,5,2
2154.84,107.0,290.5,62.8,5,1
3535.55,151.5,566.0,73.9,6,2
2813.05,136.4,418.9,65.8,5,2
1916.0,154.0,196.3,57.2,4,1
3434.21,124.7,537.5,87.2,6,1
2539.71,175.8,294.8,73.0,4,1
3381.41,122.1,563.1,71.2,6,2
3679.29,165.3,530.1,99.8,6,2
1525.13,172.6,63.3,64.6,4,1
3430.55,112.0,630.4,51.2,6,1
2061.47,205.5,112.8,87.6,4,1
4305.7,166.6,650.3,115.4,6,1
2921.81,105.9,474.2,66.8,5,2
1740.37,111.2,214.1,48.8,4,1
3184.52,194.6,403.0,88.2,4,1
2354.09,113.3,359.1,51.6,5,2
2224.41,142.7,258.5,68.9,5,1
2412.61,121.0,304.9,78.8,5,2
1416.7,151.0,67.0,60.5,4,1
2308.8,191.5,142.9,107.9,5,2
1633.23,136.5,149.4,54.4,4,1
3479.14,150.8,575.7,63.7,5,2
3115.93,133.1,509.2,60.7,6,2
4717.92,186.1,767.6,100.4,5,2
2344.62,130.5,338.8,51.9,4,1
3755.1,203.8,485.2,111.0,5,2
2192.39,118.4,306.3,54.8,6,2
2364.4,150.1,299.4,62.9,4,1
3545.79,180.6,420.4,126.9,5,2
2516.2,219.4,209.0,89.2,4,1
2353.53,121.0,345.4,54.2,5,2
2790.09,150.2,363.2,81.8,5,2
2202.5,126.0,293.2,58.4,4,1
2139.97,220.2,130.7,81.8,4,1
3733.57,151.8,604.4,78.8,5,1
2829.62,138.3,407.1,72.0,4,1
2454.78,180.3,240.5,85.7,4,1
2060.6,103.9,294.6,51.8,6,2
2271.31,156.9,265.6,64.6,4,1
2620.36,249.6,186.7,97.3,4,1
2037.72,187.2,153.1,75.2,4,1
3203.16,168.9,350.6,125.0,6,2
3065.66,202.9,354.3,93.0,5,1
1653.75,153.2,111.1,66.3,4,1
2802.85,221.8,288.8,84.5,4,1
4650.84,180.4,741.1,107.2,5,2
2375.72,89.7,393.4,49.3,5,1
3202.83,156.6,462.3,80.8,5,1
2658.46,139.7,338.5,82.8,6,2
3610.23,174.0,473.4,113.4,5,2
1714.73,147.5,152.1,57.4,4,1
1251.8,128.8,78.1,47.2,4,1
2296.36,93.1,355.9,55.6,6,2
2606.98,238.7,194.8,97.0,4,1
2859.69,140.5,403.8,75.8,6,2
3790.16,122.5,626.3,88.3,5,1
4192.35,168.8,622.9,113.9,6,2
3416.9,223.7,408.5,98.7,5,1
2093.19,248.5,58.0,96.4,4,1
1806.01,127.4,221.7,45.5,4,1
3573.42,155.3,555.1,81.3,6,2
2413.64,113.9,367.3,54.3,5,1
2929.5,117.3,483.2,58.6,4,2
3863.91,183.6,576.8,91.3,5,2
2224.69,117.2,336.9,45.4,5,1
4324.7,208.4,678.6,86.3,5,1
2747.38,136.6,379.3,76.0,6,2
3753.03,167.6,533.9,105.3,6,2
3210.82,130.4,470.6,89.7,5,2
3921.18,204.7,588.6,83.1,5,2
1622.59,138.6,143.4,54.9,4,1
1662.46,126.9,157.4,58.4,4,1
3214.43,172.6,405.1,100.4,4,1
2379.23,127.2,314.7,67.9,6,2
2632.35,193.3,261.1,90.5,4,1
2184.1,105.8,301.1,61.8,5,2
2061.39,98.8,282.0,59.8,4,1
2099.95,123.0,238.5,72.7,5,2
1797.2,212.4,54.5,81.1,4,1
2584.15,186.7,284.6,77.7,4,1
2939.79,173.7,332.5,101.6,5,2
2735.11,167.8,311.9,90.7,5,1
1556.29,148.9,101.2,61.7,4,1
2996.66,101.3,524.3,54.9,6,2
1920.46,178.1,111.7,84.6,4,1
2393.94,205.0,207.3,82.7,4,1
3826.77,181.5,546.3,101.8,4,1
1895.92,190.0,111.1,76.8,4,1
2656.24,91.8,438.5,59.4,5,2
3463.6,251.5,381.9,103.3,4,1
2882.41,154.1,379.5,83.1,5,1
2946.56,179.6,366.2,84.8,4,1
3445.84,217.7,432.5,93.9,5,1
2583.71,247.5,190.6,92.4,4,1
3029.16,113.4,521.9,54.3,5,1
4228.13,141.4,689.9,100.3,6,1
2442.18,218.2,197.0,86.8,5,1
2653.27,154.1,317.5,85.2,4,1
1828.88,123.2,213.3,53.7,4,1
2532.56,228.3,188.2,96.3,4,1
3390.33,204.4,450.2,85.8,5,2
4059.31,134.9,721.6,70.4,6,2
2841.28,150.3,410.7,66.4,5,1
3446.37,144.9,554.2,72.2,5,2
1553.65,151.6,99.2,61.2,4,1
2433.57,173.2,270.6,73.2,4,1
1599.36,131.2,130.5,61.4,4,1
2519.71,164.6,259.9,91.3,4,1
1866.69,122.3,212.4,58.7,5,1
1746.72,233.0,0.0,97.4,4,1
3283.26,116.7,519.2,82.2,5,2
3761.0,140.3,639.6,71.3,6,2
3149.3,126.4,498.6,72.2,5,1
3288.15,152.6,509.6,71.1,4,1
3695.91,237.1,473.5,94.8,4,1
2320.17,166.0,262.5,67.3,4,1
2625.02,112.6,446.2,43.3,5,1
2655.93,106.7,396.4,71.5,5,1
2567.56,110.8,413.2,52.4,5,1
2447.06,123.7,348.2,62.2,4,1
2369.86,165.0,292.6,59.9,4,1
2072.12,126.0,267.7,55.2,4,1
3811.57,169.6,569.6,94.9,5,1
2749.08,133.3,388.8,73.4,5,1
2790.51,166.3,328.0,90.3,5,2
3213.65,190.3,394.6,97.1,4,1
2247.55,162.3,244.6,68.9,4,1
3716.75,188.0,540.3,89.3,4,1
3124.02,194.3,398.5,83.6,4,1
3006.11,189.8,350.2,94.0,5,2
2631.36,213.9,268.2,78.1,4,1
3192.51,182.0,351.3,117.7,5,2
2817.73,170.9,373.5,71.1,4,1
2281.78,107.1,341.3,54.2,6,1
2946.56,169.4,398.1,75.2,4,1
2945.32,173.3,387.6,78.0,4,2
2759.35,100.2,476.8,50.1,5,1
2628.11,177.7,295.0,81.9,4,1
2303.18,164.5,245.9,73.5,4,1
3667.3,155.3,586.7,77.7,4,1
2935.09,145.0,431.6,69.8,4,1
3651.76,185.9,441.1,127.0,5,2
2907.54,220.6,288.0,97.0,4,1
3142.32,111.8,533.2,62.5,6,2
2803.45,151.9,358.4,84.7,6,2
2643.66,109.6,445.5,47.0,6,2
3582.49,152.7,547.2,87.0,6,2
1360.8,112.6,109.2,52.6,4,1
2140.88,201.0,156.1,79.2,4,1
2292.63,117.6,325.1,58.0,5,2
1962.17,100.2,267.3,54.7,5,1
2244.95,262.2,89.2,93.3,4,1
3025.97,107.9,511.6,60.9,6,2
2337.11,93.7,386.0,46.5,5,2
3501.58,144.7,539.9,84.8,5,2
2429.7,193.4,232.4,80.7,4,1
2736.12,228.4,248.1,92.3,4,1
3830.24,151.2,652.2,68.5,6,2
3567.94,194.6,500.1,87.7,4,1
2870.46,196.1,285.5,104.9,5,1
2786.8,169.3,298.8,101.6,5,1
1708.71,132.0,189.2,47.1,4,1
2186.01,97.8,325.9,54.6,4,1
3492.35,145.7,516.0,94.0,6,2
1647.11,127.6,155.9,57.0,4,1
2302.12,147.9,295.4,58.8,4,1
1331.06,123.9,78.3,58.0,4,1
2970.98,148.8,439.6,68.6,5,1
3094.57,111.9,494.0,74.5,5,1
2635.94,109.4,413.0,60.7,6,2
1829.85,145.3,180.1,58.7,4,1
3256.44,185.9,401.4,100.8,4,1
4126.84,186.9,605.2,106.5,5,2
2952.77,189.5,354.0,86.5,5,1
2428.6,228.4,201.4,78.8,4,1
2187.3,175.5,128.4,108.0,4,1
2235.46,110.9,330.2,52.3,5,1
2304.92,159.2,259.7,69.9,4,1
1823.2,125.9,206.9,54.7,4,1
1890.07,136.5,200.1,60.4,5,1
1664.25,142.0,136.2,61.3,4,1
2463.35,105.9,406.3,46.1,4,2
1931.69,98.6,285.9,43.7,4,1
3442.05,176.4,480.9,90.3,5,1
3083.46,196.6,379.9,86.4,5,2
2633.51,174.2,309.4,77.7,4,1
2206.55,126.7,218.8,91.6,5,2
3934.3,196.9,596.8,84.4,5,2
3153.19,155.4,473.5,70.8,5,2
3298.73,161.9,451.2,94.0,5,2
2883.55,140.5,428.6,67.5,5,2
2146.54,155.3,220.7,71.4,4,1
1990.93,215.5,88.5,86.1,4,1
2434.59,198.6,240.0,75.6,4,1
3118.01,201.1,356.2,98.8,4,1
2477.07,89.2,432.0,43.6,6,1
3290.15,132.5,509.1,80.4,5,2
1530.67,149.1,77.9,69.2,4,1
1709.67,157.9,127.1,63.3,4,1
2760.62,192.1,309.0,84.1,4,1
2358.91,193.9,223.2,76.7,4,1
1540.66,126.7,151.3,47.6,4,1
3367.53,201.2,435.9,91.0,4,1
1854.51,180.0,87.8,87.0,4,1
2079.44,167.0,194.4,70.4,4,1
2940.35,86.2,556.0,41.3,5,2
2046.89,138.1,223.4,66.8,5,1
3409.64,169.7,507.8,77.7,5,2
2874.35,138.7,432.8,65.4,5,2
3063.93,122.8,513.4,57.7,5,2
2081.09,110.1,296.2,50.6,4,1
1765.31,220.7,51.6,75.1,4,1
2695.87,192.1,309.5,76.6,4,1
2112.56,139.0,258.3,58.2,4,1
1430.16,115.6,126.5,51.3,4,1
1720.4,173.7,104.2,67.6,4,1
3198.52,153.2,476.8,75.4,4,1
2875.76,106.5,491.0,54.0,4,1
2679.75,209.7,278.2,80.9,4,1
2505.74,93.3,412.0,53.8,6,1
2875.07,161.6,381.1,78.2,4,1
2547.88,193.4,246.9,87.4,4,2
2504.42,107.0,363.1,69.3,5,2
3119.37,184.6,335.9,115.2,5,2
2990.77,144.8,433.0,75.5,5,2
4239.15,215.3,639.8,91.0,5,2
2098.41,105.0,322.7,43.0,5,1
2706.3,235.0,204.1,105.5,5,1
3204.76,160.8,466.9,77.1,6,2
3091.8,165.9,369.2,105.7,5,2
1947.28,159.8,182.4,64.3,4,1
3945.35,202.0,489.4,131.1,5,2
2026.48,224.5,69.3,94.6,4,1
4291.99,188.1,641.3,108.3,4,1
3102.0,165.2,390.2,97.8,5,2
3257.7,103.4,576.3,59.9,5,2
2160.06,251.5,66.2,98.8,4,1
3070.09,159.9,434.1,77.1,6,2
1358.25,135.6,86.9,52.0,4,1
2319.32,132.4,280.9,74.0,4,2
2276.47,166.1,264.6,61.5,4,1
2045.67,129.4,256.0,56.0,5,1
3027.91,153.4,417.3,82.8,4,1
2632.66,194.1,289.0,77.8,4,1
4480.15,186.5,664.7,119.5,5,2
2690.53,122.6,400.0,66.7,5,1
3092.49,132.2,493.4,65.6,5,2
2067.45,163.1,196.5,69.9,4,1
1624.89,108.1,188.9,48.5,4,1
3620.49,145.8,603.9,69.1,5,2
3768.37,200.0,526.0,96.1,4,1
2655.66,187.4,272.3,90.8,4,1
1817.08,116.3,227.7,49.0,4,1
1965.35,148.7,203.3,61.9,4,1
4996.49,205.3,796.2,110.1,5,2
3981.75,168.4,586.3,107.0,5,2
3224.98,175.6,420.6,93.4,6,2
3266.99,125.8,556.4,59.8,5,2
3734.59,185.4,499.7,110.4,5,2
2499.42,88.5,427.1,48.6,6,2
1988.92,157.5,207.2,58.9,4,1
2753.41,130.4,398.3,70.9,4,1
3340.58,152.3,482.3,89.1,5,2
3389.65,135.3,552.1,71.1,5,2
2740.55,80.4,495.3,48.7,5,2
3167.27,153.5,495.7,63.4,4,2
4143.41,193.9,617.1,99.9,5,2
1721.89,100.0,232.7,43.5,4,1
1744.9,198.8,51.6,82.6,4,1
2146.72,95.0,321.0,53.6,4,1
2611.95,94.0,426.4,58.9,5,2
2041.86,94.0,310.5,47.1,5,1
3729.66,196.0,520.9,95.8,5,1
2932.08,204.6,320.6,92.4,4,1
3749.41,151.3,556.3,102.1,5,2
2101.65,129.6,253.8,63.1,4,1
2988.46,146.9,402.1,88.1,5,2
3304.74,189.7,464.2,76.6,4,1
1927.75,102.7,282.6,43.0,4,1
2129.7,149.1,237.3,64.9,4,1
2563.17,99.1,431.0,49.2,5,1
3245.36,207.3,385.0,97.4,4,1
1695.08,158.4,99.1,73.9,4,1
2353.84,190.7,200.9,87.5,4,1
2140.48,196.6,163.9,77.6,4,1
2594.65,103.7,414.1,58.2,4,1
2196.81,124.8,257.6,74.1,4,1
2101.06,123.5,256.3,64.7,5,2
1925.85,191.4,79.2,93.7,4,1
2004.91,139.4,222.8,61.8,4,1
1250.15,126.5,74.1,49.7,4,1
2457.58,111.3,368.0,60.0,6,1
1804.83,107.7,244.0,44.2,4,1
2945.54,224.0,286.2,100.5,4,1
2563.01,139.7,369.4,58.5,4,1
1872.8,87.7,270.4,48.9,5,2
3458.87,158.3,543.7,72.3,4,1
4025.77,157.6,654.3,86.5,5,2
1277.32,135.5,75.2,48.3,4,1
3574.11,170.1,458.9,117.6,5,2
2537.68,229.4,180.1,100.0,4,1
1872.49,198.4,67.7,89.8,4,1
3341.91,168.7,466.2,89.1,4,1
2900.25,151.1,363.0,93.7,5,2
3694.54,162.1,590.0,76.3,4,1
2901.21,168.4,383.8,77.0,5,2
2624.22,130.8,377.6,65.6,5,2
2875.2,148.6,436.2,59.6,4,1
1570.25,138.0,110.9,63.8,4,1
2759.06,197.6,302.0,84.5,4,1
2556.08,212.8,194.5,103.0,4,1
1336.99,128.7,99.0,47.3,4,1
2896.18,132.6,475.3,51.6,5,1
1766.11,120.3,208.7,50.0,4,1
2636.76,189.6,295.2,77.5,4,1
2996.73,257.3,261.2,102.5,4,1
2945.0,160.6,371.8,90.6,5,1
2237.3,136.9,277.6,64.4,4,1
2937.22,200.1,323.8,93.5,4,1
2811.1,183.6,339.9,79.7,4,1
2663.35,178.2,265.2,98.9,5,2
2411.75,190.4,219.8,85.7,4,1
2894.17,121.6,461.8,62.3,5,2
3271.53,165.2,396.3,113.9,5,2
1528.99,126.3,152.7,45.9,4,1
2386.37,190.1,245.5,71.6,4,1
1474.33,126.1,128.0,50.9,4,1
2738.8,161.0,269.8,112.8,6,2
1994.82,176.5,162.0,71.2,4,1
2696.67,102.5,469.4,45.4,5,2
2828.79,167.0,287.4,112.4,6,2
2749.48,239.4,263.7,81.9,4,1
3370.15,147.1,478.6,96.4,6,2
2188.73,136.5,289.1,54.0,4,1
3368.36,186.8,467.2,83.6,5,1
3141.3,196.2,321.0,119.2,5,2
2083.45,132.7,247.6,62.5,4,1
2914.12,172.4,395.5,71.4,5,1
2910.62,134.1,394.7,88.4,6,2
2934.0,107.1,494.2,58.7,5,2
3116.83,195.2,373.4,93.6,5,2
2740.59,183.3,336.8,73.3,4,1
3810.81,174.2,561.1,96.6,4,1
2504.59,149.7,311.1,73.5,5,1
3232.0,175.9,402.0,102.3,5,1
2380.08,120.8,319.1,68.9,4,1
4236.67,158.4,674.5,100.6,5,2
1169.78,114.0,53.2,55.7,4,1
2351.74,226.1,135.2,100.7,4,1
4137.26,170.3,669.7,86.3,5,2
2833.85,204.9,327.4,78.3,4,1
2566.04,190.0,245.6,91.5,4,1
1766.38,128.7,181.8,58.3,4,1
2022.6,200.4,121.2,81.8,4,1
2115.86,145.8,241.6,62.9,4,1
3110.58,199.6,353.4,99.9,5,2
2804.4,105.0,475.3,53.7,5,1
2413.49,87.5,384.5,58.4,5,2
2878.06,182.6,359.5,78.8,5,2
1176.42,108.9,81.3,46.2,4,1
3463.41,177.2,459.0,102.1,5,2
2209.21,106.0,322.9,54.8,5,1
3144.93,157.3,431.6,87.7,6,1
2716.01,136.2,410.7,58.7,4,1
2037.83,162.5,216.7,57.9,4,1
4411.85,179.3,702.9,98.1,4,1
3071.74,168.3,369.5,102.3,6,1
2511.78,179.0,288.3,71.4,4,1
2945.8,189.9,340.5,91.6,4,2
3653.74,151.9,564.4,87.6,5,2
2642.11,169.3,350.8,62.4,4,1
3504.63,159.8,531.4,82.2,6,2
3225.76,204.6,389.6,94.3,6,2
1901.4,110.0,263.6,45.2,4,1
3605.02,225.2,483.8,85.4,5,1
1679.85,126.9,175.4,52.3,4,1
2745.82,145.5,369.3,76.3,5,1
2673.03,133.0,403.0,58.8,5,1
1317.21,110.8,107.8,49.2,4,1
2426.92,106.8,375.1,55.5,5,2
2442.71,113.6,369.9,56.5,4,1
3231.72,146.7,521.4,62.1,5,2
3658.49,190.9,454.0,119.9,5,2
2675.62,93.9,475.7,44.1,6,2
1576.52,155.3,98.2,62.5,4,1
3004.1,179.1,396.0,78.2,4,1
2639.47,132.4,394.2,59.2,5,2
2313.17,147.9,283.7,65.2,4,1
3067.74,234.0,322.3,93.6,4,1
3531.61,175.6,511.2,87.1,5,1
1581.8,174.8,71.1,66.5,4,1
2153.05,191.4,160.4,82.9,4,1
2054.82,94.4,279.3,62.2,5,2
2945.93,125.5,445.6,73.5,4,1
3636.32,198.9,503.1,92.0,5,2
1445.69,123.9,110.3,56.5,4,1
2316.35,119.8,287.2,76.5,5,2
3304.31,125.6,542.3,70.3,6,2
2461.29,151.3,297.8,73.9,4,1
3746.58,157.3,571.9,92.2,5,2
1338.96,131.8,75.0,56.9,4,1
3275.67,229.4,412.9,78.5,4,1
2881.31,176.9,357.5,82.7,6,1
3952.84,167.4,607.0,95.0,5,2
3584.69,193.6,487.2,95.7,4,1
3632.02,212.3,475.3,98.0,4,1
2351.45,99.5,335.2,68.1,5,2
2668.54,155.0,331.7,80.2,5,1
2403.61,180.3,244.6,78.3,4,1
2373.72,101.9,362.5,57.3,5,1
2499.09,104.4,394.6,55.9,4,1
3111.25,169.4,435.5,76.9,5,1
2419.53,117.8,362.7,55.3,4,1
2470.89,179.8,290.0,65.7,4,1
2433.61,131.0,323.8,68.3,5,2
1323.01,115.6,93.6,54.0,4,1
2849.94,131.6,424.8,69.4,5,2
2096.72,123.3,286.0,51.1,4,1
1918.68,136.9,217.4,55.7,4,1
2386.37,198.0,186.0,94.5,4,1
3719.58,181.5,549.5,88.4,4,1
2662.2,251.6,192.3,98.5,4,1
2447.15,211.7,192.4,92.3,5,2
3285.1,198.7,440.5,81.0,4,1
2312.96,124.8,278.1,78.0,5,2
2861.21,92.8,487.6,59.9,6,2
3034.66,252.1,308.4,88.1,4,1
1791.31,156.5,146.8,64.3,4,1
1938.32,162.9,165.4,69.4,4,1
3806.26,150.6,586.3,95.4,5,2
2283.14,105.3,337.5,56.9,5,2
2216.14,235.1,101.4,96.7,4,1
2355.41,144.3,306.5,61.4,4,1
2162.1,131.2,248.1,71.7,4,1
2315.66,217.4,194.3,74.3,4,1
3052.63,171.9,376.3,95.6,4,1
4085.35,200.4,599.9,98.3,5,1
1449.68,119.2,132.4,49.3,4,1
3555.71,206.2,466.7,96.0,4,1
1942.0,189.7,111.0,82.1,4,1
3124.27,224.4,339.4,96.5,4,1
2385.59,106.0,340.0,66.9,5,1
3029.51,128.2,479.8,66.4,5,1
1628.83,178.6,66.9,71.9,4,1
2885.77,238.7,282.1,89.2,4,1
2105.73,146.9,245.8,59.4,4,1
2607.34,130.8,346.9,77.4,5,1
2922.56,182.4,334.1,95.2,4,1
2845.56,218.3,292.0,89.4,4,1
2264.6,224.9,160.1,80.5,4,1
3115.75,131.0,497.8,66.7,5,1
3258.59,172.0,400.9,107.5,5,2
2206.96,177.3,178.1,87.3,4,1
2132.15,121.1,287.1,55.5,4,1
2137.4,115.2,284.6,59.8,5,1
2618.06,162.1,307.2,82.3,4,1
3399.29,215.0,395.6,106.3,5,2
3037.35,173.7,382.1,90.5,6,2
2696.37,125.5,413.6,60.0,4,1
2260.84,155.5,276.7,59.1,4,1
2714.96,179.1,241.3,114.8,5,2
2289.3,165.8,212.0,86.5,5,1
2515.98,122.6,343.0,72.6,5,1
2717.15,145.9,386.1,65.5,4,1
1658.14,100.6,212.3,45.2,5,2
3408.67,164.4,500.7,83.2,5,1
2658.05,96.3,435.0,59.2,5,2
3693.79,200.7,488.2,104.2,5,1
2354.9,201.2,188.4,88.5,4,1
2547.61,172.7,290.7,77.1,4,1
3021.12,128.7,490.1,60.7,6,2
3123.05,150.1,478.6,67.6,4,1
3643.04,246.2,433.0,102.9,4,1
1796.34,118.8,215.0,51.2,4,1
3597.67,183.8,523.6,85.3,5,1
3475.1,158.9,536.1,77.2,5,1
2172.7,168.7,149.4,100.0,6,2
2752.75,217.6,249.0,98.5,5,1
1957.02,148.3,217.0,55.1,4,1
3043.43,185.5,339.0,105.0,4,1
3380.42,232.4,382.5,102.3,4,1
2253.95,239.9,116.2,92.2,4,1
2978.26,113.4,475.8,69.1,6,2
3198.21,221.5,386.7,85.1,4,1
2612.43,116.9,406.6,57.6,5,1
2248.87,133.2,281.3,65.6,5,2
1662.54,142.5,147.8,55.7,4,1
3051.08,120.4,448.5,86.2,5,1
2064.97,182.0,171.0,72.6,4,1
3444.65,143.1,552.8,73.5,5,2
2490.6,134.6,336.0,67.6,4,1
2024.05,106.7,300.0,44.1,4,1
2300.22,86.5,390.8,43.4,4,1
3480.78,196.6,503.0,75.8,4,1
2796.7,187.2,286.3,100.3,4,1
2825.26,95.5,484.3,56.2,4,2
2382.88,221.4,154.0,97.9,4,1
2673.69,103.4,424.4,62.5,5,1
2099.56,158.0,208.1,70.6,4,1
2431.91,179.2,250.1,79.4,4,1
3934.48,174.7,546.7,116.6,5,1
3128.17,231.4,348.2,90.0,4,1
3200.29,203.7,371.7,99.9,5,2
2099.51,193.5,162.8,74.9,4,1
2056.19,129.3,247.2,61.2,5,2
1685.48,152.7,137.1,58.5,4,1
1657.78,164.2,103.4,65.2,4,1
3680.6,171.3,546.8,89.8,5,2
4024.49,157.5,623.5,100.1,5,2
2276.71,115.8,311.2,63.2,5,1
2761.84,219.1,271.7,88.7,4,1
1348.3,129.9,88.7,52.7,4,1
3660.12,167.4,582.9,73.2,4,1
2481.99,108.9,380.2,58.4,5,1
2205.51,226.5,102.6,98.8,4,1
3407.49,169.2,494.3,83.7,5,2
3383.84,150.8,499.3,87.1,4,1
1810.06,125.3,199.3,56.8,4,1
2587.69,237.9,210.6,88.2,4,1
2903.19,176.4,373.8,78.0,4,1
3298.79,192.9,425.0,91.9,5,2
3242.05,161.4,482.9,73.9,4,1
2769.91,124.8,380.6,83.2,5,2
2381.86,212.4,172.6,93.5,4,1
2117.55,133.2,272.1,55.2,4,1
2231.0,140.0,198.5,97.5,5,2
3090.41,142.9,469.9,71.0,5,2
2243.35,160.9,232.7,74.3,4,1
2808.56,202.5,283.2,96.2,4,1
2241.22,153.6,267.2,62.0,4,1
1582.61,178.6,75.0,63.1,4,1
3451.61,150.0,549.6,72.6,4,1
3541.43,210.9,460.9,94.9,4,1
2494.57,117.6,353.2,67.9,6,2
1534.04,164.6,55.1,72.8,4,1
4160.34,161.3,650.0,101.7,5,2
3126.81,119.0,519.2,63.8,5,1
2274.92,167.7,219.3,80.8,4,1
1313.55,107.2,115.3,47.1,4,1
2718.9,167.1,342.3,75.7,4,2
1887.88,152.4,181.1,61.5,4,1
3365.62,145.0,522.7,77.2,5,2
3201.4,129.5,535.3,60.3,6,2
3367.75,148.3,510.6,81.3,4,1
2804.93,165.8,352.6,81.3,4,2
1503.46,128.8,131.2,51.5,4,1
3906.62,184.0,537.9,113.2,5,2
3403.4,207.6,443.1,88.9,4,2
2443.89,116.1,368.7,56.1,5,1
2939.79,155.7,423.8,69.1,4,1
2170.59,121.3,263.5,70.1,5,2
3548.55,150.4,538.3,88.2,5,2
3447.76,198.1,450.5,94.8,5,1
1784.05,103.2,235.3,47.8,4,1
2953.59,141.6,453.4,63.8,5,2
2904.15,150.2,369.0,92.0,5,2
2648.5,165.6,319.2,78.8,4,2
3421.61,222.9,451.3,80.5,4,1
2855.01,119.6,420.5,77.2,5,1
2438.85,154.9,281.0,77.2,5,2
2171.08,223.3,98.2,98.4,4,1
3513.78,186.6,444.4,110.0,6,2
2608.26,162.0,307.8,81.0,5,2
2494.28,163.2,293.4,74.2,5,2
3219.91,139.1,509.6,69.4,5,2
2025.25,105.3,248.7,67.7,5,2
4759.82,172.4,762.7,113.3,5,2
3099.7,154.4,445.7,77.7,5,2
3001.21,99.9,539.8,49.2,5,2
1471.68,110.0,145.4,50.0,4,1
2136.15,162.7,228.1,63.7,4,1
2687.88,85.8,443.1,63.6,5,2
1601.82,133.7,151.1,51.4,4,1
4268.39,188.5,615.2,117.1,5,2
3060.34,154.8,460.6,66.5,5,1
2065.96,184.8,169.4,72.1,4,1
2853.24,118.0,465.4,57.7,5,1
3416.8,184.4,473.9,87.1,5,1
2503.66,127.7,333.9,73.0,6,1
2239.36,190.1,203.4,74.0,4,1
4089.9,216.5,587.0,97.3,4,1
2903.1,190.3,290.0,109.1,5,1
2788.0,184.6,354.3,70.3,4,2
4102.68,169.8,608.0,110.2,5,2
2052.25,153.6,225.8,59.4,5,1
2992.63,102.0,529.9,51.7,6,2
1767.43,161.0,135.5,64.6,4,1
3246.93,212.3,373.8,100.3,5,1
2964.07,198.0,319.3,99.4,5,2
2537.55,123.8,348.6,72.0,5,2
2599.66,94.2,437.8,52.4,4,1
1749.94,182.3,89.1,73.8,4,1
2990.62,183.5,395.1,75.1,4,1
2939.98,110.8,499.6,55.4,5,1
2865.5,199.1,309.7,92.3,4,1
3935.98,210.2,558.2,95.8,5,2
3339.18,190.6,414.9,101.9,5,2
2692.64,174.0,348.0,67.2,4,1
3519.85,196.6,484.4,88.5,4,1
2179.01,224.1,106.0,95.4,4,1
2506.63,153.3,275.8,87.8,5,1
2490.56,148.5,263.7,93.6,5,2
3273.9,124.6,529.1,73.2,5,2
2097.06,179.2,197.9,65.4,4,1
2753.55,234.3,251.7,89.9,4,1
2422.03,226.9,195.4,81.4,4,1
3122.68,176.2,413.0,85.1,6,2
3087.75,206.3,371.9,86.1,5,1
2228.15,128.4,299.5,57.4,4,1
2923.58,223.2,301.3,91.7,4,1
2810.51,130.4,461.5,49.2,5,1
2202.87,144.4,253.3,68.0,4,1
2867.02,169.3,351.7,87.0,5,2
2878.25,209.9,303.0,91.8,4,1
1351.98,121.3,101.8,51.1,4,1
2723.84,101.9,452.4,56.3,5,1
2052.93,181.1,165.8,73.9,4,1
2167.69,142.7,276.6,54.5,4,1
4651.01,187.5,704.6,120.3,5,1
2172.6,117.3,240.8,82.2,6,1
1865.65,187.0,126.0,68.2,4,1
2625.66,210.4,264.1,80.9,4,1
2179.88,165.0,178.3,89.6,5,2
2251.79,253.0,76.1,103.9,4,1
4398.85,174.6,696.9,101.4,4,1
3728.75,221.5,467.5,108.0,4,1
2266.48,167.9,247.7,67.2,4,1
2702.54,166.5,353.9,69.0,5,1
1917.27,168.0,174.1,61.0,4,1
2021.43,110.3,259.8,60.1,5,1
3520.13,140.4,579.6,71.1,5,2
1194.67,135.6,40.7,54.4,4,1
1902.94,113.4,235.0,56.6,4,1
3531.93,165.9,543.1,77.3,4,1
1858.53,133.7,188.0,63.5,4,1
4615.61,217.1,695.5,107.2,5,1
2528.05,99.2,437.5,42.3,6,2
2708.55,108.7,401.7,74.1,5,2
2321.03,116.5,345.0,52.8,5,2
1854.75,138.2,188.1,61.0,4,1
2620.93,140.3,379.3,60.3,4,1
2930.06,188.4,337.7,91.8,4,1
2334.7,125.0,286.5,76.5,5,2
1577.12,138.2,132.1,55.1,4,1
1845.87,142.5,169.5,66.4,4,1
2300.55,222.7,146.1,91.7,4,1
3341.86,139.0,537.4,70.7,5,2
3137.4,121.0,536.9,56.2,5,2
2707.36,196.6,268.0,94.3,5,2
4069.9,144.3,687.1,82.7,6,1
2610.65,104.3,424.0,55.2,5,1
2257.58,195.4,208.4,71.4,4,1
2587.5,144.4,362.5,62.2,4,1
3470.45,191.2,481.0,86.9,5,2
3735.57,211.8,522.9,88.5,4,1
2671.18,242.5,239.6,82.5,4,1
1263.2,124.5,69.1,54.3,4,1
2105.41,121.3,295.1,48.8,5,1
2882.6,232.5,264.5,99.4,4,1
2326.31,155.8,269.9,69.3,4,1
3089.29,188.4,385.6,88.1,5,1
2396.71,140.6,317.7,62.6,5,1
2862.02,106.5,486.9,54.3,6,2
3315.74,227.4,405.2,87.3,4,1
3427.85,243.8,383.6,102.0,4,1
3044.69,197.7,370.5,85.8,4,1
1228.21,110.5,104.2,41.0,4,1
2128.87,160.6,208.3,72.6,5,1
2461.12,121.6,338.2,69.1,5,1
2596.25,111.3,401.7,60.5,6,2
2913.15,117.4,487.6,54.8,5,1
2206.85,240.2,111.0,89.1,4,1
2785.39,166.8,362.4,74.3,5,1
4208.86,142.6,740.7,75.1,5,2
2341.69,181.4,264.8,61.9,4,1
1940.47,141.1,194.0,66.7,5,1
1835.27,189.4,91.9,78.9,4,1
2037.83,155.3,223.7,58.0,4,1
2713.34,132.4,393.6,67.7,5,2
2922.8,128.8,433.8,74.7,5,2
2142.91,104.4,313.2,52.5,5,2
1782.0,193.0,57.1,86.9,4,1
3134.99,154.1,474.6,68.9,4,1
1975.69,230.7,55.2,92.5,4,1
1900.7,93.9,250.3,58.2,6,2
1718.64,144.0,153.2,58.9,4,1
1470.32,128.8,108.0,58.1,4,1
3297.65,185.7,355.6,125.8,6,2
2623.48,118.2,369.7,74.7,6,2
2139.62,201.2,164.0,75.4,4,1
3313.1,223.5,410.4,86.4,4,1
2456.47,191.6,227.2,86.8,4,1
1828.2,137.4,195.4,55.2,4,1
2129.11,106.6,312.1,50.5,5,1
3547.08,172.2,522.1,85.6,4,1
2376.59,162.5,257.2,77.5,6,2
2862.04,97.8,489.4,57.0,6,1
2579.37,144.9,353.7,65.0,4,1
2272.52,184.3,206.9,78.6,4,1
2103.72,119.7,279.7,56.2,4,1
2329.84,81.1,410.2,40.5,4,1
2449.1,172.8,276.1,72.6,4,1
1459.61,115.2,142.1,47.8,4,1
2144.77,254.8,56.3,100.0,4,1
2194.71,87.3,348.5,50.2,5,1
3045.16,202.9,339.7,97.2,4,1
1824.52,170.4,131.0,68.8,4,1
2186.43,112.7,304.6,57.4,5,1
2010.6,197.4,94.1,93.9,4,1
1789.14,92.3,258.0,43.1,4,2
3376.69,214.5,423.7,91.5,4,1
1534.03,143.8,104.4,60.1,4,1
2304.58,116.8,343.0,51.7,6,2
3134.55,124.9,476.2,81.1,5,1
2514.11,188.6,238.1,89.7,4,1
4496.85,176.5,679.7,119.1,6,2
2966.57,167.6,390.6,81.6,5,2
3382.64,240.8,372.9,103.1,4,1
3957.16,164.6,581.6,108.0,5,2
2027.96,156.4,199.1,67.4,4,1
2201.66,212.4,167.7,75.7,4,1
2262.7,187.1,185.5,85.8,4,1
3132.9,175.4,383.4,99.7,4,1
2551.23,134.2,367.6,60.4,4,1
1909.93,223.5,44.3,93.2,4,1
2977.3,139.0,421.9,81.5,5,1
1921.44,233.1,30.6,96.3,4,1
2044.26,124.9,258.8,56.6,5,1
2545.55,173.1,292.0,76.1,4,1
2490.46,156.3,322.5,63.9,4,1
2912.68,149.0,419.1,71.1,6,2
2471.55,204.5,235.7,79.0,4,1
1891.0,137.8,202.7,58.7,4,1
1981.89,177.6,156.9,71.5,4,1
3046.32,250.0,277.9,103.9,4,1
3123.5,114.6,533.0,59.2,6,2
1695.31,92.9,223.6,47.7,5,1
2101.26,129.2,275.7,53.5,4,1
2031.52,195.8,106.8,91.2,4,1
1127.24,117.1,50.5,50.7,4,1
2518.46,120.7,334.3,77.6,5,1
1743.6,189.5,79.3,74.2,4,1
2693.47,230.9,238.4,90.7,4,1
2161.07,165.0,225.5,66.5,4,1
1707.62,92.9,229.6,46.4,4,1
1963.85,142.9,214.6,59.3,4,1
3992.94,175.4,613.5,93.0,5,2
2476.14,107.5,373.5,61.3,5,2
2337.46,127.7,327.7,57.3,4,1
3435.95,212.0,440.5,91.7,5,1
2029.5,112.8,259.5,60.1,4,1
1498.93,168.4,54.2,67.6,4,1
2523.46,142.0,347.0,63.0,4,1
1978.96,166.1,161.2,74.4,4,1
3264.13,113.6,512.6,84.4,5,2
2981.43,133.5,481.7,57.8,4,1
3419.41,109.4,623.1,54.4,6,2
2762.44,150.5,326.8,94.8,6,2
2345.99,164.9,229.2,85.5,4,1
1627.72,116.5,168.2,54.3,4,1
3791.62,192.1,532.8,99.1,4,1
2221.55,138.9,293.1,54.9,4,1
2227.37,88.9,348.3,53.2,5,1
2117.47,172.3,216.3,62.6,4,1
2272.33,191.6,201.5,77.8,4,1
2470.06,174.5,288.3,68.8,4,1
2674.77,108.1,444.8,51.4,5,2
2942.69,151.4,393.6,84.8,5,2
1433.09,131.1,103.6,54.9,4,1
1459.67,115.1,146.9,45.7,4,1
2112.91,100.7,323.1,46.4,5,1
2123.39,232.9,79.3,97.2,4,1
3033.65,199.3,375.6,81.6,4,1
1150.07,107.2,81.8,43.8,4,1
2069.33,123.6,288.1,46.9,4,1
2291.99,82.8,381.5,48.3,5,1
2758.75,137.4,416.7,60.2,5,2
1823.12,103.2,254.7,43.5,4,1
3417.42,189.1,398.2,118.7,5,2
3830.07,188.7,589.1,79.9,5,1
2194.45,163.0,230.1,69.1,4,1
1889.03,127.4,170.0,77.7,5,1
2212.94,186.4,188.0,79.4,5,1
3267.8,153.8,482.7,80.2,5,2
2214.05,214.3,129.7,93.1,4,1
2208.48,120.6,298.9,58.9,4,1
1163.93,124.8,51.6,50.9,4,1
3240.69,122.4,549.6,61.4,4,1
3002.35,141.7,436.3,76.7,4,1
3344.44,159.9,487.8,83.7,5,2
3821.05,191.8,556.1,92.1,5,1
2861.94,185.4,359.5,75.8,4,1
1524.54,119.6,145.6,51.5,4,1
2657.07,130.1,388.2,64.9,5,2
2779.27,119.4,445.9,57.5,4,1
2879.85,135.8,404.4,79.9,5,1
2677.56,163.4,325.8,80.0,5,2
2019.05,177.2,152.7,77.7,4,1
3200.75,168.1,448.6,81.5,4,1
2432.07,152.0,296.8,70.8,4,1
2371.44,110.7,372.6,48.7,5,1
2898.72,260.4,222.5,107.5,4,1
2267.55,150.5,279.1,61.0,4,1
2125.48,163.1,201.8,74.0,5,1
2464.42,150.6,318.1,65.6,4,1
1282.56,101.8,127.6,40.6,4,1
1906.71,193.6,96.5,82.9,4,1
2827.35,148.3,414.6,64.0,5,1
1815.19,119.3,220.2,50.8,4,1
1870.55,110.8,248.9,48.0,5,2
2028.64,175.4,180.4,67.3,4,1
2664.47,151.5,342.8,76.4,6,1
1806.01,127.2,221.4,45.7,4,1
1840.26,111.1,219.1,57.7,4,1
1912.98,125.3,223.2,57.7,5,1
3060.31,186.1,363.5,95.8,5,2
3278.63,175.6,419.5,99.8,4,1
2383.63,125.3,314.4,69.4,6,2
2872.73,160.2,358.4,88.7,4,1
2749.13,180.0,329.7,78.9,4,1
2897.29,138.3,449.8,60.5,5,1
1576.39,187.9,33.4,76.8,4,1
2975.72,173.6,379.2,85.0,6,2
2270.01,201.2,176.4,84.4,5,1
1651.12,145.5,152.5,51.0,4,1
2457.88,126.8,367.2,53.5,4,1
3002.81,188.2,360.6,89.7,5,2
3148.29,226.2,334.9,100.4,4,1
2785.69,181.9,271.9,107.9,5,2
2387.75,196.1,210.7,84.5,4,1
2496.68,117.2,384.6,54.4,6,2
3963.88,141.3,638.0,94.1,5,1
2136.24,202.6,160.0,76.2,4,1
2211.83,126.2,229.9,87.5,5,2
3454.19,230.8,415.6,96.5,4,1
1829.42,91.1,256.3,48.9,4,1
3343.15,154.6,512.2,75.1,4,2
4142.81,157.1,643.8,104.4,5,1
2325.06,218.2,164.9,88.1,4,1
3076.2,119.9,527.5,54.1,5,2
3521.77,156.0,558.7,73.6,5,1
2615.63,110.8,404.3,61.7,5,2
3086.55,172.1,429.5,75.6,4,2
3345.65,169.1,489.6,79.0,4,1
1978.75,94.8,275.3,55.4,4,1
2941.77,201.9,319.8,95.0,4,1
2368.27,108.5,360.1,54.9,4,2
2340.26,224.4,153.9,91.9,4,1
3042.58,135.9,488.4,60.6,6,2
2089.38,103.4,291.4,56.7,5,1
3665.57,182.6,530.5,90.4,4,1
3656.83,172.4,524.6,96.5,5,2
2220.6,183.1,195.2,78.6,4,1
2203.14,99.9,330.5,53.5,4,1
2111.81,126.1,266.6,60.1,4,1
4027.71,202.8,607.1,87.5,4,1
3311.75,160.4,433.0,104.3,5,2
3022.92,215.9,316.3,99.3,5,1
2146.11,102.5,331.9,45.4,4,1
2216.16,186.9,180.3,83.0,4,1
2081.34,142.2,242.8,60.2,4,1
3324.65,139.7,541.3,66.7,6,1
2277.51,156.2,195.1,96.9,4,1
2141.16,181.8,168.2,82.4,4,1
2040.64,158.2,194.0,70.2,4,1
3154.75,189.3,404.8,86.5,4,1
3305.99,198.6,427.9,88.9,5,1
3660.91,169.1,498.7,109.9,5,1
4585.33,199.3,685.3,116.3,5,1
2520.18,218.1,202.0,93.3,4,1
2151.0,219.1,96.8,98.6,5,1
1769.97,118.3,189.5,59.8,4,1
2557.5,146.2,293.8,88.6,5,2
2888.48,240.4,283.4,88.1,4,1
2514.38,194.7,251.2,81.2,4,1
1884.29,113.0,253.8,46.4,4,1
2486.92,151.4,288.9,80.6,5,1
1778.87,146.0,157.1,62.9,4,1
2535.05,143.2,274.8,95.9,5,2
2725.26,204.1,291.3,82.6,4,1
3383.56,198.0,445.1,90.1,5,1
2622.49,114.3,421.7,53.2,6,2
1790.07,132.1,181.8,59.4,4,1
2340.18,116.3,294.4,77.5,6,2
3973.31,170.7,593.7,101.7,5,2
3136.49,229.1,332.9,98.7,4,1
2779.93,229.2,243.6,98.7,4,1
3626.71,186.3,549.1,76.1,5,1
2335.56,121.3,331.6,58.2,5,1
1670.12,145.6,116.1,69.2,4,1
2689.88,251.8,223.5,87.6,4,1
2161.94,124.0,268.6,65.7,6,2
2172.78,210.8,112.5,97.8,4,1
2408.24,83.8,403.4,51.0,5,2
3114.43,206.3,336.0,105.0,5,2
4532.98,207.3,667.4,114.9,6,2
3353.99,167.8,491.8,79.5,5,2
3602.12,119.3,652.1,57.4,5,2
2160.76,126.6,244.7,75.1,5,2
2363.02,198.0,206.5,82.8,4,1
2932.27,149.3,428.1,69.2,4,1
3875.03,175.2,577.3,96.1,5,1
1913.84,108.1,262.1,48.1,5,1
1778.52,206.4,75.8,72.2,4,1
1978.08,180.8,157.6,69.4,4,1
2225.04,88.8,375.0,41.1,5,1
4625.32,180.8,780.1,86.9,6,2
1183.2,135.8,42.4,52.3,4,1
2913.39,153.8,392.4,80.9,6,2
3225.25,138.4,527.3,62.5,4,1
1680.85,93.9,204.3,54.2,4,1
3219.72,100.2,547.8,69.8,5,2
3070.7,143.4,461.8,72.2,4,2
2206.09,102.4,327.2,54.2,6,2
1689.88,212.3,16.2,86.2,4,1
2687.23,150.1,366.6,69.0,6,2
1724.33,135.3,147.3,66.0,5,1
2146.15,129.2,271.3,60.4,4,1
3480.05,154.3,532.6,81.4,5,1
3247.36,154.6,446.0,93.9,6,1
4614.71,186.8,718.0,110.6,5,2
2947.65,221.0,284.9,102.7,4,1
2559.9,162.1,313.8,72.9,4,1
2214.66,249.0,91.0,95.0,4,1
1910.78,204.1,95.2,79.3,4,1
3001.25,184.7,359.6,91.6,6,2
3148.7,125.2,495.0,74.2,6,2
2890.65,135.7,382.8,90.7,6,2
2766.36,143.9,414.4,59.2,4,1
1850.41,220.4,34.3,92.4,4,1
2033.76,107.5,290.0,49.3,4,1
1627.5,134.6,134.5,61.2,4,1
2370.73,154.8,299.4,61.5,5,1
3306.53,150.4,494.7,80.7,5,2
3935.0,159.1,656.9,74.5,5,2
2661.78,156.5,359.2,66.5,4,1
1771.03,166.7,106.6,75.3,4,1
2129.63,173.9,212.0,65.1,4,1
3795.61,230.9,520.6,87.7,4,1
1400.64,144.6,71.7,59.5,4,1
2705.54,213.3,298.6,73.1,4,1
2600.18,131.6,371.7,65.2,4,1
1912.32,132.5,182.6,72.4,5,1
1718.37,161.7,127.0,62.6,4,1
3591.77,125.0,577.2,87.0,5,2
2647.52,163.6,325.9,76.6,4,1
2165.9,108.4,299.6,59.3,5,2
2838.49,171.5,351.9,82.7,4,1
1665.3,113.7,168.0,59.8,4,1
3006.87,119.5,469.9,72.1,6,1
3253.91,149.4,468.5,86.9,5,2
2613.54,197.0,275.6,80.4,4,1
2893.85,171.7,393.4,70.4,4,1
3618.98,168.3,506.4,102.3,5,1
3404.11,214.2,425.4,93.9,4,1
2148.3,129.5,279.4,57.0,4,1
3245.25,164.7,434.3,94.3,6,1
2449.86,141.2,329.6,63.0,4,1
3372.79,171.1,449.5,98.9,5,2
2352.53,165.1,255.7,74.4,4,1
1525.97,127.0,131.8,54.5,5,1
2012.82,151.8,197.9,68.2,4,1
2605.55,236.1,182.8,103.3,4,1
1750.76,146.6,152.7,61.5,5,1
3439.66,151.6,523.7,82.1,5,2
2680.45,147.3,297.2,100.3,6,2
1471.54,149.2,69.3,66.4,4,1
2907.17,205.7,288.6,103.3,5,1
2690.57,162.8,326.6,81.4,4,1
2195.38,191.8,143.9,94.7,4,1
2640.42,186.8,284.1,84.1,4,1
3780.06,171.4,566.0,92.3,6,2
3202.07,177.9,471.8,67.0,5,1
2023.45,130.2,255.3,53.5,4,1
2650.19,168.0,331.3,72.6,4,1
2226.85,199.0,167.0,84.7,4,1
1866.0,134.1,182.8,66.5,4,1
2241.52,141.1,238.3,80.4,6,2
1430.24,85.1,166.0,47.3,4,1
2675.41,191.8,320.5,69.6,4,1
2314.49,131.2,308.8,61.6,5,2
3189.2,182.3,393.1,98.6,5,2
4731.4,190.0,773.1,97.7,5,2
1989.5,116.0,264.4,52.0,5,1
3750.86,222.9,517.2,87.8,4,1
3451.8,155.4,519.0,83.8,5,1
4025.4,204.6,548.0,112.8,5,2
3558.99,168.6,539.8,80.6,6,2
3172.68,180.2,441.9,76.0,4,1
1413.79,133.4,87.7,58.8,4,1
2157.31,142.2,278.0,52.9,4,1
2428.15,99.2,353.8,68.5,5,1
2110.15,219.8,122.1,82.5,4,1
2568.1,166.7,227.3,110.2,5,2
1186.05,122.8,73.8,44.4,4,1
1508.83,124.1,135.1,52.5,4,1
3565.25,171.0,509.5,93.7,5,2
1828.57,119.7,240.3,43.1,4,1
3604.57,143.9,580.0,78.8,6,2
1885.3,95.0,259.4,52.0,4,1
4048.89,227.0,585.6,88.7,4,2
3375.49,129.5,568.1,65.0,6,2
2620.75,145.2,318.4,85.1,5,2
2586.54,108.7,421.6,51.7,5,2
1668.94,172.9,77.1,74.3,4,1
3313.57,155.6,503.0,75.4,4,1
2171.43,183.8,174.1,82.2,4,1
1800.51,113.1,229.9,47.6,4,1
2693.62,104.2,437.5,58.6,5,2
2589.84,123.5,377.8,65.0,6,2
1920.2,130.5,200.1,66.4,5,1
3067.97,186.9,398.2,80.8,4,1
3069.12,122.4,491.4,68.3,5,2
3289.25,115.4,587.9,52.9,6,1
3024.17,201.4,355.2,88.6,4,1
2267.42,175.8,214.0,78.7,5,1
2838.02,191.4,341.2,78.6,4,1
4047.88,212.7,587.1,94.3,4,1
1600.88,115.8,187.1,43.3,4,1
3826.06,180.8,531.7,108.4,5,2
1643.01,107.1,196.5,47.6,4,1
2217.89,106.8,313.0,59.9,6,2
1899.73,115.4,252.3,47.6,4,1
1535.37,109.4,175.1,44.1,4,1
1916.91,158.3,180.0,62.6,4,1
3122.84,172.5,374.2,104.0,4,1
4744.18,202.0,704.7,124.2,5,2
2234.28,123.9,285.6,66.2,4,1
1751.91,137.9,159.9,62.3,4,1
4073.97,199.0,577.8,107.4,5,2
2549.0,156.0,327.7,68.3,4,1
3394.41,159.4,437.8,111.7,5,1
3061.84,120.4,508.6,60.6,5,1
2647.79,129.2,396.2,60.7,4,2
2996.99,229.8,308.8,93.6,4,1
1483.2,135.6,72.3,72.4,4,1
3071.81,202.9,327.3,105.6,5,2
2327.02,105.1,355.9,53.7,4,1
1934.29,208.9,86.3,83.7,4,1
3079.68,240.7,330.1,88.5,4,1
1997.23,113.7,238.3,65.4,4,1
2383.45,97.0,391.8,47.6,5,2
1212.73,111.4,86.6,46.7,4,1
1624.54,112.4,157.0,60.8,4,1
3138.55,127.8,472.2,82.1,5,1
2948.75,101.5,530.6,46.7,6,2
3417.91,176.7,493.5,81.9,5,2
2421.8,147.6,271.1,83.0,5,2
2180.85,187.6,200.5,69.8,4,1
3634.2,174.9,452.8,124.8,5,2
1464.46,133.2,110.3,54.5,4,1
3129.94,159.5,462.8,71.2,4,1
2167.39,157.3,237.7,65.3,4,1
2089.07,181.1,177.2,72.9,4,1
2875.46,220.9,316.5,80.7,4,1
1830.95,126.0,204.5,56.5,4,1
2045.85,106.1,296.1,48.6,4,1
3082.29,225.3,307.1,105.8,4,1
3864.68,156.2,631.6,79.3,6,2
2839.23,94.9,488.8,56.0,6,2
1865.55,157.8,141.1,74.4,4,1
2691.63,163.9,273.2,104.8,5,2
2403.11,129.7,317.8,68.1,5,2
1922.57,123.3,242.4,51.1,5,2
2422.32,174.3,259.7,76.3,4,1
1947.11,107.6,280.5,43.8,4,1
2351.57,182.4,248.0,70.0,4,1
2345.19,149.1,232.8,90.8,5,1
3447.38,142.4,519.9,88.7,5,2
2218.95,100.1,331.9,54.5,6,2
2583.18,172.5,258.8,95.3,4,1
2915.71,104.5,495.2,57.4,6,2
2823.01,154.5,387.8,72.6,5,1
1992.16,211.8,106.5,79.9,4,1
2046.5,89.3,311.7,49.1,5,2
2094.46,156.6,228.8,61.4,4,1
2705.65,160.2,306.6,93.2,5,2
2307.58,244.4,126.2,91.7,4,1
1656.33,98.5,212.5,45.8,4,1
3544.97,182.6,476.1,101.1,5,1
2957.61,111.8,502.2,55.8,5,2
4055.89,150.1,673.7,84.6,5,2
2400.05,194.7,243.4,72.0,4,1
3673.81,167.4,545.1,91.5,6,2
2040.16,98.7,282.8,57.1,5,1
2811.04,107.3,480.0,51.3,5,1
2229.66,118.8,276.5,72.1,5,1
1832.42,214.7,64.2,79.7,4,1
2927.91,154.5,413.9,72.7,6,2
2335.09,192.5,212.8,79.3,4,1
1927.97,192.6,94.8,86.5,4,1
2531.34,89.9,428.1,51.0,6,2
3002.74,171.5,401.1,79.2,5,2
4244.64,164.8,622.6,121.6,5,2
2636.95,115.9,377.3,73.8,5,2
3962.48,185.1,618.6,83.1,6,2
2328.32,145.9,303.2,59.1,4,1
2412.09,155.2,276.7,76.0,5,1
1930.53,111.3,260.3,49.3,4,1
3681.5,148.8,613.3,70.3,5,2
1209.12,115.0,72.2,51.2,4,1
3805.05,166.6,576.6,92.5,6,2
2605.97,187.5,252.1,94.2,4,1
2762.68,154.5,350.0,82.8,6,2
3256.6,99.9,583.1,58.3,5,1
1663.2,166.1,71.2,79.4,4,2
1694.2,177.6,76.1,75.5,4,1
2403.69,217.0,188.3,87.0,4,1
2462.44,179.2,289.4,65.3,4,1
2337.76,171.5,254.8,70.3,4,1
2080.88,154.9,192.6,76.7,4,1
3055.43,237.4,313.3,94.7,4,1
2297.7,90.5,350.3,59.4,5,2
2600.89,169.1,302.1,79.6,4,1
2358.06,180.1,262.6,65.2,4,1
2987.42,178.7,397.9,75.7,4,1
2430.47,109.3,367.5,58.1,5,1
1844.15,217.2,30.4,94.9,4,1
2413.88,126.4,301.9,77.9,4,1
2266.96,200.4,169.3,87.6,4,1
3177.67,112.4,553.5,57.1,6,2
1845.47,166.1,143.3,67.5,4,1
2157.84,236.0,80.2,99.3,4,1
2487.8,208.8,244.1,75.2,4,1
1886.58,171.1,129.9,75.8,4,1
1941.94,150.5,214.5,53.5,4,1
3995.28,212.8,578.4,92.2,4,1
1845.32,160.6,164.3,60.6,4,1
3082.76,168.2,405.2,87.7,5,1
2148.51,144.3,251.2,62.9,4,1
2819.81,198.5,343.1,72.6,4,1
2765.8,194.3,320.6,78.5,4,1
4418.47,185.7,667.0,111.9,5,2
2990.22,227.7,327.3,85.6,4,1
2875.49,206.1,307.7,91.2,4,1
3124.75,139.9,431.3,93.3,5,2
3541.28,200.7,474.9,93.2,4,1
3790.14,160.5,582.2,91.0,5,2
3225.19,160.0,452.9,86.0,5,2
2157.07,97.2,348.8,41.5,5,1
2545.34,139.6,323.4,77.0,4,1
2899.6,113.2,480.7,58.2,4,1
3342.94,165.1,508.3,72.2,4,1
2643.81,158.9,319.1,81.3,5,1
2619.77,155.7,301.2,88.0,5,2
2124.84,93.5,342.1,42.5,5,1
2477.36,243.4,138.8,105.4,4,1
3005.87,113.6,510.1,56.8,5,1
2534.51,103.8,397.3,58.9,6,1
2367.02,148.4,296.2,65.4,4,1
4068.91,198.6,625.1,86.0,5,1
2544.77,127.9,389.3,52.9,4,1
1931.73,247.0,19.3,96.3,4,1
2027.1,104.5,264.8,61.1,6,2
2341.82,194.7,196.1,86.5,4,1
2719.71,113.3,435.8,58.2,5,1
2047.33,151.9,211.6,65.9,5,1
3100.57,142.5,467.1,73.6,4,1
2337.21,110.0,336.3,61.3,5,2
2726.5,168.4,369.1,64.1,4,1
3238.67,234.7,379.1,87.1,4,1
1837.06,177.5,119.8,72.0,4,1
2959.37,163.3,398.9,78.9,5,2
1977.47,177.6,163.7,68.0,4,1
2011.76,108.8,265.6,57.2,4,1
2879.19,162.0,394.8,72.4,6,2
3222.01,126.9,520.7,70.2,5,2
2491.94,163.6,278.1,80.5,4,1
1950.78,129.7,229.8,57.0,4,1
1490.7,151.8,73.8,65.4,4,1
3961.84,170.0,611.6,92.8,4,1
2329.9,108.3,344.9,57.5,5,2
2401.14,125.1,333.1,63.1,5,1
2962.32,214.0,337.0,84.2,4,1
2086.41,129.8,254.7,61.0,4,1
2462.82,160.5,299.6,69.2,4,1
2000.55,155.7,193.5,67.1,4,1
2896.36,214.4,291.4,97.0,4,1
2312.36,105.3,346.3,56.2,4,1
2031.22,119.2,254.8,59.5,5,1
1843.36,224.2,25.4,93.9,4,1
3851.08,150.1,638.2,77.6,6,2
2653.34,99.1,452.4,49.7,5,2
2378.18,90.9,371.7,58.6,5,2
2497.75,185.0,272.2,74.3,4,1
2379.61,149.6,311.8,59.3,4,1
3328.23,164.1,490.7,78.8,4,1
2312.26,234.9,134.5,92.7,4,1
4271.26,188.7,661.2,96.8,4,1
3237.68,159.9,465.4,81.8,5,1
3042.87,146.5,394.8,97.5,5,2
2414.39,135.1,347.4,53.8,4,1
2292.85,117.2,313.6,63.3,5,2
2427.05,193.5,228.6,82.1,4,1
1948.51,108.8,235.5,63.5,5,2
2280.43,227.9,158.6,81.6,4,1
3010.24,112.3,471.9,74.9,5,2
3760.55,169.7,591.9,79.4,5,2
2809.63,154.8,370.6,78.7,5,1
1421.19,98.4,161.1,42.6,5,1
2188.16,151.9,259.8,60.1,4,1
1691.76,107.4,187.2,57.0,4,1
2780.65,211.4,270.9,94.6,5,1
2690.0,216.9,287.0,74.9,4,1
1583.04,175.4,42.3,79.2,4,1
2659.02,119.1,431.1,50.9,5,1
3397.82,234.8,416.6,88.0,4,1
2168.83,146.9,212.6,81.2,6,1
3514.46,138.2,603.0,61.0,6,1
3129.15,119.7,514.5,65.8,5,2
2891.32,110.2,491.1,54.0,4,1
2603.12,221.2,218.8,93.7,4,1
2847.63,185.3,340.4,82.8,5,1
2548.31,139.8,338.3,70.6,6,2
3013.47,189.2,358.4,91.5,4,1
3186.64,224.1,383.1,84.2,4,1
3345.61,171.2,479.6,82.5,4,1
2230.58,131.9,244.1,80.8,5,1
2781.86,145.9,399.7,66.6,4,1
1893.67,127.7,221.1,55.4,4,1
2541.3,164.6,273.5,87.6,6,2
2937.89,214.6,315.0,91.0,4,1
2862.87,96.4,506.9,50.0,5,1
2462.11,149.5,309.2,69.7,5,1
3170.37,169.2,383.5,106.6,5,2
1731.95,113.3,217.4,45.5,4,1
3361.2,141.7,487.3,93.9,5,1
1928.68,106.7,231.2,64.1,6,2
2057.05,105.1,267.9,62.8,5,2
2142.24,168.3,237.2,57.8,4,1
2359.88,185.2,184.3,98.0,4,2
2957.35,166.7,355.1,96.7,4,1
2891.71,200.6,348.0,77.4,4,1
2198.81,102.4,308.5,61.7,5,2
2549.74,166.7,332.9,61.2,4,1
2668.89,149.2,346.3,76.3,4,1
3232.67,138.0,513.1,69.8,5,2
1696.41,129.8,173.8,53.6,4,1
2944.94,94.1,500.0,63.2,5,2
2944.91,161.6,333.3,107.3,5,2
1767.06,123.5,175.7,63.3,5,1
1522.52,141.8,88.3,66.9,4,1
3353.23,166.6,475.6,87.2,5,2
2238.52,100.2,331.8,56.8,6,2
2437.19,182.2,271.1,69.3,5,1
3191.34,165.6,466.3,73.8,5,1
2093.7,161.7,168.9,85.7,4,1
3513.47,125.5,599.4,68.2,5,1
2678.5,210.0,230.6,101.8,4,1
2964.18,133.8,462.5,64.3,6,2
3114.49,143.7,485.0,66.6,6,1
2324.21,100.7,369.0,49.5,4,1
2451.55,82.4,427.7,45.7,5,2
2863.78,142.8,390.5,81.2,4,1
3701.75,235.6,482.2,92.3,5,1
1682.1,95.1,225.8,44.3,4,1
3774.83,170.9,548.4,99.7,6,2
1902.85,96.2,261.5,52.5,5,2
1366.7,142.6,79.1,53.3,4,1
3409.0,185.3,466.9,88.9,5,1
1441.99,135.7,86.5,61.5,4,1
4362.36,195.9,646.4,110.3,6,2
2097.75,123.3,233.9,74.3,6,1
2153.84,196.1,173.5,75.1,4,1
2708.67,199.4,281.0,87.5,4,1
2564.56,231.6,186.2,99.3,4,1
3006.4,209.0,329.3,94.8,4,1
2555.04,99.7,391.4,65.7,5,2
2185.93,185.0,206.3,69.0,4,1
4220.83,169.1,660.7,100.2,5,2
1246.86,112.9,80.7,52.5,4,1
2438.18,167.5,234.7,92.2,5,1
4990.99,202.2,828.3,96.5,5,2
2887.13,219.2,320.1,81.1,4,1
1552.08,233.5,0.0,94.5,4,1
2344.82,201.3,204.6,80.1,4,1
2130.38,140.9,283.4,48.1,4,1
2506.25,171.1,295.4,71.1,4,1
3301.65,165.6,506.9,68.0,5,1
2667.66,158.5,306.5,89.8,5,2
3516.66,152.4,534.9,85.3,5,2
3145.11,142.7,481.7,72.0,4,1
3798.01,160.2,595.6,86.1,5,2
3901.63,180.9,579.0,95.8,4,1
1943.58,111.3,280.0,42.0,4,1
2062.34,171.4,199.2,64.4,4,1
2237.14,123.0,313.3,54.7,4,1
3389.88,162.8,499.6,82.2,5,2
2880.59,144.4,418.9,69.7,5,2
2756.01,120.1,389.3,79.8,5,2
2278.91,96.7,361.7,49.5,5,2
3166.46,109.0,546.9,60.3,5,2
1817.71,132.0,186.2,60.6,4,1
3382.48,151.5,459.9,104.1,6,2
2476.05,182.8,292.0,64.1,4,1
2638.82,117.3,434.6,47.9,5,1
2398.33,138.1,342.8,52.8,5,1
3242.29,189.5,400.1,98.2,5,1
1656.53,194.1,61.5,70.5,4,1
2181.41,108.4,326.5,49.1,6,2
2295.03,172.4,213.7,83.4,4,1
2867.61,115.0,459.9,63.1,4,1
3862.67,174.3,572.4,97.3,4,1
2346.73,114.6,355.2,52.0,6,2
2545.76,218.4,207.4,93.6,4,1
2079.55,150.1,207.1,72.3,5,1
3053.91,171.0,439.8,67.9,4,1
3770.29,122.7,665.4,68.7,5,2
2402.06,108.5,354.8,61.0,5,1
3275.21,142.0,520.0,69.7,5,2
2853.0,177.6,369.4,73.9,5,1
4038.9,181.5,640.1,83.6,5,1
2965.17,206.8,340.6,86.2,4,1
2087.47,112.7,291.2,52.5,4,1
1677.82,120.8,166.4,58.8,5,1
2320.96,170.7,255.3,68.5,4,1
2338.92,121.3,346.1,52.1,5,1
2599.47,199.2,279.2,76.2,4,1
2721.6,172.9,278.3,101.9,5,1
2617.7,117.2,405.8,58.4,4,1
2546.31,125.6,375.9,60.1,5,1
2628.5,134.2,359.2,72.8,4,1
4023.05,172.5,618.0,95.7,5,2
2339.79,181.3,205.0,88.3,4,1
3234.98,219.5,365.1,99.6,4,1
1590.36,180.9,56.6,71.1,4,1
2795.93,106.3,444.5,65.8,5,1
1666.51,167.8,93.2,69.2,4,1
2626.12,179.5,223.0,112.9,6,2
1999.5,153.3,218.9,56.8,5,1
2281.43,119.5,317.1,59.5,6,2
1516.75,89.5,179.6,48.9,4,1
4356.52,177.2,683.4,101.6,4,1
1680.42,103.2,211.1,47.0,5,1
1933.92,220.3,53.5,93.2,4,1
2855.03,156.8,377.2,79.9,4,1
2357.41,119.4,333.5,60.6,4,1
3453.83,165.1,462.3,104.9,5,2
1974.98,174.2,143.2,78.4,4,1
2006.92,169.7,149.3,81.2,4,1
3503.06,176.4,463.7,104.8,5,2
1499.52,125.9,117.4,58.5,4,1
2486.04,176.0,285.8,71.0,4,1
4130.87,164.7,693.3,77.7,5,2
2872.64,168.8,301.8,110.0,5,1
3235.32,194.6,416.1,88.0,5,1
3357.3,169.5,456.4,94.8,5,1
2222.19,113.0,334.4,48.1,5,1
1692.55,126.2,174.9,54.2,4,1
2039.03,103.1,305.0,45.2,4,1
1987.01,158.1,200.3,61.5,4,1
2745.5,156.8,382.0,65.6,5,1
2459.07,112.1,358.3,64.2,4,1
1251.67,116.1,96.7,44.5,4,1
2105.27,84.6,331.2,49.2,4,1
1391.69,97.2,158.3,41.1,5,1
2061.83,112.1,291.5,49.7,4,1
2406.07,108.4,347.6,64.7,6,2
3043.76,129.9,479.5,67.4,5,1
3682.11,167.3,576.1,78.7,5,1
4535.22,214.1,716.7,90.2,5,1
3833.16,166.7,556.6,104.4,5,1
1569.63,136.4,133.8,54.3,4,1
2772.38,212.1,295.7,82.4,4,1
3260.68,123.7,538.8,67.8,5,2
3970.3,180.6,574.1,105.7,5,2
2671.88,114.8,440.3,50.2,5,1
3054.01,220.5,339.6,90.4,4,1
2803.62,187.9,320.1,85.7,5,1
1715.54,116.0,200.5,49.9,4,1
1616.11,170.4,80.7,67.9,4,1
3296.65,174.3,419.9,102.2,6,2
2871.67,158.9,394.9,72.9,5,1
2997.05,127.6,444.9,78.6,5,1
3489.36,157.4,502.3,94.5,5,1
1905.99,132.3,230.1,50.7,4,1
3452.76,168.0,494.2,89.3,6,2
2325.84,103.8,360.2,52.2,4,1
1667.66,166.6,119.7,58.0,4,1
3855.47,147.6,649.1,74.3,6,2
2653.73,98.9,459.3,46.8,5,2
1576.2,93.9,197.7,45.5,4,1
2299.53,93.3,365.4,51.7,6,1
2031.44,116.1,256.9,59.9,4,1
2844.16,203.6,346.2,71.7,4,1
1576.18,112.9,173.7,47.8,4,1
2350.63,190.3,195.5,89.7,5,1
1617.83,120.1,180.8,46.0,4,1
1944.87,145.2,188.7,67.7,4,1
2318.82,131.8,328.0,53.3,4,1
2535.23,101.5,435.1,43.2,5,2
3576.36,161.8,530.1,89.9,5,1
4467.78,174.3,744.7,88.0,4,1
3872.45,163.5,615.6,84.0,5,2
2730.51,125.8,400.1,69.7,5,2
2796.95,146.4,423.5,57.5,5,1
1820.94,119.5,217.0,52.8,4,1
2176.48,206.7,159.9,78.9,4,1
2155.72,158.2,212.5,74.8,5,1
2295.08,87.6,366.9,53.0,5,1
3194.73,189.4,380.2,101.8,4,1
3222.6,138.2,523.0,64.2,5,1
2655.85,196.4,291.2,78.4,4,1
2200.73,171.1,214.6,73.1,4,1
1973.1,173.6,184.3,60.2,4,1
3683.94,168.3,562.4,84.6,5,1
2119.75,202.6,124.0,90.4,4,1
3927.0,175.7,595.4,93.6,5,1
2828.9,222.9,274.6,93.2,4,1
2320.27,203.9,190.4,82.6,4,1
3987.4,190.0,546.3,115.8,5,2
2119.77,182.8,173.2,77.3,4,1
2623.22,197.0,282.4,78.4,4,1
3022.63,90.4,546.2,52.9,5,2
2580.44,163.7,308.7,76.8,4,1
1932.55,199.0,106.6,78.9,4,1
3641.63,177.8,472.4,115.6,5,2
2113.42,158.5,230.5,61.9,4,1
2667.74,159.8,335.7,76.2,5,1
2468.18,110.7,340.1,73.9,6,2
2025.18,139.9,232.6,59.5,4,1
2102.68,102.0,300.7,54.6,5,1
2990.69,212.2,315.9,97.6,4,1
2671.14,158.5,304.8,90.9,5,1
3001.88,126.9,480.5,63.6,5,2
2431.05,184.5,234.2,84.0,5,1
1616.18,157.8,102.4,64.0,4,1
3272.32,207.3,412.9,87.9,5,2
2964.72,207.3,335.8,88.0,4,1
1877.23,226.2,65.8,78.8,4,1
2878.54,177.6,326.4,95.8,5,1
1908.58,132.3,212.6,58.8,5,1
1810.19,121.0,197.8,59.4,5,2
1098.89,105.4,58.9,49.1,4,1
2995.59,228.6,322.0,88.1,4,1
3157.69,218.4,369.3,89.6,4,1
2616.85,163.6,322.8,74.6,5,2
3566.77,208.0,472.0,94.1,5,1
1862.37,130.2,205.4,57.8,4,1
3117.18,227.8,357.3,86.3,4,1
3163.0,153.0,479.4,70.3,5,2
2478.14,221.8,207.9,84.4,4,1
1674.69,158.7,95.7,73.0,4,1
4505.54,177.5,702.7,109.4,5,2
2153.78,133.1,267.2,61.4,4,1
1659.7,104.7,206.1,46.3,4,1
2189.88,130.7,287.9,57.3,5,1
3022.38,170.8,405.4,79.7,5,2
2403.97,111.6,379.9,48.6,5,1
2424.2,189.1,238.7,79.2,5,1
2627.03,148.4,361.3,65.4,5,1
2593.27,99.9,443.2,46.8,5,2
2775.27,101.8,464.5,56.7,5,2
2051.13,138.5,245.9,57.1,4,1
2921.95,132.0,438.6,71.0,5,2
2000.86,190.1,123.9,82.8,4,1
2449.02,102.9,386.8,54.5,5,2
4627.22,201.8,746.3,92.8,5,2
2536.52,108.1,409.2,51.9,4,1
2173.03,138.6,264.8,62.2,4,1
3218.52,179.6,381.2,108.4,6,2
1997.76,163.7,171.1,73.2,4,1
2578.95,85.2,428.4,58.3,6,1
2085.6,167.1,187.4,74.2,4,1
2272.42,122.7,312.7,59.0,5,2
1823.09,104.2,238.8,50.1,4,1
1906.46,107.2,246.6,54.6,5,2
1844.71,151.4,170.6,61.9,4,1
2430.22,111.2,338.0,70.4,5,2
2530.56,206.0,256.1,75.8,4,1
3460.71,193.6,464.9,91.9,4,1
3734.4,137.7,597.3,88.2,5,2
2254.23,155.4,273.4,59.9,4,1
1786.75,174.3,115.1,69.9,4,1
3184.12,130.1,522.9,63.6,5,2
1132.8,110.6,63.2,48.6,4,1
4824.36,201.5,801.1,90.4,5,2
2559.15,164.9,321.7,68.1,4,1
3434.76,169.8,460.7,101.4,5,2
3324.56,159.1,512.8,70.8,5,2
1362.19,140.9,65.0,59.8,4,1
3089.1,128.5,463.9,80.0,6,1
2011.97,119.9,258.9,55.2,4,1
2818.62,191.8,366.6,65.0,4,1
3190.43,238.0,329.0,102.5,4,1
1479.32,107.8,159.6,45.6,4,1
2769.82,111.6,429.6,67.2,5,2
3290.98,162.5,464.7,86.9,5,1
3348.5,127.6,504.4,91.2,6,2
2596.41,167.1,350.7,58.3,4,1
1531.73,118.4,154.5,48.9,5,2
2258.78,197.2,156.3,93.9,4,1
3944.15,150.4,621.0,95.4,6,1
3035.95,157.7,402.3,88.5,5,2
2589.75,163.0,307.9,78.5,6,2
2502.72,129.1,332.9,72.8,5,2
3568.57,211.8,461.5,97.3,5,1
1427.28,108.8,135.1,50.2,4,1
3651.16,194.2,546.3,76.6,4,2
3074.3,172.7,388.0,92.4,6,2
2777.84,102.9,473.4,52.5,5,2
3775.61,161.6,621.1,71.7,6,1
1936.43,147.0,190.5,65.2,4,1
2501.77,143.9,332.6,66.2,5,2
3402.54,157.4,495.5,87.9,5,1
3437.99,172.5,526.7,71.2,5,1
2730.39,221.5,265.0,87.1,4,1
1945.25,193.9,96.0,87.3,4,1
3138.69,199.6,393.2,85.3,5,1
3520.4,142.8,583.4,68.4,5,2
2008.95,162.0,189.8,66.9,5,1
2856.07,150.6,405.2,70.3,5,1
1461.15,127.3,115.2,54.6,4,1
2660.81,132.7,376.2,69.4,5,1
3466.1,197.1,451.8,96.7,4,1
3055.12,106.6,522.4,59.9,5,2
3243.34,203.1,319.6,128.0,6,2
1772.05,179.4,102.4,71.6,4,1
3719.27,176.8,556.4,87.4,6,2
2984.54,136.7,477.9,58.5,4,2
3849.8,203.6,528.4,102.4,5,2
2433.87,169.1,283.5,69.3,4,1
2376.03,154.6,291.7,65.7,5,2
2104.32,103.9,309.3,50.2,4,1
2243.23,116.0,308.5,60.6,6,1
3017.21,147.0,444.4,72.4,4,1
3411.41,142.4,547.4,72.5,5,2
2690.03,189.2,282.6,89.2,4,1
2867.26,222.8,303.7,84.6,4,1
1869.69,163.5,151.3,67.8,4,1
4234.01,186.7,668.5,90.4,4,1
1653.26,148.7,131.3,59.2,4,1
1792.22,118.7,188.9,62.4,5,1
2371.81,221.7,195.4,78.2,4,1
2111.02,133.1,271.9,54.6,4,1
3490.17,150.8,547.9,77.3,6,1
3273.39,186.3,417.6,95.3,4,1
2209.75,158.8,254.5,61.8,4,1
2257.71,164.1,234.6,73.6,4,1
2297.21,93.2,377.5,46.0,4,1
2622.52,190.5,266.2,88.4,4,1
3029.53,169.6,411.6,78.3,4,1
2139.26,171.1,198.0,73.7,4,1
2240.64,147.9,250.4,71.9,5,1
3108.75,205.7,376.1,86.9,4,1
2297.1,150.3,235.2,83.9,5,2
1624.65,138.1,135.6,58.9,4,1
3091.04,124.4,527.2,53.8,5,2
3917.81,182.7,609.0,83.4,4,1
3151.72,98.1,547.5,63.2,5,2
1727.44,176.4,111.1,64.2,4,1
2385.37,242.4,129.4,99.8,4,1
3067.22,252.1,275.7,106.2,4,1
3558.22,127.2,583.4,79.5,5,2
4189.67,178.4,682.0,83.1,6,1
2015.16,92.8,273.6,61.1,5,2
1680.15,131.6,174.2,50.8,4,1
3726.46,175.9,565.0,84.7,5,2
3807.54,134.9,596.9,97.8,5,2
1952.52,95.8,260.9,58.4,5,2
1368.62,148.7,71.1,54.4,4,1
2012.7,117.7,234.2,67.2,4,1
1947.19,104.5,231.9,66.9,5,2
2734.6,214.2,304.0,73.5,4,1
3080.85,210.6,372.0,83.4,5,1
2927.01,159.2,412.4,71.2,5,1
2881.52,111.6,436.5,76.6,6,2
1696.76,128.3,181.6,50.8,4,1
1725.81,131.6,153.0,65.3,4,1
3473.33,181.2,486.1,89.4,5,2
1680.06,149.8,116.6,68.3,4,1
2880.96,130.3,429.2,71.4,4,1
2614.99,156.2,342.1,69.1,4,1
2143.63,137.1,257.8,62.7,4,1
1453.92,164.9,51.5,65.4,4,1
4405.18,153.7,756.7,84.9,6,2
3764.86,162.4,555.5,99.2,6,2
2499.35,98.0,419.7,47.6,5,2
2001.24,91.8,276.4,58.7,6,1
2666.61,105.5,426.5,59.8,4,1
2332.29,134.4,305.4,63.7,6,2
2482.44,217.7,216.5,82.9,4,1
2463.64,129.9,281.6,90.8,6,1
2968.44,249.1,268.7,99.7,4,1
1338.86,145.6,74.0,51.2,4,1
4289.85,213.1,661.9,87.7,5,2
2107.52,111.6,263.9,67.3,5,2
2167.66,137.1,241.0,72.8,5,1
3287.35,131.7,520.0,75.6,6,1
1870.43,123.1,230.1,50.8,4,1
2297.35,126.3,290.4,70.1,5,1
2955.59,139.6,428.3,76.0,5,2
3883.95,148.1,640.9,80.8,5,2
2007.7,91.9,272.5,61.1,6,2
2829.38,173.9,345.7,83.4,4,1
1563.36,165.6,48.4,78.6,4,1
2567.83,203.1,243.3,86.9,4,1
2922.57,119.5,414.9,87.2,5,2
2926.03,161.5,351.0,97.3,4,1
2915.22,205.4,340.4,81.3,4,1
1758.61,151.6,123.3,73.2,4,1
4020.72,163.6,588.3,112.6,5,2
2526.78,201.1,222.5,92.5,5,1
2471.44,174.7,288.2,68.9,4,1
2021.08,101.1,286.3,52.4,4,2
2103.46,161.4,213.6,67.1,4,1
2047.47,136.0,230.8,64.5,4,1
3471.14,197.0,478.4,85.5,6,2
3224.16,175.8,470.3,71.1,5,1
1585.3,144.5,139.6,49.9,4,1
2224.42,134.1,274.5,65.6,4,1
4333.85,173.6,711.0,88.4,5,2
2555.56,123.2,381.4,59.7,6,1
2981.22,231.0,323.5,84.8,4,1
1338.94,123.8,87.2,55.0,4,1
3096.05,178.9,360.5,104.3,5,1
1223.42,125.7,63.7,51.8,4,1
3286.82,183.0,462.6,78.3,5,1
2635.54,207.5,250.3,89.4,4,1
3203.99,199.3,382.7,97.3,5,2
3959.99,182.6,544.3,116.9,5,2
1667.43,122.9,179.7,50.8,5,1
3016.9,196.2,390.3,74.6,4,1
2414.75,176.8,256.6,75.7,5,2
1978.28,121.0,252.1,54.0,4,1
1529.3,182.0,27.6,76.8,4,1
2368.97,189.8,196.0,91.7,4,1
2633.97,113.6,396.7,65.8,5,1
2144.25,136.4,280.5,52.9,4,1
2910.45,143.7,410.0,77.3,5,2
2924.75,139.2,374.2,96.8,5,2
2703.1,121.9,368.9,82.2,5,2
4551.92,171.9,765.8,89.0,5,2
1988.7,213.7,94.0,84.2,5,1
1482.58,166.0,32.7,76.4,4,1
2888.65,132.8,436.7,67.9,6,2
2325.05,147.5,297.8,60.4,4,1
2372.91,156.2,241.2,87.0,5,1
2548.41,225.5,200.7,93.7,4,1
2527.95,109.5,425.2,43.2,4,1
2992.18,193.1,374.4,80.3,4,2
2580.83,216.6,252.6,78.2,4,1
3062.29,159.0,431.1,78.0,5,1
2845.17,172.2,354.4,82.1,5,2
2295.42,107.0,323.1,63.9,6,2
2847.22,124.8,437.4,66.5,5,1
2028.77,155.3,191.5,71.3,5,1
2307.42,86.3,355.8,59.9,5,2
1619.08,102.6,189.6,50.0,5,1
2095.56,138.3,247.5,61.3,4,1
3376.22,210.9,392.5,107.0,5,2
1191.92,110.5,78.5,48.4,4,1
2671.21,231.2,235.1,89.6,4,1
2881.34,231.7,307.7,80.4,4,1
1871.03,93.1,260.9,50.6,4,1
1804.26,150.6,171.2,57.5,4,1
3629.6,172.7,483.1,111.8,6,2
2163.94,173.0,235.9,58.7,4,1
3205.77,127.2,528.3,64.9,6,2
2591.16,107.9,390.7,66.3,6,2
2338.17,139.0,322.1,54.9,4,1
2469.79,228.4,191.6,87.8,4,1
1553.18,150.0,100.7,61.2,4,1
1927.47,166.6,159.8,69.1,4,1
1733.75,140.6,162.9,57.8,4,1
2742.13,192.2,260.3,103.6,4,1
3285.53,166.8,389.2,117.9,5,1
2214.43,90.4,364.2,44.0,4,1
1732.91,155.3,153.5,55.3,4,1
2109.38,183.8,177.4,73.8,4,1
2506.65,157.3,308.9,71.3,4,1
3082.51,129.4,481.7,70.9,6,2
1927.7,85.1,304.4,41.1,5,1
2336.21,127.0,306.1,67.1,6,2
2295.97,182.4,220.9,75.9,4,1
3973.56,162.4,619.3,94.1,5,2
2079.7,108.8,277.0,59.6,5,2
3810.34,170.3,547.9,104.2,5,2
2380.8,120.9,305.2,75.1,5,2
2036.58,101.5,312.0,42.5,5,1
2943.16,224.5,284.3,100.9,5,1
2957.46,161.5,429.8,65.8,4,1
3388.3,128.8,570.3,65.8,5,1
2954.5,199.0,339.8,88.8,4,1
1631.4,99.3,203.6,46.6,4,1
2264.96,162.8,250.3,68.0,4,1
2594.11,153.5,343.9,67.2,5,2
2496.2,168.3,286.4,75.3,4,1
2980.24,146.8,375.9,98.8,5,2
2434.39,111.6,376.5,53.5,4,1
1365.36,145.4,59.4,60.7,4,1
2163.62,153.7,259.0,57.0,4,1
2268.03,159.8,273.5,59.4,4,1
2206.53,132.6,292.7,56.1,4,1
2552.89,141.9,328.6,74.6,4,1
2115.1,144.1,258.0,56.3,4,1
2089.22,137.1,260.9,55.2,4,1
3145.97,216.9,360.2,93.1,4,1
3745.3,173.9,474.3,128.1,5,2
3727.34,185.5,546.3,88.9,5,2
3738.84,150.4,587.0,87.7,4,1
4373.82,177.5,687.7,101.5,5,2
3015.53,171.3,400.2,81.0,5,2
2150.63,162.9,229.1,64.7,4,1
2444.91,111.6,383.0,51.8,4,1
1791.74,138.6,183.6,55.9,4,2
1844.88,151.8,150.7,70.5,4,1
2575.72,154.5,293.8,86.9,5,1
2209.18,119.6,299.6,59.2,5,2
4175.21,172.2,644.2,101.1,6,2
3410.01,135.3,568.3,66.2,4,1
2515.33,176.0,297.8,68.9,4,1
2067.61,137.1,229.4,66.8,4,1
3939.7,167.6,614.9,90.0,4,1
2963.83,137.5,447.7,69.2,5,1
2794.65,144.1,377.2,78.8,5,1
1794.93,121.4,230.8,42.9,4,1
2578.19,115.5,398.6,57.9,5,1
2337.14,119.5,315.7,66.3,6,2
2424.53,194.9,215.9,86.8,4,1
2569.44,140.1,358.5,63.9,4,2
2326.99,134.5,309.4,61.3,4,1
3074.04,173.6,411.7,81.4,5,1
2808.01,100.0,478.3,55.0,5,2
3585.74,224.1,452.4,97.8,4,1
1770.35,158.1,123.6,71.5,4,1
2045.66,149.4,232.6,57.5,4,1
2798.51,180.0,314.6,91.1,6,2
3339.23,188.7,420.3,100.3,5,1
2771.41,150.7,339.4,90.1,5,1
1852.97,113.5,236.1,50.5,4,1
2551.7,205.9,254.9,78.7,4,1
3722.64,188.3,538.9,90.4,5,2
1428.36,135.1,99.3,54.5,4,1
1846.37,170.5,141.4,66.5,4,1
3410.02,131.0,526.1,86.9,6,2
2794.37,187.8,312.9,88.0,5,1
2345.32,110.6,345.8,57.7,4,1
1909.3,160.7,164.0,67.8,4,1
1983.59,117.6,251.2,56.5,4,1
3309.7,167.5,509.5,66.8,4,1
3450.43,111.1,608.3,63.6,5,2
3283.58,220.5,361.7,106.1,4,1
1574.8,135.7,132.8,55.6,4,1
2125.63,154.4,236.4,62.5,4,1
2241.72,154.0,252.9,68.3,4,1
2274.91,168.9,257.2,63.3,4,1
2484.0,118.6,401.1,45.0,4,1
2320.27,114.4,310.9,68.8,4,1
2080.13,160.5,184.7,77.7,4,1
2780.79,118.0,416.9,71.2,5,2
1744.94,137.5,168.9,57.7,4,1
3585.64,236.8,473.9,82.5,4,1
2105.12,106.4,306.2,50.5,4,1
2696.11,181.4,301.4,85.0,4,1
2858.48,242.2,272.3,89.0,4,1
1729.4,220.9,33.0,79.3,4,1
2402.83,146.1,294.4,71.2,4,1
2693.42,130.1,401.3,63.1,4,1
2887.36,132.3,456.1,59.3,5,2
2481.08,223.8,192.9,90.5,4,1
2940.04,126.7,463.5,64.4,6,2
2290.62,166.8,213.8,85.3,4,1
4694.69,209.4,709.6,113.2,5,1
2250.37,91.3,372.9,43.7,5,1
2460.22,97.9,405.6,49.6,5,1
4135.23,167.1,614.1,112.3,6,2
2442.01,84.2,422.9,45.9,5,2
1907.17,175.3,127.1,77.5,4,1
1565.85,141.1,128.7,54.1,4,1
2081.98,160.4,197.4,72.3,4,1
2295.97,177.9,235.0,71.6,4,1
3231.8,122.0,528.6,69.9,5,1
2873.95,192.6,352.6,77.0,4,1
1593.54,147.8,120.7,57.7,4,1
2776.63,117.7,411.2,73.4,5,2
2333.22,170.4,270.7,63.2,4,1
1246.95,126.9,57.5,56.6,4,1
1918.69,91.7,276.2,49.7,4,2
2410.17,188.8,261.3,67.8,4,1
3264.21,195.1,369.7,111.6,5,1
2248.33,88.5,370.2,46.0,4,1
1379.4,115.8,114.7,50.8,4,1
2690.46,205.5,248.7,97.1,4,1
3286.81,204.9,411.4,91.3,5,2
3080.85,150.3,486.2,59.4,4,1
1877.48,210.2,70.0,84.1,4,1
2456.3,166.9,220.0,101.0,5,2
4144.0,181.5,620.7,103.9,5,1
3235.16,175.5,456.6,78.5,4,1
2510.69,101.7,400.2,55.9,5,1
2542.45,137.6,342.5,69.1,5,2
2093.94,147.4,240.1,60.4,4,1
3650.97,192.4,521.3,88.5,5,2
4614.37,206.3,724.6,99.0,5,1
2314.94,175.5,269.3,59.5,4,1
2668.18,111.4,416.3,62.0,6,2
1798.47,144.4,183.3,54.2,4,1
2035.92,208.7,96.6,90.5,4,1
1806.65,118.2,191.1,63.3,4,1
2663.45,169.8,326.1,75.5,5,1
3547.87,197.5,470.6,97.3,5,2
3370.14,191.5,410.0,107.1,6,2
2464.98,192.8,223.7,88.8,5,1
3144.61,183.0,373.1,102.2,4,1
2221.66,191.1,203.4,71.5,4,1
2949.24,133.1,419.2,82.2,5,2
2309.66,167.9,226.1,81.5,4,1
3060.13,230.5,312.5,98.7,4,1
2917.91,157.0,401.4,76.0,5,2
1463.76,150.0,83.2,59.0,4,1
1901.84,207.9,78.4,84.1,4,1
2726.41,241.9,218.2,98.5,4,1
1701.62,106.3,204.8,50.8,4,1
1600.64,94.9,200.5,46.6,5,1
2995.13,158.4,417.0,77.1,6,1
3167.14,187.1,418.2,82.9,4,1
2799.58,245.8,255.6,88.2,4,1
2261.53,193.1,153.7,97.1,4,1
1773.3,163.1,118.9,71.7,4,1
3719.28,186.0,544.5,88.6,6,2
1630.91,92.9,208.2,47.4,4,1
1963.86,105.5,263.7,54.1,4,1
2182.95,192.2,169.5,81.8,4,1
1616.54,155.7,119.4,57.3,4,1
2483.56,149.2,317.0,68.8,4,1
2389.44,182.7,264.6,66.7,4,1
3370.12,107.0,584.9,66.9,5,1
2038.68,188.0,152.4,75.2,4,1
2290.94,105.1,309.9,70.1,6,2
2688.09,187.8,269.6,95.4,5,1
1505.93,159.4,57.6,70.9,4,1
2657.27,92.8,452.3,53.0,5,1
3044.83,167.7,393.4,88.9,4,1
2349.16,235.5,152.4,88.6,4,1
2461.2,98.7,392.2,55.3,6,2
3299.8,150.0,529.1,64.8,5,2
3122.61,174.1,404.2,89.9,5,2
1222.63,107.6,94.1,46.2,4,1
2333.23,136.2,279.7,74.4,5,2
2676.88,130.8,375.7,72.3,6,2
2617.68,119.4,386.0,66.3,6,2
3858.75,177.6,557.2,102.2,4,1
2754.68,193.7,324.7,75.7,5,1
1895.48,136.7,221.7,51.3,4,1
3440.47,146.1,530.0,81.8,6,2
3094.62,146.6,465.9,71.6,4,1
2814.93,124.3,431.7,65.6,4,1
3526.8,195.7,449.3,105.2,5,1
2529.75,193.0,228.9,93.6,4,1
2267.52,160.1,278.4,57.0,4,1
2730.5,167.1,266.6,110.6,6,2
2406.31,106.5,380.6,50.9,5,1
2814.25,177.4,347.0,79.6,5,1
1927.49,244.3,26.3,93.9,4,1
2198.23,160.7,236.7,67.7,5,1
2687.18,122.7,412.8,60.6,4,1
1168.85,118.4,66.1,47.9,4,1
2399.05,158.5,272.2,75.1,5,1
3338.27,132.2,539.5,72.4,6,2
4538.53,191.1,736.1,92.2,4,2
2003.99,115.5,226.8,70.5,5,2
2315.05,174.0,221.5,81.4,4,1
2963.05,147.9,414.6,79.3,4,1
2393.12,158.7,315.1,55.3,4,1
3404.65,187.6,483.3,80.1,4,1
2527.33,121.5,376.2,59.6,4,1
2590.0,190.5,301.9,68.9,4,1
1716.99,121.4,211.3,42.9,4,1
3043.48,143.3,416.8,89.3,6,2
2194.29,148.8,261.2,61.6,4,1
2480.55,165.9,311.9,63.3,4,1
2802.45,194.5,323.6,81.1,4,1
1986.07,103.0,248.1,64.6,5,1
2034.15,116.1,272.4,53.4,4,1
2159.93,119.9,304.3,51.5,4,1
2294.72,133.9,294.4,64.6,6,2
1748.4,132.9,175.0,57.4,5,1
5041.37,184.2,794.0,125.4,5,1
2173.49,211.1,145.8,82.9,4,1
1733.28,202.7,44.3,82.8,4,1
2201.45,148.1,270.6,58.5,4,1
2691.42,99.0,428.7,64.5,5,2
3481.05,165.1,505.2,88.9,5,2
3280.64,241.7,373.3,91.2,4,1
2035.87,126.1,275.8,47.6,5,1
2263.65,201.5,173.8,84.7,5,2
3110.23,197.0,386.8,86.1,4,1
2789.01,124.5,417.0,69.2,5,1
3196.86,205.6,416.3,78.8,4,1
2073.72,171.2,180.6,74.1,4,1
4440.68,228.4,669.7,94.3,4,1
1830.37,156.1,139.4,72.1,4,1
2237.5,157.4,247.2,68.8,5,1
2216.96,216.6,127.8,93.3,4,1
2220.4,162.6,193.1,88.6,6,2
2999.65,111.1,473.3,73.5,6,2
3159.88,188.2,437.8,72.9,5,1
1933.33,175.0,164.1,64.1,4,1
2930.14,199.1,351.9,80.7,4,1
2188.87,190.7,196.3,71.2,4,1
1884.6,182.3,131.9,69.8,4,1
1792.92,194.0,71.9,81.1,4,1
2866.2,122.3,477.3,52.0,5,2
2748.56,116.1,418.3,67.9,5,2
2499.24,192.5,233.3,88.4,5,1
1996.85,104.5,283.3,49.5,5,1
3233.47,130.9,494.9,81.2,6,2
3575.37,150.7,551.5,85.2,6,1
2976.7,203.3,331.9,92.9,4,1
4088.83,155.3,684.6,81.0,5,2
1683.33,146.1,135.9,61.7,4,1
2050.0,104.6,283.8,55.2,5,1
3685.55,179.1,501.6,107.0,5,2
3660.98,137.6,560.7,96.4,5,2
2738.57,147.8,364.2,76.7,5,1
2149.86,191.4,162.0,81.8,4,1
4996.2,209.7,837.5,89.7,5,2
2105.29,118.8,294.3,50.3,4,1
2407.53,126.1,338.4,61.0,5,1
2855.7,182.6,335.7,86.9,4,1
2733.07,194.7,324.0,73.2,4,1
1852.12,91.4,250.0,54.0,6,2
1659.86,150.8,135.8,57.1,4,1
2142.94,118.7,278.2,61.7,4,1
3303.37,157.8,461.8,91.7,5,2
1810.08,159.3,160.4,59.0,4,1
2719.71,142.4,369.2,74.8,6,2
2224.3,147.5,280.1,57.1,4,1
2856.21,185.2,313.4,95.8,5,2
2741.63,208.5,302.0,77.7,4,1
3395.36,216.9,412.8,97.4,4,1
3244.09,191.1,368.5,111.7,5,2
3509.93,171.4,535.8,75.7,5,1
3267.24,196.4,388.8,102.9,6,2
2899.62,253.6,235.4,104.9,4,1
3252.37,177.2,406.9,101.8,6,2
3208.48,107.4,563.3,58.4,5,2
2483.86,91.6,398.9,58.0,5,2
2233.06,108.0,332.3,52.4,4,1
2222.99,166.7,216.2,76.8,5,1
4165.95,157.7,685.8,88.0,4,1
1981.0,145.2,225.3,55.4,4,1
3462.29,147.9,544.7,76.9,5,2
1320.05,157.0,37.6,60.2,4,1
1870.07,136.9,208.1,54.5,5,2
2614.68,118.4,404.4,58.2,4,1
2689.71,132.5,381.8,70.3,4,1
3247.47,200.4,375.5,104.9,5,2
2949.37,174.0,409.6,68.3,4,1
1706.61,161.0,125.4,62.3,4,1
2064.3,157.0,188.5,75.8,5,2
3364.75,128.8,533.4,79.5,6,2
1853.83,169.5,123.5,75.8,4,1
1891.92,223.5,47.5,89.8,4,1
2981.49,161.0,430.2,68.5,5,1
4848.47,209.0,781.1,98.7,5,2
1150.48,116.0,56.7,51.1,4,1
4265.12,190.2,624.4,111.9,5,2
2225.42,98.4,329.1,57.3,5,1
2937.45,195.4,351.4,83.4,4,1
2472.02,115.6,348.7,68.3,5,1
2481.64,106.0,414.9,44.2,6,1
2274.56,204.2,152.0,94.4,4,1
3871.79,160.7,572.8,104.2,5,2
1565.18,127.8,144.3,53.0,4,1
3113.11,147.7,429.9,89.2,5,2
1996.5,106.9,255.6,60.7,4,1
2355.66,203.4,168.3,96.5,4,1
2361.25,147.3,308.0,60.0,4,1
1786.21,180.9,70.6,86.7,4,1
2434.64,111.9,376.6,53.4,5,1
2166.47,175.2,216.5,66.7,4,1
2317.66,100.0,377.8,45.2,5,1
2962.55,112.1,488.7,62.1,5,1
2541.56,194.3,242.9,88.1,5,2
2090.09,97.3,317.3,48.0,6,2
2684.22,129.9,405.6,60.2,5,1
4540.74,189.3,657.5,128.2,5,2
3437.67,115.2,612.5,58.6,6,1
2342.93,207.4,171.9,91.7,4,1
1854.88,125.0,202.6,60.5,4,1
1435.27,158.2,77.7,54.7,4,1
2278.38,109.9,339.8,53.3,5,1
2305.3,86.8,388.3,45.0,4,1
2432.14,141.1,326.7,62.3,5,1
2636.2,189.6,225.5,108.4,5,2
2155.92,127.8,287.9,54.8,4,1
3865.02,126.3,659.2,80.3,6,2
1708.01,123.0,199.4,46.5,4,1
2873.86,241.1,290.1,83.2,4,1
2887.79,132.3,380.5,92.9,6,2
2507.42,137.0,360.5,57.5,5,1
2408.48,125.7,329.5,65.3,5,1
1948.02,176.5,138.7,76.4,4,1
2433.06,140.0,294.8,77.1,5,1
1875.99,110.6,260.7,43.4,4,1
3116.92,228.2,339.1,94.2,4,1
1839.56,222.0,26.8,93.8,4,1
3847.78,184.3,597.1,80.2,5,1
1384.32,184.8,0.0,83.4,4,1
1958.51,93.4,287.9,48.1,5,1
2079.2,120.0,245.8,68.5,6,2
3168.28,159.9,456.8,78.0,4,1
2824.32,192.2,324.4,84.2,4,1
3213.03,225.3,372.9,91.1,4,1
4181.41,174.8,690.7,79.9,5,1
1996.88,145.9,202.4,67.1,5,1
2207.11,186.4,192.1,77.0,4,1
1633.46,151.8,114.1,63.3,4,1
4091.27,200.7,628.2,86.2,4,1
2437.01,115.4,325.2,75.0,6,1
2729.33,172.7,354.0,69.2,4,1
2444.93,191.1,242.3,79.0,5,1
1824.48,235.4,0.0,99.0,4,1
3133.84,127.4,509.0,65.4,5,2
2076.68,113.0,282.8,54.8,6,2
2738.55,210.6,276.9,87.7,4,1
2073.87,187.2,150.3,80.5,4,1
3194.17,215.2,393.4,84.4,4,1
3600.31,156.0,527.8,96.1,5,2
2302.51,122.3,286.0,74.3,6,2
1713.39,109.6,192.6,56.0,5,1
2842.83,216.4,322.9,76.2,4,1
2488.56,131.5,355.5,60.1,5,2
4012.37,146.4,693.8,72.4,6,2
1319.45,108.2,111.0,49.2,4,1
2497.03,250.9,175.2,88.0,4,1
2059.52,119.7,268.7,56.2,5,1
1562.92,174.2,42.4,77.4,4,1
3146.2,173.8,403.0,93.2,5,1
2663.82,123.7,391.7,66.9,4,1
3589.73,168.9,552.0,78.4,5,1
2357.53,97.8,342.4,66.3,6,1
2221.11,203.2,156.5,86.9,4,1
3726.31,175.2,555.7,89.2,5,2
2252.55,207.4,167.6,83.6,4,1
2865.0,232.1,251.2,103.5,4,2
2687.04,90.0,480.7,44.9,5,2
2122.78,127.8,268.7,59.7,6,2
2261.95,136.8,304.6,55.1,4,1
2453.37,199.7,238.0,78.1,5,1
4140.88,198.0,634.1,90.2,5,2
2563.21,175.8,306.4,70.5,4,1
5008.4,185.2,840.2,100.8,6,2
2437.16,120.9,340.8,65.6,4,1
3476.76,191.3,437.2,107.0,5,2
2930.31,179.5,297.7,113.5,5,2
1962.3,97.9,285.5,47.6,5,1
2683.02,116.6,408.0,64.9,5,2
4381.6,193.1,640.7,116.2,6,2
1997.97,176.2,174.8,66.0,4,1
1414.55,132.8,103.6,52.1,4,1
3352.73,231.1,424.3,81.3,4,1
2245.91,119.2,318.9,54.8,6,1
3236.83,184.3,449.4,78.0,5,2
4007.38,170.6,573.3,114.6,5,2
3599.46,190.3,540.4,75.2,4,1
3115.96,187.2,396.0,87.0,5,1
2244.51,192.1,208.4,71.4,4,1
2874.19,164.3,355.7,88.2,5,1
3178.98,214.7,397.4,81.2,5,1
3143.91,146.0,453.6,82.9,5,2
3056.33,142.1,434.2,83.5,6,2
3924.48,183.0,587.3,93.7,6,2
2263.74,120.2,312.8,59.1,6,2
4551.72,171.2,775.9,84.8,6,2
1882.24,210.4,53.9,91.7,4,1
1847.86,192.0,93.2,78.5,4,1
1927.91,181.1,119.0,80.8,4,1
1863.79,140.0,184.1,63.0,4,1
2431.39,122.8,364.4,53.6,4,1
1806.05,152.6,159.9,61.8,4,1
4657.01,176.6,782.9,91.0,5,2
2769.89,194.0,262.5,104.9,4,1
2397.57,164.8,282.2,67.8,4,1
3003.14,121.1,487.5,63.2,5,1
1946.97,226.0,33.0,101.2,4,1
3431.51,128.1,535.1,86.5,5,2
2382.08,138.5,298.5,70.5,4,1
3700.74,196.9,510.2,96.9,6,2
1427.8,133.4,109.1,50.9,4,1
1559.06,140.1,133.1,51.8,4,1
1806.06,151.4,146.3,68.4,4,1
2675.78,149.3,340.3,79.7,5,1
1649.95,138.9,137.5,60.5,4,1
2909.36,200.0,324.6,90.1,4,1
3072.43,219.6,370.2,79.3,4,1
3348.62,140.7,478.7,96.8,6,2
3128.67,125.6,478.4,79.2,5,2
2310.64,108.5,345.8,54.8,5,1
2632.94,123.5,406.9,56.8,4,1
2924.3,202.2,343.3,82.4,4,1
3223.35,151.7,475.8,79.3,4,1
2723.44,139.1,402.3,62.0,5,2
2394.6,225.1,167.9,91.4,4,1
1356.28,119.3,99.9,53.3,4,1
2058.21,144.8,225.6,64.0,4,1
2115.91,258.1,58.4,94.5,4,1
2860.06,138.1,434.5,63.3,5,2
1952.34,87.4,288.5,49.8,4,1
2451.72,121.1,339.1,67.9,4,1
2069.74,151.2,229.4,60.8,4,1
2079.21,119.2,287.4,50.3,4,1
4001.14,192.8,583.3,99.6,4,1
3236.01,234.0,355.6,97.5,5,2
1310.1,152.1,50.8,55.4,4,1
3600.96,192.5,460.9,109.7,5,1
2603.3,104.2,385.9,71.5,6,2
1958.65,166.1,187.8,60.4,4,1
2370.31,147.4,270.0,77.9,5,1
3618.71,212.4,503.5,83.9,5,2
1813.36,167.1,158.1,57.0,4,1
2563.96,222.7,183.6,104.3,4,1
1723.98,172.2,124.4,59.7,4,1
3047.07,224.2,338.8,88.3,4,1
2190.65,150.5,206.4,84.8,4,1
2049.46,198.9,108.6,91.0,4,1
3084.73,225.1,327.8,97.0,4,1
3553.83,166.8,538.1,81.6,4,1
1172.22,116.0,67.1,48.9,4,1
2400.91,137.6,327.8,59.9,4,1
3678.52,184.7,487.8,109.8,5,2
3152.17,248.5,325.4,95.2,4,1
1837.37,134.9,210.7,50.6,4,1
2487.36,125.1,365.9,58.1,4,1
1929.98,106.6,256.5,53.1,5,1
2093.11,112.3,293.1,52.4,4,1
1940.36,95.6,282.5,47.6,6,1
1812.4,103.0,224.2,56.0,5,1
2076.65,120.0,280.0,53.0,5,1
2959.44,139.9,448.3,67.4,4,1
3157.82,151.9,436.3,89.4,5,2
3393.49,149.6,519.8,79.5,5,2
2662.97,109.5,447.0,48.6,4,1
2840.93,149.0,398.9,72.2,5,1
2067.9,220.3,120.6,78.2,4,1
3891.09,156.1,618.3,88.2,5,2
3757.55,153.0,603.4,81.3,4,2
1907.43,102.2,265.5,48.5,6,1
3827.79,136.8,675.3,64.4,5,2
2474.16,98.5,384.5,60.2,5,2
2783.85,145.3,386.4,73.0,6,1
1964.63,155.6,192.4,63.6,4,1
3186.09,110.9,540.5,64.5,5,1
3386.89,179.6,467.9,88.5,5,2
3122.5,168.2,425.7,83.0,5,2
2893.8,185.7,362.4,77.9,4,1
3144.37,224.3,361.5,89.0,4,1
1912.2,175.9,137.1,73.4,4,1
1857.34,132.3,204.1,56.9,4,1
2754.4,132.0,395.0,71.8,5,1
2850.86,132.6,419.7,71.3,5,2
1889.92,161.3,150.2,71.5,4,1
2186.9,165.5,180.5,89.2,4,2
3177.85,127.9,523.8,63.5,5,2
2174.51,173.6,168.1,89.7,5,1
2428.18,174.5,268.9,72.7,4,1
1961.51,167.9,160.3,72.1,4,1
3048.85,175.7,417.3,75.2,5,1
2559.01,88.3,440.5,49.3,5,1
2105.83,196.1,146.0,82.0,4,1
1521.38,142.3,95.4,63.4,4,1
4091.3,167.3,676.5,79.6,5,2
2332.29,128.3,304.5,66.8,5,2
3122.38,166.7,409.4,90.9,6,2
1450.69,137.4,117.7,47.8,4,1
1830.05,113.5,226.3,52.3,4,1
2669.96,223.2,249.2,86.7,4,1
3005.62,220.9,319.1,94.0,4,1
3299.11,204.0,433.7,83.2,4,1
1898.19,130.4,210.5,59.4,4,1
1992.14,165.3,147.0,82.5,5,1
2679.41,106.9,418.5,64.2,5,2
3005.06,200.9,367.7,81.2,5,1
1890.54,86.9,263.2,54.5,6,2
2350.05,97.5,381.2,48.4,5,1
1916.96,144.7,206.1,57.1,4,1
3014.71,212.7,359.6,80.6,4,1
2032.24,179.1,160.8,74.7,4,1
2889.56,173.4,341.9,92.0,4,2
2664.56,246.4,207.3,94.4,4,1
2384.94,146.5,284.3,73.5,4,1
2977.39,186.2,316.2,107.5,5,2
3790.32,147.9,635.2,73.1,6,2
2851.26,153.7,392.3,74.2,5,1
1482.87,132.0,108.7,57.8,4,1
3194.59,200.3,387.8,93.6,5,2
2339.69,194.9,233.4,69.6,4,1
3253.65,155.7,491.9,73.7,4,1
2934.82,197.9,345.1,84.8,4,1
3011.04,173.2,361.8,96.8,6,2
3225.74,210.6,402.4,86.0,4,1
3647.29,157.7,539.6,95.4,6,1
1700.55,104.8,202.9,52.2,4,1
3817.66,134.0,635.5,82.2,5,2
3130.03,187.4,349.5,109.1,5,2
2038.22,221.8,89.6,88.0,4,1
2784.53,108.3,468.7,53.0,6,2
1537.38,119.9,169.6,42.2,4,1
1846.85,140.0,191.9,57.7,4,1
3235.86,174.9,415.6,97.1,4,1
2422.4,133.3,303.3,75.1,5,1
2635.12,224.0,228.9,91.5,4,1
2270.81,85.8,361.5,53.5,6,2
2472.08,192.6,235.9,84.2,4,1
2176.04,188.0,175.4,80.3,4,1
2898.47,142.1,389.6,85.8,6,2
4713.03,164.5,767.0,109.7,5,1
2917.83,132.8,415.4,80.6,6,1
1446.46,125.8,126.9,48.4,4,1
2778.4,135.7,349.9,92.9,6,2
2631.91,103.5,448.0,47.3,5,2
2807.01,191.2,348.9,71.9,4,1
2241.38,105.1,307.1,65.8,5,1
1590.74,135.0,137.9,55.5,5,1
2883.51,164.6,330.2,100.5,5,2
2793.58,212.5,251.1,104.3,4,1
2380.36,141.2,299.3,68.7,4,1
2836.94,203.3,330.3,78.0,4,1
1506.41,137.1,124.7,51.0,4,1
2253.24,229.5,107.5,100.6,4,1
2759.9,164.8,304.8,98.0,5,2
2144.55,130.2,297.0,48.4,4,1
3384.38,154.5,555.7,60.4,5,1
3242.66,216.3,400.2,86.3,4,1
2606.54,88.4,427.0,60.5,6,1
1967.97,119.2,235.4,61.1,4,2
2684.72,161.5,345.2,73.1,5,1
3264.0,191.9,417.4,91.8,5,1
2104.28,190.9,133.1,89.8,5,1
1633.42,151.2,120.5,60.7,4,1
1512.23,107.7,165.1,46.8,4,1
4665.12,161.1,800.6,90.9,5,2
2704.81,157.9,347.6,75.8,5,2
2687.9,160.6,296.2,95.6,5,2
2759.16,166.9,354.3,74.9,5,1
3367.92,192.6,472.8,78.5,5,1
3018.2,122.7,471.4,71.3,4,2
1945.31,130.2,233.5,54.5,4,1
3129.0,139.8,499.4,63.6,5,2
3996.51,159.1,607.1,103.5,5,2
2821.07,158.3,332.4,95.3,6,2
2122.48,160.9,246.0,55.0,4,1
2795.63,189.8,329.2,80.0,4,1
2622.97,143.0,364.1,66.1,6,1
1641.62,168.2,85.2,69.8,4,1
1922.1,170.6,127.2,81.2,4,1
2763.82,182.2,280.1,101.6,5,2
1763.67,122.6,210.0,48.1,5,1
2698.55,140.4,384.7,66.5,4,1
3562.52,162.8,544.3,81.6,5,1
2159.37,104.6,260.4,77.7,5,2
1685.52,239.1,0.0,87.0,4,1
2836.83,181.2,312.6,95.7,4,1
3246.0,192.4,393.9,100.1,6,1
2554.59,163.6,307.5,74.5,5,1
2138.82,179.7,189.3,73.6,4,1
2257.05,153.7,248.5,72.0,4,1
2905.0,199.0,253.5,121.7,5,2
2672.65,220.6,240.5,92.0,4,1
3671.85,178.8,517.5,98.5,5,2
2111.65,236.6,75.0,96.1,4,1
2335.03,181.1,219.0,81.6,4,1
3078.02,196.7,384.5,83.7,5,1
1704.78,158.9,129.5,61.3,4,1
1892.38,144.7,209.2,53.0,4,1
2973.49,164.9,354.2,99.7,6,2
3522.92,201.5,468.9,93.5,5,1
1898.79,117.6,246.5,49.1,4,1
2970.38,104.4,520.3,52.4,6,2
1340.8,139.5,63.6,58.7,4,1
1850.38,154.7,165.2,63.4,4,1
3059.31,196.5,361.8,91.8,4,1
2622.77,91.7,427.6,60.6,5,2
2789.33,164.3,311.3,98.5,5,2
3086.09,217.8,334.3,97.5,4,1
2965.3,202.8,383.3,69.0,4,1
3217.32,183.8,432.3,83.7,5,1
2968.03,118.5,482.7,62.6,5,2
2083.9,101.3,293.5,56.1,5,2
2972.43,196.4,348.8,87.9,4,1
2450.91,197.9,233.0,80.8,4,1
3716.4,208.9,516.7,90.5,5,1
3293.72,143.0,480.5,88.9,5,2
2268.56,158.8,266.6,63.0,4,1
2774.49,92.7,484.2,51.9,6,2
1770.24,145.0,167.3,57.9,4,1
2911.76,82.0,545.2,44.8,6,2
2462.66,154.9,258.9,89.7,6,2
3680.89,136.7,563.2,97.9,5,2
1954.66,109.6,281.3,43.4,5,1
2237.41,94.6,360.3,46.4,6,2
2653.48,138.7,321.3,90.4,6,2
2546.72,126.0,384.6,56.1,4,1
3265.74,104.7,564.6,65.4,6,2
2104.35,102.0,315.6,48.2,5,1
2105.92,133.8,241.3,67.3,5,1
1941.89,192.4,131.5,71.8,4,1
2990.27,167.4,390.4,84.3,4,1
2938.12,184.4,369.9,80.1,4,1
2469.21,104.5,380.5,58.8,5,2
1684.23,136.0,160.1,55.5,4,1
2622.14,138.3,308.3,92.9,5,2
1712.4,147.2,86.3,86.5,4,1
2560.69,155.4,292.5,85.4,4,1
2901.13,120.9,445.7,70.5,5,2
2741.87,208.4,272.0,91.1,4,1
1759.75,101.4,234.6,46.2,4,1
1911.89,229.3,65.4,81.5,4,1
3230.21,155.5,485.9,73.9,5,2
2832.12,191.6,281.2,104.6,4,1
2946.29,198.6,349.5,83.8,4,1
3433.98,179.3,482.1,87.6,4,1
2589.4,176.9,296.4,77.4,4,1
1560.57,176.2,44.1,75.5,4,1
2525.08,131.6,372.2,56.7,4,1
2727.38,134.1,329.0,97.2,6,1
2652.14,109.2,429.7,55.2,4,1
2362.58,93.5,401.5,42.5,5,2
2275.5,93.3,365.0,49.2,5,2
2809.06,162.6,357.1,81.1,4,1
1681.88,107.2,207.8,46.9,4,1
2457.47,119.2,387.4,47.9,5,1
2947.31,113.9,468.6,68.6,5,2
3296.56,120.6,516.0,83.4,6,2
2329.57,206.1,198.7,79.0,4,1
2258.58,175.2,202.5,83.1,5,2
2358.93,193.8,189.8,91.6,5,1
1952.23,170.7,138.0,79.7,4,1
2782.64,140.8,378.1,78.5,4,1
3487.69,155.0,556.9,71.1,4,1
3119.62,147.9,467.1,73.3,5,1
3784.32,167.6,608.4,75.6,4,1
2368.06,97.1,388.8,47.2,6,2
3397.97,190.2,497.5,71.9,4,1
1832.28,143.8,167.9,65.1,4,1
1542.48,207.3,0.0,89.1,4,1
1693.27,130.2,159.0,59.6,4,1
2307.42,160.4,253.9,72.2,4,1
2034.29,193.3,118.7,87.4,4,1
2721.29,186.4,316.2,78.9,4,1
1818.31,183.1,93.3,79.2,4,1
2114.54,110.4,280.6,61.1,5,2
2976.84,253.7,281.8,92.7,4,1
1343.39,135.6,65.2,60.0,4,1
2853.05,119.4,445.4,66.0,5,2
1966.51,142.6,218.9,57.9,4,1
2827.84,135.9,374.5,87.3,6,2
2791.89,185.2,309.5,90.4,5,1
1512.84,91.1,185.4,45.2,4,1
3241.1,182.4,347.6,124.6,5,2
2058.93,100.8,281.4,58.9,5,2
2669.1,147.7,352.2,74.4,4,1
3012.21,88.1,523.9,62.7,6,2
2571.17,172.5,298.4,76.4,4,1
3800.37,146.6,614.9,83.8,5,1
2737.63,146.3,351.6,82.9,5,1
2406.86,108.5,387.3,47.1,5,1
1427.1,165.5,37.6,68.3,4,1
1731.36,204.5,25.7,90.1,4,1
2895.75,126.9,393.7,90.4,6,1
3433.61,227.4,448.0,81.3,4,1
2402.47,207.4,194.4,88.3,4,1
2627.15,124.6,397.9,59.7,5,1
2459.48,222.3,177.9,95.4,5,1
1664.52,128.2,145.9,63.1,4,1
1733.8,203.4,51.7,79.3,4,1
4080.72,177.2,635.5,92.2,5,1
1989.04,115.2,275.8,47.3,5,2
3043.71,148.0,426.3,83.0,5,2
1786.16,144.8,149.6,67.6,4,1
3594.56,175.8,524.8,88.0,5,1
2196.28,122.5,283.2,63.7,4,1
1943.7,199.1,101.6,82.3,4,1
2955.18,118.6,478.4,63.0,5,2
3589.48,154.9,569.2,77.0,4,1
1567.23,155.6,80.1,69.4,4,1
1885.73,136.4,217.4,52.3,5,1
4094.78,195.2,592.3,104.9,5,2
3059.99,134.2,460.9,75.5,6,2
4231.13,236.2,583.5,105.8,5,1
3257.07,179.1,384.3,111.5,5,2
2747.44,174.7,345.4,74.1,4,1
2512.41,146.2,339.2,63.4,4,1
2480.85,136.0,332.8,67.3,5,2
1639.84,132.5,139.7,61.2,5,1
1572.24,231.2,0.0,86.1,4,1
2885.07,187.8,278.9,113.2,5,2
4151.98,180.8,651.3,91.5,5,2
2095.58,111.0,306.7,47.2,5,2
1125.76,116.7,60.2,46.5,4,1
2128.31,115.6,308.4,48.0,4,1
2658.91,118.5,373.8,76.6,6,2
3702.33,157.8,594.9,76.8,5,1
2041.33,179.7,154.4,78.3,4,1
1874.77,181.5,140.5,65.2,4,1
2973.16,221.4,315.9,91.6,4,1
2729.64,201.1,305.5,78.1,4,1
2485.38,246.1,181.6,86.1,4,1
1957.14,214.5,56.8,96.9,4,1
2312.98,188.9,203.8,82.5,5,1
2762.05,160.4,339.7,84.6,4,1
3385.33,131.5,544.1,75.9,5,2
2029.54,108.2,272.5,56.3,5,1
2695.78,141.5,375.7,69.7,5,2
1779.1,85.7,261.5,43.4,4,1
1769.52,142.3,175.0,55.6,4,1
2162.6,170.0,225.3,64.6,4,1
2352.25,88.7,394.0,46.8,5,2
2022.84,123.6,262.3,53.2,5,1
2195.93,105.0,323.1,53.7,5,2
2861.3,175.1,335.2,91.1,6,2
2587.3,138.5,362.9,64.6,6,2
4028.75,178.0,562.1,118.7,5,2
2503.0,197.6,210.3,96.8,4,1
3176.99,195.6,368.0,102.5,5,2
1833.36,104.5,255.3,43.8,4,2
3016.84,119.5,500.2,59.8,5,1
3770.66,182.1,537.9,99.0,5,2
2603.32,133.9,360.1,69.7,5,2
2874.17,161.3,357.5,88.8,5,1
2977.34,197.0,326.6,98.1,6,2
2441.65,188.0,258.6,72.8,4,1
2996.2,166.6,347.9,104.3,6,2
1796.8,167.6,139.2,63.3,4,1
2144.04,113.8,283.7,61.6,4,1
2470.53,198.3,228.4,84.9,5,1
1761.44,138.5,180.3,54.0,4,1
2255.29,109.7,287.9,73.9,6,2
3005.8,148.5,465.4,61.1,4,1
2063.63,121.8,271.5,54.5,4,1
1664.85,141.1,166.7,48.2,4,1
3643.83,158.0,549.6,90.4,5,1
2062.6,92.2,333.0,40.2,4,1
3739.2,178.1,578.8,79.1,6,2
3219.46,147.7,493.6,72.7,5,2
1867.8,219.6,76.3,76.0,4,1
2105.42,204.7,136.6,82.2,4,1
3894.79,190.9,526.7,113.8,5,2
1706.52,190.3,63.2,76.9,4,1
1773.13,189.6,46.6,92.0,4,1
2516.28,247.1,170.2,94.1,4,1
3450.45,121.3,581.2,71.2,6,2
3054.16,154.2,376.4,103.5,5,2
3530.48,184.3,436.0,116.6,5,2
4076.8,178.1,564.3,123.0,6,1
2471.9,105.7,387.0,55.7,4,1
3701.2,205.9,536.7,81.2,5,1
3104.83,205.3,374.8,87.2,4,1
3379.14,175.5,480.8,83.8,4,1
2370.94,227.0,130.2,104.7,4,1
1888.65,149.5,162.2,71.3,4,1
1457.8,123.8,108.4,58.8,4,1
2627.55,182.6,271.8,90.0,5,1
2895.52,151.8,432.5,62.0,5,1
2912.49,112.8,482.0,59.2,5,1
3345.32,173.3,488.1,77.7,4,1
2691.85,176.6,321.2,77.8,4,1
1815.58,153.7,168.2,58.7,4,1
4014.58,172.4,607.3,99.5,5,2
1740.6,96.0,218.1,53.8,5,1
2403.27,188.4,260.8,67.4,4,1
3220.23,129.0,527.5,66.0,5,2
2187.15,147.0,239.6,71.2,4,1
3352.19,156.0,535.7,65.1,5,1
3243.77,202.2,404.9,90.6,4,1
2026.78,220.5,108.0,79.2,4,1
2258.38,124.5,285.9,68.5,5,2
3791.48,176.2,526.0,109.2,5,2
2961.85,134.3,435.4,75.9,5,2
2222.84,201.0,176.4,79.2,4,1
2668.58,181.1,290.0,87.1,4,1
1775.76,201.6,35.9,91.7,4,1
2979.64,129.0,472.1,63.9,5,2
2561.27,151.9,287.2,89.4,6,2
2479.68,98.4,398.3,54.8,6,2
2811.71,167.7,363.1,76.5,5,2
2852.23,201.1,316.2,87.0,4,1
2615.83,138.9,323.6,85.1,5,1
2677.42,194.8,260.5,95.1,5,2
2038.73,115.1,260.5,59.6,5,1
1898.7,170.4,148.1,69.4,5,1
3326.56,183.7,428.4,97.6,5,2
2613.75,121.9,378.4,68.1,5,2
2172.76,231.5,101.4,93.5,4,1
1938.18,124.1,251.8,48.3,4,1
1759.65,178.7,90.9,75.7,4,1
2768.5,182.6,276.6,103.5,5,2
2571.57,129.7,385.1,56.9,5,1
2343.79,154.7,268.3,72.4,5,1
2750.04,161.8,320.7,91.1,5,2
3239.88,203.1,388.8,96.9,4,1
2962.79,118.7,488.2,59.5,5,1
2209.69,150.7,276.4,55.7,4,1
2445.5,138.5,331.6,62.8,4,1
3433.06,206.2,439.0,94.7,5,1
2381.5,229.1,168.4,88.0,4,1
2243.72,141.3,304.2,51.3,4,1
2794.85,216.4,314.3,74.7,4,1
2338.64,176.9,270.2,61.2,4,1
4469.4,163.5,756.3,87.8,5,2
2200.13,112.9,327.1,48.9,4,1
2937.4,97.9,522.7,50.5,4,1
3603.69,171.5,473.6,113.7,5,2
3004.51,226.4,283.4,107.3,4,1
1710.71,94.7,214.0,52.9,5,1
3380.79,210.8,431.5,90.2,4,1
3278.83,104.0,547.5,74.7,6,2
3115.37,168.0,425.2,82.5,5,1
2396.24,144.8,296.1,70.3,4,1
2750.51,132.7,382.4,76.7,5,2
2121.52,174.7,206.9,66.1,4,1
3684.24,192.7,484.8,108.3,5,2
2271.04,229.5,115.1,99.2,4,1
2157.91,160.6,229.6,66.3,4,1
2787.99,221.5,269.3,91.7,4,1
1744.55,215.1,15.1,91.5,4,1
1432.8,101.1,150.5,47.4,4,1
4350.1,175.3,704.0,92.5,5,2
3037.56,147.1,448.6,72.7,4,1
2220.2,94.7,306.8,68.2,6,2
2819.86,139.2,406.2,70.9,4,1
2887.66,150.8,409.2,71.9,4,1
1868.95,102.6,271.6,41.3,5,1
2284.76,122.4,312.7,60.5,4,1
1739.04,120.4,191.9,54.5,4,1
2210.37,127.6,275.5,66.4,4,1
1952.12,107.4,246.1,59.8,4,1
2196.76,95.0,298.8,69.0,6,2
2575.78,117.1,397.4,57.5,5,1
3752.35,190.7,477.4,120.0,6,1
2571.78,112.6,392.6,61.2,5,2
2764.16,200.0,305.5,82.4,4,1
2954.42,248.9,263.3,100.6,4,1
2884.92,131.5,467.3,54.4,4,1
1866.8,105.8,222.6,61.5,6,2
1920.68,103.9,266.4,48.8,4,1
1456.52,105.3,148.5,49.0,4,1
1647.6,114.8,153.8,63.7,4,1
3924.69,178.5,604.4,88.1,5,1
3038.92,162.1,395.2,90.0,5,2
2795.65,248.3,250.7,88.8,4,1
3172.7,214.0,383.7,86.9,5,1
3100.74,125.1,458.1,85.3,6,2
2819.22,198.0,336.8,75.6,4,1
3396.79,151.1,490.7,92.2,5,2
2189.52,138.7,252.0,69.6,5,1
2233.41,102.6,314.9,62.6,5,2
3567.57,164.4,480.9,109.6,6,2
2260.5,177.6,171.4,96.0,4,1
2541.13,113.0,358.9,72.6,5,2
2793.4,92.5,453.2,67.8,5,2
2998.71,153.1,375.2,98.4,5,2
3052.66,108.6,481.3,77.0,5,2
2519.36,101.9,393.3,59.8,4,1
2888.6,157.0,367.2,88.0,6,2
2750.88,196.2,275.6,96.0,4,2
3169.53,154.1,478.1,71.2,5,2
2595.21,154.4,331.1,72.6,5,1
3072.81,141.0,484.7,63.3,5,1
4210.45,144.6,726.9,80.5,6,2
2967.91,145.4,410.7,82.6,6,2
3633.51,190.5,546.2,76.3,5,1
2453.06,142.1,315.8,69.1,6,2
3545.06,163.9,498.8,99.4,5,2
1781.9,117.8,223.7,46.2,4,1
2236.65,116.1,340.8,45.4,5,1
2774.36,101.5,447.4,64.3,6,2
2831.57,97.2,473.0,61.2,5,2
2741.55,194.0,292.5,88.4,4,1
2231.89,101.2,362.3,42.0,5,2
2345.83,166.3,249.8,75.7,4,1
2607.27,202.5,283.2,73.8,4,1
2163.97,158.7,203.7,79.4,5,1
1850.73,100.3,244.5,52.4,5,1
4194.8,222.9,614.8,93.8,5,2
2544.7,130.7,288.5,96.5,6,2
2423.76,158.1,290.5,69.9,4,1
2859.96,156.9,382.6,78.0,5,2
3579.57,227.5,458.3,92.9,4,1
3243.92,223.0,351.6,105.1,4,1
2755.47,198.1,295.3,86.9,4,1
2577.96,126.9,391.6,56.0,5,2
2978.9,146.0,404.3,86.4,5,2
2621.86,133.9,388.5,59.1,4,1
2708.23,201.6,269.7,91.5,4,1
4057.92,186.5,603.8,99.6,5,2
3755.64,197.5,525.8,95.8,4,1
1792.24,224.1,37.4,82.9,4,1
4396.99,180.1,720.9,88.1,5,1
1809.01,115.8,230.0,47.3,4,1
3329.71,180.9,450.6,89.3,4,1
3306.05,183.4,397.8,109.0,5,2
2306.37,205.4,175.9,86.8,4,1
2315.61,193.7,191.2,86.2,4,1
3415.48,183.4,455.4,95.6,5,2
3423.08,170.0,479.5,91.7,5,2
1591.55,148.3,111.3,61.5,4,1
4211.29,166.9,618.8,118.7,5,2
2955.43,186.8,380.9,76.1,5,1
1595.9,187.8,42.4,75.0,4,1
2300.73,150.2,285.5,62.0,4,1
2427.3,176.0,190.7,106.7,5,1
2736.0,182.0,347.5,68.7,4,1
2547.12,197.1,244.1,86.9,4,1
4180.7,186.8,634.9,99.3,5,1
2340.8,206.5,214.5,73.0,4,1
2091.25,139.0,242.8,62.7,4,1
4071.05,190.9,605.0,98.6,4,2
3137.85,170.2,437.0,78.7,4,1
2653.99,139.9,357.3,73.9,5,2
3107.52,213.8,357.2,91.5,5,1
2912.01,189.4,362.4,78.3,4,1
2437.04,111.9,326.8,75.8,5,2
2153.26,235.0,86.2,96.5,4,1
1699.31,151.4,109.5,72.9,4,1
3784.65,197.6,513.8,104.4,5,1
4534.36,194.7,688.9,111.1,5,2
2800.6,217.5,285.1,87.8,4,1
2455.97,117.1,346.4,66.9,4,2
1719.34,163.8,122.3,63.9,4,1
2154.9,233.2,96.3,93.0,4,1
2323.14,230.3,132.9,96.7,4,1
2002.31,132.5,236.7,58.4,4,1
1791.49,137.4,177.6,59.0,4,1
2907.44,198.1,328.0,89.2,4,2
2499.92,152.2,331.7,62.7,5,1
2120.78,162.2,204.0,72.9,4,1
3338.42,159.1,485.2,84.6,6,1
4369.19,184.8,696.5,93.7,5,2
1524.55,112.6,135.7,59.1,4,1
2896.24,158.4,377.3,83.7,4,1
3725.27,162.9,561.0,92.2,6,1
3391.94,175.2,484.1,83.9,5,1
3601.4,119.0,598.7,81.2,6,2
1952.45,99.7,261.9,56.2,5,2
3622.82,166.9,545.8,85.8,4,1
2249.8,112.5,320.8,57.4,6,2
4138.12,204.8,619.8,93.3,5,1
2380.67,102.2,341.1,67.5,6,1
1862.23,138.0,203.6,55.1,4,1
1599.31,147.6,140.9,49.5,4,1
2310.05,163.6,248.4,73.6,4,1
2287.25,218.0,163.0,84.8,4,1
2740.05,117.1,433.1,59.9,4,1
2390.99,149.9,295.2,67.8,4,1
3427.66,223.1,430.1,90.6,4,1
2071.5,108.9,296.5,50.0,4,1
2714.13,138.2,381.9,70.4,4,1
2620.24,222.7,207.5,99.9,4,1
2120.94,126.7,277.0,56.2,4,1
3103.31,167.3,378.7,102.2,6,2
2111.85,149.7,221.8,69.6,4,1
2733.38,206.7,276.5,88.9,4,1
2329.64,129.3,323.0,57.8,4,1
1814.39,149.1,158.2,65.0,4,1
2745.88,181.9,320.4,81.8,4,1
2157.46,141.0,265.5,59.1,5,2
2799.69,194.7,330.2,77.8,4,1
2432.95,105.8,379.8,54.5,6,2
1798.62,85.4,268.8,42.4,5,1
2606.88,164.7,307.9,79.6,5,2
2214.71,143.6,285.7,55.3,4,1
2431.18,141.6,309.6,69.6,4,1
1709.49,151.7,133.9,63.0,4,1
2114.78,137.1,283.2,48.2,4,1
2877.83,123.2,422.6,77.2,5,2
2606.79,180.9,267.1,90.5,6,2
2350.51,93.8,376.0,52.4,5,2
2368.99,163.9,261.1,74.3,4,1
3500.29,141.7,564.5,75.1,6,2
2914.76,226.2,294.4,92.5,4,1
2712.25,183.3,308.6,82.7,4,2
2418.72,120.9,308.7,77.8,5,2
3867.64,178.4,517.6,120.4,5,2
2160.36,86.9,356.0,43.2,4,1
2562.72,190.3,280.5,75.5,4,1
3378.55,111.9,557.7,77.8,5,2
2466.18,148.9,258.9,92.8,6,2
1900.37,224.3,39.5,93.9,4,1
2402.77,132.4,338.2,57.8,6,2
2292.18,114.3,323.4,60.1,5,1
3049.9,150.7,426.7,82.3,6,2
1939.55,165.8,163.0,69.4,4,1
2560.8,81.6,426.1,58.9,5,1
3279.85,141.7,519.7,70.5,4,1
2650.64,127.7,378.8,69.4,6,2
2334.15,96.6,367.2,53.2,5,2
1984.84,135.4,230.1,58.1,4,2
1717.5,157.1,102.9,75.3,5,1
3910.85,190.7,563.2,99.5,5,2
1723.32,161.9,126.0,63.5,4,1
2522.52,159.6,300.8,75.7,5,1
1336.79,127.9,88.8,52.2,4,1
3987.64,201.5,593.7,89.6,4,1
3185.2,176.6,420.0,88.8,5,2
2616.85,179.6,310.9,72.7,4,1
3604.3,189.1,521.5,84.7,4,1
4774.38,191.1,795.2,92.1,6,2
2588.02,151.3,348.3,65.5,4,1
2320.48,181.6,219.7,79.5,4,1
2959.0,90.1,523.9,55.9,5,2
2326.19,136.5,314.7,57.9,4,1
2137.14,243.4,80.1,93.7,4,1
3583.59,177.8,547.2,76.0,5,1
1862.58,217.7,47.6,89.1,4,1
2558.72,116.6,384.3,61.7,4,1
2411.51,233.2,157.2,94.4,4,1
3873.74,165.0,559.1,108.6,5,2
4033.68,153.9,624.7,102.2,5,2
1834.5,124.1,234.9,44.3,4,1
1892.66,190.0,107.4,78.1,4,1
2488.7,166.2,264.7,85.0,5,2
2993.41,131.0,493.1,55.2,5,2
1564.5,99.6,181.1,49.1,5,1
4011.11,179.1,589.6,104.1,6,2
2251.35,188.3,191.2,81.5,4,1
2323.66,193.6,238.6,66.1,4,1
2950.34,193.0,349.3,86.8,4,1
2786.13,175.2,334.8,82.9,5,2
2004.41,254.5,20.0,100.7,4,1
2242.55,120.9,314.5,55.6,5,2
2048.58,229.8,88.9,85.9,4,1
2315.3,98.5,357.8,54.5,5,1
2280.67,118.2,333.2,52.8,4,2
3810.45,202.2,507.5,108.0,5,1
1984.04,92.6,285.3,52.5,5,1
2101.78,144.5,253.6,56.6,4,1
2025.87,137.3,250.1,52.9,5,2
2621.07,211.3,250.3,86.0,4,1
1985.78,233.2,82.3,80.4,4,1
2366.99,149.7,291.0,67.1,4,1
4472.15,172.7,678.8,118.5,5,2
2276.31,159.4,266.1,63.8,4,1
1448.4,151.6,83.1,56.6,4,1
2938.43,181.6,332.5,98.0,5,1
3243.89,157.4,420.2,103.7,5,1
1690.17,114.3,201.6,47.4,4,2
3309.89,112.7,557.4,69.9,5,1
1678.82,121.3,176.2,54.3,4,1
2276.78,111.2,325.3,59.0,6,2
1462.86,101.7,154.2,48.8,4,1
3041.27,173.5,395.5,85.0,4,1
3677.09,139.5,608.6,76.1,5,2
2250.17,171.6,240.5,66.9,5,1
1516.88,164.8,57.0,69.9,4,1
2434.73,131.6,338.4,61.7,4,1
3243.73,132.7,520.7,70.0,6,2
2544.48,153.7,335.9,65.1,4,1
2530.85,145.4,293.7,86.0,5,2
4043.35,167.4,587.0,114.0,5,2
1781.8,188.2,83.0,77.5,4,1
1627.42,105.3,193.3,48.1,4,2
2139.77,147.4,252.5,60.0,4,1
2419.0,168.6,271.7,73.1,5,1
3675.53,150.1,603.5,73.4,5,2
3222.86,131.3,517.9,69.6,6,2
3163.01,193.5,431.6,73.6,4,1
3067.03,121.8,456.0,84.0,5,2
2849.4,189.4,248.3,122.1,5,2
3149.41,131.5,496.0,71.0,5,1
2996.27,184.5,305.9,115.0,5,2
2065.97,118.6,276.4,54.0,5,1
3597.83,148.8,522.1,101.6,6,2
3516.89,130.1,597.9,67.2,6,1
1591.47,115.8,180.9,45.0,4,1
2625.85,110.3,419.1,56.5,5,1
2928.53,176.5,380.0,78.1,4,1
1939.02,203.8,56.2,99.9,4,1
4182.32,145.6,683.6,96.2,5,2
2247.7,162.5,233.4,73.8,4,1
1537.43,189.3,22.5,76.7,4,1
2535.84,171.0,293.7,75.2,4,1
1616.57,166.9,107.4,57.7,4,1
2284.24,186.9,194.2,84.4,4,1
1972.76,178.1,157.1,70.2,4,1
1888.7,177.0,133.6,71.8,4,1
2565.08,230.5,192.9,96.9,5,1
1930.56,213.7,68.8,89.0,4,1
2437.97,205.6,214.1,84.4,4,1
3060.72,116.0,493.7,69.1,5,2
2567.84,231.0,195.1,95.9,4,1
1765.15,192.1,72.1,78.7,4,1
1322.99,150.8,57.6,54.4,4,1
3467.84,247.0,402.2,96.8,4,1
2091.92,114.2,294.4,50.9,4,1
2648.23,85.9,470.8,46.8,4,1
2293.33,184.8,189.4,88.5,4,1
3402.11,183.3,424.3,108.0,5,2
2569.49,106.8,376.8,70.6,5,2
1682.0,172.2,100.7,65.6,4,1
1551.04,150.3,110.1,56.6,4,1
3457.0,117.1,566.0,80.5,5,1
2868.06,137.8,417.1,72.1,5,2
3481.49,125.7,585.1,70.9,5,2
3196.0,129.2,511.4,70.4,6,2
2901.96,120.5,471.1,59.5,5,1
3999.34,172.8,624.8,89.9,5,1
1899.32,129.4,229.2,51.7,4,1
2806.53,154.3,334.6,94.5,5,1
2691.74,222.0,256.0,86.6,4,1
2715.69,219.5,284.5,77.7,4,1
3722.75,172.8,550.2,92.3,5,2
3141.0,211.1,362.0,94.3,4,1
1419.6,111.4,141.2,45.5,4,1
1619.1,97.5,182.7,55.3,4,1
2346.45,131.4,317.4,61.3,4,1
1814.91,104.7,217.8,58.3,4,1
1656.43,176.0,78.3,71.0,4,1
3110.79,229.5,320.9,101.0,4,1
2811.64,136.6,403.6,72.3,5,2
2061.98,224.2,84.3,92.0,4,1
2836.83,245.3,249.3,95.4,4,1
2159.92,159.5,227.4,68.0,4,1
2108.24,165.4,210.7,67.1,4,1
3930.26,170.9,551.2,115.8,5,2
3159.11,128.4,525.6,60.4,4,1
1902.41,102.8,271.2,45.2,4,1
3032.31,174.7,399.2,81.9,5,1
2721.47,118.5,438.5,54.8,5,1
2281.99,95.0,346.8,57.2,4,1
1161.14,104.7,84.2,45.1,4,1
2388.0,116.3,368.8,49.7,5,1
3139.59,144.9,516.5,54.9,4,1
2323.76,104.9,355.1,53.8,5,2
2517.43,159.0,296.6,77.2,6,2
1318.82,120.8,114.7,41.9,4,1
2786.02,126.7,418.8,67.1,5,2
2882.18,216.4,319.1,82.3,4,1
2107.94,144.8,192.3,84.4,5,1
2800.02,226.6,270.1,90.4,5,2
2023.77,101.3,295.2,48.7,5,2
2665.28,176.5,258.1,103.0,6,2
2157.71,167.1,212.3,71.1,4,1
3709.95,232.2,501.8,86.0,4,1
2110.58,189.6,191.5,65.1,4,1
1857.25,112.7,208.4,63.6,5,2
2041.78,140.6,194.7,77.9,5,2
2447.03,114.1,391.9,47.0,4,1
1817.86,114.3,220.8,53.0,5,1
2259.13,167.5,221.0,78.3,4,1
2054.8,215.0,114.3,81.9,4,1
2148.29,160.4,217.7,70.7,4,1
2982.44,191.8,379.7,77.4,4,1
2410.1,175.7,288.9,61.3,4,1
2052.86,149.8,206.8,69.6,5,2
1815.83,163.6,155.1,60.1,4,1
2891.8,195.0,336.2,85.2,4,1
3997.73,198.6,562.6,105.9,6,2
3012.15,172.9,396.6,81.6,5,1
2542.88,123.2,374.6,61.3,5,2
1621.41,109.9,182.4,50.2,4,1
3247.78,173.4,421.1,96.7,6,2
2329.11,104.3,361.6,51.7,5,1
3781.17,189.0,555.9,89.1,5,2
2469.65,105.8,353.8,70.1,5,2
3148.26,152.8,445.4,83.9,4,1
3686.64,175.1,552.8,86.1,6,2
2137.18,225.2,94.9,95.2,4,1
2768.08,161.7,320.1,93.4,4,1
2114.5,240.3,77.9,93.5,4,1
2952.93,175.7,360.9,89.6,5,1
1539.77,106.8,182.3,42.6,4,1
1392.24,161.6,36.1,66.8,4,1
2437.81,162.3,300.5,65.2,5,1
1953.05,237.7,35.8,95.4,4,1
1980.32,91.9,267.8,60.2,5,1
2281.16,164.9,274.2,58.3,4,1
3597.43,156.8,525.8,96.3,6,2
2906.81,170.6,325.7,102.4,5,2
1770.03,117.1,224.3,44.9,4,1
2101.58,223.2,121.3,80.4,4,1
2699.62,158.2,344.8,76.4,5,1
2909.0,207.0,284.4,104.8,5,2
2933.86,191.6,327.1,95.5,6,2
2354.0,158.6,279.3,67.0,4,1
4447.98,180.2,654.7,123.1,5,2
3754.42,145.6,567.6,100.2,5,2
2409.43,99.9,398.8,46.1,5,2
2839.47,140.2,358.9,93.7,5,2
3134.88,178.3,392.3,94.7,4,1
3003.0,121.6,488.8,62.4,6,2
2683.56,159.4,326.8,82.1,5,2
3001.91,133.6,486.1,58.1,5,2
1996.53,127.1,222.9,66.3,4,1
2342.26,158.5,243.6,81.5,4,1
2904.88,114.9,464.0,65.5,4,1
4027.84,132.0,727.7,65.5,5,2
2856.95,94.1,505.7,50.9,5,2
2190.04,150.6,267.9,57.3,4,1
2578.04,180.8,274.7,84.0,5,1
3328.61,130.6,534.9,74.1,6,1
3314.21,168.0,420.0,106.9,5,2
2232.0,146.0,278.0,59.6,5,1
2417.34,89.4,396.6,52.6,4,1
1944.15,161.6,190.3,59.6,5,1
1739.38,178.1,79.2,78.9,4,1
2407.78,112.7,373.1,51.6,5,1
2157.19,192.4,165.4,80.7,4,1
1912.21,160.8,164.5,67.9,4,1
3637.5,165.5,518.3,100.2,5,2
2359.03,242.5,135.2,94.3,4,1
1845.11,91.5,260.0,48.8,4,1
3054.4,135.0,457.2,76.2,5,2
2220.52,122.3,305.5,56.6,5,1
3071.26,127.3,476.2,73.0,4,1
2763.04,187.7,334.7,74.8,4,1
4449.92,178.0,664.4,120.0,6,2
1479.32,108.2,156.4,46.7,4,1
2819.84,225.4,270.5,92.9,4,1
1905.5,132.8,219.8,55.0,4,1
3192.43,181.0,374.5,107.8,5,1
2472.74,127.0,318.8,76.6,5,1
2122.56,118.0,283.3,57.5,5,2
1817.5,152.0,158.7,63.8,5,1
3523.37,133.2,569.2,79.3,4,1
3413.9,173.7,445.8,104.0,5,2
1674.28,181.2,54.5,81.3,4,1
1942.76,201.7,88.0,87.1,4,1
2719.83,178.1,312.2,84.3,4,1
3256.72,203.4,414.2,87.3,5,1
2568.81,93.5,439.5,48.6,5,2
2660.21,217.9,244.3,90.1,4,1
2064.83,163.7,207.8,64.3,4,1
4066.37,182.2,639.6,86.6,5,2
2314.61,186.0,200.2,85.5,4,1
3881.42,170.4,540.8,115.2,6,2
3605.48,231.5,458.2,94.1,4,1
2336.41,112.4,343.1,57.2,4,1
2268.22,223.7,132.8,93.6,4,1
2378.37,110.0,377.6,47.5,5,1
2536.44,106.7,387.2,62.3,5,2
4032.12,212.0,604.0,85.3,4,1
3118.5,213.9,394.9,75.9,4,1
3184.28,233.6,338.2,99.7,4,1
2099.58,169.0,175.8,80.0,4,1
2064.48,125.3,281.0,48.8,4,1
3749.57,222.9,524.1,84.6,4,1
2711.88,215.2,273.6,84.1,4,1
3954.93,163.3,636.4,84.0,5,2
3020.66,220.9,319.0,95.7,4,1
2611.28,152.8,284.0,96.0,5,2
3482.17,220.8,416.6,103.6,5,1
4966.78,191.4,787.1,117.0,6,2
2557.69,119.3,346.9,77.0,6,2
2881.63,144.9,413.1,72.2,4,1
2553.82,141.9,309.0,83.4,5,1
2308.62,141.9,260.9,77.5,5,1
3442.88,154.0,503.6,90.3,5,2
2092.67,140.1,242.7,62.4,4,1
3497.65,123.1,585.5,73.7,5,2
3207.81,231.7,364.7,91.3,4,1
2887.82,167.0,365.7,84.1,6,2
1885.4,109.8,219.8,63.0,5,1
2269.76,114.5,301.3,67.4,5,2
1843.78,129.9,199.8,58.3,4,1
2915.33,230.2,291.0,92.3,4,1
3398.93,210.7,463.8,77.9,5,1
2953.62,156.9,340.8,107.0,6,2
1533.54,148.4,88.7,65.0,4,1
3028.54,149.7,440.5,74.2,5,2
3561.19,138.0,588.1,73.0,4,1
1748.77,165.4,117.4,68.6,4,1
3014.19,129.4,485.2,61.8,5,2
2652.44,116.8,415.0,58.4,6,2
3288.39,176.4,447.3,88.2,4,1
2327.69,107.5,357.8,51.8,5,2
1642.58,118.9,171.3,53.6,4,1
1850.8,136.9,197.1,57.2,4,1
2494.08,156.8,305.7,71.6,4,1
3051.33,160.9,419.6,81.1,4,1
2250.26,121.7,295.1,64.8,5,2
3032.36,122.6,484.9,66.9,6,1
3147.5,168.6,441.4,78.6,5,2
3256.63,164.6,465.3,81.9,6,2
2301.08,184.8,229.0,71.8,4,1
2154.65,143.2,252.8,63.4,4,1
2779.66,200.2,298.0,87.4,4,1
3180.34,136.6,512.2,65.0,6,1
3047.42,163.1,422.3,78.4,4,1
2268.38,154.2,275.6,61.0,4,1
1948.47,230.2,72.3,82.0,4,1
2201.25,150.7,273.7,56.0,4,1
3884.46,178.1,549.7,108.1,5,2
1962.03,164.4,180.8,64.5,4,1
1568.48,137.7,113.5,62.6,4,1
2001.77,171.5,158.6,75.7,4,1
2398.28,116.5,373.5,48.7,4,1
1631.73,165.0,106.5,60.6,4,1
2451.53,228.2,189.0,87.0,4,1
1747.69,125.3,185.2,56.2,4,1
3175.4,183.3,412.3,88.1,4,1
3193.98,182.0,389.6,100.8,6,1
3304.32,128.1,555.0,63.5,5,2
3469.89,136.9,572.2,70.4,5,2
2745.46,90.1,487.4,48.4,5,2
1924.99,100.2,261.2,53.3,5,2
2888.71,170.9,323.2,101.4,5,2
2958.8,214.9,337.8,83.1,4,1
2864.72,100.5,510.2,46.9,4,2
1508.3,108.9,173.8,42.0,4,1
2032.94,138.0,191.0,79.6,5,2
2204.96,158.5,234.5,70.3,4,1
2848.72,197.6,330.1,82.0,4,1
2877.45,189.7,337.8,85.3,4,1
2090.89,129.1,259.2,59.7,4,1
3577.36,175.1,550.1,75.2,5,2
2669.65,200.3,278.8,83.7,4,1
3187.4,164.8,462.7,75.3,5,2
2551.43,151.5,337.6,66.1,4,1
3163.62,212.5,312.3,118.3,6,2
2722.73,235.4,224.1,98.3,4,1
2492.09,141.9,301.6,79.8,5,1
3902.3,190.6,552.9,103.2,5,2
3374.53,205.4,428.2,93.4,5,1
2504.2,167.1,213.5,109.1,6,2
3240.86,141.5,492.0,78.6,5,1
2754.93,142.5,339.6,91.8,5,1
3192.81,164.5,427.8,91.5,4,1
2516.6,185.7,183.9,115.4,6,2
2000.69,114.8,241.0,64.2,6,1
2803.2,148.8,402.1,66.6,5,1
2019.32,122.2,268.1,50.9,4,1
1987.56,88.2,274.4,59.7,5,2
2607.03,189.2,249.4,94.7,4,1
2067.48,101.5,296.9,52.7,5,2
2931.69,240.8,298.1,86.2,4,1
2530.32,106.4,414.1,49.8,5,1
2666.46,127.6,399.8,61.9,4,1
2559.14,232.4,183.9,99.3,4,1
2409.43,99.3,387.9,51.2,5,2
1657.38,127.9,160.9,55.8,4,1
2054.7,141.1,231.0,62.9,4,1
2262.89,162.4,254.1,66.3,4,1
1863.96,159.5,148.6,70.2,4,1
4458.33,163.1,737.5,95.1,5,2
3392.85,142.4,532.1,77.2,6,2
2071.85,122.2,258.2,61.1,5,1
2827.14,165.0,340.8,89.3,5,2
3263.5,156.3,483.2,78.4,4,1
3359.28,143.9,498.4,87.8,5,1
1434.84,141.8,70.3,65.2,4,1
2632.87,132.8,379.9,64.7,5,2
2874.95,171.3,352.7,86.6,5,2
3803.28,155.9,618.8,78.3,5,2
2918.93,138.7,440.2,67.0,5,2
2709.98,192.2,274.9,93.5,4,2
1280.03,116.1,106.7,43.2,4,1
1331.87,146.9,47.6,61.5,4,1
1627.18,122.4,167.1,52.1,4,1
1737.29,95.9,239.5,43.9,4,1
2240.34,199.4,167.3,86.0,4,1
2274.25,145.4,284.4,61.7,5,1
3304.55,134.2,537.4,68.7,4,1
1949.68,127.9,247.0,50.0,4,1
2334.99,207.9,206.3,75.3,4,1
3256.93,175.7,453.0,82.5,6,2
1985.31,193.2,100.8,89.9,4,1
1382.91,156.4,62.6,56.3,4,1
3214.3,146.8,505.0,67.4,5,1
3658.18,193.7,448.9,120.9,5,2
2245.92,223.9,128.6,92.9,4,1
3030.12,212.0,343.1,90.0,4,1
2518.57,137.7,287.2,91.0,5,2
2185.68,138.6,290.3,52.2,4,1
3193.45,236.7,360.1,89.6,4,1
1820.53,161.6,150.5,63.6,4,1
2374.22,117.3,334.7,62.9,5,2
3229.75,176.8,397.9,103.4,6,2
1959.35,150.9,181.1,70.2,4,1
2742.59,172.1,317.4,87.2,5,2
4125.14,149.2,682.1,88.9,6,1
3408.99,167.8,487.3,87.6,5,2
2250.89,130.8,305.4,56.3,5,1
1916.1,181.6,124.1,77.0,4,1
3602.84,171.7,482.2,109.7,5,2
2717.09,203.3,317.8,70.3,4,1
2947.2,209.1,309.4,97.0,6,2
1789.2,134.0,208.2,46.7,4,1
2772.51,201.7,306.9,82.0,5,1
2210.02,171.6,218.6,72.1,4,1
2072.14,186.3,182.0,66.5,4,1
2051.92,114.3,303.0,42.5,4,1
1590.7,162.6,61.7,77.0,4,1
4278.07,189.0,685.7,86.6,5,2
1865.63,194.1,97.3,77.8,4,1
2780.81,124.1,424.2,65.3,6,1
2902.7,233.0,287.4,91.3,4,1
2499.44,129.0,347.0,66.2,5,2
3611.6,119.3,642.9,62.5,6,2
1813.25,139.6,186.5,56.5,4,1
3360.43,199.9,439.0,89.5,5,1
1581.24,111.4,174.6,48.6,5,1
1547.75,167.1,69.9,66.7,4,1
2520.23,211.9,202.2,96.0,4,1
1931.3,177.1,145.7,71.1,4,1
1955.48,104.9,276.3,47.9,5,2
4124.62,171.1,646.2,95.0,4,1
3380.09,215.5,405.4,99.6,4,1
2603.8,89.5,442.5,52.9,6,2
2493.89,202.5,223.0,88.0,4,1
2461.18,141.3,334.3,62.1,4,1
2154.57,155.6,231.8,67.2,5,1
3600.79,165.2,531.4,90.5,6,2
2254.72,95.8,345.7,54.3,5,1
2631.79,101.6,443.0,50.4,5,2
2826.52,96.5,483.0,56.5,6,2
1919.29,110.2,253.3,51.7,4,1
2618.62,174.6,312.0,74.7,4,1
3519.01,121.8,577.0,80.4,5,2
2693.25,85.2,473.5,50.9,4,1
2298.3,156.7,246.2,76.3,4,1
2218.93,156.3,246.3,67.6,4,1
1440.62,148.8,76.5,59.9,4,1
2309.3,122.5,301.4,68.2,6,2
3794.56,203.2,534.6,93.7,5,2
3185.2,140.4,528.3,56.7,4,1
2249.11,141.5,241.8,79.5,4,1
3020.53,86.5,539.8,57.2,5,1
2522.86,102.6,406.9,53.9,4,1
2370.31,92.2,394.5,47.1,6,2
3640.7,151.1,598.1,71.5,5,1
2092.52,102.2,286.3,59.8,5,2
2501.52,136.1,310.8,79.3,5,2
1826.69,142.7,192.9,53.8,4,1
3861.03,167.6,643.4,68.5,4,1
2124.56,200.1,133.8,87.7,4,1
3427.6,203.6,441.5,94.1,5,1
2024.51,155.7,210.8,62.1,4,1
2109.6,197.9,142.3,83.2,4,1
2893.26,98.2,502.9,54.3,4,2
2785.63,161.5,350.8,81.8,5,2
2442.09,97.0,404.4,48.5,5,1
2663.09,138.2,377.5,66.7,5,2
2184.06,106.7,331.1,48.1,4,1
2742.95,216.3,267.9,89.6,4,1
3942.87,200.0,566.8,97.3,4,1
2220.56,194.6,193.5,74.3,5,1
3986.81,194.4,568.9,103.7,4,2
2254.14,137.9,263.0,72.3,5,1
1800.37,179.2,93.5,78.8,4,1
3341.89,161.1,508.3,73.8,5,1
3723.65,200.9,540.4,84.2,5,1
3561.22,170.5,515.5,90.8,5,1
3117.04,123.7,485.7,75.5,5,2
2768.47,155.7,386.4,66.7,4,1
1986.06,130.0,249.8,51.9,4,1
1927.82,215.5,68.3,88.0,4,1
2738.86,205.0,276.8,90.2,4,1
3866.85,171.2,575.8,97.7,5,2
3033.41,174.5,423.1,71.4,4,1
1843.76,109.0,228.7,54.8,4,1
3004.56,207.6,383.9,70.9,4,1
1977.2,133.7,234.1,56.2,4,1
2157.25,210.1,112.3,96.4,4,1
3187.52,172.1,405.3,97.5,6,1
3025.33,168.0,420.8,74.5,5,2
2286.72,181.3,214.6,78.2,4,1
2944.49,186.0,340.4,93.2,5,2
3815.61,160.2,617.5,78.3,5,2
1958.82,144.0,220.2,55.8,4,1
1715.34,189.2,73.3,73.9,4,1
3435.11,167.0,442.6,110.7,6,2
1665.0,119.7,191.5,46.7,4,2
2332.81,252.6,94.8,104.8,4,1
2202.76,198.5,176.6,78.0,4,1
2769.87,222.7,247.2,98.9,4,1
2832.03,199.6,341.6,74.1,4,1
1810.55,174.3,107.0,76.1,4,1
2478.67,165.7,299.5,68.6,4,1
2879.71,184.7,345.9,84.2,5,1
2829.14,146.4,399.9,71.6,5,1
1683.34,89.7,217.9,50.3,4,2
2521.42,181.3,276.8,76.5,4,1
2021.76,180.3,144.8,80.2,4,1
3764.83,194.4,555.8,84.9,4,1
1401.49,121.3,107.7,53.9,4,1
2793.47,96.8,478.2,54.8,6,2
1425.46,111.0,140.5,46.6,5,2
1610.06,122.9,148.1,58.4,4,1
2711.57,185.1,294.2,88.3,4,1
2503.92,98.2,401.8,56.0,5,1
1654.77,117.7,172.1,55.1,4,1
3107.47,160.2,438.6,79.2,5,2
2745.48,121.4,420.6,64.2,5,2
1578.41,111.3,173.4,48.9,5,2
2232.76,206.6,153.9,87.9,4,1
2282.74,180.5,235.9,68.6,4,1
2941.96,224.2,298.9,94.4,4,1
2617.01,174.3,322.8,69.8,4,1
3934.78,160.2,650.6,76.9,5,2
2620.34,128.1,365.6,71.7,5,1
3251.06,111.0,553.9,65.7,5,1
1839.34,105.7,218.7,60.2,5,2
3071.02,118.6,506.9,63.2,5,2
1954.33,109.3,264.8,50.9,4,1
2506.66,208.4,187.9,102.4,4,1
3052.84,203.1,377.2,81.3,4,1
2703.08,128.0,439.6,48.1,4,1
1587.76,104.6,175.1,52.1,4,1
2080.7,189.1,150.8,80.1,4,1
1847.9,180.9,111.9,75.2,4,1
4380.44,162.0,733.8,88.6,6,2
2837.8,138.1,436.6,59.9,5,2
2347.2,199.8,194.8,85.5,4,1
2238.46,97.5,329.8,58.8,5,1
2348.15,166.1,275.0,64.8,4,1
2212.83,162.1,259.2,58.6,4,1
2530.06,149.4,315.1,74.7,6,2
2841.66,141.8,429.2,61.9,5,1
3053.5,162.1,387.2,95.1,4,1
2381.16,217.1,150.9,101.0,4,1
1850.14,136.4,200.3,55.9,4,1
3905.16,151.8,604.4,97.8,5,2
2965.72,154.1,427.1,71.2,6,2
2414.7,156.9,291.1,69.2,5,2
2596.42,151.2,290.0,92.4,5,2
1832.21,88.0,254.9,51.2,5,1
2204.27,174.7,218.0,70.4,4,1
3026.49,193.0,369.7,86.2,4,1
1730.41,164.8,119.6,65.9,4,1
2255.52,135.3,271.7,69.7,5,1
3255.35,119.9,567.0,56.4,4,1
1703.54,129.9,195.2,44.8,4,1
2444.44,103.7,391.8,51.4,5,1
4392.73,174.0,723.1,89.3,5,2
2737.54,209.3,285.2,84.4,5,1
3392.98,175.4,453.2,97.6,6,2
2497.92,221.1,181.5,98.6,4,1
2779.72,95.1,488.4,49.5,5,1
3617.88,160.6,505.7,105.8,5,2
2493.32,179.9,291.1,67.7,4,1
2049.69,130.1,249.0,59.2,5,1
2249.78,169.0,259.5,59.5,4,1
2847.2,139.2,389.3,81.5,5,1
3205.45,139.1,519.4,63.5,6,1
2866.13,100.5,502.2,50.6,5,1
1489.87,127.2,110.1,60.1,4,1
1998.88,124.1,265.8,48.8,4,1
2997.71,218.9,329.1,89.6,4,1
2397.21,114.7,330.5,68.5,5,2
2508.54,226.7,206.1,86.4,4,1
3166.18,143.8,484.5,72.6,4,2
2193.81,228.6,95.6,99.7,4,1
2733.13,128.0,422.0,59.2,5,1
2737.39,203.5,298.5,81.1,4,1
3080.69,159.8,459.2,67.2,5,1
3359.63,176.5,458.2,91.2,5,2
2757.1,96.0,465.6,56.8,6,2
2526.93,103.1,412.7,51.5,5,1
2827.66,107.5,478.3,53.8,5,2
2490.47,175.3,294.6,67.9,4,1
2466.79,149.9,309.9,69.7,4,1
2125.41,133.7,230.0,74.5,4,1
3493.95,162.8,532.1,79.4,5,2
1937.7,155.1,151.7,79.0,4,2
3031.51,118.3,498.8,62.6,5,2
1833.91,107.6,230.9,53.3,5,1
2235.85,210.1,185.2,72.7,4,1
2408.63,135.9,309.2,69.8,5,2
2477.35,187.9,223.7,92.3,4,1
1980.9,143.4,217.8,59.5,4,2
4219.23,165.3,723.9,73.6,5,2
2202.51,178.7,206.0,73.8,4,1
2638.82,137.0,357.4,73.5,5,1
3507.74,175.5,477.0,99.8,6,2
1988.64,149.7,183.7,72.8,4,1
2193.14,192.5,156.8,88.5,4,1
3077.92,253.4,290.8,100.1,4,1
2968.81,194.4,315.8,103.1,6,2
3062.69,210.0,352.2,90.5,4,1
3694.96,202.3,486.3,104.5,5,2
3150.36,133.7,485.1,75.0,6,2
3765.54,178.4,495.9,118.7,5,2
2745.63,155.2,317.4,95.0,5,1
3788.43,192.1,541.4,94.9,5,2
2267.62,234.3,140.7,85.3,4,1
4201.18,154.1,706.1,84.5,5,2
3037.01,137.2,441.1,80.4,5,2
1221.76,137.7,53.9,50.6,4,1
3812.55,155.5,554.4,108.1,5,2
1387.35,108.3,142.0,42.9,4,1
2438.87,179.1,272.1,70.5,4,1
1736.8,192.1,76.9,73.4,4,1
3267.78,141.1,469.8,91.6,5,2
1963.38,170.5,158.8,71.8,4,1
3272.4,216.1,401.4,89.2,4,1
3665.95,161.2,562.7,85.6,5,1
1865.08,127.8,226.4,49.8,4,1
2668.33,156.0,311.4,88.7,4,1
3055.79,156.3,403.3,90.8,4,2
2390.63,113.1,351.5,59.1,5,1
2781.9,225.7,260.4,93.1,4,1
1760.89,97.7,213.2,57.5,4,1
1457.55,138.9,98.2,56.6,4,1
2131.05,141.3,267.9,54.9,4,1
2301.69,140.3,271.7,72.7,4,1
1971.38,121.6,245.4,55.9,4,1
3277.67,148.5,456.7,95.2,5,2
2936.8,150.8,421.1,72.1,5,1
2465.58,184.4,253.3,79.4,4,1
1554.85,118.4,151.0,53.1,4,1
2616.09,197.1,292.4,73.1,4,1
3197.5,134.3,530.9,59.6,5,2
3329.57,216.9,427.6,83.5,4,1
1515.17,164.6,67.3,65.3,4,1
2617.8,215.0,233.6,91.5,4,1
3775.43,140.3,644.3,70.8,5,2
4130.48,170.6,613.3,110.6,5,2
3228.7,177.8,434.1,86.8,5,2
2278.2,88.0,375.2,47.3,5,2
3077.43,140.6,489.4,61.9,5,1
1938.34,200.8,121.1,72.3,4,1
3552.52,184.1,517.2,83.1,4,1
2180.81,97.3,338.7,48.6,5,2
2716.43,206.5,259.2,94.9,5,1
2299.32,143.4,295.0,60.6,4,1
2675.82,142.9,380.3,64.8,4,1
3135.05,214.7,379.4,84.3,4,1
4844.77,176.1,841.8,85.9,5,2
3090.7,148.1,418.2,91.7,6,2
2104.27,237.3,80.2,92.7,4,1
1917.09,116.1,250.0,50.3,4,1
2346.59,127.7,300.1,70.6,4,1
2789.76,167.1,356.7,77.2,4,1
2836.87,141.2,385.9,80.9,5,2
2729.24,138.0,402.7,62.9,4,1
3910.06,235.9,495.2,109.5,5,1
3902.2,173.4,595.9,91.7,5,1
2076.8,241.1,45.0,103.6,4,1
2842.81,163.9,391.8,68.9,4,1
2943.14,164.5,333.8,105.6,5,2
3372.71,158.6,476.3,92.5,6,2
2935.56,170.3,333.1,102.4,5,2
2261.04,93.7,359.7,49.8,5,1
2605.59,148.2,300.4,90.1,5,2
3572.97,109.6,618.2,73.5,6,2
3214.22,104.1,575.6,55.0,5,2
3310.21,102.3,577.6,65.6,5,2
3495.76,174.2,467.6,103.2,5,1
1883.57,130.7,222.1,52.5,4,1
2247.49,127.8,263.0,76.1,5,2
3702.89,172.7,533.7,97.5,6,2
2495.38,162.1,304.4,69.9,4,1
2092.76,156.4,232.5,59.7,4,1
1579.83,108.9,172.4,50.5,4,1
2508.63,165.6,300.3,71.7,5,1
2479.58,112.3,395.7,49.7,5,2
2317.76,103.9,357.5,52.5,5,1
1538.66,125.8,142.2,51.9,4,1
3961.97,211.1,541.6,105.7,4,1
2290.14,112.3,345.5,51.0,5,1
2658.42,134.9,377.5,67.7,6,1
2483.9,128.6,300.1,85.4,5,2
3331.22,167.4,467.3,88.0,4,1
1887.26,158.0,168.2,64.7,4,1
3196.19,125.3,536.2,61.1,5,2
3415.41,235.4,431.0,83.3,4,1
1914.72,225.8,41.0,94.2,4,1
2656.42,197.8,294.4,76.4,4,1
2417.41,142.2,303.6,70.5,6,2
1493.33,121.2,139.6,50.0,4,1
3413.36,173.0,414.3,118.2,6,1
3325.61,170.8,474.1,82.9,4,1
2126.91,190.4,178.7,72.3,4,1
2100.15,88.5,317.8,52.8,4,1
1545.1,118.0,164.6,46.1,4,1
2381.05,144.7,268.6,80.9,4,2
2993.39,231.0,288.7,101.6,4,2
1437.36,174.0,47.2,61.4,4,1
2204.27,168.9,249.5,59.0,4,1
3322.2,210.5,414.1,91.5,6,2
3424.12,135.5,590.7,57.7,5,2
2413.78,151.7,312.1,62.1,5,1
2080.65,194.3,138.0,83.5,4,1
3555.89,145.5,584.1,70.8,5,2
3297.08,120.3,520.0,81.8,5,2
2872.51,96.8,510.0,49.4,4,1
1956.39,109.4,264.0,51.4,5,1
1957.69,115.0,275.8,43.9,4,1
2225.71,118.4,309.4,57.2,4,1
1986.57,144.3,198.4,68.4,4,2
2530.92,225.8,211.8,86.7,4,1
2117.1,129.2,239.1,71.6,6,2
4407.28,157.5,696.6,110.1,6,2
2059.27,122.5,242.9,66.4,5,1
1807.85,197.8,45.5,92.8,4,1
3676.47,218.0,478.9,98.8,5,1
3278.52,125.5,535.2,70.6,5,1
2789.89,145.3,412.0,62.3,5,2
2821.11,207.9,324.4,76.8,4,1
3304.47,205.0,377.4,108.3,5,2
2329.82,91.5,378.5,50.0,5,1
1530.58,114.5,165.1,45.8,4,1
2880.75,135.9,453.1,58.3,4,1
4137.73,198.0,547.9,128.2,5,1
3338.6,157.4,458.5,97.2,6,2
2695.18,187.1,281.8,91.0,4,1
2347.58,137.3,327.4,54.3,4,1
4363.41,180.9,641.2,119.4,5,2
1506.96,133.0,128.6,51.2,4,1
3079.87,138.0,470.3,71.8,5,1
2458.12,186.6,265.1,72.3,4,1
1615.04,170.9,76.1,69.6,4,1
3802.54,165.8,567.1,96.8,5,2
3158.57,158.6,397.9,103.6,5,2
3755.01,172.6,544.4,98.6,5,2
1675.25,95.3,214.9,48.3,5,1
2824.85,104.0,456.5,64.7,5,2
2616.24,106.3,422.5,55.7,6,1
2400.99,202.4,209.2,83.8,4,1
3793.82,198.0,567.8,81.2,4,1
2163.13,217.4,95.9,101.1,4,1
2556.42,194.1,283.2,71.9,4,1
1610.95,140.3,131.2,58.4,4,1
1351.66,113.8,120.2,46.2,4,1
2392.88,199.1,207.3,85.3,4,1
3556.83,137.5,565.8,82.6,5,2
3044.44,193.7,380.5,83.0,4,1
2321.85,187.1,200.2,85.9,4,1
2382.84,124.5,356.1,51.2,4,1
2414.42,158.7,222.2,99.0,5,2
3797.03,159.2,624.0,73.8,5,2
1690.69,103.2,208.0,49.5,4,1
2384.46,191.1,230.1,77.7,4,1
3034.94,211.2,354.4,85.8,4,1
1931.12,97.5,287.6,43.4,6,2
2868.16,165.4,346.0,91.4,5,2
2030.06,134.5,247.1,56.0,4,1
2654.51,167.3,315.8,80.2,5,2
3691.71,124.0,629.1,75.5,5,1
1934.12,91.4,264.8,56.6,5,2
2771.84,121.4,396.8,77.7,5,2
3521.3,161.1,458.0,116.1,5,2
2454.68,85.5,404.9,54.8,5,1
3315.5,216.6,407.0,91.2,4,1
4135.09,167.2,600.1,118.4,6,2
3351.3,138.9,508.5,84.6,5,2
1689.6,133.4,159.4,57.6,5,1
3113.26,108.7,548.5,53.8,6,2
2097.48,204.4,110.5,93.1,4,1
3290.85,123.3,529.1,75.7,6,2
2873.75,145.0,415.3,70.3,4,1
2794.15,97.1,500.1,45.0,5,2
1790.76,155.4,137.0,69.0,4,1
3883.63,169.9,602.7,88.1,5,2
2096.56,137.3,250.1,60.8,4,1
2101.09,177.0,177.7,75.8,4,1
3150.18,179.5,384.5,99.3,5,2
3084.11,165.6,434.2,76.1,4,1
3295.78,177.7,422.2,99.6,5,2
2106.38,102.4,298.0,56.1,5,2
2508.1,116.9,344.3,73.7,5,2
3489.67,216.8,419.0,105.2,4,1
2317.13,180.8,217.4,80.5,4,1
1985.47,102.1,287.2,47.6,4,1
2443.61,155.7,297.0,70.3,4,2
1663.49,151.9,109.8,68.5,4,1
3301.32,227.9,402.6,86.6,4,1
2812.45,171.2,312.7,97.4,5,1
3816.17,155.5,586.3,94.3,5,1
2554.93,201.1,243.0,86.5,5,1
3311.58,182.9,443.7,89.4,4,1
3712.91,171.2,561.8,86.8,5,1
1870.95,163.8,156.3,65.6,4,1
1792.75,114.7,213.1,53.5,4,1
3347.89,216.7,431.6,83.9,4,1
3680.07,189.4,521.0,93.2,5,1
3171.91,183.1,397.7,94.3,5,2
1783.94,126.9,211.1,48.0,4,1
3255.1,207.6,433.7,76.7,5,1
2897.77,165.4,335.9,99.2,5,1
2453.38,179.1,244.8,84.2,4,1
1738.16,136.1,171.2,56.5,4,1
1421.44,123.9,103.3,57.0,4,1
2048.4,101.3,293.6,52.1,5,1
2464.99,108.7,363.0,64.2,6,2
1689.83,88.4,204.6,57.5,6,2
2380.8,202.6,170.8,98.6,4,1
2369.37,118.1,344.7,57.6,5,1
2214.77,186.3,212.3,69.0,4,1
2797.5,134.4,424.9,62.3,5,1
1709.23,127.9,190.4,48.4,4,1
2071.54,164.9,194.5,70.4,4,1
2721.42,198.2,297.5,82.1,4,1
3920.54,192.0,575.5,94.5,4,1
3296.79,167.7,448.5,92.4,6,1
2068.8,165.4,194.2,70.0,4,1
1408.44,120.2,99.7,58.7,4,1
2783.29,130.3,408.2,69.9,4,1
2322.53,201.6,208.4,75.8,4,1
3086.03,141.7,483.9,64.9,5,1
3441.13,156.0,542.3,72.0,5,1
1722.66,155.2,152.5,54.7,4,1
3056.81,220.6,319.1,99.8,4,1
1926.93,213.9,69.2,88.2,4,1
3977.92,177.2,623.9,85.9,6,2
2351.04,182.8,256.2,66.2,4,1
3099.21,165.8,410.7,88.1,4,1
2670.14,120.0,368.2,79.7,5,2
2295.01,187.1,212.1,77.5,4,1
2953.55,102.5,495.5,62.4,5,1
2072.59,144.5,245.6,56.9,4,1
1903.68,223.3,22.4,102.4,4,1
3083.44,184.2,409.8,78.6,5,1
3430.43,168.1,535.9,68.2,5,1
2794.04,200.3,320.2,79.2,4,1
2273.16,162.3,247.8,70.3,4,1
2518.19,158.8,311.8,70.6,4,1
1511.36,96.2,172.3,48.6,4,1
3060.57,215.4,314.2,104.7,4,2
3728.92,176.1,558.3,87.9,5,2
3068.18,108.7,535.6,54.5,4,1
2483.18,176.7,264.7,79.7,4,1
1572.72,219.5,0.0,80.5,4,1
2024.61,119.7,267.9,52.7,4,1
1988.43,200.2,115.8,80.5,4,1
1207.03,104.6,90.1,47.6,4,1
2883.91,138.1,410.6,76.6,4,1
2480.86,182.0,268.4,75.5,4,1
1928.04,160.9,188.7,58.9,4,1
2686.96,107.0,397.7,74.3,5,2
1963.81,121.7,259.6,48.7,5,1
1470.74,128.9,127.0,49.7,4,1
2706.04,169.2,340.2,74.3,5,2
2255.0,104.8,317.7,62.8,6,2
2019.65,143.8,190.0,76.1,5,1
2051.44,186.7,121.1,91.1,4,1
2933.38,135.7,405.4,85.4,5,2
3810.91,160.4,635.0,69.9,5,2
2398.9,228.6,167.8,90.4,4,1
2045.31,175.1,183.9,67.7,4,1
1642.38,145.1,107.2,70.4,4,1
3116.45,205.8,394.1,79.6,4,1
2794.19,121.5,460.2,51.9,5,2
4011.58,146.8,673.8,81.0,5,2
2452.51,206.8,193.4,94.6,4,1
2644.69,206.5,254.0,89.2,4,1
2378.83,158.0,260.9,78.1,4,1
2351.77,103.7,354.2,57.8,6,2
3095.27,192.5,391.3,84.4,5,1
3892.12,184.2,595.2,86.0,4,1
2350.83,174.7,259.0,68.4,4,1
1608.99,145.6,123.7,59.1,4,1
2635.49,150.8,298.1,93.3,5,1
3920.14,210.8,553.9,95.7,4,1
2844.0,141.7,410.3,70.7,5,2
3400.39,186.8,384.9,123.7,5,2
1968.92,207.1,102.3,81.3,4,1
3634.82,139.1,545.4,99.7,6,1
3109.55,140.2,494.4,63.5,5,2
3221.62,172.6,418.2,95.4,4,2
3229.92,117.3,533.2,69.8,5,2
3136.73,243.5,325.0,95.8,4,1
2455.92,109.1,397.3,47.8,5,2
1585.16,128.6,145.4,54.3,4,1
3803.3,185.4,537.4,101.4,5,2
1291.12,109.8,107.1,47.1,4,1
2993.28,140.6,438.5,75.2,5,1
2341.39,87.4,378.1,53.3,4,1
2185.01,110.1,315.1,53.8,5,2
2149.81,218.3,130.2,84.0,4,1
1754.47,133.5,170.4,59.9,4,1
1599.69,125.4,163.1,49.5,4,1
4146.68,167.0,688.4,80.6,5,1
3066.39,130.4,480.4,69.3,6,2
4489.05,207.4,633.9,124.9,5,1
2246.5,198.5,153.5,93.2,4,1
3138.26,180.0,421.9,81.2,5,2
2134.68,141.6,257.5,59.8,4,1
4003.39,193.7,586.3,98.2,4,2
2470.94,196.5,233.5,83.4,4,1
3023.5,142.6,472.9,62.4,4,2
2541.41,162.5,295.5,78.8,4,1
3086.38,120.0,503.9,65.7,6,2
2292.31,109.4,294.3,75.3,5,2
1742.16,244.2,0.0,92.4,4,1
4277.36,183.1,670.8,95.8,5,1
2590.44,151.7,356.4,62.0,5,1
1917.58,223.4,44.1,94.2,4,1
3483.46,228.5,428.1,95.2,4,1
2492.97,174.5,287.5,71.7,4,1
2871.69,214.1,301.3,90.0,5,1
3253.65,229.8,377.0,91.8,4,1
2915.7,124.6,440.5,72.8,5,2
1978.73,120.7,262.4,49.6,4,1
1950.72,122.9,235.2,57.6,5,1
3685.64,221.3,496.6,90.4,4,1
2291.04,246.5,110.4,96.0,4,1
3853.01,200.7,580.5,80.9,4,1
2236.95,97.1,334.7,56.6,4,1
2871.38,164.4,349.8,90.5,4,1
2935.25,110.6,471.9,67.2,5,2
1881.97,84.0,282.8,46.1,5,2
3295.79,158.3,448.0,96.8,5,2
3859.01,178.1,595.0,85.2,5,2
3900.65,148.9,635.6,84.7,5,2
4321.64,168.6,709.0,90.1,6,2
3591.95,189.5,474.2,104.2,4,1
1883.12,117.7,219.8,59.3,4,1
2609.93,96.1,442.3,50.7,6,2
2924.96,194.3,362.5,77.5,5,1
3091.37,122.1,480.3,75.8,5,1
4040.62,184.7,550.5,122.2,5,2
2513.47,138.9,267.1,98.8,5,2
3123.98,204.1,374.8,89.8,4,1
4525.15,175.1,689.3,118.6,5,1
1363.68,142.3,53.4,64.5,4,1
2863.74,104.6,490.0,53.9,5,2
3911.75,184.5,545.4,110.2,5,2
2216.85,89.6,349.8,51.0,6,2
1664.67,184.1,76.9,69.0,4,1
2925.81,226.5,282.3,99.0,4,1
1797.04,129.3,191.6,57.1,4,1
2729.13,111.5,460.7,48.9,5,2
2809.5,94.6,471.7,60.5,6,2
1648.04,177.4,71.5,72.5,4,1
2227.99,123.1,256.9,78.7,5,2
2689.62,190.5,281.9,88.9,4,1
2053.54,200.0,122.2,85.0,4,1
3447.88,148.2,537.1,78.5,5,2
3075.77,210.7,367.0,85.0,4,1
2209.68,179.3,191.5,80.7,4,1
2098.73,182.5,164.9,78.8,4,1
3470.76,164.5,500.3,90.2,4,1
2529.57,166.5,301.6,73.0,4,1
1377.34,132.4,71.1,62.6,4,1
3044.04,118.9,507.1,60.0,5,2
2743.1,180.0,330.8,77.8,4,1
2940.27,172.5,352.3,93.5,5,1
2300.0,89.7,382.9,45.5,5,2
2900.64,238.0,271.3,95.9,4,1
2330.58,256.0,97.6,101.8,4,1
2056.16,126.1,251.6,60.6,5,1
3285.37,202.5,411.5,92.1,4,2
1462.78,168.6,51.4,64.8,4,1
3170.06,255.2,321.1,96.1,4,1
2168.95,181.3,188.1,76.8,4,1
2253.23,115.9,286.8,71.4,5,2
1984.33,160.1,210.6,55.7,4,1
2982.92,117.7,504.5,54.9,5,2
2156.89,145.0,240.6,68.3,4,1
1973.6,114.6,257.8,53.8,5,1
2826.13,95.6,464.7,65.0,6,1
2034.57,116.4,295.7,42.9,4,1
1846.55,104.0,230.6,56.5,5,1
2090.02,139.5,260.7,54.3,4,1
1636.2,129.2,138.4,62.9,5,1
3693.34,170.1,529.4,99.5,5,1
2105.89,109.1,304.0,50.4,6,2
3667.03,127.7,635.9,68.0,6,2
3301.33,134.1,506.5,82.1,6,1
2061.3,189.2,173.8,67.7,4,1
3144.81,136.1,499.7,66.8,5,2
4112.27,183.8,615.1,101.9,5,1
3526.92,178.7,509.6,86.0,4,1
2103.2,214.6,106.0,91.2,4,1
3947.27,179.3,557.6,111.1,6,2
2800.83,241.4,265.6,85.9,4,1
1832.11,146.1,166.6,64.6,4,1
2471.23,212.2,197.6,92.4,4,1
2847.32,178.5,323.1,93.4,5,2
3086.59,130.3,475.9,73.5,4,1
2963.12,143.3,423.1,77.5,5,1
2660.3,163.5,264.7,105.3,6,2
2504.03,119.5,368.0,61.6,4,2
2066.58,114.7,291.2,49.2,4,1
3116.75,109.9,566.6,45.6,6,1
3116.79,195.9,344.1,106.3,6,2
2871.69,119.2,465.6,59.2,4,1
2912.47,119.3,462.9,64.9,5,1
2513.33,116.4,382.0,57.7,4,1
1356.44,116.0,107.1,51.5,4,1
2251.24,131.8,302.2,57.2,4,1
2713.99,102.3,427.9,65.9,5,2
1679.41,160.7,107.2,67.5,4,1
2437.72,127.4,336.4,64.7,5,1
2533.46,160.4,349.1,55.1,4,1
1949.36,162.2,174.5,67.0,4,1
4082.86,177.5,649.3,86.2,5,2
2717.15,196.7,302.0,80.3,4,1
2619.07,162.7,328.6,72.6,4,1
1578.63,107.2,181.5,47.1,4,2
2991.36,106.8,479.2,71.9,5,2
2032.27,102.1,281.5,55.3,5,1
3640.39,173.7,544.2,85.4,4,1
2815.75,143.4,388.8,76.3,5,1
3212.95,211.0,371.5,98.1,4,1
3629.14,156.6,552.8,87.9,5,2
2648.91,194.1,283.9,81.9,4,1
2862.44,185.4,316.2,95.1,4,1
3955.38,187.6,589.4,94.2,4,2
2388.51,120.3,354.3,54.5,4,1
1796.03,197.9,83.1,74.6,4,1
2037.68,141.0,246.2,54.3,4,1
4276.11,157.6,718.7,85.6,5,2
2268.97,147.3,273.2,65.2,4,1
2392.18,122.8,348.0,56.5,4,1
1878.16,196.4,91.9,80.6,4,1
2806.96,131.3,354.2,96.1,6,2
3149.9,111.9,555.6,53.3,6,2
1674.97,159.6,109.0,66.7,4,1
2411.75,174.3,252.8,78.1,4,1
1726.18,176.1,93.0,72.2,4,1
2784.56,144.7,388.5,72.4,5,2
3329.6,163.2,425.7,108.2,6,2
3800.51,183.5,537.5,101.8,4,1
2849.22,145.3,427.2,62.1,5,1
2783.38,251.8,205.7,105.9,4,1
2884.65,160.1,344.7,96.2,5,2
2487.19,199.8,227.9,86.2,4,1
2986.08,217.3,354.7,77.6,4,1
2412.73,237.1,140.1,100.4,4,1
2422.4,113.7,325.1,74.1,5,2
1117.05,111.7,56.4,49.4,4,1
2499.97,118.2,351.9,68.9,5,2
2742.52,106.6,435.9,63.6,6,2
4289.92,168.1,728.4,78.2,5,2
1971.9,113.6,248.2,58.3,4,1
4104.24,163.8,670.0,85.4,5,1
1895.77,120.9,231.7,53.9,4,1
2947.58,156.8,438.3,63.0,5,1
2722.19,195.2,310.6,77.7,4,1
2029.2,177.9,175.9,68.2,4,1
2321.71,114.0,342.2,55.2,5,1
2860.41,195.5,233.4,127.2,6,2
2365.65,164.4,238.3,83.8,4,1
2565.03,148.7,329.6,72.4,5,2
1810.56,127.3,210.4,51.1,4,1
2504.14,221.9,209.1,86.7,5,1
3740.06,199.7,530.6,91.0,4,2
3072.58,139.0,446.2,81.3,5,2
2408.74,133.9,323.7,64.3,5,2
3757.72,202.6,561.7,77.8,4,2
2921.72,121.4,451.2,70.2,5,1
2782.07,127.4,393.9,77.4,4,1
3473.89,204.4,453.3,93.7,4,1
2051.7,163.8,156.1,85.8,5,1
1987.63,95.4,276.0,55.8,6,2
3907.14,219.1,515.4,107.7,5,1
4145.8,175.6,596.9,117.3,6,1
2719.13,183.5,288.3,92.4,5,1
3290.66,248.6,365.4,92.7,4,1
2842.47,202.1,345.3,72.5,4,1
2323.32,172.5,270.1,61.4,4,1
2714.8,104.0,453.0,54.1,4,1
2062.26,100.5,310.8,46.3,4,1
2160.84,112.1,300.6,56.7,4,1
1361.02,134.0,91.5,51.0,4,1
2219.76,113.7,287.4,68.3,4,1
1963.92,110.7,236.2,64.1,4,1
3150.6,206.8,319.2,116.3,5,1
2326.55,117.8,356.2,47.8,4,1
3100.11,252.3,314.8,92.4,4,1
2315.83,112.6,341.1,55.7,5,1
2711.49,210.2,248.5,97.4,4,1
3161.25,131.2,497.1,72.0,5,1
1542.3,96.2,176.2,50.3,4,2
1517.47,121.7,146.9,49.2,4,1
2005.49,204.6,117.4,79.7,4,1
2297.1,104.1,362.5,47.9,4,1
3076.33,89.0,569.4,49.2,5,2
1633.0,124.9,162.7,53.6,4,1
4034.66,190.6,643.3,77.7,5,1
3219.57,208.3,400.2,87.3,4,1
2652.17,117.3,401.6,64.1,5,1
1773.84,137.9,182.3,54.8,4,1
2620.4,238.7,193.7,99.0,4,1
2631.89,106.7,408.0,63.7,6,2
3600.33,185.6,524.7,84.4,5,1
2476.12,147.0,314.0,70.2,4,1
2939.35,146.8,419.4,74.9,5,1
2710.48,112.1,399.2,73.9,5,1
3227.95,138.8,484.4,81.7,6,1
4103.47,183.1,598.7,108.4,5,2
3623.02,204.4,452.5,110.6,5,2
2230.45,117.5,302.8,61.0,4,2
3075.07,176.3,329.4,116.9,5,2
3649.62,182.8,510.0,97.6,6,2
2612.57,210.7,253.5,84.0,4,1
2465.26,124.8,356.1,60.2,5,2
4126.08,219.9,592.4,97.4,4,1
2129.49,148.1,231.5,67.9,4,1
2596.64,137.6,333.5,79.1,5,2
2855.74,141.5,374.3,88.1,5,1
1607.6,146.9,109.1,64.8,4,1
2632.13,161.1,350.8,65.0,4,1
1959.07,112.5,262.8,50.9,4,1
2622.13,106.3,410.5,61.7,4,1
1940.52,108.0,279.3,43.5,4,1
2634.98,112.8,440.6,46.8,4,1
2414.6,111.7,381.7,49.0,5,1
2224.39,171.0,193.4,85.2,5,1
1584.12,125.3,166.1,46.5,4,1
1603.15,167.2,52.3,80.6,4,1
3008.89,192.6,347.4,94.3,6,2
2431.86,135.7,318.6,68.3,5,2
4126.85,175.5,649.7,91.8,5,2
3320.15,185.1,428.5,96.2,4,1
1974.21,110.2,233.1,66.7,5,2
2222.65,123.6,281.0,67.1,5,1
2299.7,201.0,183.0,84.8,4,1
2471.43,141.9,298.5,78.9,5,2
3414.31,179.2,471.9,90.0,5,2
2557.88,87.5,460.0,40.9,4,1
2543.06,180.8,260.0,86.6,4,1
1429.44,112.2,129.0,51.6,4,1
2637.85,122.1,375.0,72.2,5,2
3604.57,182.8,541.4,78.6,5,2
4182.57,197.1,606.2,107.7,6,2
2229.17,131.2,291.3,59.9,4,1
4192.58,159.1,670.3,97.2,5,2
2913.91,217.2,300.6,93.6,4,1
2218.15,93.6,342.3,52.8,4,1
2842.15,171.8,307.8,102.7,4,1
2473.33,119.0,374.8,55.3,4,1
3394.82,163.9,513.8,76.0,5,2
1882.18,115.0,247.7,47.9,4,1
3327.42,202.6,360.6,119.4,5,2
3556.77,155.3,554.9,79.5,6,2
2154.94,105.7,319.1,50.6,5,1
2457.99,109.2,399.7,46.9,5,1
2449.39,148.1,318.5,64.8,4,1
3627.61,173.6,527.3,91.6,4,1
3000.4,112.5,481.1,69.6,4,2
4112.27,225.9,588.9,94.8,4,1
3458.46,156.1,542.0,74.0,5,1
2571.01,225.0,235.9,80.8,4,1
3444.91,204.5,457.7,88.5,4,1
3154.39,140.0,500.3,65.9,6,1
2751.63,100.5,473.2,50.7,6,1
2156.79,112.3,282.3,64.2,5,2
1998.69,223.0,49.9,100.8,4,1
2921.36,155.0,428.0,65.5,4,1
2404.75,124.4,355.9,53.7,5,1
3149.97,169.2,410.8,92.2,5,2
2356.18,166.5,277.8,64.3,4,1
2453.32,201.4,228.4,81.6,5,1
2680.65,111.1,420.4,61.6,5,1
1876.6,152.0,183.2,59.5,4,1
1791.27,185.2,91.9,75.9,4,1
2933.6,124.1,459.9,66.4,4,1
2839.92,167.9,325.2,96.4,5,2
3567.47,150.3,542.7,88.4,4,1
1847.71,150.4,177.4,59.6,4,1
2341.75,181.5,217.5,82.8,4,1
2578.89,140.3,311.9,85.6,6,2
2190.44,131.5,237.8,79.3,5,2
2132.97,192.5,174.0,74.1,4,1
3041.86,145.4,382.6,103.3,5,1
2089.8,140.7,194.6,83.2,5,2
2547.67,229.6,188.0,97.5,4,1
2375.34,91.7,406.2,42.6,4,1
3494.05,140.4,525.3,92.4,5,2
1931.45,110.7,268.8,45.9,4,1
2985.64,135.2,488.7,54.5,5,1
2853.88,167.6,342.3,90.5,4,1
1832.35,115.1,244.3,43.9,4,1
3795.41,130.7,619.2,88.4,5,2
2399.29,92.0,412.6,42.3,5,1
2023.3,157.0,193.1,69.2,4,1
1499.18,149.0,83.9,63.0,4,1
3777.12,180.6,535.7,101.3,6,2
3258.33,170.0,457.2,83.3,5,2
2343.31,114.3,338.1,59.3,6,2
2072.7,186.8,133.6,87.9,5,1
3474.09,173.5,420.8,121.9,5,2
2815.26,150.2,391.6,72.0,5,2
3868.46,147.4,643.9,78.2,5,2
2682.51,116.6,396.8,69.8,5,2
2154.83,145.7,253.4,62.0,4,1
2055.97,126.4,243.8,63.9,5,1
2571.74,89.4,443.3,49.0,6,2
2825.53,134.6,434.6,61.0,6,2
4775.21,188.0,806.7,88.5,6,1
1818.66,132.1,206.4,51.6,4,1
2911.77,178.0,358.7,85.0,4,1
2461.75,92.9,416.7,47.1,6,2
3604.73,153.2,571.9,78.3,5,2
2081.63,137.3,242.3,62.6,5,1
2774.85,144.3,375.9,77.1,4,1
2241.26,152.3,226.6,80.6,4,1
2684.95,135.6,416.8,52.8,5,1
1744.13,107.5,229.4,44.1,5,1
2924.49,182.1,316.7,103.2,5,2
4473.88,181.6,717.7,97.4,5,2
2987.56,159.6,372.5,95.5,5,2
1858.02,91.3,261.9,49.4,6,2
3518.69,188.1,456.8,104.4,4,1
1963.87,153.8,175.2,72.0,4,1
1641.63,109.8,188.8,49.7,5,2
2893.69,124.5,448.6,66.8,4,1
1151.02,105.2,69.5,50.2,4,1
1501.35,168.9,64.3,63.2,4,1
3212.26,167.7,467.9,74.4,5,2
1598.76,146.3,105.9,65.6,4,1
3383.13,149.6,507.9,83.7,5,1
3902.84,182.6,554.1,106.2,4,1
2069.65,109.1,273.1,60.1,6,2
2832.97,141.0,394.3,76.9,5,2
1710.51,109.8,188.9,57.3,4,1
1426.57,149.2,41.9,73.6,4,1
2133.27,116.2,270.0,65.4,6,2
3005.23,222.2,323.8,91.3,4,1
2139.64,153.8,230.1,67.1,5,1
1783.03,98.1,227.6,53.3,5,1
3314.71,205.3,392.2,102.7,6,2
2434.07,131.5,353.6,54.8,4,2
2732.47,143.0,396.9,63.7,5,2
2280.98,191.4,178.8,88.9,4,1
2664.41,170.4,328.4,74.4,4,1
4326.42,194.9,638.3,110.4,5,2
1797.42,149.0,153.8,65.1,4,1
1456.3,133.3,110.2,53.6,4,1
2625.62,219.5,234.6,89.9,5,1
3646.47,180.5,561.4,75.4,4,1
2449.0,191.9,247.4,76.9,4,1
2948.15,159.7,374.9,90.0,4,1
2409.62,172.9,269.7,71.1,4,1
3681.77,139.7,629.6,67.2,5,1
2917.07,162.4,343.9,99.1,5,1
1727.95,200.8,33.8,87.7,4,1
2218.11,88.1,322.6,63.9,5,1
3017.17,150.0,413.6,84.7,5,1
2833.37,200.4,338.7,75.2,4,1
1393.95,163.9,50.3,59.7,4,1
3657.63,144.1,589.7,80.3,4,1
3856.82,181.7,608.5,77.3,4,1
2262.41,246.7,107.6,93.9,4,1
2289.66,122.2,299.2,67.1,4,1
1984.7,147.6,194.5,68.5,4,1
1975.43,162.1,193.9,61.2,4,1
4148.61,142.7,680.2,95.2,5,2
3776.36,189.6,527.4,100.9,6,2
2347.05,235.6,119.4,103.0,4,1
2675.67,194.5,278.7,87.0,5,1
3499.72,149.3,518.7,92.0,5,2
1967.92,167.9,181.3,63.4,4,1
1524.6,172.2,59.3,66.5,4,1
2799.47,109.5,484.0,47.3,5,2
2502.06,161.8,311.0,67.9,4,1
2593.82,179.5,293.8,77.9,4,1
1764.84,147.5,160.5,59.2,4,1
3911.08,165.2,614.3,88.1,4,1
2050.65,154.1,205.0,68.2,4,1
2497.82,94.5,395.1,59.9,6,2
4313.66,213.1,654.3,93.8,6,2
2413.12,172.4,203.3,101.2,4,1
1859.69,119.3,241.5,46.3,4,1
3136.59,195.6,349.7,106.2,5,2
3170.67,156.3,434.7,89.6,5,2
2415.02,150.9,305.0,65.7,4,1
2748.8,140.8,383.5,72.4,6,2
2466.04,146.0,294.7,78.2,4,1
2180.83,232.5,93.4,97.4,4,1
1352.15,123.9,90.6,54.9,4,1
2981.92,163.7,401.0,80.3,5,2
2051.25,112.1,273.4,56.6,5,1
2999.79,193.6,340.7,95.9,4,1
2140.55,166.2,210.3,70.5,4,1
2346.94,124.9,319.2,63.4,5,2
3443.09,164.1,513.1,81.6,5,2
2991.09,166.9,343.5,105.5,6,1
2050.07,124.0,253.5,60.0,5,2
3165.88,156.8,489.0,64.7,5,1
2423.81,140.3,309.1,69.6,5,1
1617.58,121.9,160.5,54.2,4,1
2714.9,102.4,458.1,52.6,5,2
3617.35,219.2,454.5,102.5,4,1
3193.32,138.5,489.8,75.6,5,2
3422.27,131.4,581.8,63.3,5,1
3076.38,236.8,321.2,93.8,4,1
3783.21,148.6,618.8,79.3,5,2
2063.39,139.8,234.7,62.8,4,1
1841.34,90.7,243.8,55.9,5,2
2278.56,138.3,281.9,66.4,4,1
2460.59,106.8,388.9,53.1,6,2
2534.22,179.1,296.8,70.1,4,1
2698.9,105.8,431.0,61.3,4,1
3350.84,154.6,539.8,63.7,4,1
3538.41,216.8,442.2,100.3,5,1
4808.41,177.0,804.1,98.3,5,2
2421.85,110.8,399.2,42.4,4,2
3386.6,201.0,458.0,83.4,4,1
2555.62,142.3,344.4,67.7,5,2
2071.85,232.5,48.0,105.5,4,1
1819.15,122.0,192.8,62.2,5,1
3219.86,142.4,504.5,70.2,4,2
2356.39,168.7,251.6,75.0,5,1
2132.86,218.3,126.5,83.7,4,1
2990.81,179.6,390.9,78.7,5,1
3439.05,116.2,599.0,64.2,6,2
2174.22,180.0,158.5,91.1,5,1
1696.7,129.4,170.1,55.4,5,1
1917.23,247.8,12.0,97.6,4,1
1941.71,154.8,180.6,66.7,4,1
2302.5,101.4,348.9,55.7,5,2
1888.67,128.7,211.8,58.5,4,1
4396.19,177.7,705.0,96.1,4,1
1886.32,164.7,171.8,60.0,4,1
2475.05,190.6,239.5,83.9,4,1
2671.26,140.7,338.3,83.9,5,2
1409.53,113.8,124.5,50.7,4,1
3773.93,204.4,548.7,84.6,6,2
2638.97,208.5,225.9,100.2,5,2
4587.75,168.9,745.2,103.5,5,2
1317.07,127.0,83.4,52.8,4,1
2282.09,140.1,289.4,62.7,4,1
2671.94,155.9,290.2,98.6,6,2
2069.94,160.6,215.9,62.7,4,1
3290.59,125.0,537.8,71.0,5,2
2807.4,192.8,355.1,68.4,4,1
3438.4,121.6,601.1,60.8,6,1
3446.39,152.0,536.0,77.1,4,1
2028.39,92.1,306.1,48.4,5,1
2047.58,152.7,221.7,61.1,4,1
2362.06,102.5,377.1,49.3,4,1
1554.95,97.5,161.8,57.5,5,2
3215.68,205.7,358.0,106.8,5,2
3122.18,153.1,434.9,85.6,5,1
4801.18,201.3,752.4,109.6,5,2
2881.28,213.0,317.7,84.3,5,1
2145.06,160.5,234.6,62.7,4,1
2689.03,131.7,382.8,70.1,6,2
1228.32,108.8,97.6,44.8,4,1
2304.05,120.4,336.8,52.8,5,1
2896.36,161.4,389.5,77.0,4,1
2291.86,160.2,225.2,83.4,4,1
1623.37,120.2,175.9,48.8,4,1
4018.25,148.2,703.6,67.9,5,2
2865.8,135.8,400.3,80.1,6,2
1485.14,95.5,154.8,53.8,5,1
2775.36,104.5,467.2,54.3,4,1
3035.23,232.7,307.3,97.3,4,2
2735.93,196.4,294.8,85.6,4,1
1899.71,138.6,176.7,70.9,4,1
2338.69,177.9,243.7,72.5,5,1
3416.15,187.4,396.6,120.0,5,2
1880.32,112.3,254.5,45.9,4,1
1794.62,113.1,228.1,47.8,4,1
1746.55,108.9,195.7,58.7,5,1
3075.29,128.1,466.2,77.6,5,2
1896.7,144.2,204.1,55.9,4,1
2409.1,197.0,213.7,85.1,4,1
2751.95,95.9,474.2,52.4,6,2
2788.97,180.6,329.0,83.4,4,1
3053.5,141.2,469.2,68.0,5,1
2699.65,139.2,382.8,67.9,4,1
2760.34,123.9,398.0,74.8,5,2
3678.29,181.9,494.2,108.2,5,2
3231.78,120.8,529.8,69.9,5,2
2445.12,175.7,232.4,90.3,4,2
2180.13,115.8,299.7,57.6,5,1
2777.74,138.2,366.4,84.4,6,2
2219.26,205.0,144.6,91.2,4,1
1781.63,120.3,218.4,47.4,4,1
1668.84,122.1,183.4,49.6,4,1
2545.41,110.7,407.1,52.7,5,2
2729.43,173.5,285.7,99.2,5,1
2116.95,102.9,321.1,46.8,4,1
3564.92,218.1,454.3,97.3,4,1
2608.74,153.3,328.5,75.8,5,2
2006.48,110.8,280.2,49.2,4,1
2308.98,118.2,316.5,63.3,5,1
3157.72,190.2,399.1,89.0,5,1
1745.79,163.5,95.4,78.9,4,1
3277.5,180.2,448.6,84.7,5,1
2516.3,121.6,313.3,86.3,5,1
2776.55,110.7,440.1,63.7,5,2
1782.99,216.4,55.9,77.1,4,1
1963.41,117.6,264.8,48.2,4,1
2058.02,137.5,263.1,50.6,5,1
1519.73,133.4,126.8,53.2,4,1
2137.27,192.0,173.0,75.3,4,1
3431.26,221.4,420.2,96.1,4,1
2083.5,215.0,112.1,86.1,5,1
2707.46,165.0,349.0,72.4,5,1
1856.06,170.2,137.5,69.4,4,1
3997.18,190.0,575.4,104.0,5,1
2895.43,188.7,342.6,85.6,4,1
2394.82,117.4,308.4,76.8,5,2
1820.77,170.3,149.6,60.1,4,1
2432.82,108.9,397.2,45.4,4,1
1887.05,179.5,137.2,68.9,4,1
1975.22,167.0,148.3,79.4,4,1
3145.4,182.7,437.8,73.7,4,1
3002.8,217.3,305.2,101.4,4,1
2127.61,98.3,274.5,70.7,5,2
3371.95,240.9,394.6,92.2,4,1
1933.25,146.8,172.1,73.1,4,1
2540.35,223.8,195.2,96.1,4,1
1378.49,167.2,30.6,65.3,4,1
2397.08,174.1,235.6,84.3,4,1
2150.93,93.6,341.7,45.5,4,1
3684.92,175.4,489.7,113.8,6,1
1490.4,147.6,98.1,56.4,4,1
2631.67,152.7,371.3,59.5,5,1
2168.28,134.2,274.1,59.4,4,1
3858.96,218.4,544.5,89.7,5,1
2248.66,121.7,312.7,56.8,4,1
2373.16,114.1,331.2,65.8,6,2
2218.7,160.4,258.1,60.5,4,1
2353.57,123.3,311.1,68.5,4,1
2144.92,124.9,264.4,65.3,5,2
2099.47,100.5,313.2,49.4,4,1
1615.15,138.7,140.7,55.3,4,1
2103.47,222.4,133.0,75.8,4,1
2971.28,181.9,298.4,116.7,6,2
2395.57,140.6,323.2,60.0,4,1
3345.67,163.7,458.0,95.4,5,2
1503.82,116.1,154.9,46.7,4,1
2224.38,149.8,289.6,51.8,4,1
2989.01,208.9,331.6,91.9,4,1
2274.47,161.4,253.1,68.5,4,1
3875.06,196.2,555.8,96.3,4,1
3490.95,179.8,497.6,86.8,4,1
2886.02,178.8,267.9,122.1,6,2
3931.98,143.0,674.7,73.5,6,2
2914.21,99.5,492.6,60.6,6,2
3027.14,110.9,511.8,59.6,4,1
1813.34,175.6,87.1,84.7,4,1
1730.93,133.5,158.1,62.7,4,1
3080.62,220.9,322.1,101.0,4,1
3060.36,171.2,403.5,84.6,6,2
2156.97,129.8,253.5,69.3,5,2
3116.0,180.2,423.4,78.0,4,1
1490.63,170.6,66.7,60.1,4,1
2607.78,101.5,418.8,58.5,5,1
1524.07,142.0,121.0,52.5,4,1
1752.36,223.2,14.7,89.0,4,1
3468.87,111.2,613.3,63.4,6,1
3432.27,149.7,517.0,85.0,5,1
2699.77,192.2,309.9,76.8,4,1
2344.55,177.0,248.0,71.7,4,1
1637.23,122.1,172.9,50.8,5,1
1795.71,85.3,253.2,49.1,4,1
2294.62,184.1,231.7,70.1,4,1
2719.3,153.0,307.1,97.7,5,2
2757.93,235.1,266.2,83.6,4,1
2502.43,181.5,301.5,63.4,4,1
2290.9,128.0,291.4,68.1,4,1
2838.34,199.8,289.3,98.0,4,1
3079.36,92.0,562.9,51.1,6,2
3095.74,202.8,351.9,97.4,5,1
2293.59,201.9,196.1,78.0,4,1
2527.29,209.5,241.8,80.2,4,1
3153.42,196.5,346.0,109.3,5,2
2231.07,196.5,199.7,71.8,4,1
2956.34,113.2,508.5,52.2,6,1
1659.78,96.2,193.3,55.8,4,1
2339.33,100.5,375.9,48.2,4,1
2335.77,202.4,188.8,85.6,4,1
2483.73,112.5,371.8,60.7,5,2
1977.1,198.4,105.4,84.7,4,1
2946.56,119.1,479.6,61.3,6,2
1853.87,129.8,203.4,57.9,4,1
2938.47,159.4,381.3,86.2,4,1
3329.32,223.3,412.6,87.3,4,1
1820.15,128.3,208.7,52.4,4,1
3152.46,206.3,371.8,93.3,6,1
3229.88,216.7,392.8,88.0,4,1
2342.66,159.4,263.5,72.3,4,1
2564.96,106.4,432.9,45.3,4,1
2009.38,110.7,227.5,73.0,5,2
1426.7,114.6,142.6,44.2,4,1
3271.23,163.3,434.3,97.9,6,2
3287.41,246.3,343.1,103.3,4,1
2620.07,214.9,225.2,95.5,4,1
2329.23,97.2,344.1,62.6,5,2
3493.34,184.1,456.5,103.4,4,1
2322.53,153.2,252.6,77.7,4,2
1765.14,132.2,197.1,49.8,4,1
3360.8,159.5,504.2,78.5,5,1
2660.9,82.6,462.7,53.3,5,2
2283.43,175.5,232.2,72.5,4,1
2462.61,114.5,343.7,70.0,6,2
2413.55,181.7,251.4,75.7,4,1
2003.04,239.5,51.7,93.1,4,1
3449.76,182.3,506.2,77.3,5,1
2518.11,116.1,392.8,53.6,4,1
2703.47,159.6,380.2,60.4,5,1
2081.05,118.2,246.5,69.1,5,1
1816.84,126.5,216.1,49.6,5,1
2007.0,120.9,227.5,68.2,5,1
2870.62,155.4,342.4,97.7,5,2
2818.38,150.5,418.9,60.1,5,1
2842.7,170.0,354.7,82.7,4,1
3804.7,181.5,567.3,89.9,6,2
1669.67,125.5,179.9,49.8,4,1
4405.55,175.7,707.4,97.0,5,2
2848.27,148.7,374.5,83.9,5,2
1932.03,137.6,206.4,61.8,4,1
3435.52,131.3,545.9,80.7,6,2
2658.63,185.4,283.8,86.9,4,1
3051.21,180.2,397.7,82.2,5,2
2554.72,123.3,388.5,56.4,4,1
3575.44,194.2,510.1,84.2,5,1
4094.1,187.5,604.2,103.0,5,2
2786.49,127.9,417.3,67.3,5,1
2860.79,97.5,502.6,51.1,5,2
3040.01,129.5,487.8,63.4,5,1
3783.33,179.3,557.4,93.0,5,1
2363.84,148.0,300.8,63.2,4,1
3486.75,199.6,405.0,118.7,5,1
4000.67,183.2,612.5,90.9,4,1
2960.7,157.3,422.3,71.4,4,1
3009.53,117.8,511.0,54.9,4,1
2002.74,225.8,78.9,87.1,4,1
3078.45,172.9,367.7,101.8,5,2
2496.73,124.2,374.3,55.8,4,1
1959.51,145.5,200.2,64.1,4,1
2073.31,150.8,217.8,66.6,4,1
2139.26,152.0,224.2,70.5,4,1
2329.84,197.3,180.0,91.2,5,1
3268.29,170.1,460.4,82.9,6,2
3423.12,253.6,371.1,102.7,4,1
1394.25,118.8,104.0,55.9,4,1
3774.88,166.6,579.9,87.6,5,2
2832.12,118.2,442.9,65.3,5,2
2493.79,168.9,296.0,70.5,4,1
2687.95,151.0,370.2,67.0,5,2
2801.69,152.1,401.8,65.1,5,2
3173.5,213.9,349.1,102.4,4,1
3410.24,163.9,434.1,113.2,5,2
3482.55,172.1,516.4,81.0,6,2
2246.65,91.4,344.0,56.1,5,2
3925.36,218.3,541.0,98.7,4,1
2168.14,146.1,255.3,62.5,4,1
3058.77,227.2,316.3,98.3,4,1
2029.52,150.8,215.1,62.9,4,1
3330.99,178.3,462.3,85.4,5,1
3318.59,232.9,419.5,78.8,4,1
2512.15,142.1,361.4,55.4,4,1
4145.69,228.2,567.8,106.9,4,1
2495.31,138.7,284.8,89.1,5,2
3013.86,96.1,521.2,60.5,5,2
2734.56,139.8,351.0,85.7,5,2
2680.97,148.2,374.8,65.4,5,1
2464.42,129.8,351.0,60.1,4,1
1196.59,132.0,48.2,52.9,4,1
3292.59,172.7,451.1,88.6,5,2
3029.28,212.2,349.5,86.9,4,1
2033.45,116.9,239.6,67.5,4,1
3182.44,209.9,313.0,121.2,5,2
3510.78,180.9,509.7,83.1,5,1
2198.33,174.9,210.2,73.1,4,1
1553.89,144.3,110.5,59.4,4,1
1806.75,218.5,48.1,82.3,4,1
1500.01,154.0,60.2,71.4,4,1
2565.52,179.9,251.5,93.3,4,1
3137.85,191.1,397.5,87.1,4,1
2236.88,103.9,287.0,74.8,6,2
2609.43,169.3,275.4,92.3,5,1
2545.99,97.8,432.7,47.1,4,1
2814.93,168.3,352.9,81.1,4,1
3281.85,193.9,427.8,88.3,5,1
3412.34,143.4,514.1,86.9,5,2
3619.5,194.3,428.5,125.4,5,2
2770.89,234.2,267.8,84.8,4,1
1450.92,158.6,77.1,56.4,4,1
3053.07,136.8,485.9,62.5,4,1
2949.78,115.2,507.1,51.2,5,1
3045.24,136.9,482.1,63.2,5,2
3073.38,148.7,454.0,73.6,5,2
2316.18,158.9,288.2,58.6,4,1
2153.1,166.9,214.6,69.7,4,1
2453.23,168.5,313.1,58.5,4,1
1542.12,122.2,142.3,53.8,4,1
3331.34,163.0,490.2,79.9,4,1
2511.18,112.9,369.5,64.6,6,1
3721.9,146.2,579.1,91.2,5,2
2174.11,120.6,292.8,57.8,5,2
2641.65,122.6,386.1,67.4,5,2
1777.65,140.1,180.8,54.9,4,1
3530.07,194.6,450.2,105.7,5,1
2276.41,133.8,307.1,57.0,5,2
1657.35,121.3,185.1,48.0,4,1
3178.53,214.4,360.7,97.6,5,2
2032.26,139.7,181.5,83.1,5,1
3579.17,132.1,552.9,93.3,5,2
2401.96,150.6,282.5,74.4,5,1
1321.76,142.9,54.3,59.2,4,1
3334.02,203.9,397.5,103.2,4,1
3385.86,152.9,487.2,91.7,6,1
3575.96,157.9,558.7,78.8,5,1
1975.57,126.7,255.8,49.5,5,2
2098.09,175.7,190.7,70.3,4,1
1785.74,92.9,226.0,56.7,5,2
2252.28,216.8,145.1,89.4,4,1
2169.28,162.2,203.1,78.7,4,1
1307.52,119.4,100.3,47.6,4,1
1579.58,175.2,56.4,72.6,4,1
2589.23,205.9,275.4,73.8,4,1
1942.62,137.8,222.8,55.6,5,1
2322.7,114.9,339.2,56.3,6,2
3565.02,180.7,520.0,84.7,5,1
2407.65,155.8,261.7,82.0,5,2
3371.8,137.6,541.4,72.8,5,2
2673.36,133.1,363.6,76.3,4,1
2818.58,165.4,324.1,95.6,6,2
2702.4,134.5,388.9,67.7,6,2
3070.66,150.2,416.4,89.4,5,2
2448.79,166.5,289.5,69.4,4,1
3265.61,183.4,432.8,89.0,4,1
2238.0,227.4,121.0,93.8,4,1
2446.63,179.2,239.2,85.9,4,1
4393.92,154.1,747.2,87.7,5,2
2853.6,201.4,321.9,84.5,4,1
2945.08,160.1,405.4,75.9,4,1
2219.46,115.9,282.5,69.6,5,2
3129.53,159.4,468.1,68.8,5,2
2644.25,105.7,386.9,74.8,5,2
3382.83,177.5,498.0,75.6,4,1
3463.44,147.6,530.5,83.5,5,2
1334.58,131.3,85.0,52.2,4,1
2381.09,118.6,330.9,64.8,5,1
2339.34,101.6,358.6,55.4,5,1
2431.36,145.5,324.9,61.1,4,1
1600.16,149.2,111.2,62.0,4,1
2438.61,139.2,325.3,64.5,4,1
2244.19,193.6,196.2,76.1,4,1
1747.31,115.5,201.9,53.1,4,1
1832.34,83.5,274.7,44.4,4,1
2519.8,235.2,198.8,87.1,4,1
1965.86,136.6,182.3,76.7,4,1
2922.37,135.8,411.1,81.6,5,2
3204.66,191.7,405.0,90.9,5,1
2037.04,165.9,171.9,76.2,4,1
2862.37,176.1,301.5,105.7,6,1
3031.12,143.3,432.3,81.0,5,2
2816.78,229.1,278.5,87.3,5,1
3372.56,175.8,463.7,90.5,4,2
2452.59,127.9,321.5,72.8,5,2
2473.89,235.3,174.0,93.0,4,1
1827.63,141.1,191.5,55.3,4,2
1873.02,178.4,109.1,80.3,4,1
1829.65,127.6,198.3,58.4,4,1
2926.21,192.7,338.5,89.0,4,1
2492.82,121.3,389.7,49.9,5,2
2817.69,126.7,390.5,83.2,5,2
1993.16,90.6,269.8,61.3,6,2
2131.78,129.5,233.4,75.6,4,1
3630.99,187.2,515.5,91.1,4,1
3228.78,171.7,405.1,102.4,5,2
3465.19,126.9,583.5,69.3,6,2
3099.66,134.6,486.4,68.4,5,1
2897.14,156.3,362.1,91.5,5,2
2205.33,116.9,301.0,59.3,5,1
1953.18,101.6,280.1,47.4,4,1
2346.17,227.3,143.7,95.8,4,1
2218.2,208.4,146.6,88.7,4,2
3606.78,175.4,519.4,91.9,4,1
3715.72,177.8,566.2,82.2,5,1
2116.26,154.8,254.9,53.1,4,1
2513.2,106.9,383.3,61.4,5,2
1834.53,189.4,125.4,63.9,4,1
1556.16,121.5,152.2,51.2,4,1
3797.98,193.6,555.1,89.3,4,1
2352.16,204.9,171.9,93.9,4,1
1920.96,209.3,81.5,84.2,4,1
3257.49,190.7,411.3,94.4,6,2
1817.72,110.9,235.5,48.0,4,1
1758.89,158.9,153.9,56.4,4,1
2305.98,145.5,310.3,53.6,4,1
3181.55,143.6,498.2,68.2,5,1
1946.08,131.2,243.6,49.6,4,1
4202.86,205.0,614.7,102.7,4,1
2299.76,165.8,275.2,59.5,4,1
1883.75,160.3,171.1,62.0,4,1
2957.87,184.4,354.1,89.3,4,1
2833.45,125.3,448.5,59.8,5,2
1867.89,113.6,219.4,59.6,5,1
3129.35,94.7,545.2,63.3,5,2
2643.45,118.7,413.7,57.1,5,2
3330.49,182.6,386.0,117.3,5,2
2582.7,96.9,415.5,59.2,5,2
2886.27,214.4,296.0,93.9,4,1
2184.6,121.2,297.6,56.6,5,1
1531.44,161.6,87.7,59.4,4,1
2488.87,111.1,376.4,59.9,5,1
2576.31,123.7,408.1,49.9,4,1
3690.85,149.3,620.9,67.8,6,1
3101.69,137.2,463.9,77.5,6,2
2424.84,161.6,240.2,90.8,5,2
3073.58,164.4,434.7,75.2,4,1
3292.71,188.6,448.1,82.9,4,1
2360.01,130.5,298.2,71.7,5,2
2529.51,142.1,314.3,78.2,5,2
3929.19,208.5,505.4,119.3,5,2
3048.44,158.0,441.2,72.4,4,1
3024.65,147.2,389.5,97.5,5,1
2012.39,145.1,234.6,54.8,4,1
2340.04,168.8,247.6,75.0,4,1
2282.84,167.9,241.8,71.6,4,1
1877.82,105.6,260.5,45.9,4,1
4422.52,211.1,681.3,94.7,5,2
2285.17,101.7,353.5,51.6,5,1
3160.45,175.7,427.1,83.3,5,2
2964.7,116.1,490.4,59.8,6,2
2662.21,162.3,316.0,83.2,5,2
2464.48,159.5,308.0,66.1,4,1
2424.84,189.8,242.9,77.1,4,1
2630.1,173.4,289.6,86.4,5,2
3336.16,215.1,364.5,113.1,6,2
2240.95,154.5,261.4,64.1,4,1
1542.72,149.4,122.9,50.4,4,1
2330.39,90.1,385.6,47.5,5,1
4100.67,187.3,608.4,102.0,5,1
3392.13,175.1,433.6,106.4,5,2
2368.05,170.1,223.7,88.1,5,1
3352.07,142.8,549.5,64.7,4,1
2898.93,103.7,476.7,64.2,5,1
3223.74,122.5,546.7,60.8,6,1
3254.56,228.7,377.8,92.1,4,1
2601.96,133.2,378.2,61.8,5,2
2473.94,203.1,210.2,91.2,4,1
1759.64,103.4,222.4,50.7,4,1
3950.49,182.7,540.7,117.4,5,2
3060.6,156.0,425.8,81.5,4,1
1942.03,102.1,263.7,53.2,4,1
2665.19,126.4,381.6,70.3,4,1
1429.35,153.0,76.1,57.0,4,1
2640.84,82.8,449.4,56.9,5,2
2489.47,102.8,377.0,63.4,5,2
2553.15,94.2,427.7,51.7,5,2
2810.41,176.1,298.4,101.4,6,1
4089.22,173.2,611.0,105.8,6,2
2953.21,129.5,448.8,71.1,5,1
2239.54,219.0,100.0,107.1,4,1
4523.58,186.3,726.3,97.0,5,1
1656.63,107.1,203.8,45.9,4,1
1744.92,84.8,251.0,44.7,5,2
3678.61,187.2,575.6,69.7,5,1
1641.23,148.5,138.3,54.9,4,1
2615.18,151.1,306.1,87.4,4,2
2630.62,149.8,358.3,66.5,5,2
2231.57,202.3,167.6,83.6,4,1
1563.8,126.5,154.8,48.7,4,1
1854.79,153.8,159.9,66.7,4,1
3421.57,181.1,505.3,75.1,4,1
3344.22,176.9,503.4,69.3,4,1
1501.58,113.0,159.7,45.6,4,1
1717.71,125.5,197.0,47.5,4,1
1529.21,167.8,63.5,67.1,4,1
2884.16,175.2,350.6,86.8,4,2
3512.62,124.3,596.0,70.1,5,2
3801.43,224.5,519.1,91.9,5,1
2614.97,125.2,413.9,51.0,4,1
3652.68,154.4,581.0,79.0,4,1
3101.34,133.4,449.7,85.4,5,2
2945.79,177.1,346.6,94.5,5,2
3922.22,211.9,562.0,91.9,6,1
3635.86,138.6,606.8,72.7,6,2
3045.2,184.8,393.6,81.3,4,1
2765.35,112.7,458.4,53.4,5,2
1989.61,129.9,246.2,53.9,4,1
3485.29,133.1,602.0,60.5,6,2
1726.55,161.9,122.4,65.5,4,1
1277.42,105.0,117.1,43.2,4,1
3620.23,155.5,572.4,78.7,4,1
3169.51,229.1,330.5,103.4,4,1
2235.63,191.4,194.2,77.1,4,1
2134.27,123.8,293.2,51.8,5,1
1561.73,121.2,139.6,57.6,4,1
1923.25,184.6,109.5,83.0,4,1
1803.45,200.8,62.8,83.2,4,1
2323.14,121.6,303.1,69.4,5,1
1772.91,117.0,233.4,41.3,4,1
2597.38,174.6,306.3,74.9,4,1
2196.0,110.0,310.5,57.1,4,1
3073.03,128.1,442.5,87.8,5,2
2380.32,229.6,156.1,93.0,4,1
3043.87,225.2,308.5,101.0,4,1
2940.52,120.0,450.9,73.0,5,2
2189.52,115.4,303.0,57.3,5,1
2742.65,105.3,458.8,54.0,4,1
1343.43,122.9,104.6,48.1,4,1
3414.4,201.5,440.5,94.0,5,1
2780.72,168.7,285.8,107.0,5,2
2344.44,216.4,147.4,98.8,4,1
2504.46,241.1,159.3,100.3,4,1
2629.74,127.6,379.6,66.8,6,2
2946.65,179.1,373.6,81.8,6,2
2290.88,100.5,327.1,64.5,5,2
2130.94,238.4,72.3,98.7,4,1
3573.94,154.5,574.5,73.1,5,2
2710.71,93.8,440.1,63.9,5,2
1665.7,107.6,205.8,45.8,4,1
3241.04,209.6,405.8,86.6,4,1
2636.33,212.8,256.9,84.2,4,1
2887.67,103.7,498.2,53.3,5,1
2003.06,117.0,264.2,53.1,6,1
3465.35,187.9,452.4,100.4,4,1
2517.47,242.4,189.3,87.9,4,1
2229.43,246.1,99.6,94.1,4,1
2279.16,185.4,226.4,70.2,4,1
3847.04,179.0,576.0,91.9,6,1
2966.04,128.6,477.8,60.0,4,2
2562.68,166.9,285.5,83.7,4,1
2456.36,141.3,331.1,63.0,4,1
3354.77,149.0,510.1,79.8,5,1
2940.85,117.6,493.4,55.2,5,2
2476.23,108.5,388.3,54.3,4,1
3619.5,226.5,480.5,88.0,5,1
3587.99,156.0,556.3,82.1,5,2
3496.53,131.2,599.2,63.9,4,1
1503.46,148.9,107.5,53.1,4,1
1841.37,146.1,163.2,67.1,4,1
2702.72,147.9,344.6,81.4,5,1
3625.86,171.6,499.2,104.7,5,2
3344.38,147.2,516.4,76.7,6,2
3310.09,180.9,398.4,110.3,5,2
1667.96,162.3,123.6,58.3,4,1
2701.1,168.4,308.0,88.4,5,2
2675.73,210.7,282.7,78.0,4,1
2752.75,181.3,299.1,92.4,4,1
4394.9,183.9,680.2,104.3,5,1
1988.22,169.8,165.0,72.1,4,1
2871.51,133.1,406.1,79.4,6,2
1846.21,171.3,131.0,70.8,4,1
3239.51,124.2,546.1,62.1,5,2
2443.09,158.5,258.4,86.1,4,2
2925.4,230.4,287.7,94.8,4,1
1525.54,131.6,104.9,64.4,4,1
3135.24,186.1,395.3,89.9,5,1
3472.38,191.6,500.9,78.1,4,1
3273.74,175.4,424.5,97.1,6,2
2316.16,115.2,329.9,59.5,6,2
4016.32,137.1,692.0,77.7,5,2
2571.78,178.9,271.1,85.7,4,1
3176.9,123.1,523.1,65.8,5,2
1758.65,106.5,215.3,52.4,4,1
3277.33,175.6,472.7,76.0,5,1
2247.12,87.8,365.0,48.4,4,1
2633.47,131.2,399.6,56.7,5,2
2382.82,189.6,241.9,73.0,4,1
1161.68,116.7,71.2,45.6,4,1
1790.44,137.9,158.4,67.2,4,1
1929.67,88.9,293.2,44.6,6,2
2272.25,251.2,119.2,87.9,4,1
2212.01,135.1,277.7,62.3,4,1
2401.81,142.4,326.9,58.3,4,1
2065.65,92.7,289.3,59.7,5,2
3493.93,170.2,526.7,78.5,4,1
3214.58,188.7,411.4,90.5,4,1
3694.45,179.4,594.5,66.6,4,1
3526.57,183.8,483.0,95.5,4,1
2006.71,156.2,214.9,58.0,4,1
2910.69,142.1,395.7,84.4,5,2
2927.24,123.9,489.5,52.6,5,2
1545.6,167.9,60.1,70.4,4,1
3811.47,146.2,616.5,84.5,6,2
1281.51,124.8,78.6,52.0,4,1
1533.05,100.7,187.9,42.1,4,1
2771.69,148.5,378.1,73.9,4,1
1945.04,156.5,187.7,63.1,4,1
2500.39,119.8,371.6,59.4,5,2
2934.9,190.3,270.1,121.4,5,2
2591.06,125.6,335.4,83.0,6,2
1950.67,99.9,281.1,47.4,4,2
2564.73,170.6,271.6,88.4,5,1
3373.43,143.1,560.6,62.1,5,2
1792.36,115.9,198.1,59.6,4,1
3267.57,134.3,545.0,61.1,5,2
3545.18,174.6,532.6,79.6,4,1
2571.16,134.7,325.2,81.3,6,2
1868.06,121.2,242.6,45.9,4,1
3803.19,192.7,518.4,106.5,5,1
1865.81,96.0,234.8,60.3,5,2
2057.62,108.5,303.2,45.7,5,2
2360.92,91.1,388.5,49.2,5,2
2232.76,162.1,222.2,77.3,4,1
3589.37,222.7,433.4,107.2,4,1
4309.22,167.8,724.9,82.0,5,2
2143.62,141.5,239.2,69.0,4,1
2460.53,216.0,182.0,96.5,4,1
2434.78,192.9,262.2,68.3,4,1
2162.73,185.7,165.7,84.1,5,2
2138.69,175.0,196.2,72.7,4,1
3787.39,166.7,612.4,74.6,5,2
2481.16,128.4,296.7,86.7,5,2
2104.71,99.4,280.4,65.0,5,2
2805.32,143.6,341.1,96.3,5,2
3142.85,208.6,364.5,94.5,4,1
2216.81,127.1,239.7,83.3,6,2
2809.45,142.2,384.4,78.1,4,1
1757.78,107.3,232.9,44.1,4,1
4105.96,193.4,631.7,89.5,4,1
4015.05,187.3,644.8,76.3,4,1
2259.92,86.9,358.4,53.2,5,2
1607.52,151.8,100.4,66.5,4,1
3605.45,141.2,566.2,86.2,5,2
3665.84,158.9,542.5,95.6,5,2
3282.77,156.6,477.4,83.0,5,1
3540.49,198.7,487.2,88.5,5,2
2015.12,113.5,267.8,54.4,4,1
3590.05,157.7,580.9,70.6,4,1
2750.97,126.9,408.7,67.6,5,2
2300.14,146.8,301.4,56.4,4,1
4541.55,195.5,676.9,116.9,5,2
3656.89,145.4,599.7,75.2,4,1
3360.23,192.0,400.1,110.2,5,2
2640.43,90.5,468.7,44.8,6,1
2770.05,160.1,386.5,64.8,4,1
2382.92,160.4,291.1,64.1,4,1
2067.3,190.2,94.7,103.1,4,1
1746.79,111.6,215.3,48.8,4,1
3640.64,136.7,612.7,71.5,5,2
2840.14,109.6,485.0,51.3,5,2
3616.57,167.9,544.9,85.0,5,2
3409.98,153.0,498.8,89.2,5,1
3617.75,200.7,496.8,92.0,5,2
1918.75,125.2,253.8,44.8,4,1
2697.5,156.1,342.7,78.0,4,1
3672.65,184.4,512.4,98.4,4,1
2642.75,158.5,357.8,64.1,4,1
3529.73,121.6,594.5,73.9,5,2
3229.06,114.0,569.1,55.2,5,2
2683.22,93.7,452.9,55.2,4,2
2025.49,175.2,167.2,72.9,4,1
2535.77,125.9,378.4,57.6,5,1
1834.85,125.2,221.8,49.6,4,1
3066.39,170.8,446.8,66.2,4,1
2818.74,123.9,436.2,64.3,5,1
2411.31,108.7,333.0,71.6,6,2
2512.92,213.5,219.4,86.8,4,1
3722.65,199.7,539.1,85.3,4,1
2736.0,160.1,360.4,72.7,4,1
2668.0,147.1,301.3,97.2,5,2
3048.98,176.0,359.7,100.7,5,1
2380.32,174.2,251.0,75.5,4,1
3576.15,170.1,538.2,82.5,5,2
3780.38,135.1,613.7,87.3,5,2
2602.55,145.7,347.4,70.0,4,1
3050.6,176.7,346.1,106.6,5,2
3211.31,140.4,471.3,85.0,5,1
1716.73,172.6,100.7,69.3,4,1
3825.01,170.5,566.8,97.3,5,1
2687.94,100.2,448.2,54.9,6,2
2908.56,154.4,427.6,64.5,5,2
1405.97,151.6,55.6,64.1,4,1
3823.56,194.7,505.5,113.6,5,2
2811.73,143.1,392.3,74.5,5,1
1723.74,93.6,236.7,44.7,5,1
1723.8,183.0,103.1,64.4,4,1
2859.81,199.0,320.2,87.0,5,1
3257.71,210.9,375.1,101.5,4,1
2851.39,96.1,469.6,65.4,5,2
3497.52,181.0,521.0,76.6,5,2
3954.45,191.8,603.6,85.8,5,1
3933.95,176.7,569.4,105.5,5,1
1689.84,183.3,75.7,72.6,4,1
3011.4,192.0,391.5,75.3,4,1
2540.26,135.0,323.5,78.5,6,2
2693.29,143.4,325.1,91.1,6,1
2692.99,153.8,355.5,72.8,4,1
2036.24,171.3,153.9,81.7,4,1
3918.42,185.0,551.3,108.1,6,2
1868.18,97.3,261.4,48.1,4,1
3558.61,170.1,537.9,80.8,6,2
2429.3,168.6,177.2,116.2,6,2
2843.17,176.5,375.7,70.5,4,1
2345.55,151.2,306.0,57.4,4,1
2893.69,157.7,400.6,73.4,4,2
3369.67,195.1,425.9,98.4,5,2
2566.06,206.8,271.6,72.5,4,1
2733.42,177.4,324.0,80.9,4,1
1611.38,135.5,145.9,54.0,4,1
3136.16,148.0,475.7,71.3,5,2
2278.32,127.5,291.7,66.8,4,1
2047.58,111.9,271.5,57.1,4,1
2933.94,96.9,506.6,57.8,5,2
2770.28,217.1,252.2,99.2,5,1
2712.01,139.9,361.0,78.7,4,1
2642.7,123.7,385.8,67.2,4,1
2369.08,136.3,301.7,68.6,5,2
2351.44,112.1,347.2,57.1,4,1
2256.87,184.3,223.1,69.7,4,1
2274.92,183.5,177.3,92.4,4,1
2286.81,114.8,321.8,60.0,5,2
2488.53,138.0,305.5,79.4,5,1
2611.63,142.4,337.1,77.1,5,1
4824.95,201.0,813.7,85.1,6,2
4392.57,170.1,707.6,98.0,4,1
2589.58,137.4,360.4,66.5,4,1
2000.08,188.7,116.3,86.7,4,1
1937.67,135.0,231.0,52.6,4,1
1263.36,120.5,86.4,48.4,4,1
1885.5,123.6,218.7,57.4,5,2
2769.34,186.5,285.5,97.9,5,1
2284.81,227.3,148.4,86.9,4,1
3702.45,172.9,518.0,104.3,6,2
5020.23,192.9,826.7,104.7,5,2
2371.81,210.5,194.7,83.4,4,1
2171.17,130.7,274.5,61.2,4,1
2289.24,184.9,206.8,80.3,4,1
2553.0,181.8,284.2,76.5,4,1
2096.22,217.5,98.0,92.7,4,1
1923.96,148.2,207.8,55.5,4,1
3490.21,205.9,470.8,87.1,4,1
3720.71,223.9,475.8,102.4,4,1
2190.82,106.2,302.9,61.6,4,1
3090.33,133.5,504.7,59.7,6,1
3357.08,171.8,459.6,92.4,5,1
3168.0,258.0,313.8,97.8,4,1
3093.23,113.7,528.8,58.1,6,2
2400.61,215.8,181.9,90.0,4,1
2321.18,136.9,258.7,82.1,5,1
4177.21,177.4,632.8,104.1,4,1
3025.59,142.0,436.1,79.2,5,2
3620.31,178.3,522.5,90.8,5,2
2028.33,202.8,137.0,74.4,4,1
1953.74,128.4,260.3,44.3,4,1
2038.7,153.8,217.9,61.3,4,1
1856.62,110.3,247.4,47.3,4,1
2942.61,96.2,530.7,48.4,5,2
2356.89,95.9,358.4,59.9,5,2
1864.35,109.3,242.7,50.7,4,2
3493.09,206.0,463.1,90.7,4,1
2493.12,88.1,421.9,50.3,5,1
2049.38,160.0,200.6,67.4,4,1
2083.51,225.4,100.6,86.6,4,1
3929.49,159.4,623.8,88.5,5,2
3704.51,139.8,631.3,68.9,5,2
3816.74,186.8,564.4,90.2,5,2
2624.42,195.7,295.0,73.5,4,1
2697.04,153.7,346.8,77.2,4,1
1681.89,96.8,211.8,49.7,4,1
3579.0,148.6,578.6,74.5,5,2
2847.16,167.6,276.6,118.9,5,2
2573.16,117.3,401.0,55.5,4,1
3660.09,199.5,510.0,91.3,4,2
2507.62,197.3,237.5,85.4,4,1
2297.02,148.3,280.4,64.7,4,1
3115.37,162.0,423.2,86.1,4,1
2050.77,129.3,262.5,53.7,4,1
3531.24,205.8,403.1,121.8,6,2
2315.08,145.5,293.0,62.3,5,1
2127.02,139.1,237.4,69.0,4,1
2955.72,103.0,521.5,50.9,5,2
3973.28,174.0,594.7,99.8,5,2
2361.54,217.7,183.1,84.2,4,1
2396.62,119.2,346.8,59.2,4,1
1867.81,137.1,206.5,54.8,5,1
2678.58,176.8,305.0,83.5,4,1
3796.89,187.3,557.1,91.0,5,1
2286.4,145.9,274.4,67.2,5,1
2740.76,185.1,297.1,90.2,5,2
2587.79,189.8,290.9,73.9,4,1
2188.01,160.9,212.3,77.3,4,1
2677.35,224.2,256.4,83.9,4,1
3603.06,209.8,504.3,83.0,5,1
2593.99,101.9,413.8,59.0,6,2
3035.39,108.5,513.4,60.8,5,2
2924.46,164.4,351.4,95.7,5,1
3680.21,159.6,598.6,72.0,5,1
3260.04,225.5,353.6,104.9,5,1
1679.48,158.9,116.8,64.1,4,1
1781.85,191.4,69.0,82.3,4,1
2179.49,154.7,247.5,63.4,4,1
3443.6,242.5,385.7,103.4,4,1
4092.6,148.3,669.9,91.1,6,2
2018.25,124.8,269.5,49.0,4,2
1386.48,136.6,86.0,55.1,4,1
2710.46,124.6,377.2,78.1,5,1
1335.1,119.4,108.5,47.1,4,1
1890.81,105.6,260.2,47.5,4,1
3396.5,153.0,446.8,110.8,5,1
2943.69,139.0,453.4,63.8,5,2
3129.37,220.2,387.3,77.7,4,1
2193.33,121.6,304.4,54.4,4,1
2489.48,157.9,303.7,71.5,5,2
1808.02,151.2,138.2,72.3,4,1
1952.93,155.8,196.1,60.6,4,1
1482.34,136.3,98.5,60.4,4,1
2174.85,113.4,315.2,51.2,4,1
3274.02,125.3,518.3,77.7,5,2
2721.77,135.2,403.6,62.9,4,1
4710.08,176.3,801.8,88.6,5,2
3876.08,171.7,582.9,95.3,5,2
4130.63,147.2,661.2,99.6,5,2
2748.7,109.2,431.5,65.1,6,2
2273.17,114.3,318.0,60.5,6,1
2067.34,184.0,165.7,74.3,4,1
2487.54,115.0,397.7,48.5,4,1
3958.48,192.0,588.1,93.1,6,2
2131.27,122.8,292.3,52.3,5,1
2933.28,199.4,345.5,83.7,4,1
1771.2,131.6,168.4,63.5,4,2
1812.05,122.5,214.8,51.4,5,1
3552.04,201.5,418.2,119.3,5,2
1938.91,188.5,145.2,67.2,4,1
1884.64,90.0,247.2,59.5,6,2
2888.52,140.9,391.1,84.5,5,2
3484.11,173.1,448.9,110.7,5,2
2556.0,128.9,352.1,70.2,6,2
2743.03,118.9,429.0,61.3,6,2
4260.19,185.5,697.5,80.9,5,2
2924.85,139.0,417.1,77.9,5,2
3193.63,168.2,406.3,99.5,4,1
3123.52,162.0,437.2,80.8,6,2
1360.17,153.3,45.2,62.9,4,1
2970.83,157.7,420.2,73.2,5,2
1655.78,183.6,53.6,78.6,4,1
3094.36,218.8,368.2,82.9,4,1
2189.2,113.6,289.9,63.9,5,2
3372.1,177.5,437.0,101.6,5,1
3167.88,157.5,443.8,84.7,6,2
3476.01,191.0,405.0,121.3,5,2
2826.96,170.9,370.0,73.7,5,2
3999.71,163.0,656.0,80.4,5,2
1985.51,164.4,176.3,69.2,4,1
3009.77,118.6,486.2,65.6,5,2
2700.66,100.8,456.4,52.4,5,2
2806.07,172.1,306.1,99.3,5,2
2380.18,203.9,196.6,86.4,4,1
3417.05,177.4,491.2,82.5,4,2
3486.4,227.7,437.4,91.8,4,1
3560.02,179.4,521.0,84.3,5,1
3149.12,210.2,393.1,81.7,4,1
2735.78,239.9,238.0,91.6,4,1
2941.64,180.1,349.9,91.3,5,2
4230.1,208.0,621.1,101.5,5,1
3372.65,134.5,532.6,78.2,6,2
2075.45,149.6,215.8,68.2,5,1
2282.45,133.5,294.3,63.5,4,1
2510.38,99.1,400.4,57.0,5,1
1892.13,99.9,241.8,58.4,6,1
2807.46,221.1,304.6,78.3,4,1
1552.96,172.6,32.0,81.6,4,1
2622.99,123.1,399.4,59.2,4,1
3820.88,210.2,503.3,107.4,6,2
2878.13,96.2,507.8,51.3,5,1
3249.97,196.0,412.3,90.7,5,1
2017.04,120.2,276.1,48.0,4,1
4147.65,166.2,664.0,91.9,6,2
2281.86,188.5,213.2,75.0,4,1
1531.48,129.5,141.4,49.7,4,1
1489.91,159.8,78.4,59.7,4,1
2726.2,184.0,277.1,98.0,5,2
2832.39,161.0,395.8,67.2,4,1
2906.19,156.7,403.4,74.0,5,2
2655.82,177.0,305.8,80.5,4,1
1732.64,172.3,107.3,68.2,4,1
2150.88,237.7,87.9,94.3,4,1
2012.21,153.1,194.3,69.2,4,1
2934.41,134.3,420.2,79.6,5,1
1861.72,147.6,168.5,66.4,4,1
1350.3,135.5,75.6,56.2,4,1
2769.97,181.4,359.0,67.6,4,1
1597.39,102.6,197.8,44.0,5,2
2801.74,231.2,247.8,98.4,4,1
2975.83,251.9,298.2,86.2,4,1
3316.31,152.1,475.3,89.6,6,2
2795.25,153.9,379.1,73.7,5,2
2753.5,107.1,416.2,73.4,6,2
3050.35,229.2,303.8,102.0,4,1
2259.28,105.5,327.1,58.7,5,2
1799.26,160.8,128.5,71.3,4,1
2400.01,184.9,268.0,65.4,4,1
1630.58,98.8,212.0,43.0,5,1
2694.99,144.4,367.7,71.8,5,1
3296.83,182.6,446.9,86.5,5,2
1919.52,151.3,200.9,56.8,4,1
2837.62,132.5,435.9,62.6,4,1
2767.14,92.2,470.5,57.4,5,2
2591.22,211.3,232.3,90.7,4,1
4122.68,171.4,624.8,104.2,5,2
3102.93,177.2,396.0,90.0,6,2
1999.78,126.1,262.7,49.4,4,1
2499.75,146.6,319.9,70.4,5,1
1535.99,122.8,141.6,53.1,4,1
3112.2,116.5,530.7,58.2,4,1
2702.56,92.5,465.2,52.4,5,1
3104.07,161.9,458.0,69.4,5,2
2842.44,92.7,492.4,55.8,5,2
3782.4,191.6,554.4,88.7,5,2
3445.6,182.2,464.3,95.5,5,2
2555.46,102.5,391.5,64.4,5,2
3852.69,185.3,589.5,83.7,5,2
2344.03,123.1,342.5,53.5,4,1
3399.08,220.7,405.6,99.3,4,2
1792.76,165.0,139.9,63.7,4,1
2782.53,146.6,312.8,105.0,6,2
2717.84,102.9,454.7,54.1,4,1
3459.16,176.0,524.5,73.0,4,1
2802.9,179.8,321.2,88.8,4,1
3098.44,243.8,332.0,88.4,4,1
2313.5,131.4,250.0,87.6,6,1
2349.95,112.8,322.1,67.8,5,1
2308.9,255.4,87.5,104.2,4,1
3326.26,224.3,406.1,89.4,4,1
1473.3,101.7,157.9,48.3,5,1
2318.41,138.7,295.4,64.7,5,1
2050.59,171.7,159.7,80.6,4,1
1866.25,99.2,239.5,56.8,5,1
3123.32,152.9,454.5,77.1,4,1
2890.33,173.1,380.7,75.0,5,1
1348.84,120.3,118.5,43.7,4,1
1917.9,152.9,170.4,69.4,5,1
4053.26,164.8,610.1,106.0,6,2
2000.32,132.3,253.0,51.0,4,1
1890.84,86.7,283.8,45.4,5,1
1330.88,157.9,53.8,53.8,4,1
2880.95,121.5,422.1,78.5,5,1
1566.5,132.1,132.3,56.5,4,1
2706.46,110.6,437.5,57.1,5,2
3546.14,170.2,526.6,84.3,6,1
2664.95,139.5,373.0,68.3,5,2
1673.63,161.6,98.8,70.2,4,1
2819.82,161.3,349.0,86.5,5,1
1820.03,149.7,156.0,66.3,4,1
1670.7,148.5,132.3,60.8,4,1
2783.34,188.4,341.9,73.6,5,1
2244.14,153.4,273.4,59.7,4,1
2977.77,197.3,365.2,80.8,5,1
3540.89,117.9,621.7,64.8,6,2
3141.73,187.9,397.5,88.9,6,2
3735.31,173.4,568.7,85.2,5,2
2293.26,98.6,374.7,44.4,5,2
2649.8,201.1,274.9,82.8,4,1
2860.19,137.4,451.9,55.9,4,1
1809.16,174.7,119.6,70.2,4,1
2153.26,193.1,136.4,92.8,4,1
1658.25,194.3,48.9,76.2,4,1
1731.67,132.4,175.5,55.6,4,1
1957.46,120.6,257.2,49.6,4,1
2847.96,158.9,373.7,79.7,5,1
2864.58,203.2,324.1,83.9,4,1
3786.93,164.6,520.6,116.2,5,2
3098.26,151.1,397.8,100.3,5,2
3236.08,174.7,475.1,70.8,4,1
4282.91,199.6,614.3,114.2,5,2
2009.53,182.6,180.0,62.1,4,1
2904.17,150.8,371.5,90.6,6,2
3843.18,183.7,547.9,101.8,5,1
2625.84,115.8,387.5,68.1,5,2
2314.77,89.6,361.4,56.8,6,2
1986.16,121.9,262.1,50.0,4,2
3026.81,186.9,309.6,115.6,6,1
3017.9,101.8,544.0,48.3,5,2
2172.8,119.9,293.1,57.8,5,2
2597.14,148.4,358.2,63.4,4,1
2546.14,121.7,370.7,64.1,6,2
1742.52,111.3,199.1,55.7,5,1
3686.31,170.6,555.5,86.9,5,2
1956.9,217.6,64.3,92.1,4,1
3205.13,224.2,387.0,84.5,4,1
3966.52,169.1,623.8,88.3,5,2
2041.02,139.0,254.0,52.1,4,1
2558.83,151.6,300.5,83.4,6,2
3464.5,208.4,424.1,103.9,4,1
2177.96,112.2,300.8,58.4,4,1
3528.69,139.6,593.9,66.1,5,2
2516.07,231.7,200.0,87.7,4,1
1845.69,161.6,140.6,70.8,4,1
3071.36,161.4,395.8,93.6,5,1
3294.68,168.8,466.5,83.7,5,1
1843.43,88.9,270.9,44.9,6,2
3105.21,93.0,552.2,58.3,5,2
2456.33,123.6,305.4,82.3,5,2
2839.99,145.0,329.8,104.5,5,2
2444.16,178.3,276.9,69.3,4,1
2512.93,198.4,261.9,74.6,4,1
2562.3,175.3,219.9,109.1,5,2
2228.88,255.8,74.1,101.0,4,1
1490.17,137.1,116.4,52.9,4,1
2572.54,169.4,302.9,75.9,4,1
2381.06,184.1,243.7,74.4,4,1
4645.65,172.8,785.5,90.3,5,1
2600.86,201.5,267.3,80.7,5,1
2024.75,128.2,228.1,66.6,5,1
3073.88,184.7,400.8,81.3,4,1
2343.84,137.8,306.8,62.8,4,1
2269.18,112.2,324.3,58.1,5,2
2368.56,99.7,376.1,51.7,6,2
4558.12,170.6,762.5,91.7,5,2
3267.01,119.4,531.9,73.5,5,2
1299.91,147.0,53.5,55.3,4,1
3979.89,173.5,601.6,97.8,6,2
2666.75,117.0,400.7,66.2,4,1
3484.67,126.5,594.4,66.8,5,2
2402.79,192.1,232.0,78.5,4,1
3176.82,184.2,409.6,89.0,4,1
1652.61,160.0,83.2,75.5,4,1
3227.18,212.8,392.1,89.7,4,2
2998.57,140.4,451.7,70.1,5,1
3263.55,170.3,451.6,86.2,4,1
2286.24,105.9,343.2,54.4,5,2
2553.21,220.0,213.6,90.9,4,1
2209.69,214.0,163.4,77.8,4,1
3929.43,189.5,599.0,86.2,5,2
2725.26,206.9,304.4,75.5,4,1
3207.87,198.4,388.4,95.6,4,2
2278.15,143.9,294.0,58.5,4,1
1852.25,151.2,178.2,59.4,4,1
1982.42,159.0,213.9,54.6,4,1
3742.02,154.9,555.3,100.1,5,2
3557.31,125.2,597.0,74.3,6,1
3256.45,230.0,346.3,105.7,5,1
1878.3,148.1,200.3,53.9,4,1
2518.04,93.7,412.1,55.0,5,1
3433.2,122.0,544.5,85.3,5,2
1924.5,109.9,224.8,65.1,5,2
1605.96,99.6,204.3,43.4,5,1
3733.29,154.4,568.7,93.4,6,1
2923.58,110.3,476.5,64.0,5,2
2753.39,138.3,372.5,78.9,5,2
3370.76,199.3,459.1,81.9,5,2
1714.04,122.6,208.2,43.4,4,1
2550.68,208.9,231.9,87.5,4,1
1790.55,126.0,183.7,61.3,4,1
1946.26,136.2,199.4,67.1,5,1
2775.77,95.3,466.4,58.7,6,2
3386.29,109.6,612.8,55.2,5,2
1918.76,120.8,259.8,44.0,4,1
1845.11,190.7,109.1,71.8,4,1
2749.55,131.5,410.3,64.7,4,1
3074.64,181.0,339.9,110.1,5,2
2520.31,100.8,408.2,53.8,4,1
2413.74,128.6,328.6,65.0,5,2
2024.69,91.5,315.3,44.2,5,1
2568.24,205.2,246.5,84.6,4,1
1984.05,91.0,281.8,54.8,5,2
2876.5,219.3,297.6,89.9,5,1
1712.32,185.4,67.1,78.0,4,1
1807.9,194.6,44.8,94.5,4,1
3577.09,191.3,503.9,88.5,4,1
2798.88,159.2,379.9,71.4,4,1
2238.35,146.1,286.9,56.2,4,1
2913.96,125.5,475.1,56.9,4,1
2240.49,114.4,313.5,58.8,5,2
1543.19,125.6,150.3,48.8,4,1
2240.97,182.1,191.0,83.2,4,1
1955.36,101.2,278.3,48.6,6,2
2112.64,161.7,202.6,72.8,4,1
2621.82,186.0,287.9,80.7,5,1
1468.28,126.5,128.3,49.9,4,1
2092.96,214.0,91.7,96.7,4,1
2308.3,123.9,314.6,61.6,4,1
3278.9,147.8,497.0,77.7,5,2
2324.82,123.9,316.8,62.4,5,2
4547.62,168.4,705.9,116.7,5,2
2674.32,139.0,397.4,58.7,4,1
1652.45,178.0,89.1,64.9,4,1
2722.09,205.2,293.0,81.0,4,1
1991.47,247.1,17.3,103.7,4,1
2140.72,87.2,342.4,46.9,4,1
3965.55,128.1,709.3,68.4,5,2
3319.92,103.2,592.0,59.9,5,2
3124.38,176.7,320.2,126.3,5,2
1890.1,158.1,154.5,71.1,4,1
1952.79,179.4,137.5,76.1,4,1
2284.61,244.4,104.2,98.9,4,1
4027.24,187.0,594.9,100.0,4,1
3496.02,148.7,569.1,69.4,5,1
2265.12,107.8,344.5,50.6,4,1
2433.29,158.8,301.3,65.9,5,1
3530.15,147.1,530.1,91.2,5,2
2023.7,165.2,195.0,64.8,4,1
2425.5,148.5,308.5,66.4,4,1
3276.17,156.5,424.5,105.8,5,2
1873.64,193.3,102.4,76.8,4,1
3433.85,215.5,381.9,116.0,6,2
1673.94,93.9,219.3,46.8,4,1
2174.45,151.8,250.5,62.8,4,1
2822.99,167.2,398.9,62.1,4,1
3816.38,150.0,631.1,76.9,5,2
3140.78,116.4,527.7,62.7,5,2
2013.96,178.3,149.4,78.1,4,1
2953.49,155.4,391.5,85.1,4,1
2921.72,149.3,383.6,87.8,5,2
1285.35,126.0,77.0,52.6,4,1
3313.4,231.7,357.1,106.5,5,2
2466.04,213.3,213.8,84.2,4,1
2345.68,197.8,193.0,87.0,4,1
2493.49,135.1,346.2,63.2,4,1
3070.6,160.4,379.1,101.4,6,2
3576.66,204.5,507.1,81.1,4,1
4903.72,199.4,764.8,116.3,5,2
3442.45,226.2,415.1,97.5,4,1
1440.02,148.6,81.6,57.6,4,1
1489.24,149.7,98.5,55.2,4,1
2910.64,106.1,478.0,63.8,5,2
3006.62,215.0,317.1,97.6,4,1
2456.4,145.2,297.7,76.1,4,1
2460.28,151.1,320.0,64.0,4,1
2280.76,184.3,238.4,65.5,4,1
2793.47,98.4,497.4,45.6,5,2
1779.12,116.6,199.7,57.1,4,2
2978.26,122.8,489.0,59.0,5,1
1747.89,163.1,116.8,69.8,4,1
3512.82,183.1,491.9,90.3,5,1
1430.74,97.1,148.3,49.9,4,1
2937.3,148.3,444.3,63.0,4,1
2569.36,180.3,303.4,70.5,4,1
2913.46,192.8,327.7,92.4,4,1
3365.94,176.6,458.4,91.8,4,1
3563.83,156.3,534.8,88.8,6,2
3258.91,189.4,369.0,114.0,6,2
2771.78,113.6,440.7,61.6,4,1
2989.44,143.9,463.3,62.3,5,2
3007.75,142.6,444.1,73.4,5,1
2197.27,146.0,247.7,69.1,5,1
2700.03,185.3,313.9,78.1,4,1
2488.98,156.4,319.8,64.9,4,1
2669.09,174.2,290.8,89.9,5,1
2847.34,225.4,275.0,94.0,4,1
2877.36,153.5,360.2,91.4,5,2
2293.38,110.3,363.9,44.0,4,1
3034.34,223.4,339.3,87.1,5,2
3361.57,176.2,469.8,86.4,4,1
3363.83,209.1,440.4,85.1,5,1
2569.07,140.6,365.7,60.4,5,1
2827.03,182.8,336.2,83.5,4,1
4793.58,188.4,797.3,94.5,5,2
3687.79,159.9,531.7,102.4,5,2
3542.51,231.6,457.2,87.5,4,1
4052.28,183.9,547.8,125.1,5,2
2811.3,195.8,298.9,92.5,4,1
2849.72,176.3,303.1,103.6,5,1
1278.98,104.5,119.1,42.8,4,1
1197.62,122.5,55.6,53.9,4,1
2455.85,197.6,228.3,83.6,4,1
3038.23,95.4,533.9,57.9,5,2
2217.3,98.5,354.1,45.2,5,1
3776.09,206.5,536.7,89.2,4,1
2066.1,165.4,195.5,69.1,4,1
2910.41,197.6,296.3,103.8,4,1
3135.57,135.3,498.6,66.7,4,1
2293.09,122.6,321.0,57.6,5,1
2555.71,113.3,401.1,55.3,4,1
3431.46,193.2,464.5,89.0,4,1
1459.59,140.1,70.9,68.4,4,1
3458.7,195.8,412.7,113.8,6,2
1783.39,98.7,209.0,61.4,6,2
2726.77,165.4,352.9,72.6,4,1
1285.36,129.0,70.8,54.0,4,1
2816.63,107.2,459.4,61.1,5,2
2400.8,120.9,324.6,68.7,5,1
2954.29,189.7,336.0,94.6,6,2
1939.2,126.9,227.9,57.8,5,1
2128.48,131.7,257.9,63.3,4,1
2079.9,193.5,111.3,95.6,4,1
2517.43,95.4,410.8,54.7,4,1
2047.86,104.3,299.7,48.0,5,2
2329.03,103.8,333.9,64.3,5,2
2595.18,105.0,421.2,54.5,6,2
2487.32,98.0,424.6,44.1,5,1
2273.56,117.9,274.6,78.2,5,2
2203.06,158.8,249.9,63.1,4,1
2948.92,216.7,308.7,94.2,4,1
2598.8,145.0,307.8,87.5,5,1
2230.94,91.0,325.3,62.9,6,2
1834.89,130.7,188.2,62.2,4,1
2185.98,107.7,296.9,63.1,5,2
2143.49,114.3,296.3,55.6,5,2
2197.38,196.5,176.2,78.5,4,1
4705.42,198.2,756.2,98.6,5,2
2544.98,188.9,284.8,72.2,4,1
2489.09,140.8,321.1,71.3,4,1
3836.37,165.2,597.5,87.3,5,1
2615.19,96.5,415.5,63.0,5,1
3609.2,144.5,566.9,84.9,5,1
2968.91,144.6,440.2,69.9,6,1
3523.99,224.8,443.1,94.7,4,1
2841.15,125.3,453.4,58.5,4,1
2665.13,171.2,290.7,90.8,5,2
2485.0,153.2,300.3,74.6,5,2
3962.01,154.4,630.6,91.4,5,1
2704.77,145.4,347.3,81.5,5,2
3872.84,209.4,523.5,104.6,5,2
2223.43,107.7,317.7,58.0,6,2
2096.03,154.7,227.6,63.0,4,1
2679.55,186.5,268.1,95.7,5,1
1341.28,104.0,133.9,43.3,4,1
2782.34,147.6,346.7,89.4,5,2
3317.13,161.9,489.8,79.0,5,1
2894.23,141.1,435.5,65.3,4,1
3575.89,226.2,432.5,104.6,4,1
4120.91,215.4,603.6,93.9,5,2
3934.9,195.1,576.5,94.3,4,1
2131.39,148.1,256.6,57.0,4,1
3677.37,151.5,590.4,78.9,4,1
2946.45,126.8,483.9,56.0,6,2
2573.79,162.7,325.4,69.1,4,1
3637.62,93.3,689.4,56.3,5,2
2261.81,158.7,273.0,59.4,4,1
2961.47,212.6,298.3,102.0,4,1
2457.81,161.3,315.3,61.2,4,1
3350.47,141.0,539.2,70.0,5,1
2972.9,149.6,429.3,73.0,4,1
2278.25,222.3,139.4,92.4,4,1
2052.47,132.4,257.0,55.0,4,1
3930.07,190.2,590.7,89.6,5,2
3455.03,145.8,543.3,77.6,5,2
3629.83,142.0,542.7,99.0,5,2
2390.89,227.7,158.1,94.2,4,1
3536.22,159.5,507.4,96.5,5,1
1761.77,137.6,163.0,62.2,4,1
2763.35,197.2,310.9,81.2,5,1
4201.09,219.3,640.9,84.5,4,1
2102.78,139.6,255.9,57.9,5,1
2344.7,162.4,246.7,78.7,4,1
2503.03,109.1,355.3,71.7,5,1
4021.01,167.6,643.9,86.1,5,2
1953.99,94.9,287.3,47.3,5,1
2950.82,182.5,374.3,80.4,4,1
3709.55,185.0,463.5,123.9,6,2
2783.59,110.7,435.7,66.4,5,2
4530.35,209.5,701.4,98.5,5,1
2782.08,213.5,286.3,87.0,4,1
3160.9,168.8,419.2,89.9,4,1
3125.08,133.7,507.9,62.1,5,2
4065.65,218.2,613.2,82.3,4,1
2261.39,163.6,230.1,76.3,4,1
3939.46,192.1,593.3,88.7,5,1
3802.03,189.9,531.1,102.0,4,2
1817.43,119.4,221.5,50.4,4,1
2211.37,82.5,370.1,44.5,5,1
1737.3,141.2,169.3,55.0,4,1
2728.44,103.0,419.3,71.0,5,2
2518.24,205.2,235.4,84.0,4,1
2037.72,117.8,233.0,70.5,5,1
2063.7,176.3,187.3,67.7,4,1
1991.91,113.1,278.6,47.2,5,1
3434.21,136.0,543.1,79.8,6,2
1627.58,100.6,207.0,44.1,4,1
2844.82,210.4,320.8,80.0,4,1
4026.98,212.3,599.8,86.6,4,1
1552.48,94.3,183.8,48.9,4,1
2084.22,201.0,132.0,83.6,4,1
3331.91,137.4,541.6,68.4,5,2
2063.59,105.2,255.7,68.9,5,1
1821.33,132.5,211.0,49.7,4,1
2467.37,156.0,257.0,90.6,6,2
2384.94,146.3,264.7,82.3,5,1
3018.16,175.3,381.5,87.9,4,1
2546.35,227.3,188.7,98.0,4,1
1869.14,126.7,167.3,77.0,4,1
2382.7,202.7,207.0,82.7,5,1
2663.17,102.0,451.8,49.8,5,2
2538.52,93.1,422.3,53.0,5,2
2462.27,216.2,220.1,79.7,4,1
2668.64,166.9,329.1,76.1,4,1
3002.78,143.3,440.8,74.0,5,1
4117.92,201.3,551.7,122.9,5,1
3249.56,146.6,469.7,87.2,5,2
2244.58,109.4,329.1,54.5,5,2
2203.36,131.6,247.3,76.4,5,2
3141.69,206.0,374.3,91.1,5,1
2851.81,120.3,457.9,59.9,6,2
3042.68,141.5,418.1,89.4,5,2
2920.33,219.8,323.2,83.1,4,1
1779.88,192.0,100.1,67.9,4,1
1708.73,193.8,80.3,68.0,4,1
2167.3,155.1,220.5,73.9,4,1
2972.99,171.2,372.4,88.7,5,2
2326.96,205.6,168.6,92.2,4,1
2406.45,225.9,186.7,84.0,4,1
2823.8,130.7,410.8,73.1,4,1
1601.52,229.3,0.0,95.9,4,1
2624.5,122.5,392.3,62.8,5,1
2590.15,148.2,318.7,80.3,5,2
2586.0,216.1,239.1,85.0,4,1
2573.85,167.8,338.1,61.2,4,1
3422.64,210.3,431.1,95.2,4,1
3298.4,195.6,389.7,106.4,4,1
3638.33,199.0,439.6,120.4,5,2
2484.95,142.6,293.4,82.3,4,1
3218.65,200.1,423.2,80.6,4,1
2865.26,235.3,299.3,80.7,4,1
3477.12,130.5,604.9,59.5,5,2
2806.87,135.7,406.3,71.0,4,2
2587.04,226.8,201.1,97.3,4,1
2390.16,142.6,301.2,68.3,4,1
2174.46,147.1,272.1,55.3,4,1
2034.54,216.5,88.4,90.6,4,1
2152.97,127.9,236.9,77.1,6,1
2828.88,235.6,288.9,81.2,4,1
2347.46,164.5,261.1,71.7,4,1
2792.7,188.8,310.3,88.5,4,1
2877.96,153.3,347.5,97.2,5,2
3124.88,234.1,322.7,99.7,4,1
3509.95,236.7,420.2,98.0,4,1
2112.6,85.8,332.1,49.0,5,1
2182.32,181.3,198.9,73.5,4,1
1755.99,159.1,135.6,64.1,4,1
2079.69,150.8,215.2,68.4,4,1
2411.93,164.1,259.3,79.8,5,2
3452.94,145.2,532.5,82.4,5,2
2949.16,151.2,420.1,73.8,5,1
3272.85,218.6,391.3,92.6,4,1
1485.85,146.0,112.9,50.0,4,1
3119.65,138.6,499.0,63.2,4,1
1867.13,214.0,57.7,86.7,4,1
1993.68,222.2,71.9,90.8,4,1
1947.92,223.0,44.6,97.5,4,1
2636.54,193.7,265.6,88.8,4,1
4446.63,203.4,693.5,95.4,5,2
3882.66,149.0,678.4,63.7,5,2
3355.3,172.1,510.9,69.3,5,1
2626.74,120.6,395.6,62.4,4,1
3078.24,166.3,401.4,89.7,5,1
2815.88,201.9,309.4,85.6,4,1
3045.47,119.3,490.4,67.4,5,2
2209.45,98.2,326.6,56.7,5,2
3247.25,177.2,391.3,108.2,5,2
1745.72,137.0,178.3,53.8,4,1
1826.05,134.3,179.5,63.4,4,1
2846.5,217.6,311.8,81.0,4,1
2654.19,215.2,282.3,73.8,4,1
4654.5,192.7,773.1,87.9,5,2
3532.26,204.1,478.2,89.2,5,1
2487.12,172.2,247.4,89.9,5,1
2801.2,99.8,455.6,64.4,6,2
3753.96,179.8,527.7,102.7,5,2
2070.67,114.5,310.0,41.4,4,1
3430.71,165.8,495.1,87.5,4,1
3732.39,223.5,474.6,104.4,4,1
2349.06,151.4,255.5,80.2,4,1
2416.55,164.2,259.6,80.2,6,2
2856.46,182.4,289.2,107.8,6,1
3298.33,129.5,496.5,88.3,5,2
1838.65,220.5,21.8,96.6,4,1
3148.83,218.2,370.2,88.4,4,1
2104.73,146.6,208.3,76.1,4,1
3884.01,216.0,532.6,98.8,5,2
2164.14,177.5,205.3,70.3,5,1
1658.64,181.7,59.4,77.1,4,1
1933.38,148.1,204.2,58.3,4,1
1905.56,149.1,211.3,51.6,4,1
2797.13,144.4,360.2,86.5,6,1
1625.28,110.6,192.4,45.9,4,1
3289.06,170.3,488.1,72.8,4,2
2066.99,180.0,171.9,73.2,4,1
4412.62,174.1,694.4,104.3,6,2
3735.73,206.5,447.5,124.4,5,1
2166.66,191.4,182.4,74.6,4,1
2562.6,122.0,360.6,70.3,5,2
2638.99,202.2,295.3,72.1,4,1
4140.66,174.9,643.0,96.6,4,1
2719.81,247.4,195.3,105.5,4,1
3660.57,170.1,572.6,76.7,5,2
2230.5,146.9,228.3,81.1,5,2
2891.09,152.8,402.6,74.4,4,1
2794.28,175.2,358.2,73.4,5,2
2766.39,192.6,311.3,83.4,5,2
1668.36,162.8,129.7,55.4,4,1
1162.02,112.2,76.5,45.3,4,1
2370.43,87.8,413.6,40.5,5,2
2432.62,136.3,345.7,56.1,4,1
3689.01,157.1,576.5,83.9,5,2
2819.58,189.1,271.6,108.6,5,2
3611.68,182.1,506.0,95.5,6,2
2441.64,119.9,356.0,59.8,5,1
1682.18,146.4,133.3,62.6,4,1
2313.92,134.1,317.2,56.6,4,1
2614.07,230.7,214.3,92.7,4,1
2928.84,94.0,519.7,52.7,6,2
2106.49,219.4,131.5,78.1,4,1
3056.91,222.7,344.5,87.5,4,1
3114.34,119.0,488.5,76.1,5,2
2617.22,92.5,443.3,52.7,6,2
1514.37,106.3,168.4,46.2,4,1
2512.72,106.0,386.0,60.5,5,2
1907.68,194.3,94.7,83.5,4,1
1601.26,112.4,179.6,48.1,4,1
2311.58,186.4,212.2,79.7,4,1
1835.13,205.8,59.1,86.2,4,1
3647.18,175.0,508.7,101.4,4,2
2725.85,115.8,447.6,52.5,5,1
2680.82,123.6,431.7,51.1,4,1
3414.33,152.1,510.3,85.0,6,2
3849.37,168.1,590.4,90.6,5,1
4448.74,217.9,664.4,102.2,4,1
1883.47,161.3,153.7,69.3,4,1
3034.27,223.7,357.1,79.0,4,1
2716.97,129.4,439.9,48.9,4,1
2891.73,149.2,416.8,69.7,4,1
2676.84,219.6,236.4,94.7,4,1
2219.94,218.4,145.3,85.0,4,1
2916.07,227.1,274.6,101.0,4,1
2324.94,161.7,250.5,75.1,5,2
2479.79,201.3,222.0,87.4,4,1
3920.33,194.7,560.9,99.8,4,1
2259.23,220.8,138.1,91.5,4,1
3127.49,162.3,423.8,87.0,5,2
1305.85,123.0,97.1,47.3,4,1
2632.26,95.1,441.0,54.2,5,2
3797.07,154.1,563.8,102.8,5,1
2107.04,159.6,211.3,69.3,4,1
2905.21,127.6,465.8,59.0,5,2
4243.55,176.5,709.2,77.9,5,2
2378.15,217.4,176.2,89.3,4,1
1647.32,127.0,157.3,56.7,4,1
3879.81,168.4,634.0,74.5,4,1
3415.4,194.7,438.7,98.0,6,2
2122.13,114.9,298.3,52.2,6,2
2654.59,132.0,369.8,71.9,5,1
2491.86,117.1,337.3,74.9,5,2
2536.08,138.9,330.4,73.2,4,1
2204.31,114.7,332.6,46.1,4,1
2414.79,179.3,242.1,81.0,5,1
1934.41,111.0,275.5,43.2,4,1
2768.21,179.6,323.5,84.0,5,1
1733.55,122.4,205.1,47.1,4,1
2376.34,137.6,271.5,82.2,5,1
3021.16,190.2,368.8,87.2,5,2
1525.0,106.5,156.1,52.7,4,1
2172.65,106.5,328.7,48.0,4,1
2261.51,184.2,214.5,74.1,4,1
1966.65,132.0,230.8,57.3,4,1
3714.64,190.9,566.3,76.2,4,1
2533.01,217.4,201.4,95.3,4,1
2821.87,86.7,516.1,45.6,6,2
2090.79,130.7,233.3,70.6,4,1
3230.34,117.4,517.9,76.6,6,2
2182.65,147.1,250.4,65.9,5,1
3836.73,224.3,529.3,91.4,4,1
3034.21,88.8,550.2,53.1,6,2
3181.32,191.8,421.7,80.8,4,1
3021.94,141.0,479.9,59.8,5,2
2083.54,114.4,312.1,41.9,4,1
1917.81,90.5,245.8,63.6,5,2
1632.18,113.4,182.7,49.7,4,1
2700.03,205.3,282.9,83.0,4,1
2565.4,207.8,252.3,80.6,4,1
3559.38,172.9,503.2,95.0,5,1
3229.26,153.2,470.7,81.5,4,1
1822.32,247.9,0.0,98.9,4,1
3233.94,132.4,467.6,92.6,5,1
2603.36,172.8,321.0,69.8,5,1
1896.18,107.6,211.2,69.0,5,2
3307.44,112.5,558.9,69.1,6,2
1475.77,115.6,144.4,48.4,4,1
2723.8,143.3,346.2,85.1,6,1
1764.03,124.1,200.7,51.7,4,1
2948.59,128.7,461.5,65.3,5,2
2691.19,112.1,420.6,62.3,4,1
1847.22,167.7,117.7,78.4,4,1
3624.6,202.3,517.0,83.0,5,1
3565.12,200.6,479.6,93.8,5,2
2408.68,198.1,246.1,70.2,4,1
2072.0,132.0,222.4,72.7,5,2
2681.64,182.0,330.5,70.2,4,1
2418.05,142.4,307.6,68.7,5,2
3795.82,230.2,507.5,93.9,5,1
2680.0,99.2,435.7,60.1,6,2
3012.63,134.4,422.6,87.2,5,2
2407.15,95.7,392.3,50.6,4,2
1737.49,128.4,204.5,45.1,4,1
3517.26,177.8,513.8,83.4,6,2
2487.36,200.3,210.3,93.9,4,2
1406.37,144.2,86.0,54.0,4,1
2475.47,113.3,357.5,65.8,5,2
4457.22,182.1,740.1,85.4,6,2
4294.18,203.5,647.5,98.9,6,2
2205.79,134.6,256.5,71.3,5,1
3580.86,204.0,429.0,116.5,6,2
2219.66,137.8,277.5,62.0,4,1
2520.69,147.0,302.9,80.2,5,2
2950.22,184.6,356.0,87.5,5,2
1657.32,97.2,202.1,51.1,4,2
2295.54,107.2,357.5,48.5,4,1
3426.14,187.9,460.1,92.7,6,1
2254.01,170.8,262.8,57.7,4,1
3149.51,255.3,303.1,101.7,4,1
2129.95,112.6,288.8,58.3,4,2
2030.34,221.8,78.1,92.3,4,1
2349.15,199.6,211.9,78.1,4,1
3168.78,130.2,522.3,62.1,5,1
3275.94,161.1,477.9,80.0,5,1
3256.93,161.9,441.9,93.5,5,2
2408.1,101.9,382.4,52.3,5,1
1810.65,126.8,212.8,50.2,4,1
1631.04,172.6,62.1,76.9,4,1
2746.06,159.5,340.8,82.8,4,1
2972.36,199.4,290.7,112.5,6,2
1307.73,108.9,119.1,44.0,4,1
2764.04,84.7,479.4,56.4,6,2
1906.24,224.5,20.1,103.1,4,1
2636.05,102.8,447.1,48.5,5,2
4072.69,176.7,659.8,80.7,5,2
2255.01,185.9,217.3,71.4,4,1
2908.26,114.4,467.2,64.6,4,1
2363.4,216.5,196.5,79.0,4,1
2142.35,214.3,133.6,83.4,4,1
2881.6,149.5,376.7,86.3,4,1
3054.87,195.7,402.9,73.4,4,1
3049.72,220.2,318.9,99.2,4,1
4394.27,207.7,606.1,126.6,5,2
2662.06,201.2,232.7,103.0,4,1
3838.26,165.0,616.2,79.3,6,2
1495.78,153.2,76.5,64.1,4,1
2586.39,218.4,233.1,86.7,4,1
2190.45,150.2,234.1,72.6,5,1
2554.18,193.1,244.4,89.4,4,1
2444.83,171.9,299.9,62.0,4,1
1993.82,99.0,265.2,59.7,5,2
3827.2,138.0,651.7,74.3,5,2
2333.54,117.8,317.5,65.8,6,2
2573.46,150.1,299.0,86.3,5,2
1313.57,120.1,110.0,43.7,4,1
3031.94,187.4,379.9,84.7,4,1
2713.52,175.5,283.1,97.7,5,2
2138.12,144.7,240.8,66.2,5,1
2518.77,98.5,435.5,42.5,5,2
2444.82,129.6,326.0,69.2,6,2
2862.84,126.1,439.5,66.7,5,1
3787.2,134.4,665.5,65.3,5,1
2940.92,197.0,381.4,69.7,4,1
2206.13,160.3,234.4,69.7,4,1
2682.95,136.5,370.0,73.0,5,1
3009.11,156.7,400.4,86.7,5,1
2890.06,143.1,437.1,63.2,4,1
3377.63,191.7,403.4,110.8,6,2
2127.76,153.0,246.0,59.1,4,1
2568.81,218.3,219.8,90.7,4,1
1698.72,163.2,108.4,68.1,4,1
1736.1,105.9,225.2,45.8,4,1
1930.0,85.8,279.6,52.0,5,2
2209.32,167.8,217.7,74.2,4,1
3537.47,149.6,561.5,77.0,5,2
3442.95,167.4,491.7,89.6,6,2
4147.48,202.5,607.3,100.9,6,1
2826.98,198.2,324.1,81.9,4,1
2584.43,126.3,353.4,74.0,5,2
2413.52,199.5,227.6,78.4,4,1
3565.16,180.8,476.0,104.2,4,1
2654.59,148.4,375.5,62.1,4,1
3269.03,109.3,558.8,66.3,5,1
3415.45,187.6,465.8,89.1,5,1
3274.94,157.4,489.5,76.4,5,1
2143.22,124.4,263.3,65.8,4,1
1922.74,176.1,137.6,74.2,4,1
3965.5,164.8,634.5,85.4,6,2
2282.49,152.0,287.4,58.3,4,1
2327.47,174.1,237.3,75.8,4,1
2474.3,125.5,358.2,59.9,5,1
2611.26,96.1,443.2,50.5,5,2
2954.28,259.5,264.5,95.3,4,1
2690.88,118.7,433.9,53.4,5,1
1528.12,131.7,139.3,49.4,4,1
2108.66,110.3,318.1,43.9,4,1
2480.71,231.6,162.6,100.4,4,1
2728.08,142.3,343.6,87.1,5,2
2067.7,102.3,283.5,58.2,5,2
2021.68,144.6,205.1,69.2,5,1
2425.24,183.4,231.8,85.0,5,1
3221.66,137.5,448.1,97.7,5,1
3779.05,207.1,508.9,101.7,5,2
1902.87,143.1,190.1,63.4,4,1
1783.07,107.2,231.7,47.5,4,1
2618.99,127.9,393.5,59.2,5,1
2560.94,191.7,268.5,80.0,4,1
1654.51,118.0,180.4,51.2,4,1
1683.14,126.2,159.9,59.8,5,1
2043.38,139.2,249.5,54.3,4,1
1420.05,146.3,85.7,54.6,4,1
3231.53,175.9,395.8,105.0,6,1
2143.8,202.2,148.4,82.4,4,1
2673.34,175.1,294.8,88.2,4,2
2094.97,136.8,275.2,49.7,4,1
4249.28,172.3,687.2,90.1,5,1
2042.15,100.8,292.4,52.2,4,1
3969.33,226.1,543.7,98.9,4,1
2224.7,214.1,144.9,87.6,4,1
4280.23,205.9,643.2,98.2,6,2
2337.27,113.3,367.2,46.1,5,2
2605.86,220.1,203.1,101.5,4,1
3397.28,218.4,441.7,84.1,4,1
1766.53,149.7,172.1,53.2,4,1
4086.24,153.8,642.0,100.3,5,2
2881.69,176.7,332.5,93.9,5,1
1422.94,82.9,170.4,45.5,5,1
3504.31,176.8,510.6,83.9,5,2
2106.75,200.8,160.7,73.4,4,1
2744.66,168.4,304.5,94.8,6,1
1711.71,155.7,112.2,71.1,4,1
2429.1,156.3,309.8,62.7,5,2
1792.58,115.5,220.3,49.9,4,1
2200.73,170.3,238.6,62.8,4,1
3056.07,190.1,378.6,86.8,5,2
1417.59,113.6,129.5,49.5,4,1
1342.83,126.2,93.6,51.5,4,1
1531.58,129.6,149.4,46.2,4,1
2575.58,253.8,172.4,96.7,4,1
2420.58,124.5,312.0,74.9,5,2
2634.38,131.2,382.6,64.3,5,2
3254.35,170.3,465.5,79.0,5,1
3844.96,166.9,613.1,80.5,6,2
4277.52,191.4,666.0,94.2,5,2
2235.22,210.2,176.8,76.4,4,1
3527.0,135.2,558.5,83.6,6,1
2887.67,174.9,364.0,81.3,5,1
2689.16,128.1,394.0,66.8,5,2
3863.59,170.9,583.6,94.0,4,1
2334.6,155.4,240.5,83.4,4,1
2744.04,139.3,396.7,66.7,4,1
3376.82,217.6,391.6,104.4,4,2
2411.9,185.7,233.4,81.7,4,1
4071.62,174.7,614.2,101.8,6,2
2951.47,165.5,365.1,92.1,6,2
2157.65,138.4,259.9,62.7,4,1
2758.51,155.2,353.2,80.5,5,1
2712.98,132.0,407.2,61.8,4,1
1821.61,129.6,207.2,52.7,4,1
1907.67,149.0,189.2,61.7,4,1
2224.13,190.4,194.1,76.2,4,1
2255.27,207.2,170.7,82.6,4,1
3145.13,116.0,529.3,62.6,6,2
2816.18,175.5,343.5,82.2,4,1
3148.61,160.8,468.2,70.3,5,1
2277.69,131.1,319.6,52.8,5,1
2497.63,156.7,331.7,60.5,4,1
2152.93,150.9,216.4,76.0,4,1
2016.03,220.6,42.6,107.1,4,1
2839.31,116.6,450.4,63.5,4,1
2284.12,252.7,87.3,102.7,4,1
2150.94,121.7,297.8,52.5,4,1
2905.41,188.9,260.3,123.2,6,1
3595.61,210.7,417.9,120.1,5,2
2365.06,220.2,172.2,88.4,4,1
2776.82,125.5,430.5,61.4,5,2
3523.92,213.6,449.1,97.1,4,1
2413.91,149.6,309.9,64.0,5,1
3987.07,128.7,684.5,81.6,5,2
1995.05,157.6,203.5,61.2,4,1
1450.56,204.4,0.0,73.2,4,1
1949.75,220.6,75.4,85.1,4,1
1754.22,155.2,136.9,65.1,5,1
3106.58,180.8,431.9,72.9,4,1
2769.76,176.3,302.3,95.0,5,2
2423.97,140.5,298.4,74.3,4,2
2232.92,203.3,155.3,88.7,4,1
2707.74,104.8,456.1,51.6,5,1
2262.53,197.8,184.5,81.5,4,1
3368.39,126.6,548.7,74.1,5,2
3078.56,167.4,410.2,85.3,6,2
2805.05,99.8,487.1,50.8,6,1
1847.98,106.5,220.0,60.2,5,1
4694.61,204.9,760.6,92.5,5,1
2071.97,213.3,75.7,101.8,4,1
2445.44,101.3,359.6,66.9,5,2
2515.49,207.5,244.2,78.7,4,1
2349.86,218.4,170.8,88.1,4,1
1488.1,111.7,163.6,43.0,4,1
2541.83,161.9,333.4,62.3,4,1
3160.67,129.9,528.0,58.8,5,2
2183.43,218.4,128.2,88.6,4,1
2750.09,135.8,375.6,78.2,5,1
1402.47,150.9,60.0,62.1,4,1
2032.87,157.7,206.4,64.0,5,1
2964.0,150.7,431.1,70.8,4,1
3951.0,150.6,634.8,89.9,4,1
1354.08,148.4,57.7,58.9,4,1
1900.85,111.6,243.7,53.3,4,1
2399.71,231.1,162.4,91.8,4,1
3234.8,149.6,484.3,77.7,6,2
3483.07,189.8,494.7,82.8,4,1
2224.48,97.3,315.1,63.9,5,2
1552.46,93.7,197.2,43.2,4,1
2906.06,148.1,408.6,75.5,4,1
4036.97,162.8,593.4,112.5,5,2
2796.16,147.6,386.0,73.5,5,2
2501.73,118.3,406.4,44.7,4,1
3048.54,171.9,380.1,93.4,6,2
2250.86,200.5,203.8,70.4,4,1
1498.99,124.0,130.3,53.5,4,1
1926.31,111.6,260.3,48.8,5,1
2597.26,113.5,412.0,55.0,4,1
2016.17,189.6,117.7,87.4,4,1
1753.93,117.0,212.1,48.6,4,1
3405.11,140.4,502.4,92.6,5,1
1707.13,114.7,191.3,53.7,4,1
3760.7,159.1,584.2,87.5,6,2
2942.41,136.1,425.4,77.4,6,2
2551.51,187.9,252.1,88.0,4,1
2582.04,229.8,213.3,90.0,4,1
1662.65,153.0,121.8,62.6,4,1
2617.52,214.4,222.2,96.8,4,1
2742.53,163.4,373.1,66.2,6,2
3138.62,129.4,489.2,73.8,5,2
3254.17,212.8,372.9,101.3,4,1
2248.57,171.1,230.4,71.4,4,1
3620.63,167.2,523.7,95.3,5,2
3133.96,127.5,510.5,64.7,4,1
4417.86,207.5,628.5,119.3,5,2
2465.89,108.6,383.6,55.2,5,1
2344.77,116.0,297.3,76.8,6,2
3683.14,157.6,594.9,74.8,5,1
2355.73,111.8,362.1,51.1,4,1
2290.93,213.3,167.3,85.4,4,1
2856.55,234.0,278.1,89.8,4,1
1928.83,103.5,273.7,46.7,5,1
2596.16,154.3,311.1,81.6,5,2
1786.22,120.8,210.4,51.3,4,1
1696.27,204.5,19.3,89.0,4,1
2670.03,238.8,246.2,81.1,4,1
3488.21,121.0,611.6,62.0,6,2
3854.11,196.8,475.8,129.3,5,2
1666.28,127.7,170.3,52.7,4,1
2730.2,196.9,253.7,103.1,5,2
3502.36,161.0,514.7,88.9,5,1
2951.08,99.2,506.6,58.7,5,2
2940.77,141.6,417.6,78.2,6,1
1825.49,183.6,123.3,66.5,4,1
4115.6,174.3,642.6,94.2,5,2
3470.0,178.2,428.9,115.7,5,2
2281.69,193.6,207.6,75.2,4,1
1693.88,135.1,174.5,50.6,4,1
3962.4,128.0,668.2,86.4,6,2
2492.8,89.9,416.8,51.8,6,2
4539.5,176.5,738.4,97.8,4,1
2547.42,122.1,404.4,49.0,5,1
2230.77,213.1,150.1,86.4,4,1
1579.94,141.2,129.0,55.5,4,1
2831.89,158.6,346.4,90.2,4,1
2171.03,138.9,277.6,56.1,4,1
3792.14,177.5,574.4,87.2,4,1
2329.16,192.6,195.5,86.3,4,1
2169.0,108.7,300.9,58.9,5,2
3443.18,118.6,584.1,70.3,5,2
2804.88,156.5,385.3,70.9,5,1
3046.16,251.5,312.7,87.7,4,1
2623.04,254.7,177.2,99.5,4,1
3007.55,146.3,372.8,103.4,5,2
2139.2,238.7,70.7,100.2,4,1
3114.54,114.0,501.6,72.5,5,2
2356.76,142.1,316.8,57.9,4,1
2150.63,108.7,291.0,61.3,5,2
2806.23,250.0,253.2,88.2,4,1
3140.41,130.4,519.6,60.1,5,1
2424.51,231.5,178.7,87.1,4,1
1509.6,187.0,31.1,70.8,4,1
2872.93,137.7,429.0,67.3,6,1
2714.83,173.7,316.8,83.6,5,1
4021.58,189.0,606.4,93.3,4,1
2874.06,170.9,304.6,108.0,5,2
2693.06,226.5,254.8,85.3,4,1
2343.17,129.6,262.1,86.2,5,2
2340.82,133.0,301.0,67.2,5,2
2015.22,184.1,127.3,85.5,4,1
1745.88,165.4,97.0,77.4,4,1
2771.61,139.1,367.9,82.6,5,2
2376.3,242.0,128.9,99.2,4,1
3989.8,163.3,633.5,89.2,5,2
2022.57,202.6,102.8,89.0,4,1
3162.74,139.9,487.2,72.7,5,1
2311.98,187.0,225.3,73.6,4,1
3195.66,123.8,521.0,68.5,5,2
2150.68,103.1,332.1,45.5,5,2
3414.09,140.0,528.3,82.3,6,2
3248.36,198.0,382.0,103.1,5,2
2526.87,212.7,219.2,88.8,4,1
1878.8,206.3,82.4,80.4,4,1
3450.43,200.3,474.8,83.3,4,1
3327.75,163.6,444.4,99.5,6,2
2725.93,177.5,323.9,80.0,6,2
2838.35,151.2,349.7,92.7,6,1
2803.07,189.4,342.9,74.8,4,2
3045.19,214.9,347.0,88.6,4,1
1698.15,169.9,95.7,70.6,4,1
2346.25,168.1,283.4,60.1,4,1
4509.39,202.7,683.8,107.1,6,2
2215.81,225.4,114.3,95.2,4,1
2678.46,122.0,361.7,82.6,5,1
3488.2,130.2,581.3,71.3,5,2
3656.45,113.8,644.9,69.1,6,2
2752.03,159.6,369.8,70.5,5,1
4385.33,193.9,655.5,109.7,5,2
2745.86,146.4,376.1,72.8,4,1
2407.4,174.3,193.5,104.0,6,2
2685.04,102.6,444.7,55.1,5,2
3535.62,198.1,405.9,124.4,5,2
2640.51,103.4,388.2,74.9,6,2
2564.14,129.5,368.1,63.8,5,2
1617.48,135.8,139.1,57.5,5,1
1515.12,117.7,138.4,54.5,5,1
2409.35,140.1,260.8,89.6,6,1
1796.4,207.8,45.3,87.1,4,1
2119.45,145.9,233.4,66.9,4,1
3268.18,171.0,420.9,100.1,5,1
1858.24,151.4,156.8,69.5,4,1
4277.09,157.3,703.6,92.6,5,2
3676.53,164.3,496.1,115.0,5,2
1770.89,123.1,192.7,56.4,4,1
3366.59,174.6,417.8,110.8,6,2
2643.44,151.9,352.7,69.4,4,1
3563.33,176.6,487.4,100.8,6,1
4356.55,167.0,691.0,102.8,6,1
2076.25,235.7,72.1,93.9,4,1
2710.99,193.1,300.1,82.0,4,1
2377.89,103.3,377.5,50.5,5,2
1951.4,171.7,151.9,73.0,4,1
1909.01,101.0,253.8,54.4,5,2
2759.41,138.2,379.5,76.5,5,2
2858.94,221.7,296.6,87.3,4,1
2874.79,128.7,459.6,58.0,5,1
3725.28,188.8,546.9,86.9,4,1
3547.77,167.2,521.7,88.0,4,2
2000.9,184.4,128.6,83.2,4,1
2073.51,128.9,266.8,54.5,4,1
1583.91,159.6,100.6,60.4,4,1
1797.86,224.5,37.2,83.4,4,1
2352.7,156.2,264.1,74.6,5,2
1881.52,199.9,84.0,82.9,4,1
3060.47,173.0,387.4,91.0,5,2
2177.4,139.8,280.7,55.0,4,1
2951.18,206.0,337.2,86.5,4,1
3722.51,143.9,592.3,86.4,6,1
2431.35,98.2,407.8,45.3,5,2
2286.64,138.8,274.7,70.3,5,1
2112.91,142.5,240.4,64.6,4,1
2096.56,144.8,228.7,66.9,4,1
2824.26,158.1,351.9,87.1,4,1
2389.33,194.9,216.0,82.9,4,1
3604.68,165.2,548.9,83.1,4,1
1707.96,98.0,219.5,48.7,4,1
2031.4,149.9,221.5,60.6,4,1
2183.19,103.8,331.0,49.3,4,1
3225.4,127.5,528.1,67.0,4,1
2456.99,110.4,390.2,50.5,4,1
2852.86,159.0,333.1,98.3,5,2
2450.07,245.9,172.5,86.3,4,1
3039.06,166.0,398.1,87.0,4,2
2322.63,149.8,248.1,81.2,4,1
2820.66,122.3,409.8,76.9,6,2
2478.67,171.2,300.7,65.7,4,1
1612.05,148.6,109.3,64.5,4,1
2342.71,105.3,349.2,58.3,5,2
2390.22,105.0,362.4,57.9,5,2
3643.58,189.5,484.8,105.2,5,1
3824.9,124.5,660.0,76.3,5,1
1669.9,107.4,189.0,53.8,5,1
1839.62,116.9,213.0,57.8,4,1
4922.7,188.0,831.2,94.0,5,1
2554.36,102.5,420.7,51.3,5,1
2760.64,108.6,459.8,54.1,5,2
3363.87,161.0,458.5,98.4,5,2
2772.86,196.4,316.7,80.1,4,1
3648.5,203.6,507.1,89.5,5,2
2321.08,166.3,244.9,75.1,4,1
4165.26,154.2,700.8,82.8,5,2
3837.32,161.4,561.1,105.3,5,2
1825.4,156.9,150.6,66.2,4,1
2256.7,163.4,139.0,116.4,6,2
2266.45,185.0,211.3,75.7,4,1
4203.68,211.0,593.3,109.6,5,2
2935.23,203.9,341.3,83.8,4,1
1814.79,118.4,217.7,52.3,4,1
2089.8,130.3,269.8,54.4,5,1
3999.08,189.3,579.3,102.8,5,2
2128.04,154.4,244.2,59.3,4,1
3158.85,127.8,497.2,73.2,6,2
3014.07,154.4,408.2,84.8,5,2
1252.39,127.4,70.2,51.3,4,1
2459.07,118.5,361.2,60.0,4,1
2622.2,187.2,284.6,81.6,4,1
3682.63,200.2,540.2,80.1,5,1
2666.14,137.2,381.2,65.8,6,2
1989.65,183.0,154.7,71.0,4,1
2181.93,102.0,329.1,50.9,5,1
2594.7,140.7,324.5,81.5,5,2
3995.64,161.2,615.9,98.6,5,1
2218.19,190.6,181.6,81.0,4,1
2190.77,106.7,313.7,56.5,6,1
1524.61,117.1,156.0,48.0,4,1
2312.11,148.5,275.9,68.3,4,2
2631.81,195.3,260.6,89.8,5,1
4272.9,148.5,736.8,81.3,5,2
2130.93,96.7,341.2,42.1,5,2
3858.54,178.0,568.9,96.8,5,2
2465.38,146.2,297.1,76.9,4,1
1387.78,139.0,71.1,60.8,4,1
2455.87,180.8,239.9,85.9,4,1
4046.62,194.7,538.8,123.6,6,2
1954.83,93.8,300.9,41.8,6,2
1930.01,113.4,228.3,62.6,5,1
2040.11,186.4,145.0,79.4,4,1
2204.55,90.5,346.5,50.7,5,2
3481.92,193.1,383.8,130.5,6,2
1247.77,113.0,94.3,46.5,4,1
2598.78,120.3,371.3,70.3,6,2
2068.09,112.0,269.0,60.4,5,2
3509.09,195.2,483.1,88.5,4,1
2693.99,123.7,435.5,50.8,4,2
2574.34,143.9,337.7,72.0,4,1
2838.39,87.2,498.6,55.0,5,2
3035.6,131.4,471.6,69.3,5,1
2301.03,190.5,185.9,88.4,4,1
2584.93,112.7,356.2,78.8,5,2
3639.35,196.4,515.0,88.2,4,1
2236.34,179.4,192.3,83.3,4,1
1905.61,148.4,194.9,59.2,4,1
2333.65,171.3,254.3,70.1,4,1
2078.08,150.3,205.6,72.7,5,1
4018.54,203.2,605.8,86.9,4,1
2770.76,206.9,296.7,84.1,4,1
2629.54,198.5,279.4,79.8,4,1
1883.56,146.8,190.3,59.5,4,1
1461.63,144.3,101.2,53.3,4,1
2548.25,199.5,267.6,75.6,4,1
3321.92,147.3,486.9,87.2,5,2
2928.33,144.0,428.5,70.9,5,1
2922.85,164.7,365.7,89.0,5,2
1923.18,138.7,185.9,69.4,4,1
2117.85,109.4,294.1,56.0,6,2
2956.67,138.5,399.1,89.6,5,2
3265.72,102.0,576.9,61.1,5,2
2210.15,96.8,339.7,51.6,4,2
1710.62,107.8,199.6,53.4,5,1
1698.42,173.3,106.2,64.5,4,1
2088.65,181.9,163.9,78.4,4,1
3305.88,175.4,397.4,112.7,6,1
2021.29,145.4,240.8,52.9,4,1
1861.27,140.6,183.4,62.8,5,1
3871.67,189.1,554.3,99.8,5,2
3034.4,210.7,365.8,80.9,5,1
2026.38,98.3,284.4,55.1,5,2
2041.41,110.6,263.0,60.8,4,1
3102.35,128.2,496.5,67.0,6,2
2238.39,91.9,339.5,57.0,5,2
2690.15,207.5,266.8,88.1,4,1
2828.09,196.9,328.9,80.5,4,1
3971.08,136.0,637.1,97.6,6,2
2844.68,178.1,318.7,95.3,4,1
3400.07,229.8,411.0,93.0,4,1
2133.21,182.2,212.4,61.6,4,1
1391.65,120.8,109.0,52.5,4,1
2386.76,129.2,302.9,73.2,5,1
2065.8,258.3,15.6,107.8,4,1
2806.34,111.4,467.2,54.6,5,2
1645.29,121.5,157.2,58.9,4,1
2565.03,111.9,376.7,67.9,5,2
2147.26,172.8,199.3,73.2,4,1
3044.19,190.0,348.2,99.0,4,1
2686.03,112.6,395.4,72.6,5,2
3170.21,152.7,433.4,91.8,5,1
3692.08,170.6,575.1,78.8,4,1
3052.24,118.8,531.1,50.3,5,2
4584.78,197.3,733.3,95.8,4,1
2506.1,128.6,339.6,70.4,4,1
4243.31,176.0,627.1,114.5,5,1
3120.34,247.4,341.6,84.9,4,1
2385.23,229.1,192.2,77.8,4,1
2560.85,89.4,450.8,44.4,5,2
3646.83,209.6,475.7,100.6,4,2
2062.99,102.6,317.9,42.3,4,1
2973.39,144.2,408.0,85.0,6,1
3574.44,135.8,558.8,88.5,5,2
1829.18,157.2,165.7,59.7,4,1
3395.05,153.2,555.1,62.4,5,1
3122.44,156.6,449.0,77.8,5,1
2526.26,221.6,199.4,93.6,4,1
2434.89,142.7,306.1,71.1,5,1
1907.7,124.3,215.6,60.9,5,2
2718.65,125.0,385.3,75.3,5,1
3122.12,156.6,442.4,80.7,4,1
4321.38,207.8,603.3,119.7,5,1
2047.07,152.9,209.3,66.5,4,1
2507.34,83.6,449.6,41.6,5,2
3513.83,198.9,449.6,102.2,4,1
4058.82,189.9,631.3,86.0,5,2
2684.93,96.4,441.0,59.5,6,2
1310.49,117.2,89.3,53.9,4,1
1561.44,149.2,89.1,67.6,4,1
2205.39,155.6,246.9,66.1,4,1
2240.68,203.8,178.8,78.9,4,1
2231.7,165.4,214.5,79.1,4,1
2877.13,159.8,373.8,82.5,5,1
3730.61,201.4,542.0,84.1,5,2
2202.31,185.7,164.8,88.9,4,1
3498.17,138.3,527.7,92.7,6,2
3224.86,162.8,427.5,96.0,5,1
1455.12,159.4,54.2,66.7,4,1
2918.32,216.1,298.9,95.4,4,1
2750.81,106.5,470.8,49.1,4,1
3491.72,152.0,515.3,91.4,5,2
3954.7,187.7,601.5,88.7,4,1
3095.69,152.0,414.6,92.2,5,2
2720.51,157.6,383.8,61.7,4,1
1692.32,136.3,154.9,58.6,4,1
2730.8,140.6,342.1,88.9,5,2
3483.13,156.9,565.4,66.0,6,2
1954.99,92.9,288.8,47.6,4,1
2244.42,126.3,278.9,69.3,6,2
1777.97,130.6,166.9,65.3,4,1
2631.9,121.4,402.4,59.6,4,1
3113.53,222.7,342.4,94.8,4,1
3106.01,156.3,478.3,63.1,4,1
2836.78,188.3,290.8,102.3,6,2
1642.8,155.1,116.0,62.1,4,1
2593.83,249.4,182.4,96.3,4,1
2360.88,122.0,320.8,65.5,5,1
2624.47,121.8,405.8,57.1,6,2
2028.78,137.1,227.8,63.2,4,1
3902.99,209.9,551.5,95.3,4,2
1898.57,213.2,64.6,87.5,4,1
2407.67,110.3,362.8,57.3,4,1
1733.09,137.3,162.3,59.4,4,1
4097.83,194.8,587.8,107.5,5,2
2547.39,176.2,258.3,90.0,4,1
2497.65,112.3,355.1,69.8,5,2
3643.14,181.1,515.6,95.1,5,1
2884.07,145.5,434.2,62.8,4,1
3734.97,174.7,496.9,116.5,5,2
3399.62,152.4,502.4,86.7,5,2
2139.53,192.6,176.8,73.6,4,1
3145.39,173.1,342.6,120.3,5,2
2409.89,157.5,265.1,79.9,4,1
3286.61,159.6,445.9,96.1,6,2
2789.68,176.5,300.4,98.0,5,2
1402.81,113.6,139.7,43.3,5,1
1786.0,150.2,172.6,55.0,4,1
2148.35,201.3,170.5,73.5,4,1
2208.36,112.8,302.4,60.8,4,1
3529.77,226.4,451.9,90.7,4,1
2828.38,162.7,387.5,69.7,4,1
2584.33,220.3,252.7,76.9,4,1
1976.05,110.9,268.9,50.8,5,1
3676.47,140.1,631.6,65.5,5,2
2944.65,148.3,387.9,88.9,5,2
2531.94,149.8,319.7,72.6,4,1
4305.55,184.6,691.0,89.2,5,2
1983.48,137.5,209.5,66.2,5,1
2347.7,114.0,354.3,52.7,4,1
3225.06,162.3,413.0,102.7,5,2
2965.98,206.1,343.2,85.4,4,1
2111.38,135.3,260.5,58.7,4,1
1824.41,122.5,229.8,46.1,4,1
1675.17,166.8,112.7,61.9,4,1
2644.87,107.5,433.9,53.3,4,1
2892.26,124.8,466.0,58.8,5,1
3166.44,128.3,488.9,77.5,5,2
2159.85,148.6,276.2,51.2,4,1
1698.68,117.6,188.7,52.6,5,1
3578.26,153.5,542.1,88.4,4,2
1755.81,133.7,144.0,71.7,5,1
2556.62,126.5,339.0,77.2,4,1
2644.32,153.3,356.7,67.2,4,1
3226.93,204.4,411.3,84.9,4,1
1273.63,116.5,105.8,42.7,4,1
2378.75,147.3,309.2,61.4,4,1
2830.09,145.4,354.4,92.3,5,2
4338.75,190.9,680.7,94.7,5,1
2808.35,103.6,470.8,56.7,4,1
3232.85,174.7,450.4,81.4,5,2
3072.02,166.5,438.9,72.3,4,2
2778.54,163.5,369.1,72.0,5,1
1748.35,203.5,64.2,75.3,4,1
2163.73,121.5,265.9,68.2,4,1
3040.26,141.6,476.8,62.9,4,1
1605.24,128.3,150.1,54.6,4,1
2190.38,169.3,169.9,92.6,4,1
2356.05,154.9,273.5,71.4,4,1
3159.98,199.5,365.3,100.1,5,1
1721.1,116.0,200.7,50.5,4,1
2519.26,113.3,393.8,54.6,4,1
1971.12,164.3,184.7,63.9,4,1
3404.1,166.2,502.1,81.2,5,2
1585.43,99.9,184.2,49.9,4,1
1252.69,112.1,92.6,48.2,4,1
1866.09,135.4,201.3,57.7,4,1
1612.3,164.9,103.3,59.9,4,1
3288.61,190.3,391.2,106.9,5,1
3394.38,129.9,547.3,76.2,6,1
2931.81,167.9,347.4,96.7,5,2
2679.65,94.6,476.4,44.0,5,1
2639.92,172.9,347.4,62.1,4,1
2475.25,212.6,171.4,104.3,5,1
2436.62,150.2,291.7,74.4,4,1
3563.44,199.1,485.6,91.6,6,2
1733.88,110.4,199.1,55.1,4,1
1674.75,148.2,133.9,60.7,4,1
3544.34,180.6,539.0,74.0,4,1
3009.2,150.2,445.1,69.8,5,1
3737.82,170.3,530.2,104.0,5,1
2695.55,122.9,395.6,69.1,5,2
2266.73,119.1,283.8,72.8,6,2
1910.62,103.8,276.0,43.5,5,1
1364.4,115.0,118.8,47.7,4,1
2103.64,152.4,203.2,75.7,5,1
2987.4,146.9,430.1,75.5,5,2
2286.61,136.9,298.6,60.5,4,1
2974.76,186.2,360.5,87.6,5,1
2296.5,188.4,182.3,90.4,4,1
2449.38,95.0,412.3,46.7,4,1
2784.44,132.6,414.1,66.4,4,1
2320.59,112.9,340.3,56.4,6,2
2043.97,187.4,140.7,81.3,4,1
3523.7,161.3,523.6,87.2,4,1
2935.44,174.2,406.0,68.3,4,1
2985.66,244.2,299.3,90.2,4,1
3079.32,238.9,317.9,94.7,4,1
3320.54,186.1,406.6,105.5,5,2
2780.98,145.9,367.5,80.8,4,2
2221.66,149.5,243.6,72.1,5,1
2913.5,199.9,331.6,87.5,6,2
2862.84,146.6,413.4,69.2,5,1
2301.27,117.0,336.7,54.1,5,2
3658.37,136.9,602.7,77.8,5,2
2220.32,141.2,289.6,55.3,4,1
1729.79,133.5,182.6,51.7,4,1
2313.54,150.4,234.2,86.1,5,2
2338.64,147.3,275.0,72.2,4,1
4295.37,219.8,633.1,98.2,4,1
1649.17,162.8,86.0,72.7,4,1
2594.09,139.8,367.0,63.0,6,1
2304.78,196.1,181.0,88.5,4,1
2576.88,134.4,331.4,79.3,5,1
4534.79,180.9,754.5,88.1,5,1
1579.2,125.4,147.1,54.4,4,1
2229.15,107.7,336.7,50.2,5,1
3766.35,173.6,542.0,100.4,6,2
3525.64,150.8,548.1,81.1,5,2
2003.96,99.7,263.2,61.4,5,2
2181.58,103.3,346.0,42.7,4,1
3011.22,205.5,292.4,113.3,5,2
3436.76,143.2,566.2,66.5,4,1
2162.85,131.9,263.3,64.7,4,1
3111.66,224.8,355.5,87.9,4,1
3635.24,177.2,480.0,111.8,5,2
2768.87,131.9,354.1,91.7,6,1
3192.87,233.2,351.5,94.9,4,1
2987.48,148.1,413.4,82.4,6,2
2882.01,129.5,457.8,59.2,6,1
3482.5,173.2,458.5,106.2,5,2
2197.92,184.6,207.9,69.8,4,1
2384.35,242.9,153.7,88.7,4,1
2890.53,179.5,331.9,93.9,4,1
3347.63,117.8,576.6,63.4,5,2
1852.26,123.1,212.8,56.5,4,1
3271.75,187.2,470.5,71.2,4,1
2211.02,143.8,291.0,52.4,4,1
2914.23,126.9,461.9,62.1,5,1
4043.95,166.3,625.1,97.6,5,2
3045.34,185.5,351.2,99.8,5,1
2134.35,195.8,159.4,79.3,4,1
2068.8,141.9,226.2,66.2,5,1
3807.73,201.4,521.3,101.9,5,2
2219.04,173.1,207.3,77.5,4,1
2282.72,241.1,90.6,106.2,4,1
2518.02,160.5,252.3,96.3,6,2
2216.31,154.2,233.4,74.0,4,1
2096.68,111.1,279.5,59.3,5,2
3169.14,154.0,504.0,59.7,4,1
1969.55,196.3,117.5,79.4,4,1
3935.74,172.5,594.7,96.3,5,2
2907.83,152.9,415.8,70.3,5,2
2540.97,179.4,278.4,78.8,4,2
2877.92,234.9,276.6,92.4,4,1
4169.48,150.1,719.3,76.9,5,2
2127.75,116.9,253.3,71.9,5,2
3044.59,165.8,422.6,76.8,5,1
2762.77,150.2,355.0,82.4,5,1
1843.18,195.7,67.6,87.7,4,1
2410.79,136.4,323.0,63.7,5,2
1975.69,126.2,227.3,62.4,4,1
1693.93,188.2,58.2,78.7,4,1
3530.55,149.9,553.8,79.5,5,2
1601.53,117.5,151.9,58.2,4,1
2688.53,208.3,234.7,101.8,5,1
2568.23,109.9,404.4,56.8,5,1
3619.71,177.5,525.0,90.0,5,2
2678.66,201.9,266.8,89.3,4,1
3597.89,157.6,586.7,68.9,6,2
1720.56,128.1,181.1,53.7,4,1
2943.86,198.3,352.7,82.2,4,1
2093.32,137.7,251.1,59.8,4,1
3003.13,180.5,320.3,111.1,5,1
3157.99,164.6,429.8,86.7,6,2
2408.21,194.5,222.7,82.2,5,1
2360.28,154.1,297.1,61.7,4,1
2899.54,157.8,382.6,82.0,6,2
2103.2,96.0,318.2,49.6,6,2
3191.17,231.2,355.8,93.7,4,1
2591.17,161.2,282.7,90.6,4,1
2701.88,111.1,450.6,50.6,5,1
2305.57,169.6,216.6,84.5,4,1
2974.71,168.3,421.2,68.5,5,2
2270.53,128.7,291.1,65.7,4,1
2870.86,223.3,260.1,104.1,4,1
2613.43,108.9,417.9,56.2,4,1
2062.89,117.6,280.9,52.1,4,1
1946.39,111.7,267.4,47.8,4,1
3863.78,191.1,556.4,97.1,4,1
3074.87,162.8,458.2,65.6,5,1
2666.35,216.2,259.3,84.9,4,1
2292.35,112.0,341.0,53.4,5,1
1900.39,155.3,183.4,60.6,4,1
4224.73,168.8,650.1,105.5,5,2
2081.15,214.9,130.1,77.9,4,1
2070.41,121.0,248.1,66.0,5,1
2742.1,160.6,364.6,71.3,5,2
2280.3,176.5,196.3,87.7,4,1
3197.62,166.9,425.5,92.0,5,2
2094.84,197.4,147.7,79.4,4,1
4483.82,175.7,692.3,112.5,6,2
3904.25,150.8,616.8,92.7,5,1
2159.22,109.1,307.7,54.7,6,2
4547.7,197.8,686.9,112.1,6,2
1970.53,99.1,256.5,60.9,6,2
2248.37,136.6,289.0,60.6,4,1
1460.88,145.1,100.0,53.4,4,1
1932.6,172.3,144.8,73.8,4,1
2120.87,102.0,322.2,47.2,4,1
1252.92,110.6,97.1,46.9,4,1
3876.66,229.0,510.6,102.0,5,1
1891.44,169.1,161.8,63.1,4,1
1895.23,195.7,108.5,75.4,4,1
2186.79,204.8,155.8,82.7,4,1
3520.11,168.8,541.6,75.4,6,1
2646.46,87.1,445.0,57.5,6,2
1885.09,211.4,58.6,89.5,4,1
2983.65,108.5,471.2,73.9,5,2
4002.39,178.5,588.9,103.6,5,2
2206.68,103.2,332.6,51.5,4,1
2344.05,192.7,230.2,72.5,4,1
3707.27,199.0,516.1,94.1,6,2
2034.12,172.3,165.4,75.9,4,1
1806.02,109.8,239.8,45.3,4,1
1983.93,176.3,151.8,74.6,4,1
2568.29,135.4,368.1,61.6,4,1
3298.78,149.3,531.5,63.9,6,2
3386.23,176.9,460.6,92.9,5,2
2612.81,132.6,405.3,51.2,4,1
1997.22,113.5,281.5,46.4,4,1
2451.8,180.8,255.1,78.7,4,1
2467.69,113.4,348.4,68.9,5,2
2240.01,201.3,161.7,87.6,4,1
2818.43,210.3,218.0,122.8,6,2
1655.91,140.7,134.8,61.5,4,1
4404.09,170.4,728.6,89.8,4,1
2324.01,172.0,262.3,65.2,4,1
3875.82,154.1,638.3,78.5,5,1
2876.71,91.1,513.8,50.8,5,1
2940.25,127.8,463.3,64.0,4,1
3167.35,113.2,542.7,60.5,5,2
1850.69,150.4,154.3,70.2,4,1
2589.73,130.4,374.1,63.5,6,2
4488.5,163.3,703.8,113.4,5,2
2323.36,152.5,290.4,61.3,4,1
3767.59,170.0,580.2,85.2,5,1
3225.69,170.3,383.2,112.4,5,2
4824.88,216.3,784.4,91.3,5,2
2864.03,209.6,303.2,90.3,4,1
2468.44,153.0,322.6,62.9,4,1
2403.01,133.2,331.6,60.4,4,1
2379.9,95.9,357.8,62.8,5,2
2197.78,189.8,209.7,66.6,4,1
1877.24,191.5,107.9,75.5,4,1
3018.49,240.5,284.3,102.1,4,1
2490.14,205.8,253.1,72.8,4,1
3127.62,136.8,500.6,64.2,5,2
2246.32,120.4,310.6,58.0,4,1
1896.58,153.9,172.5,65.7,4,1
4158.06,191.1,597.7,111.4,5,2
2935.74,136.2,418.6,79.6,6,2
2776.72,94.6,465.4,59.6,6,1
3185.62,168.5,450.2,78.9,5,1
2696.85,113.5,443.7,52.0,5,2
2815.78,153.8,357.7,85.5,5,1
2460.26,130.5,335.1,66.4,5,2
3450.88,159.1,499.9,90.5,4,1
2978.98,165.3,384.7,86.5,4,2
1927.75,108.4,247.1,56.2,4,1
1801.7,145.6,171.0,59.5,4,1
1484.57,158.8,59.3,68.0,4,1
3813.64,190.7,540.8,98.6,5,1
3749.01,186.9,497.9,112.2,5,1
3269.77,162.4,471.6,81.5,6,2
3457.97,146.2,565.8,67.8,5,1
2803.48,166.4,356.1,79.3,4,1
2878.36,118.3,469.5,58.6,5,2
2445.59,118.4,384.1,48.4,5,1
2244.33,253.8,112.8,86.4,4,1
2187.22,165.8,249.8,58.3,4,1
2913.24,114.4,481.6,58.8,4,1
1748.58,143.6,174.8,52.8,4,1
2991.13,162.2,398.2,83.2,4,1
3644.04,186.5,546.1,79.3,4,1
3036.61,176.0,430.2,68.0,5,1
4332.94,194.2,633.8,113.4,6,2
2898.75,112.2,478.0,59.8,6,2
3193.53,190.8,396.1,94.0,4,1
2076.13,174.6,189.9,68.7,4,1
1324.07,118.0,118.9,41.8,4,1
2250.24,114.1,296.8,67.4,4,1
2420.12,135.8,340.5,57.2,5,2
2311.41,129.3,301.1,65.5,5,2
2396.12,120.9,321.3,69.7,5,2
2950.09,111.7,502.4,54.8,5,2
4620.47,207.8,748.3,88.5,6,2
2633.88,177.6,322.0,70.6,4,1
2357.71,175.9,241.6,76.4,4,1
2231.33,105.9,351.9,44.5,4,2
1482.93,108.6,145.0,52.0,4,1
4318.99,207.0,636.9,104.8,6,2
2073.51,106.3,257.5,68.7,5,2
2395.35,111.4,361.0,56.2,5,1
2775.96,147.6,403.1,63.7,4,1
2187.28,88.2,332.0,56.3,6,1
2344.28,197.5,181.3,92.1,4,1
3274.69,149.4,498.8,75.8,5,2
2516.63,190.5,261.2,78.9,4,1
1856.9,130.9,218.0,51.2,4,1
1988.42,197.6,95.2,90.8,4,1
2337.88,156.0,278.0,66.9,4,1
2360.51,117.6,320.1,67.7,5,1
2741.6,173.1,283.8,101.5,5,1
2663.62,120.8,416.2,57.3,4,1
2236.88,144.7,202.1,94.4,5,2
2748.89,203.7,287.4,87.1,4,1
1942.88,169.6,145.9,75.6,4,1
3264.22,114.8,559.9,62.8,4,1
2507.3,93.1,413.0,53.6,5,2
1759.6,218.0,49.3,76.7,4,1
2919.26,206.9,353.3,75.4,4,1
3629.16,155.3,583.4,74.9,5,2
1824.02,145.2,154.9,69.3,5,2
1551.12,235.1,0.0,92.2,4,1
2260.82,152.8,274.1,61.5,4,1
1667.32,114.8,195.7,47.3,4,1
2635.43,161.5,302.5,86.6,5,1
2420.53,183.0,272.2,66.6,4,1
2031.78,97.8,300.9,48.6,5,1
1399.06,119.8,103.0,56.4,4,1
2434.61,184.9,242.3,80.6,4,1
2495.1,150.2,270.1,90.4,6,2
1163.39,127.2,54.3,48.6,4,1
2659.09,123.2,405.1,60.7,5,2
4382.97,205.9,624.1,118.1,5,2
4147.02,199.3,593.0,108.7,4,2
2174.22,153.9,243.6,64.9,5,2
2242.0,161.2,255.2,64.1,4,1
1906.89,83.0,288.8,46.6,5,1
2474.28,197.7,222.8,88.0,5,1
1976.7,201.5,86.2,91.7,4,1
1928.94,93.2,283.0,47.2,5,1
4180.82,173.6,645.4,100.5,6,2
3379.47,150.4,540.6,68.4,5,2
2349.34,164.3,285.0,61.3,4,1
4683.47,180.1,750.3,106.9,5,2
2393.11,232.6,135.5,102.3,4,1
3411.91,173.8,507.9,76.1,4,2
2971.65,184.2,399.1,70.9,5,1
1490.93,103.3,163.4,47.1,4,1
2204.37,162.5,247.7,62.6,4,1
3140.53,103.4,565.9,51.5,5,2
3124.43,149.5,405.5,100.5,5,1
3020.37,149.6,451.5,68.4,5,1
2271.64,164.6,240.9,72.2,4,1
1798.19,110.8,203.5,60.1,5,1
2874.65,131.4,452.0,60.1,5,1
2860.11,100.9,495.6,52.7,5,2
2473.18,192.9,247.6,79.0,4,1
3218.36,123.7,491.0,84.4,6,2
3356.54,210.1,399.1,102.2,5,2
3101.43,160.3,446.1,75.1,4,1
2578.02,175.6,251.9,96.4,4,1
4101.75,188.5,606.9,102.2,5,2
2014.31,208.2,86.3,92.9,4,1
4136.19,173.2,662.8,88.0,5,2
1802.68,150.7,156.5,63.8,4,1
2389.41,204.6,192.1,89.2,5,2
2462.39,121.2,339.9,68.7,5,2
3047.36,244.3,295.7,98.6,4,1
2889.5,182.6,330.7,92.9,5,1
2123.51,172.9,170.2,83.5,5,1
3598.46,167.0,518.1,95.3,4,1
2692.19,111.2,434.1,56.7,5,1
2619.56,198.3,258.6,88.0,5,2
2901.79,186.7,327.6,93.8,5,2
2798.21,129.4,426.9,63.7,5,1
1897.6,119.6,235.5,53.0,4,1
2080.41,112.7,271.3,60.5,4,1
4735.11,201.7,752.8,101.9,6,1
3101.25,144.9,478.9,67.3,4,1
1495.86,93.4,179.6,44.8,4,1
4155.48,204.0,567.7,118.7,6,2
3362.06,167.8,461.3,94.0,5,1
2541.46,187.6,288.0,71.0,4,1
3167.44,155.5,462.5,77.3,4,1
2514.5,121.9,357.2,66.4,5,1
2045.85,106.5,304.7,44.5,4,1
2244.9,118.6,305.8,60.8,5,1
3512.12,165.6,448.8,117.2,5,2
3578.54,175.4,493.6,100.3,4,1
3317.82,134.1,518.4,78.7,5,2
1937.95,112.5,264.6,47.7,4,1
2184.78,189.5,196.7,71.1,4,1
2825.84,146.6,403.4,69.6,5,1
3011.87,173.4,432.6,65.3,5,1
4078.38,206.5,629.1,81.8,5,1
3659.66,167.9,562.9,81.9,5,2
3968.59,170.9,632.9,83.7,5,2
3288.85,126.8,532.5,72.4,5,1
3434.59,197.7,475.2,82.5,4,1
2005.61,94.9,306.6,44.4,5,2
2505.91,105.1,355.9,73.5,5,1
3259.94,142.4,508.0,73.1,6,2
3726.14,183.5,561.4,82.9,4,1
2920.97,223.5,319.7,83.1,4,1
3624.46,118.4,604.8,81.3,5,1
2186.26,88.9,343.7,50.7,5,1
3399.36,149.6,498.0,89.9,6,2
2240.85,172.9,231.5,69.3,4,1
2530.47,159.5,265.5,92.3,6,2
3158.17,167.3,394.5,101.2,6,2
2441.17,166.1,302.1,63.1,4,1
1595.0,188.1,47.5,72.5,4,1
1744.6,205.6,62.0,74.9,4,1
3970.91,191.9,566.1,104.3,6,1
2367.26,110.1,367.1,50.9,5,2
3291.3,164.1,482.3,78.4,4,1
2661.1,137.9,400.4,56.4,4,1
1856.8,173.4,137.4,68.2,4,1
2809.84,124.2,428.8,66.4,4,1
1842.77,178.9,87.6,86.3,4,1
1680.52,155.9,129.5,59.9,4,1
1718.25,195.7,45.7,83.6,4,1
3767.42,163.0,582.3,87.3,5,2
2758.96,159.6,383.1,65.4,4,1
4422.54,161.8,711.2,103.4,6,1
2779.8,115.1,462.0,52.4,4,1
3258.15,177.4,391.1,109.4,6,2
3037.51,210.6,367.3,80.7,4,1
2603.83,131.9,354.0,73.4,5,2
2394.65,197.7,211.1,84.4,4,1
2110.31,173.1,198.2,69.5,4,1
2100.7,165.2,203.5,69.5,4,1
2282.61,108.8,364.1,43.4,4,1
4081.42,203.5,620.6,87.2,5,1
3081.21,179.7,336.9,112.8,5,2
2421.6,95.4,417.0,41.3,5,2
2548.01,144.9,288.5,90.5,5,2
2605.08,169.9,314.5,74.1,5,1
2831.52,181.8,330.9,86.7,4,1
2543.51,135.6,349.7,66.9,5,2
3344.06,224.0,379.5,103.4,5,1
3765.79,164.6,560.3,96.2,5,2
3717.46,257.0,453.3,97.4,4,1
3176.8,135.8,491.4,74.2,5,1
2456.54,102.0,380.7,58.4,5,2
1535.66,126.5,147.6,48.8,4,1
2141.51,181.5,200.9,68.0,4,1
1859.96,122.3,243.0,44.3,4,1
2324.69,251.4,132.7,87.6,4,1
2987.22,130.5,471.4,64.4,5,1
2831.26,170.4,351.9,82.4,5,1
1501.54,126.4,123.7,55.7,4,1
2540.52,127.6,353.9,68.3,4,1
2255.4,83.0,360.4,53.5,6,2
2101.66,100.1,290.3,60.0,6,2
2629.4,128.4,400.7,57.0,4,1
2341.46,117.6,349.9,52.4,5,1
1705.47,143.9,167.3,51.2,4,1
3075.37,226.7,358.7,81.6,4,1
1795.35,115.9,205.3,56.7,4,2
2891.01,139.3,399.0,82.0,5,1
3527.61,191.1,480.4,93.5,4,1
2222.25,114.5,321.9,53.0,6,2
1486.77,110.2,149.9,49.6,4,1
2752.82,176.3,283.9,101.3,5,2
3227.2,223.2,376.4,92.1,4,1
2561.58,251.4,160.5,101.5,4,1
3010.64,170.8,420.5,71.7,6,2
3263.96,136.4,483.3,87.2,6,2
2491.68,160.4,302.2,71.3,4,1
2167.91,192.2,183.9,73.7,4,1
1958.02,123.2,226.3,62.3,5,1
2056.76,82.3,328.4,46.0,6,2
2181.03,182.4,186.9,78.2,4,1
3753.21,152.9,606.8,79.3,5,2
2129.12,129.1,283.8,53.1,4,1
2326.3,220.5,145.2,96.0,4,1
3263.5,185.4,449.4,80.4,5,1
3496.02,125.3,554.6,86.3,6,2
1918.8,136.0,184.9,70.6,4,1
2603.22,209.9,223.4,96.7,5,1
1727.61,157.0,106.0,75.1,4,1
1565.07,98.8,172.0,53.6,4,1
1929.81,122.4,243.2,51.9,5,1
3658.94,189.3,507.4,96.9,5,2
2678.75,191.8,281.0,87.5,4,1
3086.89,196.7,332.9,107.6,6,2
3036.11,209.7,353.6,87.0,4,1
1985.27,92.1,293.7,49.1,4,1
2907.28,165.9,330.8,102.3,5,2
2026.33,145.2,225.0,60.6,4,1
1861.45,136.1,198.0,58.4,4,1
3102.21,169.9,418.6,83.1,5,1
2866.52,171.6,379.6,73.5,6,2
2851.12,120.6,424.9,74.3,5,2
2709.49,157.9,351.2,74.8,5,2
3065.99,211.5,371.3,81.6,4,1
2445.98,115.3,364.5,58.5,4,1
1151.22,110.3,78.5,44.0,4,1
3021.62,166.6,421.3,74.4,6,2
2546.02,187.2,267.8,80.7,4,1
2258.89,206.4,179.9,79.3,4,1
3394.71,145.7,553.0,66.7,4,1
1692.81,119.5,174.3,57.5,4,1
2666.62,154.4,290.4,98.6,5,1
3108.4,209.2,359.7,92.5,4,1
2413.72,160.4,255.6,83.3,4,1
1415.08,142.4,79.6,58.6,4,1
3685.9,175.9,482.1,117.1,5,1
2205.39,193.3,172.7,82.4,4,1
2764.89,88.6,506.2,42.8,6,2
2775.0,103.2,478.6,49.8,5,1
2297.87,154.9,259.3,71.2,4,1
2818.9,236.2,249.8,97.2,4,1
3252.14,158.3,405.3,110.9,5,2
3167.79,160.3,470.4,71.7,5,1
4042.02,162.2,639.6,92.7,5,2
1929.29,160.1,170.2,67.6,4,1
1781.39,113.2,197.6,59.8,5,1
2568.02,214.3,214.0,95.0,4,1
2153.43,152.3,227.5,70.5,5,1
3284.92,162.5,483.9,77.7,5,2
3616.74,202.1,486.5,95.8,4,1
2352.49,163.6,213.4,93.8,5,1
2765.66,162.0,304.4,100.0,5,2
2406.07,127.4,338.6,60.2,5,1
3506.51,232.6,421.5,98.9,4,1
1686.5,151.3,113.9,69.5,4,1
2083.2,131.6,265.3,55.1,5,1
2227.37,134.8,238.8,81.4,5,2
2137.11,102.4,334.4,43.3,4,1
2252.67,130.5,302.9,57.7,5,1
3321.17,217.9,404.6,92.3,4,1
1990.06,111.0,282.6,46.2,4,1
3179.11,231.1,371.1,85.6,4,1
3079.32,163.9,436.1,75.5,5,1
2510.76,178.9,259.7,84.0,4,1
2950.75,178.6,366.7,85.5,5,1
2952.6,173.4,349.2,95.8,5,2
2575.25,171.6,311.1,71.6,4,1
3277.87,134.4,511.5,77.1,5,2
3299.98,129.7,555.9,62.0,5,2
1916.77,145.9,185.1,65.9,4,1
3727.6,181.8,560.7,84.2,4,1
2325.79,230.3,146.7,90.9,4,1
3990.9,186.2,602.3,93.0,5,2
1895.3,193.0,128.8,67.6,4,1
2625.0,185.5,267.3,90.4,5,1
1800.91,86.5,252.3,49.5,4,1
2946.94,153.0,371.5,94.3,4,1
2911.08,109.6,488.2,57.7,5,1
2019.3,100.4,260.6,64.0,5,2
1734.24,175.8,83.4,77.5,4,1
1591.84,173.2,71.9,67.9,4,1
3173.08,193.7,379.5,97.8,5,2
2802.6,118.5,445.4,60.8,6,1
2272.17,189.8,189.2,84.0,4,1
4046.23,171.8,610.6,101.9,5,1
2596.3,245.2,189.1,95.5,4,1
4093.47,173.2,595.4,113.2,5,2
1722.0,123.8,203.2,46.0,4,1
2002.8,157.8,164.2,79.4,4,1
2436.16,177.1,239.1,85.7,5,1
2212.37,167.0,231.5,68.7,4,2
3693.57,149.5,530.0,108.4,5,2
2284.62,103.0,354.6,50.4,4,1
3535.95,170.3,503.5,93.4,5,2
2770.86,106.2,460.1,56.2,6,2
1666.12,123.5,191.4,45.2,4,1
3477.98,159.7,500.3,93.1,6,2
2581.03,141.2,328.2,78.2,6,2
2103.55,163.4,195.4,74.3,4,1
3065.41,120.0,484.5,71.9,5,2
1601.45,107.3,192.5,44.7,4,1
3007.78,225.7,330.5,87.0,4,1
1935.95,111.2,268.7,46.2,5,2
2978.74,170.5,380.1,86.2,4,1
3077.37,134.0,470.7,73.1,5,2
2479.52,192.8,245.6,80.7,4,1
3643.87,142.3,545.5,99.2,5,2
2952.12,110.9,484.0,63.6,4,1
2677.4,162.9,351.4,68.9,4,1
2717.63,250.8,223.3,91.3,4,1
2682.65,141.0,356.6,76.9,5,1
3821.65,205.7,535.2,95.3,5,1
4249.95,182.5,624.1,113.7,5,2
2472.05,210.9,189.9,96.6,4,1
3285.4,159.2,490.3,76.3,5,2
4018.0,204.5,573.6,100.6,5,2
2575.26,154.3,306.9,81.2,5,2
2472.78,139.0,286.4,85.7,5,2
1604.24,172.2,53.0,78.2,4,1
2465.99,212.5,195.8,92.5,4,1
3782.85,167.4,598.3,80.0,5,1
2243.7,147.1,224.3,84.2,6,1
1997.9,138.5,234.3,56.3,5,1
2009.7,201.9,124.9,78.1,4,1
3159.81,139.5,481.2,75.2,4,1
3029.2,186.6,305.9,117.7,6,2
2405.27,136.9,351.2,50.3,5,1
3778.27,157.1,624.3,72.5,5,2
2073.34,205.4,106.1,91.9,4,1
2189.94,158.6,248.6,62.4,4,1
1852.26,127.6,203.8,58.5,4,1
3030.6,178.7,400.3,79.4,4,1
2181.12,151.2,245.8,65.9,5,1
2049.99,187.3,155.1,75.6,4,1
3941.91,172.5,560.0,112.4,5,2
2552.28,141.7,309.1,83.3,5,2
2029.67,117.9,259.4,57.8,4,1
1414.88,139.8,93.8,53.4,4,1
2456.65,134.0,311.2,75.1,5,2
3650.58,167.2,513.5,103.1,5,2
2258.75,123.4,336.7,46.5,4,1
1929.27,135.2,227.7,53.1,4,1
1406.66,122.6,123.8,46.8,4,1
3052.18,206.3,294.1,116.7,5,2
2768.1,182.8,282.3,100.8,5,1
2043.64,121.9,256.7,58.8,4,1
2352.9,167.0,192.0,101.9,6,1
2281.02,134.4,262.4,77.1,5,2
2371.26,191.3,204.7,87.4,5,2
3009.41,139.6,478.4,59.7,4,1
2642.26,102.4,444.4,50.6,5,1
1866.89,176.7,134.2,69.2,4,1
2815.51,181.3,316.4,91.6,6,2
2942.81,222.3,326.6,83.0,4,1
1363.3,118.0,114.2,48.3,4,1
2332.49,112.4,347.9,54.6,4,2
2363.91,257.6,96.4,105.3,4,1
1201.11,112.5,74.8,50.2,4,1
3230.77,152.1,481.5,77.4,6,2
1443.87,118.7,134.0,48.1,4,1
2267.34,144.7,263.9,70.3,5,2
2352.51,206.5,161.3,97.9,4,1
2024.16,155.7,192.1,70.3,4,1
1534.41,116.1,153.4,50.7,4,1
2583.83,225.3,190.7,102.2,4,1
1115.17,113.1,53.6,49.8,4,1
3615.75,164.8,536.8,89.9,5,2
3849.59,214.3,551.1,87.5,6,2
1740.98,122.5,175.3,61.1,4,2
2480.17,109.4,351.3,70.8,5,2
3502.35,156.5,516.2,90.2,5,2
3056.86,158.9,361.9,108.2,6,2
1723.76,112.1,214.5,46.4,4,1
3149.11,183.6,399.1,90.9,5,2
3430.11,120.8,586.5,66.8,4,1
2411.04,160.5,293.0,66.3,4,1
3023.88,179.0,332.1,108.8,5,1
2153.07,110.5,320.9,47.5,4,1
1837.18,91.1,255.7,50.0,5,2
2932.95,129.8,468.3,60.1,6,1
1841.54,126.9,208.5,55.5,4,1
1855.98,175.8,121.1,74.3,4,1
2365.69,140.8,294.3,69.4,5,2
2523.94,92.9,423.1,51.1,4,2
3152.2,162.3,410.6,95.6,5,2
2762.46,174.0,356.1,71.3,4,1
2484.13,94.2,412.8,50.6,5,1
3318.02,234.0,389.1,91.8,4,1
2342.42,173.6,244.3,74.6,4,1
4174.06,178.8,682.0,81.2,5,2
1542.63,130.3,143.9,49.5,4,1
2484.62,103.7,397.5,53.3,5,2
4222.97,159.5,642.6,112.7,6,2
2271.79,133.0,255.1,79.9,5,1
2009.0,82.9,286.3,59.1,5,1
2302.42,136.1,276.8,72.3,6,2
3276.5,153.1,475.5,84.7,4,1
1250.32,130.8,58.6,54.7,4,1
3085.66,121.3,502.0,65.8,5,2
2343.23,103.6,362.6,53.2,5,2
2140.0,212.0,113.3,93.2,4,1
2692.29,137.3,358.1,78.9,5,1
2835.75,167.4,353.8,83.4,5,1
3388.23,128.7,554.5,72.8,5,2
3326.45,120.7,559.6,67.2,6,2
4305.33,189.9,684.2,89.9,5,1
1659.74,111.2,196.6,47.6,4,1
4713.84,183.8,710.0,126.5,6,2
2857.64,200.9,320.8,85.7,4,1
2602.9,189.6,197.9,117.0,5,1
3254.46,203.7,368.3,107.4,5,2
3054.22,251.4,281.1,102.7,4,1
2706.76,183.8,313.6,79.7,4,1
4052.5,201.7,599.2,94.4,5,2
2217.38,146.3,272.2,60.4,4,1
3668.08,137.0,610.2,75.5,6,1
2432.09,138.9,299.5,75.4,5,1
1831.04,161.5,135.7,71.3,4,1
3264.55,134.3,535.9,64.9,4,1
2596.28,170.2,291.5,83.2,4,1
2097.46,94.6,309.7,53.4,5,2
2259.95,130.4,294.2,62.4,5,1
2411.62,106.2,380.9,51.5,5,2
2522.32,174.0,296.8,71.0,4,1
2496.53,98.6,404.3,53.9,5,2
1828.78,199.7,59.1,88.2,4,1
2799.88,179.4,338.2,81.1,5,2
2485.37,158.0,255.7,92.3,5,1
1756.2,115.3,194.5,57.5,4,1
1556.84,128.6,154.6,47.1,4,1
1826.78,140.5,200.3,51.5,4,1
1997.82,133.1,234.3,58.7,5,1
3599.31,225.3,466.6,92.4,4,1
2729.2,190.2,301.4,84.8,5,2
2919.26,213.3,329.8,83.0,4,1
2802.07,134.0,384.2,81.0,5,2
3130.02,144.5,479.1,70.6,4,1
4021.6,157.2,625.0,99.2,5,1
1975.48,93.7,277.4,54.6,5,2
2255.05,134.7,238.6,84.7,5,2
1932.25,177.1,138.4,74.5,4,1
2007.23,242.8,40.1,97.3,4,1
2886.14,144.9,407.3,75.3,4,1
3579.23,170.6,514.4,93.2,4,1
1367.84,102.0,132.0,48.0,5,1
2075.7,132.6,278.8,47.8,4,1
3178.24,173.6,409.6,94.0,6,2
1746.25,137.6,142.0,69.8,4,1
3973.63,171.3,597.9,99.6,5,1
3255.12,135.1,521.3,69.9,4,1
2507.45,98.1,409.6,52.9,5,2
1987.03,159.5,170.9,73.9,4,1
3445.27,195.0,403.4,116.9,5,2
2765.01,210.1,257.2,99.6,4,1
2992.72,134.0,419.0,86.7,6,1
1544.37,105.5,183.2,43.3,4,1
2399.47,85.0,387.9,56.4,5,2
1538.64,136.1,139.8,48.3,4,1
2346.7,142.7,242.4,89.6,5,2
1680.0,94.0,219.3,47.4,4,1
1699.92,235.5,3.5,82.6,4,1
3332.43,179.0,397.6,114.0,5,2
2621.44,212.4,259.5,81.6,4,1
2625.42,173.2,344.5,61.6,4,1
2432.72,146.3,290.7,76.1,6,2
2267.34,116.6,299.8,66.9,4,1
2890.67,210.7,328.4,81.6,4,1
3578.33,132.1,576.2,82.8,5,2
2976.18,110.0,493.8,62.3,5,1
3002.66,189.6,403.2,70.2,4,1
1950.09,116.6,254.7,51.6,5,1
2425.82,160.5,255.2,84.8,5,1
2528.01,210.9,207.6,94.9,4,1
2577.92,142.4,380.3,54.1,5,1
2180.79,116.2,297.4,58.5,5,2
3057.36,131.7,497.5,60.1,5,1
3544.02,145.6,549.7,84.8,5,2
3738.31,168.9,583.8,80.8,6,2
3084.8,154.1,457.2,71.0,5,1
2010.3,135.6,216.9,66.7,4,1
4246.42,218.3,635.1,92.6,4,1
2167.24,161.8,222.5,70.0,5,1
1764.06,122.8,203.1,51.2,5,1
3784.24,205.1,478.4,116.7,5,2
2292.3,102.0,334.0,60.9,4,1
2673.74,228.8,230.8,92.8,4,1
1663.89,150.8,110.7,68.7,4,1
1852.71,102.9,221.5,61.7,4,1
2534.25,173.4,309.6,66.9,4,1
1822.49,107.2,239.8,48.3,4,1
2087.09,177.7,170.3,77.3,4,1
2719.94,162.2,357.5,71.2,4,1
2856.65,156.1,405.7,67.7,5,1
2640.36,108.2,431.7,53.4,4,1
3145.22,166.1,443.7,78.5,5,2
2998.2,117.0,497.6,60.0,5,1
3181.38,130.7,485.0,79.8,5,2
2227.13,198.7,192.0,73.8,4,1
3244.15,193.6,437.0,80.2,4,2
2047.78,226.2,68.9,96.4,4,1
3115.5,138.4,503.5,60.9,4,1
3294.43,148.7,477.8,87.6,6,2
2143.28,188.6,169.9,78.8,4,1
2619.88,140.3,367.0,65.6,4,1
4408.42,179.7,719.8,90.0,5,1
3603.78,209.8,474.1,96.5,5,1
2255.1,151.7,223.0,84.0,5,1
3172.94,153.2,470.3,75.4,5,2
3508.7,160.0,491.4,100.3,5,2
2199.32,125.8,274.2,66.6,6,1
1928.37,130.2,249.1,45.7,4,1
2633.5,193.0,303.1,72.1,4,1
1493.52,169.2,68.0,60.5,4,1
2981.05,176.0,351.9,96.6,6,1
1629.95,144.3,145.2,52.4,4,1
2298.51,181.0,253.7,62.2,4,1
2435.02,174.2,240.4,86.3,5,2
4380.52,196.2,668.3,102.5,6,2
2212.63,156.2,229.0,74.6,4,1
1740.48,165.3,112.4,69.9,4,1
2301.11,238.2,136.7,89.0,4,1
2963.18,165.3,379.5,87.1,4,1
2414.09,104.0,367.9,58.5,5,2
5007.82,169.7,883.7,88.2,5,2
2430.95,112.3,352.7,63.4,5,2
3624.53,214.5,428.1,117.1,5,2
4563.31,203.2,717.9,97.7,5,2
3183.01,222.3,336.5,105.3,4,1
2287.89,128.5,279.4,72.9,5,2
2365.79,87.2,384.9,53.0,5,2
3218.65,217.0,380.6,92.0,4,1
2604.16,92.6,423.1,60.1,6,2
2197.8,224.5,103.6,98.4,4,1
2305.9,127.1,315.2,59.7,5,1
2872.36,87.2,520.7,49.0,5,2
3199.35,181.3,369.5,110.7,5,2
2834.15,201.5,286.4,98.1,4,1
2566.88,120.2,374.1,65.6,4,1
1771.62,181.2,88.8,76.8,4,1
2640.99,127.6,357.1,78.0,5,2
2605.44,121.2,402.3,56.8,5,2
1907.6,89.5,278.0,48.6,6,2
2103.69,149.6,236.9,62.0,4,1
2534.25,138.7,333.6,71.7,5,1
3238.86,206.4,385.2,96.9,4,1
1668.21,109.8,196.9,49.0,4,1
2871.43,180.5,303.0,104.1,5,2
2603.18,183.4,288.6,79.5,4,1
2564.56,121.5,383.0,60.7,5,2
1735.11,177.7,100.0,69.4,4,1
2210.7,198.4,172.9,80.6,4,1
3043.1,172.5,402.9,82.4,5,1
1729.86,136.5,162.8,59.2,4,1
2774.4,213.0,275.4,91.2,4,1
3158.19,164.1,379.0,109.5,5,1
2771.64,203.1,291.4,88.2,4,1
2463.16,234.3,181.4,88.9,4,1
2206.68,149.3,228.6,77.2,5,1
3550.36,230.9,462.5,86.3,4,1
1767.09,120.1,186.1,60.3,5,1
1938.7,132.5,234.8,52.1,4,1
3344.09,114.5,578.3,63.7,6,2
2387.69,208.6,188.8,88.7,4,1
3502.17,174.3,485.8,95.8,6,1
3273.37,138.6,500.7,79.6,5,2
2496.93,113.8,395.5,51.1,4,1
2834.77,153.7,406.6,65.9,4,2
2253.2,185.6,199.1,79.4,4,1
2612.66,183.2,306.8,72.5,4,1
2595.8,191.5,227.0,102.4,5,1
1754.7,171.3,92.9,77.6,4,1
1523.4,149.5,96.1,60.1,4,1
2513.6,151.6,269.6,92.1,5,2
2429.0,91.2,404.4,49.6,5,2
3162.85,114.2,547.9,57.1,5,2
1765.71,140.2,193.4,47.9,4,1
2953.67,87.5,554.0,43.1,5,1
2124.33,130.0,255.2,64.8,4,1
2307.57,110.3,358.7,47.9,4,1
1863.95,118.4,217.7,57.7,4,1
2720.48,192.2,287.6,89.0,4,1
2611.46,152.5,302.4,88.0,5,2
3304.54,124.3,535.9,73.7,6,2
2479.72,132.6,314.9,76.6,5,2
2520.62,204.4,226.6,88.5,4,1
2289.23,164.6,218.5,84.1,5,1
2456.32,112.5,396.9,46.5,4,1
2673.48,121.2,402.2,64.4,5,2
1906.51,182.3,118.1,78.3,4,1
2128.86,105.8,278.6,65.7,6,2
2463.49,103.6,403.6,48.3,4,2
1937.34,148.0,186.5,66.6,4,1
2311.03,106.3,364.3,47.6,4,1
3181.38,228.8,351.3,95.7,5,1
1730.05,142.7,171.6,52.5,4,1
2938.67,126.5,454.7,68.2,6,2
2194.49,99.2,301.5,65.7,5,1
2896.4,165.1,403.2,69.2,4,1
2755.37,220.7,277.7,84.6,4,1
2146.65,248.3,53.6,104.3,4,1
1729.48,153.5,135.0,63.9,4,1
1659.29,144.7,136.4,59.4,4,1
4269.18,218.0,621.9,101.1,5,1
2705.42,218.4,271.7,82.8,4,1
2209.21,117.4,288.2,65.2,4,1
2575.0,182.1,286.4,77.9,5,1
2723.24,114.9,442.7,54.8,5,1
1962.86,125.4,213.6,67.4,4,1
2235.1,178.6,214.5,73.6,4,1
1967.92,245.7,33.9,94.4,4,1
1874.89,121.1,232.7,51.1,4,1
2707.65,195.1,280.7,89.4,6,2
2079.84,189.5,170.8,70.9,4,1
1516.95,91.3,189.2,43.9,5,1
2746.03,192.4,295.0,88.5,4,1
1906.29,144.2,215.4,52.0,4,1
2606.65,143.5,328.6,79.8,6,2
2678.38,186.9,305.3,78.8,4,1
2405.57,92.9,406.2,45.5,6,1
1710.35,157.1,117.1,68.2,4,1
4219.91,178.4,709.8,74.1,5,2
2919.65,123.4,483.5,54.6,4,1
3029.01,164.0,340.9,112.2,6,2
4528.15,192.2,722.5,96.6,5,2
2139.12,117.0,314.4,45.9,4,1
2755.75,114.0,420.3,68.7,5,2
1788.29,174.1,111.1,71.9,4,1
3287.0,137.2,541.8,63.4,5,1
2963.09,180.2,332.6,101.3,6,1
3892.14,151.7,658.9,72.2,5,1
2284.72,205.7,178.2,83.2,4,1
2648.57,244.9,202.5,95.5,4,1
2943.86,188.6,372.3,77.8,4,1
3779.34,169.8,591.2,81.7,5,2
2426.65,136.1,338.1,58.9,5,1
3346.49,161.0,469.7,91.5,5,2
3682.66,144.6,623.3,67.9,5,2
2108.5,97.3,287.3,63.4,5,1
1929.22,114.6,238.2,57.6,5,1
2937.93,99.4,482.6,67.8,5,2
3513.68,186.2,510.0,81.0,4,1
3780.91,233.0,472.1,106.7,5,1
3620.35,170.7,538.4,87.1,5,2
1781.96,148.2,165.9,58.4,4,1
3021.6,143.6,440.4,76.2,6,2
3173.53,159.3,388.5,109.2,5,1
3324.38,96.0,596.9,61.4,5,2
3907.76,171.8,558.4,109.7,5,2
1670.59,140.3,140.6,60.8,4,1
2405.67,161.8,280.6,70.7,5,1
2881.69,202.7,273.6,108.5,5,2
2450.37,160.3,275.7,78.5,5,1
2713.05,94.1,480.7,46.0,5,2
3166.55,132.2,517.5,63.1,5,1
3626.2,173.5,516.9,96.0,6,1
2237.58,126.2,283.7,66.5,5,2
1952.61,201.9,95.3,84.9,4,1
2427.74,177.9,288.4,62.5,4,1
2185.81,193.6,172.0,80.4,4,1
3227.9,218.1,391.2,87.8,4,1
2446.54,93.9,405.3,50.0,6,2
1848.28,143.5,176.2,63.3,4,1
3728.9,158.0,585.8,83.7,6,2
1917.66,172.7,138.8,74.6,4,1
1842.56,141.7,189.7,57.5,4,1
3341.12,217.4,397.9,97.8,4,1
2763.82,197.4,294.9,88.3,5,1
2949.43,197.6,310.4,102.0,5,1
2543.49,123.3,347.8,73.3,5,2
1465.29,109.8,143.3,50.3,4,1
1454.88,91.4,173.4,44.0,5,2
2779.01,214.3,261.2,97.4,4,1
2499.01,169.8,318.3,60.7,4,1
2430.18,232.8,163.8,93.7,4,1
1740.7,94.1,247.3,41.7,4,1
2255.66,161.0,273.9,57.3,4,1
2555.06,162.5,252.9,99.3,5,1
2269.97,206.0,169.7,85.3,4,1
1780.92,184.7,95.4,73.4,4,1
3148.72,221.1,387.5,79.4,4,1
3136.67,129.7,511.2,63.7,5,2
3493.83,166.5,500.4,91.8,6,2
1430.11,130.4,90.8,60.6,4,1
2229.66,93.9,361.6,45.3,5,1
3366.84,198.3,414.0,101.9,5,2
1277.82,111.3,93.4,51.0,4,1
2528.95,105.7,363.5,72.5,6,2
1592.69,146.4,104.4,65.5,4,1
3140.46,164.3,461.1,71.0,4,1
1534.95,120.0,165.4,43.7,4,1
3309.48,144.6,458.4,99.7,6,2
1595.05,111.8,171.0,51.5,4,1
2529.16,105.8,389.4,60.9,5,2
3135.12,186.2,325.1,121.1,6,2
1854.77,115.6,233.0,51.1,4,1
1508.16,212.1,0.0,88.7,4,1
1712.7,108.9,215.0,46.4,4,1
1713.22,86.5,238.8,45.8,5,1
2026.95,167.9,198.1,62.6,4,1
3801.86,202.1,530.2,97.0,5,2
3026.27,97.7,542.5,51.7,6,2
2423.6,126.2,353.0,56.3,4,1
2819.59,119.2,422.3,72.6,5,2
2340.99,212.4,173.8,88.5,4,1
2794.85,157.4,380.4,71.5,4,1
2179.39,162.2,212.7,75.6,4,1
2473.28,165.0,298.1,69.0,4,1
3445.32,136.0,568.7,69.6,5,2
2088.05,151.8,245.9,55.3,4,1
3286.42,156.6,427.5,105.5,6,2
2724.2,113.2,420.7,65.4,5,2
1735.23,151.4,147.0,60.2,4,1
3540.36,138.5,571.3,77.9,5,1
1419.7,159.7,49.1,64.9,4,1
3384.07,194.2,414.3,105.6,4,1
2582.34,179.0,260.2,91.7,5,1
2280.86,175.0,190.6,90.9,4,1
2534.27,145.1,318.9,75.4,5,2
2157.62,125.9,288.6,55.5,4,1
2724.28,119.5,386.8,77.7,6,2
1566.75,102.7,189.6,44.2,4,1
2326.38,110.2,316.4,68.9,5,2
3040.87,130.0,427.0,90.3,5,2
2233.41,189.0,185.0,81.9,4,1
3172.83,163.9,431.9,87.7,5,2
2425.29,118.5,349.8,61.3,5,1
1908.4,210.5,62.7,90.6,4,1
3861.02,161.2,564.8,106.3,5,2
2277.0,128.7,322.2,52.6,4,1
2341.21,235.1,162.9,83.2,4,1
2327.68,126.4,335.0,53.5,5,1
2367.74,149.2,262.6,80.1,5,1
3431.28,178.5,507.9,76.2,4,1
3776.06,179.5,515.2,110.8,5,2
2298.54,196.2,209.7,75.0,4,1
1993.62,92.0,277.5,57.3,5,2
2176.25,200.5,133.3,93.5,4,1
2128.02,142.8,233.9,69.1,5,1
2894.76,182.8,384.7,69.4,4,1
1902.93,196.0,102.4,78.8,4,1
2886.14,117.9,428.4,77.9,5,1
3385.88,134.6,494.9,96.4,5,1
4009.14,186.4,593.5,98.9,5,2
1943.38,137.9,221.5,56.2,4,1
3127.88,134.9,488.2,70.6,5,1
2797.62,148.6,400.6,66.7,4,2
2108.91,171.9,219.3,60.4,4,1
3161.11,167.9,450.0,76.6,5,1
2750.69,223.3,272.1,85.4,4,1
2592.66,173.7,281.0,86.0,5,2
1828.37,136.4,206.3,50.8,4,1
2508.36,161.0,325.0,62.7,4,1
3406.3,175.6,493.7,81.0,5,1
3801.94,184.8,575.2,84.6,4,1
2167.46,228.8,96.3,96.3,4,1
2647.76,93.6,420.8,65.6,6,2
1870.75,165.6,142.5,70.9,5,1
1972.7,136.1,215.6,62.9,5,1
2326.18,219.5,175.8,82.8,4,1
3967.79,184.2,542.0,118.1,6,2
1305.3,115.4,98.6,49.9,4,1
1880.7,128.9,186.3,68.9,5,1
2644.77,137.9,347.5,78.1,4,1
1431.06,143.3,102.3,49.9,4,1
2726.04,129.5,363.4,83.8,6,2
4017.72,168.4,585.1,111.5,5,1
3552.35,166.7,513.6,92.4,5,2
2227.12,248.5,74.9,103.7,4,1
2688.36,169.6,322.1,80.2,6,2
2845.1,177.2,383.5,66.9,4,1
1976.33,186.7,147.6,71.0,4,1
1842.84,132.9,207.1,53.7,4,1
1300.14,135.1,66.9,54.7,4,1
2476.26,161.4,302.4,69.0,4,1
1313.94,127.3,84.3,51.9,4,1
2528.89,106.6,401.0,55.4,5,2
3069.97,151.7,434.8,80.4,6,2
1648.79,114.5,204.3,41.5,4,1
3561.57,150.4,588.5,67.3,5,2
2828.76,180.8,305.0,98.4,6,2
3815.06,217.0,520.1,96.3,5,1
2839.6,217.7,298.0,86.3,4,1
2607.49,124.6,406.4,53.7,4,1
3691.71,184.4,500.7,105.7,5,2
1855.65,127.6,192.0,64.1,4,1
3060.97,160.2,464.6,62.4,4,1
1781.84,158.9,122.2,73.1,4,1
1809.54,133.4,210.8,48.1,4,1
2506.47,120.1,386.9,53.2,5,2
2439.72,199.1,208.9,89.7,4,1
1484.05,161.2,66.2,63.8,4,1
2147.76,144.8,241.3,67.0,5,1
1859.71,181.3,112.1,76.3,4,1
2522.2,157.9,235.3,105.5,6,2
3986.31,190.0,583.8,99.0,5,1
3087.16,157.2,407.5,92.1,5,2
2348.75,135.2,300.8,67.2,4,1
3821.23,166.5,546.3,107.8,5,2
3098.83,151.6,452.0,76.0,6,1
4193.58,166.0,654.8,101.2,6,2
2313.44,163.4,265.3,66.5,4,1
2303.57,203.4,172.8,88.7,4,1
1369.77,156.8,41.4,64.1,4,1
1528.74,116.4,136.0,57.7,4,1
1980.6,155.4,173.8,73.8,4,1
2377.66,164.9,282.1,65.5,4,1
2376.06,123.3,344.0,56.3,4,1
2423.19,134.6,312.0,70.8,5,2
3903.09,168.4,644.9,72.2,5,2
2142.49,180.0,201.9,68.3,5,1
2883.61,213.7,302.1,91.2,4,1
3445.56,140.5,572.3,66.1,4,2
3099.51,98.3,580.2,42.8,5,2
3578.21,149.1,553.6,85.3,6,2
1209.23,121.0,71.8,48.6,4,1
1715.13,95.6,235.3,43.5,4,1
1659.96,175.2,93.7,64.9,4,1
2499.92,101.2,393.7,57.8,5,2
2418.74,108.2,377.3,53.0,4,2
1690.56,232.9,0.0,105.0,4,1
2310.74,208.0,194.7,77.8,4,2
3757.78,155.0,596.1,83.7,5,2
3033.22,177.5,338.6,107.6,6,2
2343.24,167.8,265.4,67.8,4,1
2800.63,145.2,384.7,75.7,5,2
2728.54,127.9,393.7,71.4,5,1
3709.76,208.5,486.0,103.5,5,1
2610.3,134.4,360.7,70.0,4,1
2726.32,125.2,411.1,64.5,4,1
2270.5,233.9,103.0,102.5,4,1
3304.57,157.1,499.1,75.5,4,1
2158.02,219.7,145.6,77.4,4,1
2007.65,112.6,262.9,56.2,5,1
2765.65,190.2,305.5,87.0,4,1
2237.93,246.0,107.2,91.7,4,1
4071.0,174.1,667.9,78.1,5,2
2280.82,118.7,301.3,66.8,4,1
3378.87,239.4,379.4,100.4,4,1
2336.05,148.8,287.6,65.6,4,1
3053.53,218.1,329.3,96.0,4,1
3227.1,138.8,449.8,97.0,5,2
1889.52,207.7,56.3,92.6,4,1
1932.89,215.4,53.6,95.2,4,1
2047.1,168.4,171.3,76.5,4,1
3098.97,152.1,416.9,91.4,5,2
3034.52,104.6,498.9,69.0,5,2
2318.4,129.3,326.0,55.2,4,1
2638.73,142.0,361.6,69.4,5,1
1508.16,152.5,78.2,65.0,4,1
3092.31,185.1,363.4,99.8,5,2
1801.94,106.0,224.9,53.1,4,1
2292.13,165.0,209.9,88.1,5,1
2396.85,222.1,181.4,87.0,4,1
3939.95,189.4,594.7,89.3,4,1
2627.64,216.1,243.7,87.6,5,2
2534.94,120.5,391.9,53.9,5,2
2502.21,161.7,325.0,61.7,5,1
3071.66,156.3,382.6,101.8,5,2
3145.82,111.7,555.3,53.1,5,1
3504.51,242.1,397.7,105.0,4,1
1797.15,214.4,38.7,87.2,4,1
2825.82,145.2,383.2,79.2,5,1
2057.59,180.9,158.9,77.6,4,1
3597.55,152.1,553.3,86.2,5,2
3002.7,191.8,300.5,114.8,6,2
2177.4,92.5,332.0,53.3,4,1
2791.26,102.7,461.9,59.2,5,2
2671.71,125.2,421.2,54.0,4,1
2862.64,159.1,364.4,85.4,5,2
3500.79,102.8,622.9,66.4,5,1
1723.05,188.6,58.5,81.6,4,1
3605.73,147.5,549.7,90.8,5,2
3767.77,203.7,521.9,96.2,5,1
1672.18,117.9,184.8,51.3,4,1
2685.58,199.3,291.5,80.2,4,1
3459.55,181.1,474.2,93.2,5,2
2054.06,121.5,281.2,49.3,4,1
3871.39,142.6,619.6,91.4,5,1
3536.09,145.3,564.0,77.7,5,1
3621.9,217.7,455.9,103.1,6,1
2622.23,160.9,323.3,76.2,4,1
2534.65,182.9,266.6,81.9,4,1
4109.3,173.1,659.6,86.5,5,2
3020.91,201.6,328.7,100.0,4,1
2200.16,112.1,294.1,63.9,5,2
2987.2,165.3,374.5,92.0,5,1
3590.1,144.8,575.5,78.8,4,1
2311.96,120.6,288.8,74.9,5,2
2259.63,161.6,264.2,61.8,4,1
3081.98,153.3,425.6,85.2,5,2
2516.82,208.0,212.6,92.7,4,1
2608.11,153.7,341.1,69.9,4,1
3861.88,161.2,592.5,94.1,5,2
1675.25,146.7,141.6,58.0,4,1
2038.34,129.4,256.2,55.1,4,1
2704.62,182.9,323.0,75.7,4,1
2722.96,228.5,232.3,97.8,4,1
3491.78,176.4,508.4,83.6,6,2
2344.74,221.6,150.5,95.2,4,1
2092.97,126.7,265.1,58.4,4,1
3871.03,135.8,638.1,86.1,5,2
1600.34,149.2,105.4,64.6,4,1
4292.23,192.0,685.9,86.7,6,1
2461.41,99.9,397.1,52.6,4,1
2391.89,163.3,262.9,76.4,4,1
2519.7,130.0,322.7,78.8,5,2
2516.78,173.1,277.4,79.4,6,2
3063.42,146.5,389.8,102.0,6,2
1150.66,119.7,66.3,45.2,4,1
2351.52,137.2,334.0,51.9,4,1
2248.71,109.2,335.9,52.1,5,1
3050.3,108.3,524.5,57.7,5,2
1280.68,112.3,112.5,42.4,4,1
3081.68,184.4,351.7,104.1,5,2
1221.36,116.4,65.8,54.7,4,1
3113.52,117.0,496.5,73.3,5,2
2379.3,155.2,291.2,66.0,4,1
2205.51,249.0,97.5,91.1,4,1
4260.22,195.6,656.6,94.6,4,1
2494.2,230.4,201.0,85.4,5,2
3138.06,123.6,515.9,64.5,6,2
4005.64,163.4,636.4,89.6,4,1
3403.34,180.0,414.3,114.0,5,2
1707.42,120.4,200.3,47.2,4,1
4065.73,204.1,622.1,84.5,5,1
4314.88,180.6,658.5,106.5,4,1
2278.16,155.2,267.8,65.1,4,1
3181.74,151.8,424.9,97.2,5,2
1794.36,113.8,237.1,43.4,4,1
2597.41,158.3,314.6,78.4,4,1
2438.31,143.3,296.4,75.5,5,2
2318.37,228.4,130.4,98.1,4,1
2827.43,194.1,293.9,97.3,5,1
2813.61,217.5,287.0,88.4,4,1
1613.89,127.1,165.5,49.3,4,1
2044.76,157.7,219.4,59.6,4,1
2753.05,192.1,278.5,96.7,5,2
3773.88,191.0,569.9,81.1,5,1
3035.99,202.0,361.8,86.8,4,1
2763.69,142.2,362.1,83.0,4,1
4315.73,170.7,692.1,96.0,5,1
3266.71,180.7,433.2,90.1,5,1
3422.94,172.7,470.0,94.7,5,1
3354.42,174.4,446.0,97.0,5,2
3000.24,214.3,326.6,93.0,4,1
2078.04,161.8,212.5,64.5,4,1
2518.42,123.2,361.4,64.5,5,2
3968.43,165.2,639.8,83.1,5,2
2629.69,191.8,299.0,74.1,4,2
2206.55,180.7,230.2,62.5,4,1
3134.3,190.5,333.5,115.4,6,2
2818.82,185.8,297.0,98.6,5,2
2682.98,217.8,253.0,88.9,4,1
3791.67,202.6,513.3,103.1,4,1
2430.87,205.6,193.6,92.7,4,1
2666.3,142.0,320.6,90.6,6,2
4383.36,150.2,726.7,97.3,6,2
2863.7,119.3,482.6,50.7,6,2
3272.01,195.7,421.2,89.4,4,1
3613.52,217.5,450.5,104.6,4,1
3024.52,222.3,321.1,94.5,4,1
3014.73,146.9,463.3,63.7,4,1
2743.81,181.9,311.7,85.5,5,1
1576.03,121.4,164.6,48.0,5,1
2920.24,247.2,287.5,86.8,4,1
3075.19,182.1,376.2,93.6,6,2
3429.82,175.0,495.2,83.2,5,1
2309.6,211.3,187.3,79.5,4,1
1306.24,122.5,89.1,51.1,4,1
3745.1,157.9,584.3,86.2,4,1
1722.05,217.1,21.1,85.4,4,1
1928.85,136.1,229.5,51.9,4,1
1982.64,180.9,174.1,62.5,4,1
1386.73,142.9,66.1,61.2,4,1
3042.29,141.1,443.1,78.4,5,2
2202.66,109.5,312.4,57.3,5,1
3303.24,124.9,557.4,63.8,5,2
2357.21,203.7,189.0,87.4,4,1
2797.68,186.4,304.7,92.6,4,1
1828.48,202.5,58.2,87.3,4,1
1784.2,129.6,218.7,43.5,4,1
2279.52,95.7,358.3,51.5,4,1
3209.51,121.0,526.5,68.8,5,2
2697.29,176.2,289.1,92.9,5,2
1347.38,116.2,120.8,44.4,4,1
2552.02,181.6,283.2,77.0,4,1
2901.03,244.5,279.7,89.3,4,1
3996.49,161.0,594.2,108.4,6,2
2761.54,150.8,350.4,84.1,6,2
2049.4,113.8,278.6,53.3,4,1
2680.86,184.9,284.6,89.2,5,1
3241.26,175.8,448.7,82.6,4,1
2250.09,193.1,201.5,74.6,4,1
1318.2,116.0,89.3,55.2,4,1
2544.34,132.7,319.0,81.9,5,2
2695.71,145.4,341.1,83.3,5,2
2843.66,187.1,316.2,92.3,5,1
1805.64,99.3,251.0,44.9,4,1
1980.09,101.7,281.6,49.7,4,1
3777.2,188.0,547.2,92.9,4,1
2530.62,113.0,390.2,57.5,5,1
2140.19,113.2,278.8,63.6,4,1
4126.45,184.5,634.7,94.4,4,1
2739.68,137.3,379.7,74.6,4,1
2795.14,147.0,422.5,57.5,4,1
2457.37,126.6,359.4,57.0,5,1
3195.81,148.0,476.0,77.8,5,1
4085.61,203.9,610.6,92.0,5,2
3888.61,188.1,549.5,104.3,5,2
2029.51,116.6,277.2,50.5,5,1
2337.69,201.6,188.4,86.4,4,1
2653.36,149.7,336.5,78.7,4,1
3105.43,119.5,502.9,68.4,5,2
4129.88,187.9,610.0,104.3,5,2
2643.71,126.8,369.1,73.3,4,1
2975.77,85.9,527.3,58.1,5,2
2558.95,171.6,307.9,71.2,4,1
4954.46,182.9,850.2,91.3,5,2
2298.15,197.3,202.8,77.5,4,1
1430.86,130.6,108.1,52.9,4,1
3092.25,161.1,436.6,77.9,5,1
3952.3,215.3,556.0,96.3,5,1
2333.08,237.4,140.9,91.1,4,1
2973.12,231.2,314.6,87.8,4,1
2936.14,152.0,338.9,108.1,5,1
3241.49,176.7,445.9,83.4,5,1
2650.79,138.4,349.4,77.7,6,2
3336.61,153.8,506.0,77.5,5,2
4158.5,195.6,580.3,117.2,5,1
2629.08,208.9,263.4,82.2,4,1
3361.25,217.6,416.7,91.6,5,1
4450.46,158.1,736.6,96.8,5,2
2682.6,173.7,298.3,88.3,5,1
2294.43,143.1,314.7,51.5,4,1
2366.43,127.7,338.3,55.8,4,1
1617.94,150.9,124.5,57.4,4,1
2678.48,130.2,395.7,63.9,4,1
1807.41,118.7,219.0,50.7,4,1
4337.54,187.8,680.3,96.1,5,2
2617.62,169.2,323.4,71.9,4,1
2652.09,114.3,383.0,73.7,5,2
1855.99,174.3,150.0,62.1,4,1
3815.87,190.6,554.9,92.6,4,2
1884.6,126.1,183.3,71.9,4,1
2073.16,159.4,210.5,66.0,4,2
2734.57,153.2,350.4,80.0,4,1
1940.64,100.2,266.1,52.8,5,2
1588.47,88.8,205.3,45.8,4,1
2835.59,199.3,321.9,83.4,4,1
2137.19,127.8,264.1,63.3,5,1
2035.08,145.4,214.5,66.2,4,1
2331.97,216.4,159.8,91.9,4,1
1587.08,177.1,66.2,68.2,4,1
2573.55,113.4,398.3,58.5,5,1
4101.87,157.6,609.6,114.8,5,2
1413.83,113.7,128.7,49.3,4,1
2884.5,130.2,409.7,80.5,5,2
2921.99,125.4,427.9,78.7,5,2
2949.38,124.8,484.6,56.9,5,2
3015.8,157.4,353.5,108.0,5,2
1324.23,114.6,113.8,45.6,4,1
3702.98,179.2,553.8,85.6,4,1
1779.43,101.4,218.4,55.5,4,1
2356.14,152.2,299.5,61.0,4,1
2170.08,109.7,311.6,53.8,4,1
4352.71,175.7,715.1,87.7,6,2
2459.36,232.0,171.1,94.1,4,1
3674.24,167.4,580.7,75.7,5,1
1982.08,119.7,270.4,46.8,4,1
1842.72,225.1,10.1,100.2,4,1
3244.66,133.3,507.9,75.5,6,2
3630.02,158.9,563.1,82.5,5,1
1635.21,98.1,202.4,48.2,5,1
1972.97,137.3,236.6,53.0,4,1
2056.31,147.4,215.9,67.0,4,1
3636.1,203.9,442.6,116.7,5,1
2404.82,244.3,163.6,85.9,4,1
2698.53,134.2,371.7,75.0,4,1
3489.8,152.4,534.2,82.6,6,2
2850.36,123.0,437.0,67.8,6,2
2142.96,127.7,287.9,53.4,4,1
3104.75,170.9,357.2,110.3,5,2
2620.61,134.2,348.7,76.6,5,1
2227.71,184.9,179.6,85.5,4,1
3256.65,209.8,394.0,93.5,4,1
2678.83,170.0,339.9,71.0,5,1
1540.56,174.7,61.9,66.0,4,1
1957.29,128.4,245.5,51.3,4,1
1588.68,193.2,0.0,91.2,4,1
1799.34,104.1,237.8,48.0,4,1
2205.26,170.0,210.4,76.0,4,1
4198.53,156.7,686.6,91.7,6,2
2394.85,172.4,245.8,80.2,4,1
3756.55,111.0,688.7,62.0,5,2
3369.48,210.1,412.5,97.7,5,1
3314.94,126.9,565.5,60.6,5,2
2279.05,104.4,341.3,55.1,6,1
1898.48,167.3,151.4,69.3,4,1
2139.0,227.8,131.4,78.0,4,1
1753.36,150.2,157.4,58.1,4,1
2150.1,197.2,150.9,84.2,4,1
3391.33,190.6,476.0,80.5,4,1
3168.34,216.8,379.3,87.1,4,1
3444.31,204.7,463.1,85.9,5,1
1794.59,188.8,69.6,84.6,4,1
1765.95,173.4,119.8,65.9,4,1
2434.14,163.6,270.2,77.7,5,1
2172.79,211.2,138.1,86.2,4,1
2224.64,137.7,278.8,62.1,4,1
2980.57,193.9,314.7,105.1,6,2
3285.84,165.0,430.4,100.5,5,1
1785.41,178.3,95.1,76.9,4,1
2644.67,125.3,366.2,75.4,6,2
3148.4,242.0,327.1,96.9,4,1
3961.87,158.0,651.9,80.2,5,2
2543.34,203.9,252.6,79.7,4,1
3432.2,154.6,531.1,76.6,6,2
3168.97,135.4,487.7,75.2,5,2
2512.48,202.3,250.7,77.9,4,1
2316.09,179.2,209.4,84.6,5,1
3138.1,123.5,498.0,72.4,6,2
2870.19,235.8,255.6,100.5,4,1
2784.72,116.6,434.6,64.4,4,1
3620.85,195.0,514.4,87.0,4,1
2196.06,148.9,239.3,71.5,4,1
3033.71,225.1,322.8,93.6,4,1
1960.67,107.1,275.5,47.8,5,1
1609.42,101.3,196.9,46.3,4,1
2716.88,135.0,380.0,73.0,6,2
3023.45,137.0,420.8,88.0,6,1
1992.51,214.8,94.9,83.8,4,1
3454.83,164.4,501.8,87.8,5,1
3047.6,243.4,317.2,89.4,4,1
2213.52,240.6,77.2,104.7,4,1
3112.89,175.0,435.8,74.4,4,1
1651.2,180.8,39.2,85.7,4,1
3660.03,147.5,581.3,82.8,6,2
2986.38,142.1,421.6,81.3,5,2
2488.99,105.8,341.8,77.6,5,2
3424.21,166.5,479.7,93.3,5,2
1785.29,149.8,164.2,58.8,4,1
3359.08,138.5,538.6,72.3,4,1
3291.3,184.4,451.4,83.1,5,1
2774.43,158.1,360.2,77.9,6,1
1381.59,124.6,114.9,47.1,4,1
2410.68,185.9,244.9,76.4,4,1
3037.09,205.9,357.4,87.1,4,2
2339.91,214.2,152.8,96.9,4,1
4319.63,226.8,646.5,91.8,5,1
1935.9,188.0,134.1,71.9,5,1
4556.98,173.6,773.0,85.6,5,2
2200.7,119.7,297.9,58.9,5,1
2611.49,197.5,261.9,86.0,4,1
4386.59,203.6,642.9,111.1,6,2
2745.07,171.4,362.7,67.7,4,1
2495.54,87.9,391.1,64.4,5,1
4587.98,209.4,734.2,90.4,6,2
2680.29,146.1,321.7,89.9,6,2
2546.0,125.1,361.7,66.5,6,2
2913.45,136.1,446.6,64.7,6,2
2950.25,191.3,346.5,88.8,5,1
2101.42,89.3,335.2,44.8,5,2
2604.97,196.3,269.0,82.6,4,1
2723.0,97.8,485.8,43.2,5,2
2708.25,138.3,364.6,77.4,4,1
2795.65,136.2,425.9,60.8,5,1
2107.01,160.5,230.4,60.4,4,1
1941.71,134.5,205.7,64.5,4,1
2665.43,118.2,370.6,78.9,5,2
1765.75,91.7,213.8,60.4,5,2
3297.87,157.5,512.2,68.8,6,2
2834.25,138.5,381.9,83.6,5,2
2692.22,165.4,365.3,63.2,4,1
3408.55,147.9,508.5,87.0,6,2
2104.46,197.8,125.7,90.1,4,1
1658.88,232.2,0.0,84.1,4,1
3017.16,177.4,321.4,113.5,6,2
3436.95,168.6,507.3,81.5,4,1
2026.24,158.9,185.6,72.0,4,1
1783.48,112.4,222.0,49.6,5,2
2002.73,132.2,241.2,56.6,4,1
2132.02,118.7,301.6,50.1,5,1
3994.37,157.5,677.5,72.7,5,2
3009.27,185.5,397.0,75.5,4,1
3037.03,173.4,367.5,97.0,5,1
1931.85,143.5,202.2,61.0,4,1
3229.95,195.7,382.4,102.0,4,1
2681.11,125.6,369.7,77.7,6,2
2452.11,157.0,301.4,68.7,4,1
2871.39,131.6,456.4,57.7,5,1
2565.51,139.3,301.7,89.1,5,1
3174.46,146.2,481.5,73.8,4,1
2284.73,90.6,364.6,51.5,5,2
2352.07,115.9,355.5,51.8,4,2
3001.32,162.9,409.2,79.2,5,2
2233.21,113.4,323.8,53.8,5,1
2424.22,105.5,379.2,53.9,5,1
2012.13,130.7,247.5,55.5,4,1
3092.0,110.9,513.0,66.3,4,1
2489.3,132.1,330.8,70.9,5,1
2378.02,135.0,291.3,74.7,5,2
3021.12,121.8,438.7,86.6,5,2
2217.76,145.1,288.5,53.7,4,1
2663.41,167.0,307.8,84.9,5,2
2162.44,125.6,282.4,59.0,5,1
2250.83,132.7,299.7,57.9,4,2
2394.97,143.8,312.6,63.3,4,1
1859.94,133.7,196.1,60.1,4,1
3681.35,179.4,525.1,95.9,5,1
2033.12,148.2,208.2,67.5,4,1
2359.18,153.4,299.7,60.7,4,1
1916.92,120.5,243.9,51.1,4,1
2842.65,159.4,371.8,79.7,5,2
2993.7,187.6,370.4,84.6,5,1
2903.06,130.4,456.1,61.9,5,2
2359.95,173.8,249.9,73.9,4,1
1834.31,115.9,222.2,53.5,4,1
2000.28,100.1,285.9,50.7,5,1
4127.38,184.7,645.9,89.4,4,2
1462.6,118.1,137.1,49.1,4,1
1627.66,135.3,151.7,53.3,4,1
3006.98,102.5,504.5,64.3,5,2
1835.52,104.9,255.3,43.9,5,1
1173.71,128.6,51.9,50.2,4,1
2409.94,102.7,367.4,58.9,5,2
3146.83,183.2,420.2,81.4,4,1
2695.8,174.6,345.2,68.5,4,1
3462.49,156.5,454.0,113.4,5,2
1687.83,156.1,137.1,57.3,4,1
3155.22,141.9,477.1,75.5,5,2
2241.3,173.7,213.1,77.1,4,1
3064.58,137.5,407.8,98.2,6,2
4045.65,212.6,572.7,100.5,6,1
2058.6,133.2,207.3,77.4,5,1
2278.93,123.6,299.6,65.1,5,1
2086.91,109.7,308.2,46.1,5,1
2543.9,127.9,372.0,60.5,5,2
1629.53,146.5,104.0,69.7,4,1
4056.33,200.3,601.2,94.5,5,1
1633.38,105.4,192.9,48.9,4,1
2624.53,97.5,443.3,51.3,6,1
2390.2,156.5,277.9,72.5,4,1
1320.17,125.5,83.4,53.8,4,1
3754.46,176.0,522.5,106.7,5,2
2767.72,104.4,476.1,49.5,5,1
3838.72,134.4,637.0,83.7,5,2
3511.39,124.3,595.3,70.3,5,2
3282.97,133.8,541.0,64.9,5,1
2329.62,169.5,238.9,77.3,4,1
1755.84,147.1,162.7,57.4,4,1
2110.59,106.2,283.5,61.3,5,1
2745.07,200.0,269.2,96.5,5,1
3293.58,260.9,350.0,94.4,4,1
2641.84,111.7,413.3,60.2,4,1
1541.61,157.6,80.6,65.4,4,1
2196.04,184.1,201.1,72.8,4,1
2659.94,156.6,275.5,103.5,5,2
2635.01,140.3,320.0,88.2,5,2
3139.8,180.2,355.1,111.0,6,2
3535.74,144.0,529.2,93.6,5,2
3645.23,182.6,502.1,100.7,6,2
2336.74,119.0,293.0,76.5,6,1
2369.3,100.7,400.7,40.4,5,2
2462.49,239.0,138.0,106.0,4,1
2676.46,109.1,422.0,61.3,5,1
1519.48,124.8,138.5,51.8,4,1
2503.24,189.3,261.4,77.8,4,1
2377.66,150.8,301.7,63.1,4,1
4473.83,177.1,715.2,100.5,6,2
2794.42,210.0,256.1,103.3,4,1
3965.69,161.7,637.6,85.4,6,1
2225.72,198.9,171.3,82.8,4,1
2831.62,211.9,300.9,86.7,4,1
2404.99,240.9,143.4,96.4,4,1
1847.21,95.5,239.4,56.4,5,1
1878.59,113.6,247.2,48.4,4,1
3191.63,204.6,378.1,95.6,4,1
3122.4,122.2,523.5,59.9,6,2
2406.75,101.0,389.3,49.5,4,1
3277.5,163.0,487.7,74.9,4,1
2394.09,160.2,250.6,83.4,4,2
2561.08,96.1,431.3,50.2,4,1
2094.68,185.7,159.4,79.4,4,1
2953.01,106.1,502.4,57.7,5,2
2487.24,107.1,357.5,69.9,6,2
2757.45,211.8,253.1,99.8,4,1
1222.08,156.5,0.0,70.1,4,1
1737.43,165.2,139.1,57.8,4,1
2142.11,144.0,255.2,60.6,4,1
3227.34,110.4,548.4,65.8,5,2
2861.46,124.6,391.3,88.6,6,2
2631.5,142.2,386.1,57.6,4,1
2669.72,125.6,428.2,50.5,4,1
1785.0,128.4,165.5,67.7,4,1
2077.69,101.9,306.7,49.2,5,1
3649.1,175.0,555.8,80.7,4,1
1709.95,122.7,171.6,59.2,4,1
1851.54,141.1,168.7,68.0,4,1
2214.29,190.4,184.4,79.5,4,1
1851.04,191.9,90.2,80.3,4,1
2553.57,87.2,442.6,48.3,5,1
2462.19,174.0,254.1,83.3,5,1
3030.58,230.5,303.1,99.6,4,1
2188.47,93.7,356.1,43.2,4,1
3332.32,155.1,499.3,79.4,4,1
1447.13,116.7,154.1,40.4,4,1
2492.98,137.7,290.1,86.9,5,2
3302.96,104.0,590.9,58.2,5,2
2344.38,110.3,369.6,47.2,4,1
3183.64,217.1,386.7,85.4,4,1
3909.38,166.8,632.4,79.2,5,2
2295.73,136.1,315.1,54.6,4,1
1885.91,219.2,37.4,95.5,4,1
2574.75,188.2,244.6,93.7,4,1
1951.35,176.5,150.3,71.6,4,1
3068.46,148.2,460.1,70.6,5,1
2899.54,177.4,387.1,71.3,4,1
4088.84,186.1,618.6,96.7,4,1
3451.35,218.1,407.2,105.6,4,1
2098.5,188.0,160.1,78.5,5,1
3707.58,149.5,614.2,72.5,5,1
2535.34,150.4,297.6,82.6,5,2
1636.53,92.9,196.9,53.1,5,1
4575.41,197.5,739.5,91.9,4,1
3290.9,181.4,451.4,84.4,4,1
3598.97,240.9,460.1,88.3,4,1
3096.66,175.7,382.0,96.2,5,2
3799.04,174.8,563.0,94.2,5,2
2306.23,168.2,238.6,75.4,4,1
2700.61,146.8,384.0,64.2,4,1
2168.94,94.5,349.2,43.8,5,1
3133.96,152.1,470.6,71.5,5,1
1847.23,104.0,232.5,55.7,4,1
3230.58,173.3,419.9,95.3,5,1
3300.79,188.6,404.7,103.1,5,2
1500.57,144.2,92.7,61.4,4,1
1632.65,104.4,201.7,45.4,4,1
2051.5,235.5,79.1,88.1,4,1
2188.51,100.1,292.0,68.9,5,1
2257.7,118.3,324.3,54.1,6,2
1611.73,129.5,156.3,52.1,4,1
3433.12,235.4,420.6,89.9,4,1
3705.24,164.0,526.5,104.8,5,2
3649.67,216.2,511.9,81.9,4,1
2554.76,128.7,366.7,63.7,4,1
1930.67,200.8,92.0,84.4,4,1
1730.92,125.8,183.5,54.9,4,1
1943.72,140.1,212.6,59.2,4,1
2071.28,129.3,251.5,60.9,5,1
3195.96,131.4,506.1,71.8,5,2
1727.55,152.6,131.8,65.6,4,1
2121.85,88.2,328.3,50.6,4,1
2882.43,87.0,525.2,48.2,5,2
1946.76,121.9,259.9,46.6,4,1
2312.5,184.9,191.4,89.7,5,1
2533.8,132.3,325.5,78.0,5,1
3371.32,172.3,430.6,106.6,4,1
2448.65,178.4,289.1,64.3,4,1
2362.63,230.6,160.3,88.8,4,1
2402.13,168.6,284.8,65.4,4,1
1919.24,156.6,175.0,65.9,4,1
3962.47,181.2,608.4,89.3,6,2
3029.64,112.2,496.8,65.9,5,2
2576.33,101.1,430.7,49.9,4,1
2427.7,109.3,342.8,68.8,6,2
2546.62,151.0,352.4,59.2,4,1
2841.66,130.5,436.4,63.8,4,1
1803.52,177.5,90.8,81.2,4,1
2753.79,118.7,437.2,58.9,4,1
2530.55,129.2,305.2,88.1,6,2
1764.96,207.8,51.5,80.9,4,1
2885.78,139.5,439.3,63.4,5,1
2094.96,139.3,215.5,75.1,4,1
2367.33,88.2,392.2,49.5,4,1
3482.04,172.9,496.1,89.6,4,1
3569.45,97.5,650.0,64.4,5,2
2859.35,189.4,336.7,83.9,4,1
2017.43,171.3,194.5,61.6,4,1
2037.64,196.8,132.0,80.3,4,1
2926.08,231.4,284.1,96.0,4,1
2377.1,124.9,280.1,84.1,6,2
3278.49,221.0,392.1,91.8,4,1
2215.32,170.0,218.5,73.5,4,1
3906.8,147.8,608.4,98.0,6,2
4418.0,191.9,681.1,102.9,6,2
1739.88,109.9,210.1,51.1,5,1
2711.53,155.7,320.3,89.7,5,1
2696.69,134.1,396.5,63.8,5,2
2097.02,234.0,91.8,88.2,4,1
1895.4,214.9,57.7,89.4,4,1
3347.15,177.6,426.7,103.3,5,1
2583.24,157.9,305.3,81.1,5,2
2212.59,114.9,277.4,71.5,4,1
4098.08,196.5,641.8,82.8,5,2
3074.48,163.2,380.2,100.1,6,2
3688.69,214.0,442.9,117.9,6,2
3497.31,141.7,542.9,84.3,5,1
2354.33,129.0,322.2,61.0,5,2
1786.12,107.8,242.5,42.8,4,1
2195.3,156.0,181.8,93.8,5,2
2509.04,254.2,135.0,105.8,4,1
3961.34,180.6,565.6,108.5,5,2
2073.28,187.5,166.9,72.8,4,1
2821.74,162.6,369.8,76.9,5,1
2180.9,104.6,340.8,44.3,5,2
2756.28,144.9,373.6,75.8,5,2
1882.09,87.0,248.5,60.0,6,2
1845.21,115.5,230.6,51.2,4,1
2932.05,245.1,262.5,100.2,4,1
3694.0,152.4,597.6,77.1,5,2
2029.67,155.6,182.0,75.5,4,1
3216.36,125.8,510.1,74.7,5,2
1415.28,179.9,28.0,64.9,4,1
1457.04,121.2,142.7,44.6,4,1
3299.59,219.2,410.4,86.8,4,1
3267.43,130.7,533.4,67.9,5,2
2507.85,122.2,364.9,62.2,4,1
1931.4,194.4,117.5,76.0,4,1
2122.39,146.3,241.2,63.6,5,1
2442.85,131.3,342.2,61.0,4,1
3913.44,194.1,568.3,96.0,5,2
2379.89,163.8,285.3,64.8,4,1
2768.5,225.7,235.3,102.7,4,1
2152.62,112.2,285.4,62.5,6,2
3835.96,176.7,613.1,75.2,5,1
2489.0,188.2,268.1,73.8,4,1
3736.15,179.7,556.0,88.1,5,1
2591.84,176.9,295.3,78.1,4,1
2069.05,98.6,311.2,47.8,5,2
3614.91,195.2,520.8,83.5,5,2
2145.34,103.8,289.2,63.7,4,2
2082.3,141.8,235.6,63.7,5,1
2314.9,124.5,323.7,58.0,4,1
3083.62,209.4,341.9,97.6,4,1
1286.61,109.8,103.0,48.4,4,1
2579.24,113.3,413.3,52.5,4,2
3841.0,182.3,503.4,122.0,6,2
3713.38,146.3,583.6,88.2,6,2
4773.04,214.9,752.7,100.3,5,2
2464.7,108.3,378.1,57.7,5,1
3667.7,162.8,569.7,82.0,5,2
2057.15,166.3,175.0,76.8,5,1
1719.12,140.3,171.5,52.4,4,1
2364.22,90.1,390.5,49.1,5,2
2185.74,178.3,188.1,80.0,4,1
1433.07,168.9,42.5,65.3,4,1
2055.18,218.9,109.6,82.4,4,1
2503.8,210.2,224.8,84.8,4,1
3605.86,164.4,526.8,93.5,6,1
2557.11,110.5,403.8,55.6,5,1
1863.0,145.3,206.2,50.8,4,1
2838.6,119.1,464.4,56.1,5,2
1819.99,164.6,129.6,71.5,4,1
2428.56,183.7,243.1,80.2,4,1
1495.75,138.9,91.7,63.7,4,1
2846.43,115.5,483.8,49.9,6,2
3057.36,134.1,489.5,62.5,5,1
3328.98,138.4,557.6,60.6,5,2
2371.18,146.1,301.3,64.6,5,1
4150.08,151.4,672.5,95.0,6,2
2913.88,113.4,476.0,61.8,6,2
2969.35,136.8,405.1,89.1,6,2
2466.83,156.1,322.7,61.3,4,1
3296.67,159.6,503.6,71.5,5,2
1758.09,128.5,207.7,45.9,4,1
3345.86,167.6,454.5,95.3,4,1
1578.18,161.8,61.7,76.0,4,1
3639.42,158.8,553.2,87.9,5,2
2729.54,183.9,329.2,75.2,4,1
2471.8,123.3,323.5,76.1,4,1
3447.45,179.4,451.0,102.9,6,2
2986.35,215.4,309.2,98.7,4,1
1886.66,113.7,256.5,45.1,4,1
3054.93,154.8,433.2,78.1,6,2
3576.29,190.4,522.1,80.7,4,2
3362.37,164.4,491.9,81.9,5,2
1891.93,166.4,161.4,64.5,4,1
4405.03,204.4,638.8,114.7,5,2
3340.85,170.1,438.8,100.6,5,2
2347.24,128.0,340.2,52.7,4,1
2213.29,131.9,271.3,66.7,4,1
2135.47,177.7,178.5,79.0,4,1
1957.86,174.9,148.0,74.1,4,1
2028.8,122.0,259.7,55.8,4,1
3223.49,184.0,435.5,82.8,6,2
1738.95,127.6,180.3,56.4,4,1
1360.9,146.0,61.4,59.0,4,1
1778.48,144.1,163.4,60.9,4,2
2908.52,111.2,441.3,77.6,5,2
2149.43,147.3,258.4,58.5,4,1
1698.09,204.6,22.0,87.9,4,1
3094.09,156.6,413.0,90.6,4,1
2985.64,150.4,377.7,97.0,5,2
1990.4,138.5,210.9,65.9,5,2
3183.1,134.9,512.7,65.9,5,1
3066.9,219.9,341.8,91.1,4,1
1782.4,105.5,232.4,47.9,5,1
3196.86,228.2,354.7,96.1,4,1
2928.66,160.6,348.1,99.3,5,2
3992.23,141.6,691.5,73.3,5,1
3292.41,176.3,493.1,68.3,4,1
2552.23,161.3,309.7,74.2,5,1
2526.24,172.6,278.1,80.4,4,1
1847.94,124.5,226.8,49.2,4,1
2514.82,160.5,308.1,71.2,5,1
1927.89,155.2,165.7,71.6,4,1
2557.09,212.5,221.7,91.1,4,1
4552.36,160.4,800.0,79.0,5,2
2078.21,108.3,241.3,75.6,6,1
3233.39,178.4,445.1,82.2,6,2
4145.7,159.6,653.6,99.2,5,2
3073.29,175.5,393.4,88.6,6,1
1836.7,125.6,235.9,43.4,4,1
2087.41,119.0,250.6,67.7,5,2
1881.09,99.7,261.1,48.7,4,1
2295.52,144.3,274.2,69.0,5,2
2220.33,150.8,231.3,76.9,4,1
3991.51,166.5,600.0,102.8,5,2
2497.72,140.8,326.6,69.8,5,1
1399.13,133.4,87.4,57.3,4,1
3456.29,138.4,533.3,85.5,4,1
2427.28,193.8,203.4,93.2,5,1
2164.0,159.6,233.1,65.9,4,1
1913.72,154.6,161.7,72.1,4,1
2491.65,100.9,412.1,48.8,6,2
4388.2,173.8,666.1,114.3,5,2
4309.85,163.5,668.5,109.1,5,2
2455.23,186.0,268.6,70.7,5,1
3831.07,230.4,504.1,99.2,4,1
1531.98,108.6,161.9,50.0,4,1
1850.83,224.5,58.3,79.9,4,1
2737.48,105.5,466.5,49.9,6,2
2602.16,90.5,448.5,49.6,5,2
2878.02,136.6,444.1,61.7,4,1
2611.54,114.1,404.1,59.9,4,1
2909.63,174.9,300.8,111.9,5,2
3715.37,144.7,612.7,76.2,4,1
2180.39,180.3,177.7,83.1,4,1
2560.04,170.2,299.3,75.8,4,1
2254.48,109.3,341.4,50.2,4,1
3170.58,145.7,450.3,87.4,5,2
3367.17,199.6,418.0,99.6,4,1
2413.06,136.6,348.4,52.6,4,1
2345.69,114.1,344.4,56.9,5,1
3145.42,114.6,521.2,66.9,6,1
3745.94,238.4,475.4,99.0,5,1
2991.3,123.8,471.9,67.6,5,2
1805.03,232.2,0.5,97.1,4,1
2511.02,124.7,389.6,50.4,5,2
1358.04,123.0,107.9,48.2,4,1
2214.43,181.4,181.6,84.7,4,1
2529.26,100.2,418.6,50.4,5,1
2972.69,132.5,457.7,68.0,4,1
2782.72,146.8,359.4,84.2,5,2
4392.85,160.1,701.2,105.3,6,2
2644.44,168.0,304.2,84.0,4,1
2579.88,135.3,338.3,76.2,5,2
1990.06,101.7,280.4,51.3,5,2
2648.82,171.0,334.2,69.8,4,1
2948.24,226.2,314.8,87.2,4,1
2250.26,208.9,166.9,83.0,4,1
2698.0,108.9,445.0,53.6,5,1
4265.88,168.1,668.7,102.1,5,2
4544.68,167.4,742.9,100.4,5,1
1630.89,112.8,194.9,44.4,4,1
3134.49,211.0,390.8,80.8,4,1
2639.72,213.0,225.8,98.3,4,1
2819.75,138.9,359.2,91.9,5,1
2801.85,147.5,394.7,70.3,4,1
2721.08,85.5,483.4,49.5,5,2
3141.03,233.7,343.0,92.7,4,1
3304.59,118.0,531.9,78.4,5,2
2863.77,128.8,432.9,68.6,5,2
2483.68,131.7,335.7,68.2,5,2
3648.05,172.7,535.8,90.5,6,2
4415.49,218.8,650.6,104.2,5,1
2638.63,112.4,425.5,54.1,5,2
2775.87,232.9,264.3,87.4,4,1
2504.47,118.5,386.9,53.7,5,1
2646.85,140.7,305.8,95.7,5,2
1807.19,118.6,223.7,48.7,5,1
3662.72,138.6,618.0,70.7,5,2
2118.23,215.9,95.1,97.1,4,1
3069.65,138.8,481.5,65.4,5,2
1541.79,161.5,73.1,67.1,4,1
1912.32,157.7,189.8,58.0,4,1
2796.67,91.9,478.0,57.5,5,2
2819.23,171.8,382.7,66.8,5,1
2874.13,189.6,335.2,86.1,4,1
1924.02,94.1,251.1,60.4,6,2
3373.97,153.0,468.7,98.6,5,2
2907.69,186.6,322.2,96.9,6,2
2619.84,179.9,301.3,77.2,4,1
2915.77,109.8,509.5,48.7,5,1
1727.1,147.6,122.0,72.1,4,1
1253.28,139.5,36.1,61.2,4,1
2475.89,234.7,171.3,94.7,4,1
2304.65,158.2,252.7,73.4,4,1
2795.04,149.1,393.5,69.4,5,2
2078.26,144.8,245.2,57.6,4,1
1392.98,113.7,140.9,41.6,4,1
4114.53,147.0,691.0,84.7,5,2
2269.0,127.8,321.2,52.5,4,1
2265.66,116.9,344.3,46.7,5,1
1921.5,176.0,157.7,65.2,4,1
3098.73,159.3,416.1,88.6,5,2
3021.5,107.5,534.3,50.5,5,1
3337.09,178.1,437.2,97.3,5,1
2369.68,124.3,350.5,52.3,4,1
2073.1,188.7,159.8,75.5,4,1
2194.73,132.6,302.5,50.5,4,1
2261.39,113.2,312.5,62.1,5,1
3002.41,191.4,362.7,87.3,5,2
2278.08,126.5,275.7,74.4,5,1
2658.12,169.7,280.1,95.4,4,2
3315.19,122.3,589.5,52.0,5,2
2730.18,163.9,331.9,83.0,4,2
2748.32,151.7,307.2,101.4,5,2
2094.6,230.7,91.6,89.5,4,1
3218.98,178.1,416.8,93.3,5,2
2829.79,150.1,394.0,72.6,5,2
2251.4,122.3,313.0,56.7,5,2
1401.82,85.9,167.3,43.2,4,1
2673.0,165.0,319.1,81.9,5,2
1879.74,174.2,109.5,82.8,4,1
1651.65,183.5,66.3,72.5,4,1
1643.28,202.2,10.8,87.9,4,1
3012.76,149.8,397.5,91.5,5,1
2354.02,183.1,204.0,89.5,4,1
1717.66,88.9,239.5,44.9,5,2
2842.8,130.0,427.2,68.2,4,1
2351.6,168.6,189.6,102.1,5,1
3109.22,139.1,488.0,66.8,5,2
2532.22,141.2,346.9,64.4,5,1
2788.66,195.2,321.7,80.1,4,1
2298.82,133.9,314.5,56.1,4,1
3187.46,233.8,362.0,89.3,4,1
2385.99,189.0,249.7,70.2,4,1
1637.28,161.0,109.9,61.5,4,1
2791.64,148.4,387.4,72.0,5,2
2873.15,193.2,315.4,93.2,5,2
3186.05,114.9,532.1,66.4,5,1
2003.73,99.4,280.1,54.0,4,1
1519.93,145.6,100.6,59.5,4,1
2415.29,115.6,350.2,61.4,5,1
2723.38,209.9,285.4,82.5,4,1
2317.97,250.5,129.9,88.5,4,1
1953.91,118.0,263.9,47.4,4,1
2505.45,110.1,390.3,56.0,4,2
2152.6,201.4,168.7,74.7,4,1
2680.35,95.7,452.7,54.1,5,2
3134.54,147.2,484.5,67.5,5,1
3085.31,107.7,538.4,55.7,6,2
4605.01,196.5,682.8,120.9,6,1
1773.75,211.4,52.0,80.0,4,1
4059.02,171.0,623.3,98.0,6,2
2304.56,178.4,203.8,86.2,5,1
2772.74,120.7,422.2,66.8,5,2
3094.81,207.4,320.1,109.4,5,2
3446.27,166.1,471.4,99.6,5,2
1783.5,151.5,151.1,63.7,4,1
3476.23,171.7,437.2,115.6,5,2
3257.96,154.4,479.0,80.5,5,1
3524.63,178.4,480.6,98.7,5,1
1314.59,124.1,109.9,42.1,4,1
3628.45,186.2,484.5,105.1,5,2
3439.5,164.5,445.1,111.3,5,2
2508.98,166.4,305.8,68.9,4,1
1682.13,95.3,195.9,57.5,5,1
3374.44,130.4,535.0,79.2,5,2
2362.85,88.9,393.7,48.1,5,2
2857.96,176.1,351.5,83.1,4,1
3049.12,152.8,408.5,89.3,5,2
1906.78,115.5,251.2,48.9,4,1
2551.53,112.0,375.6,66.8,5,2
2297.94,144.2,307.5,54.6,4,1
2315.88,138.5,291.9,66.0,4,1
3440.83,162.3,448.9,110.6,5,2
2583.94,114.8,402.3,57.3,5,2
2426.82,123.9,354.4,57.1,4,1
2470.46,112.8,381.6,54.8,5,1
3598.12,153.0,542.0,90.9,5,2
2761.87,108.2,476.5,47.0,5,2
4303.16,198.1,682.8,86.6,4,1
3229.96,155.5,461.8,84.5,6,2
1977.0,140.6,199.3,68.6,4,1
1758.41,121.5,173.6,64.2,4,1
2674.25,107.6,457.2,46.1,5,1
2191.41,123.2,318.1,47.4,5,1
1923.1,139.1,149.3,85.5,5,2
2916.36,151.0,381.1,87.6,6,2
3095.98,247.1,325.9,89.3,4,1
4228.47,157.7,664.5,104.4,6,2
2726.1,196.9,317.7,74.2,4,1
2687.12,180.7,248.6,107.8,5,2
2217.34,147.6,277.7,57.3,4,1
1685.75,186.0,85.8,66.5,4,1
3200.05,172.6,415.8,94.1,5,2
2422.97,112.7,370.8,54.3,5,1
2031.57,100.3,299.8,47.9,4,1
2918.6,201.5,341.2,83.1,5,1
3328.26,154.7,508.6,75.0,5,2
3966.32,174.9,566.0,111.4,5,2
2760.16,157.9,333.2,88.4,4,1
3255.21,145.4,522.6,64.8,4,1
1549.62,116.6,159.5,49.4,4,1
2528.05,158.9,299.6,77.1,5,1
1783.59,86.3,255.1,46.4,4,1
2109.81,227.6,77.2,99.0,4,1
2456.7,173.7,279.7,71.4,4,1
1998.87,180.9,162.0,69.7,4,1
2446.52,112.9,358.6,62.3,5,2
2650.46,119.6,408.3,59.9,6,2
2905.24,196.7,346.2,81.5,4,1
2436.44,99.1,401.7,48.1,5,1
2306.62,203.5,199.2,77.3,4,1
1494.74,142.0,97.5,59.6,4,1
2637.35,156.2,262.4,107.0,6,1
2484.02,175.6,245.4,88.9,4,1
3117.66,212.7,344.6,98.7,5,2
2589.5,145.9,355.5,64.9,4,1
2202.3,133.6,280.8,60.5,4,1
1956.1,91.6,253.8,63.8,5,2
2596.48,158.2,335.2,69.2,5,1
1983.22,135.0,236.1,55.4,4,1
1288.61,139.6,71.9,49.2,4,1
1879.68,222.8,38.5,92.7,4,1
1466.7,135.2,110.2,53.9,4,1
3965.01,210.7,525.8,113.2,5,1
2451.81,148.8,248.3,96.0,5,2
2836.03,154.8,354.1,89.0,6,2
2362.12,95.0,385.8,48.8,4,1
2021.51,229.5,45.4,102.4,4,1
2587.79,138.4,359.0,66.4,4,1
3333.56,193.8,454.7,82.2,5,1
2815.12,135.0,425.3,63.8,5,1
2400.32,160.3,287.7,67.6,4,1
3369.74,180.1,497.2,73.4,4,1
1665.71,109.8,199.3,47.7,5,1
2084.88,148.0,235.3,61.3,4,1
1692.71,105.7,199.6,52.4,4,1
3100.02,163.8,436.9,77.5,4,1
2261.47,150.7,224.0,84.7,4,1
3186.26,152.7,428.0,95.9,5,2
3547.22,164.5,558.6,72.8,4,1
2196.02,117.4,310.2,54.0,4,1
3235.64,186.2,414.4,92.6,4,1
4436.85,199.1,633.8,122.8,5,2
3188.74,157.8,424.3,95.6,5,1
2751.29,146.9,316.9,99.6,6,2
3376.18,188.0,456.9,88.5,4,1
2199.96,192.4,162.0,86.9,4,1
3952.64,217.8,577.3,85.8,4,1
3297.5,196.1,427.3,89.3,5,1
1987.39,137.4,225.7,59.5,4,1
3000.17,147.8,418.9,81.5,4,1
2426.57,141.1,326.4,61.8,5,1
2325.43,213.6,201.3,74.0,4,1
3464.31,107.2,633.7,55.6,5,2
2012.61,226.1,88.8,83.7,4,1
2629.08,169.1,262.4,100.3,6,2
1590.28,123.1,170.3,46.3,4,1
1423.85,119.8,123.2,50.2,4,1
2476.49,166.9,269.7,81.1,4,1
2985.97,120.7,504.9,53.7,6,1
3031.77,188.4,302.2,118.8,5,2
2547.8,119.2,374.6,63.6,5,2
2687.87,104.1,423.3,64.2,5,2
3359.26,193.8,467.6,79.3,5,2
2478.66,105.0,401.9,50.1,6,2
3055.95,119.0,502.4,63.4,6,2
2445.14,223.7,174.3,94.8,4,1
2212.58,209.5,144.1,88.7,4,1
1594.01,136.0,117.3,64.5,4,1
1986.29,230.6,43.7,98.8,4,1
3122.2,218.9,379.4,81.0,4,1
2694.49,158.6,310.3,91.0,6,2
3848.07,205.4,466.7,128.8,5,2
2467.25,219.1,172.2,100.2,5,2
3265.75,158.1,445.0,94.8,4,1
2567.0,175.2,308.9,70.1,4,1
2050.7,211.4,115.7,82.5,4,1
2059.84,123.3,237.3,68.6,5,2
4384.19,203.9,632.5,115.4,5,2
3068.9,116.6,512.3,61.5,5,2
3260.37,192.3,368.0,113.2,6,1
3141.59,155.1,467.3,72.4,6,2
3588.11,186.9,522.4,83.4,4,1
3197.99,164.9,412.3,98.8,5,2
3428.56,193.2,452.3,94.1,5,2
3789.64,162.9,633.7,67.1,6,2
2345.1,121.2,354.5,49.1,4,1
1648.54,135.8,141.3,60.0,4,1
1806.95,210.6,58.0,81.4,4,1
2449.28,126.3,374.6,49.5,4,1
2024.74,120.0,256.8,57.5,5,1
1990.27,137.8,220.8,61.7,4,1
3269.71,175.1,433.3,92.9,6,2
2200.2,121.8,313.9,50.8,4,1
2197.18,188.5,175.2,82.5,4,1
2972.43,159.9,397.4,82.6,5,2
2458.34,118.0,324.9,76.3,5,2
2741.6,98.3,474.9,49.8,5,2
2425.68,191.1,235.8,79.8,5,1
1962.39,97.8,276.3,51.8,5,2
1495.18,151.7,105.9,51.6,4,1
2530.03,196.5,253.6,81.1,4,1
2361.59,137.7,329.8,54.6,4,1
2864.12,211.3,320.5,81.9,5,1
2080.68,142.7,239.7,61.2,4,1
1936.18,240.8,9.2,104.0,4,1
2165.87,111.3,265.4,73.3,5,1
3389.64,200.3,433.7,94.9,4,1
1954.81,153.7,193.0,63.1,4,1
1731.01,109.1,215.7,48.0,4,1
1797.61,100.9,222.9,55.8,4,2
4138.24,142.6,676.9,95.6,6,2
3093.41,216.7,374.0,81.2,4,1
2016.67,94.8,297.5,49.7,6,2
2917.91,166.9,388.3,77.5,4,1
1983.85,222.5,77.0,87.3,4,1
2709.4,110.1,454.9,49.9,4,2
2348.26,102.3,350.1,59.9,5,2
1634.15,125.5,158.0,55.5,4,1
3483.7,147.8,522.3,89.2,5,1
2055.24,135.1,238.9,62.1,4,1
3237.09,113.3,551.9,64.0,6,2
2828.48,208.9,280.5,96.8,4,1
2778.85,111.4,451.8,58.4,5,2
2590.45,117.9,374.5,68.9,5,1
2159.32,113.1,284.3,63.3,5,2
2718.49,100.4,453.4,55.9,4,1
1640.7,100.3,179.3,58.0,5,1
3565.53,182.9,460.0,110.4,5,2
4151.37,177.6,685.9,77.5,5,2
2566.62,97.7,435.3,48.3,4,1
1558.53,115.0,164.4,49.0,4,1
2269.78,155.7,226.2,82.5,4,1
3189.34,151.2,448.3,87.9,5,1
1642.04,116.8,195.3,43.7,4,1
3221.01,116.9,510.2,79.2,5,2
4015.24,197.7,584.3,98.6,5,1
2973.13,134.3,475.3,59.4,4,1
2250.47,207.7,184.7,75.7,4,1
2315.75,183.1,238.3,70.1,4,1
2736.11,241.9,205.4,105.2,4,1
1641.15,186.8,74.9,66.0,4,1
2804.85,241.2,253.2,91.9,4,1
2684.26,191.0,246.5,103.8,4,1
3178.95,135.5,515.3,64.0,6,2
1814.09,120.4,221.3,49.7,4,1
1819.98,115.4,225.4,50.8,4,1
3634.33,237.7,469.8,89.4,4,1
2385.24,190.7,234.8,75.9,4,1
1778.39,115.9,223.8,46.6,4,1
2313.17,182.4,220.6,77.9,4,1
3402.36,121.2,581.6,65.7,5,2
3401.11,170.9,509.1,75.7,5,2
1909.58,141.1,199.2,61.0,4,1
2603.61,191.2,282.0,79.0,4,2
1830.74,113.5,224.5,53.2,4,1
2770.78,172.2,359.7,71.5,4,1
3893.72,163.9,614.1,86.8,5,2
2590.95,213.5,201.4,103.5,4,1
2796.48,184.5,277.1,105.5,4,1
1837.16,156.1,150.8,67.8,4,1
1642.03,131.2,169.7,48.7,4,1
3442.18,177.7,467.0,96.0,6,2
2788.78,214.9,284.8,87.8,4,1
2970.73,177.3,370.5,86.6,5,2
3247.03,147.5,516.9,65.5,5,1
1634.36,140.9,116.1,67.4,4,1
1701.2,126.8,186.0,50.0,4,1
2655.54,177.0,314.8,76.5,4,1
1840.14,188.5,116.5,68.9,4,1
2632.55,148.5,323.6,82.7,5,1
2405.78,206.4,199.0,87.1,4,1
2388.16,170.6,240.5,82.7,4,1
1801.17,135.2,170.9,64.1,5,1
5137.78,180.7,885.6,97.0,5,2
2983.44,179.4,356.3,93.4,5,2
3141.19,138.8,468.2,79.3,5,2
2303.89,184.6,223.5,74.6,4,1
3139.23,178.0,448.8,70.2,4,1
3466.59,117.0,617.8,58.6,5,2
1641.14,151.5,131.7,56.5,4,1
3168.53,213.0,386.2,85.8,4,1
2670.86,149.4,366.6,67.4,4,1
1592.74,121.9,158.3,52.4,4,1
1977.91,125.7,244.1,55.4,4,2
2676.18,172.7,251.7,108.7,6,2
2551.19,169.2,289.9,79.4,4,1
3206.46,139.3,513.9,65.9,5,2
2175.75,157.0,224.9,72.0,5,1
3622.93,206.3,485.4,95.1,4,1
2292.74,119.1,317.6,60.6,4,1
3150.03,159.4,439.2,84.0,5,1
1701.6,185.2,71.2,75.1,4,1
2724.02,226.5,268.0,82.9,4,1
1926.65,194.1,131.9,69.2,4,1
2319.47,180.9,257.3,63.0,4,1
1413.64,120.1,119.6,50.5,4,1
2569.88,113.9,403.7,55.5,5,1
3542.23,209.3,434.2,107.6,6,2
1881.61,145.1,210.1,51.2,4,1
1669.35,140.2,139.6,61.1,4,1
3223.21,93.5,588.7,54.9,6,2
2861.78,254.2,259.7,89.6,4,1
3151.09,126.2,513.1,66.0,5,2
3367.31,122.4,547.7,76.3,5,2
3039.77,214.2,333.1,94.5,4,1
3797.5,186.9,606.7,69.2,4,1
1186.12,127.2,51.9,52.2,4,1
2914.32,214.8,319.8,86.2,4,1
3266.41,145.5,488.2,81.3,5,1
1702.56,187.0,58.6,80.0,4,1
3224.85,156.3,412.2,105.7,6,1
2427.7,170.0,303.3,59.4,4,1
2340.06,139.8,274.6,75.9,4,1
2131.41,145.5,246.1,62.8,4,1
2736.29,114.0,453.3,51.9,4,1
2357.58,184.9,249.0,69.1,5,1
2050.86,119.5,285.6,47.8,4,1
2973.16,220.3,308.5,95.3,4,1
2080.1,195.8,162.2,72.0,4,1
2010.58,158.1,193.1,67.3,4,1
3463.32,152.8,561.8,67.2,5,2
1629.98,143.1,143.2,53.9,4,1
2406.72,151.7,240.2,93.3,6,2
3116.73,199.3,303.0,123.1,5,1
1981.45,102.3,282.4,49.2,4,1
2156.49,120.9,299.1,52.9,4,1
2247.86,192.3,174.7,86.7,4,1
1248.99,132.5,71.7,48.0,4,1
1948.52,161.7,187.2,61.4,4,2
1595.13,160.5,72.4,73.7,4,1
1698.78,136.5,162.7,55.8,4,1
2931.02,181.5,364.7,82.9,5,1
2756.66,154.5,334.2,89.1,4,1
2429.59,166.6,292.5,65.9,4,1
2301.72,97.0,335.7,63.4,5,2
2163.8,162.2,225.4,68.2,4,1
1939.09,168.5,134.8,80.7,4,2
1939.8,143.9,205.0,60.5,4,1
2194.19,141.9,277.4,57.5,4,1
3916.63,204.4,545.2,102.0,4,1
3793.57,153.4,589.5,91.3,5,2
2429.18,104.7,372.0,58.0,4,1
2034.7,199.6,129.7,79.7,4,1
2049.7,89.8,324.9,43.4,5,2
2829.29,168.6,370.3,74.9,5,1
2512.12,162.3,292.8,76.9,4,1
3601.14,137.1,565.8,87.7,5,2
2007.11,81.9,287.3,58.9,5,2
3177.39,104.4,559.8,57.8,5,1
1630.14,117.6,178.5,49.5,4,1
2469.73,202.1,200.8,95.3,4,1
3757.85,183.1,577.5,79.5,5,2
3276.24,153.8,505.4,71.1,4,1
2967.41,146.7,447.0,65.8,5,2
3376.61,165.1,461.1,96.8,6,2
3365.23,186.8,467.3,83.2,5,1
2386.74,150.9,269.4,78.4,5,1
1373.77,130.2,90.6,54.5,4,1
3754.5,195.7,553.6,84.1,5,1
2188.21,116.9,328.5,45.2,4,1
3189.91,202.4,393.2,89.7,4,1
2812.79,137.8,407.9,70.0,6,1
3102.38,162.2,362.5,111.5,6,2
3119.33,186.0,408.7,82.3,5,1
1777.31,134.9,174.9,59.8,4,1
4147.25,162.0,666.1,92.8,5,2
2420.01,176.3,248.0,80.3,5,1
2365.51,103.7,375.8,49.8,5,1
2047.39,115.2,274.3,54.4,6,1
1866.28,121.9,190.2,68.6,4,1
2198.85,194.1,185.1,75.8,4,1
2238.14,212.7,144.2,90.1,4,1
1676.29,134.6,149.2,60.1,4,1
2266.24,132.2,266.1,74.8,5,1
2307.95,126.2,308.9,63.1,5,1
2423.75,101.9,394.2,48.8,4,1
1940.52,111.2,276.7,43.2,4,1
2608.71,180.3,313.2,70.5,4,1
3269.7,160.4,460.2,87.5,5,2
3730.22,199.7,457.4,122.4,5,2
3073.75,186.0,372.5,93.3,5,1
2962.34,140.3,456.9,63.7,4,1
3668.68,147.5,549.5,97.8,6,1
2794.12,98.7,495.1,46.5,5,2
2570.66,115.4,385.5,63.0,6,1
3906.7,187.3,600.1,84.1,5,1
3215.23,206.3,378.8,97.2,4,1
4503.62,214.3,690.0,98.5,5,2
2089.32,155.9,215.2,67.2,4,1
1638.34,136.7,135.4,61.1,4,1
4089.02,170.4,662.0,84.4,6,2
3161.81,160.0,436.8,86.0,5,1
3007.81,140.8,440.7,75.7,5,1
2930.21,178.4,377.9,78.3,5,1
1333.68,156.3,38.8,61.5,4,1
2581.53,205.1,258.6,80.7,4,1
3086.21,132.1,498.5,62.6,4,1
2483.4,174.2,285.8,71.5,4,1
2363.1,189.5,227.3,77.4,4,1
3183.86,189.3,424.1,81.2,4,1
2327.12,133.2,338.2,49.0,4,1
2997.22,181.5,371.0,87.5,4,1
1947.0,107.7,254.1,55.5,4,1
1618.88,124.3,166.4,50.7,4,1
2449.06,118.1,341.1,68.1,6,2
2088.56,106.0,284.6,58.5,5,1
2197.73,123.6,294.1,58.6,4,1
2689.97,175.2,330.4,74.2,4,1
1937.93,205.6,92.3,82.9,4,1
1482.48,127.7,134.1,48.3,4,1
4095.71,151.9,663.2,92.8,6,2
2402.3,99.8,392.6,48.1,4,2
2084.93,113.9,300.2,47.6,4,1
3888.88,213.6,528.9,102.1,4,1
3182.78,164.6,481.1,66.7,5,1
2167.64,143.1,200.9,88.0,5,2
3069.73,216.8,320.2,102.4,4,1
1964.78,149.3,198.4,63.8,4,1
2954.37,134.3,472.8,58.4,4,1
2103.51,194.8,152.0,79.6,4,1
1169.52,130.7,28.0,59.4,4,1
2556.12,153.8,343.6,62.9,4,1
2952.06,181.4,333.3,99.3,5,1
2395.06,191.0,166.3,107.3,6,2
2520.44,171.2,304.6,68.6,4,1
3529.59,213.2,451.9,96.5,4,1
2010.49,112.6,279.2,49.2,4,1
3894.72,165.6,600.3,92.4,4,2
2038.0,126.5,249.6,59.3,4,1
2650.05,152.1,360.5,66.6,4,2
3303.15,150.1,528.8,65.3,5,1
3300.49,182.1,465.4,78.9,4,1
1706.55,179.9,98.6,65.8,4,1
2980.94,177.2,389.1,79.5,4,2
2147.38,217.0,120.2,88.7,4,1
1765.38,104.6,223.4,50.4,5,1
3155.79,132.3,494.4,72.1,6,2
3246.77,197.6,394.2,97.7,5,1
2815.96,157.4,385.9,71.4,4,1
2119.43,195.9,147.4,82.9,4,1
3468.88,228.9,433.7,90.9,4,1
2930.5,181.3,370.7,80.3,5,1
2067.9,159.3,181.0,78.5,5,1
1828.2,123.0,196.5,61.2,4,1
1918.89,104.5,258.3,51.9,4,1
1895.36,103.1,260.8,48.9,4,1
3699.32,199.9,493.4,102.9,5,2
1976.46,104.2,289.2,44.8,5,2
2969.0,151.9,432.7,70.1,6,1
2342.59,207.1,198.5,80.0,4,1
3982.12,166.5,614.1,95.5,5,1
2092.99,115.0,274.4,59.5,4,1
2264.46,196.0,191.1,79.6,4,1
1864.22,187.3,122.2,69.6,4,1
3282.76,179.0,436.4,91.2,4,1
2199.33,141.7,258.3,66.6,5,1
3124.32,100.9,561.7,52.7,6,2
2513.42,187.3,241.6,88.6,4,1
1531.5,161.4,74.6,65.3,4,1
2065.34,91.5,316.7,48.1,5,1
3027.05,191.7,351.1,95.1,4,1
3164.76,139.9,489.8,71.8,5,2
2349.19,190.7,239.0,70.0,4,1
1582.73,147.2,134.8,50.5,4,1
1924.99,111.5,246.0,55.0,4,1
2000.26,121.7,218.1,71.2,5,1
2633.06,139.5,377.7,62.7,5,1
1657.53,185.4,58.2,75.9,4,1
2483.83,193.8,247.8,79.7,4,1
3448.9,213.1,448.8,89.0,5,1
2363.37,122.2,320.8,65.7,5,2
1868.95,140.0,196.3,58.2,4,1
3164.96,232.3,339.8,97.4,5,1
1618.18,147.0,103.0,68.7,4,1
3086.56,111.3,524.2,60.5,5,2
2269.09,164.4,262.1,62.6,4,1
3758.31,159.7,582.8,87.6,4,1
2230.1,128.1,310.9,52.7,4,1
2448.56,136.5,291.0,82.1,6,2
4465.53,201.0,681.0,104.2,4,1
1483.19,181.4,38.7,67.0,4,1
2306.34,113.7,320.3,63.4,5,2
1408.54,93.7,164.1,41.9,4,1
2594.05,164.1,317.7,74.1,4,1
3371.13,133.0,582.6,56.5,5,1
2892.03,186.1,386.3,66.9,4,1
2646.33,102.9,437.7,53.8,5,2
4363.76,147.3,758.8,82.1,6,2
2743.11,173.2,324.9,83.4,4,1
1953.59,119.1,255.2,50.7,4,1
2161.14,217.2,101.1,98.7,4,1
3334.5,131.1,541.9,71.4,5,2
1520.41,115.5,157.0,47.8,4,1
3006.99,127.4,471.5,67.9,5,1
2807.07,120.1,414.4,74.3,5,2
2959.48,151.5,399.1,84.1,4,1
2628.04,120.6,408.7,56.8,5,2
2180.24,132.2,286.8,56.0,5,1
3848.59,167.4,577.6,96.5,6,1
1472.65,142.6,85.3,62.3,4,1
3188.23,156.9,445.3,86.6,4,1
2084.8,121.1,260.0,62.2,5,1
2837.21,195.1,251.0,117.0,5,1
2949.01,238.1,280.0,97.4,4,1
3733.97,167.8,601.9,72.8,4,1
1740.84,110.9,229.2,42.3,4,1
2936.89,85.0,511.8,61.1,6,2
2231.1,189.2,132.6,104.9,4,1
2540.76,223.5,181.6,102.2,4,1
2481.24,204.5,256.9,70.6,4,1
1760.7,97.5,232.2,49.1,5,1
2181.6,240.5,118.0,83.1,4,1
3857.75,160.1,593.6,93.6,5,2
2858.2,160.6,400.2,68.3,4,1
2836.82,165.3,340.5,90.4,5,1
3416.58,210.0,397.1,109.8,6,2
2549.81,208.3,231.1,88.0,5,1
3130.91,201.8,393.5,83.3,5,2
1850.83,107.4,228.5,56.4,5,1
1775.84,130.3,183.1,58.0,4,1
2568.94,204.8,228.2,93.0,4,1
2783.19,88.6,492.3,51.1,6,2
1648.62,207.4,30.0,77.7,4,1
1544.26,165.1,60.6,71.3,4,1
2224.12,125.7,270.6,71.0,6,2
2844.04,147.8,395.6,74.5,5,1
2502.28,101.8,401.0,54.5,5,2
1749.12,178.5,90.6,74.7,4,1
1967.94,89.5,293.7,48.4,6,2
3418.86,205.4,415.8,103.8,4,1
2722.64,105.5,465.4,48.8,5,1
3480.0,187.1,502.2,80.3,5,1
3647.6,153.7,579.1,79.6,5,1
2893.78,144.3,427.1,67.6,5,1
2922.96,164.1,354.0,94.5,5,2
2282.84,86.6,350.2,59.5,5,2
4237.35,217.5,608.6,103.7,6,2
1945.63,184.9,136.6,73.3,4,1
2927.0,194.6,325.7,94.0,5,2
3221.55,178.2,397.1,102.3,5,2
2914.34,189.0,340.8,88.3,4,1
1613.98,127.1,179.8,42.9,4,1
2732.19,140.8,385.4,69.7,4,1
3341.48,210.9,421.5,90.2,6,2
2250.18,126.1,286.8,66.5,4,1
2554.22,99.4,420.4,52.8,4,1
2987.29,111.6,479.9,69.0,5,2
4867.38,189.4,746.4,124.9,6,1
3046.22,154.3,449.7,70.0,5,1
1716.34,113.3,195.2,53.6,5,1
3823.28,141.0,599.2,95.9,5,1
3483.26,139.9,566.3,73.1,6,1
1665.21,107.5,195.7,50.3,4,1
2156.12,177.1,200.8,71.6,4,1
1502.07,122.6,146.3,47.4,4,1
2197.8,247.7,100.8,89.3,4,1
2743.74,144.5,389.1,67.7,4,1
2366.55,202.9,234.5,68.6,4,1
1803.6,130.1,205.6,51.2,4,1
2965.62,134.1,454.0,68.1,4,1
2858.43,139.5,432.2,63.6,5,2
2689.65,139.3,347.1,82.7,5,2
2263.53,120.7,330.7,50.9,5,1
2390.2,165.3,293.6,61.6,4,1
3377.91,144.1,515.1,82.3,5,2
3469.75,153.0,523.4,84.9,6,2
1711.83,206.2,35.2,82.9,4,1
2195.41,188.2,184.6,78.2,5,1
2395.23,244.0,141.6,94.8,4,1
3396.63,147.1,550.3,67.4,6,2
1690.08,202.5,46.5,77.1,4,1
3755.17,145.7,626.4,74.1,5,1
2566.91,103.4,411.1,56.5,6,2
1733.66,211.1,50.6,76.3,4,1
3006.42,169.1,426.1,69.5,4,1
3078.05,236.4,313.7,97.5,4,1
2689.93,149.8,286.5,105.0,6,2
1952.24,115.9,274.3,43.5,4,1
2871.18,212.6,296.1,92.9,4,1
2668.59,129.5,398.4,61.9,6,2
2734.8,136.8,414.1,59.0,5,1
2146.84,123.6,250.2,72.4,5,2
2894.55,153.3,384.0,82.8,6,2
1674.75,164.2,92.5,72.0,4,1
3387.75,224.9,402.7,97.5,5,1
4094.82,176.2,641.6,91.5,6,2
2970.51,187.8,285.1,119.9,5,2
3616.98,210.3,411.5,125.5,5,1
3505.83,148.1,560.7,74.5,5,1
2619.15,189.5,308.0,69.9,4,1
1983.56,105.5,256.7,59.4,4,1
3086.53,124.7,511.4,60.2,6,2
2777.19,150.9,303.9,106.4,6,2
2520.05,123.9,335.0,76.1,4,1
2286.85,104.7,347.3,53.2,6,2
3293.4,124.7,569.8,57.2,5,2
1863.26,116.4,230.4,52.9,4,2
1797.84,207.1,41.5,89.3,4,1
2304.14,106.3,358.9,49.2,4,1
1463.04,93.3,170.4,45.4,5,1
1748.97,100.7,234.5,45.3,4,1
2928.15,220.2,271.6,106.8,4,1
2762.72,150.8,336.8,90.2,5,2
1978.19,147.0,220.2,56.6,4,1
2051.66,169.3,205.9,61.2,4,1
3178.22,153.4,463.2,79.1,5,2
3522.95,161.1,524.0,87.0,5,2
1781.94,136.1,159.3,66.7,4,1
2718.33,117.7,428.2,59.4,5,1
2873.19,192.0,310.2,96.1,5,2
3773.11,256.4,464.1,99.0,4,1
2882.45,224.1,310.0,82.9,4,1
2974.33,154.4,430.3,70.6,5,1
1527.76,133.3,101.1,65.6,4,1
3033.28,152.9,404.0,89.5,5,2
2058.73,170.5,180.2,72.9,5,1
1594.66,133.6,157.4,47.8,4,1
3341.69,194.7,406.5,104.1,5,2
1722.83,119.1,178.7,59.1,4,1
2015.39,116.8,288.2,44.0,4,1
3719.75,172.8,532.3,99.9,5,2
1944.31,164.9,166.6,68.7,4,1
2061.16,87.3,329.4,43.8,4,1
1766.57,130.0,169.3,63.3,4,1
2226.57,191.5,183.3,80.8,4,1
2066.11,211.9,127.0,78.9,4,1
1877.05,122.3,238.8,48.1,4,1
2195.72,133.3,269.8,64.8,5,1
3852.32,170.4,576.5,96.1,5,2
3052.11,142.1,446.1,77.7,5,2
2828.16,125.5,397.6,81.8,5,2
3833.46,150.2,636.4,76.4,5,2
3586.72,156.4,566.0,77.5,4,1
1949.44,134.2,221.7,58.4,4,1
2498.13,124.6,375.9,55.1,5,2
1999.89,198.0,92.4,93.1,4,1
1998.69,104.7,288.6,47.3,4,1
3042.04,116.0,480.6,72.8,5,2
1887.63,165.2,152.5,68.5,4,1
3848.69,196.2,478.5,127.7,5,2
2411.34,175.9,237.2,84.3,4,1
3058.93,174.2,409.4,80.5,4,1
2989.75,174.6,329.1,108.3,6,2
2915.56,161.0,371.0,87.5,5,2
3908.24,178.0,536.8,116.6,6,2
2728.04,206.2,285.1,84.8,4,1
1678.86,156.0,104.8,70.6,4,1
3146.68,202.9,364.5,97.5,4,1
1825.05,179.9,100.8,78.0,4,1
3058.42,108.6,526.1,57.7,5,2
3329.53,168.9,415.5,110.2,5,2
2701.31,185.3,312.3,79.0,4,1
2874.08,184.0,263.2,120.6,5,2
3047.0,151.3,450.1,71.2,6,2
2301.68,189.4,187.5,88.2,5,1
2986.73,148.5,452.2,64.9,5,2
1894.87,145.8,204.2,55.0,4,1
1896.5,208.9,79.8,82.4,4,1
2841.57,189.7,310.1,93.6,4,1
3547.61,212.4,461.5,94.7,4,1
2442.41,171.5,234.7,90.9,4,1
2544.22,109.2,399.4,56.6,4,1
2333.47,143.6,287.8,67.5,4,1
3714.46,143.3,554.2,102.7,5,2
1724.26,109.9,206.1,51.2,4,1
3020.1,206.3,356.3,85.5,4,1
2526.31,156.7,261.0,95.1,5,1
2472.7,128.8,336.9,67.7,5,2
3178.26,173.7,428.5,85.5,5,1
3492.55,161.3,527.3,82.0,4,1
2848.21,147.7,414.5,66.6,5,1
1614.26,96.3,196.9,49.0,4,1
2020.31,124.6,233.1,65.5,4,1
3661.08,229.1,495.5,84.7,4,1
1677.43,112.0,178.8,57.1,4,1
2205.58,156.4,204.9,84.5,4,1
2676.85,164.6,340.5,73.0,4,1
2616.39,87.1,429.1,61.3,5,2
1693.63,121.6,189.8,49.8,4,1
2009.98,209.7,72.2,98.0,4,1
3020.66,147.2,437.2,75.9,6,2
2573.33,125.7,328.4,84.1,5,2
2101.07,144.6,235.1,64.7,4,1
1845.53,197.7,91.8,76.4,4,1
3670.73,165.9,549.5,89.9,4,1
3903.14,206.5,558.0,93.9,5,1
4209.57,197.7,623.6,102.7,5,2
3062.19,189.8,381.5,86.3,4,1
1829.4,135.1,151.1,76.1,4,1
2875.49,170.2,340.4,92.6,4,1
1781.88,146.7,161.6,61.0,4,1
3193.47,114.1,526.5,70.1,5,2
2695.96,100.4,420.9,67.9,5,2
2538.31,97.4,403.0,59.6,5,2
2381.0,124.1,330.3,62.6,5,1
3439.92,184.9,404.1,120.5,6,2
2629.66,153.9,359.9,63.8,4,1
3110.19,204.7,336.9,104.9,5,2
3608.6,179.1,482.1,107.1,6,2
3098.28,203.5,352.5,97.2,4,1
3347.12,124.1,577.3,60.2,5,2
2122.51,137.4,274.6,52.7,4,1
2770.17,157.0,348.2,83.3,6,2
2983.6,217.2,327.7,89.3,4,1
1590.36,152.3,88.0,69.9,4,1
3089.45,139.0,430.2,90.3,5,2
1468.23,165.6,65.8,60.3,4,1
2165.79,116.1,302.7,54.5,5,1
1818.39,157.6,137.9,70.7,4,1
2646.15,175.8,258.7,100.9,5,1
3019.41,169.7,343.3,107.5,5,2
2875.73,151.1,367.7,89.0,6,2
2903.25,167.9,319.0,106.2,5,2
3646.78,184.1,434.5,130.2,6,2
3012.87,165.0,414.4,77.3,5,1
4175.86,175.7,674.2,86.2,5,1
1792.04,169.8,118.2,71.1,4,1
1771.23,87.3,261.9,41.6,4,1
2637.77,187.3,276.9,86.8,5,1
2182.38,229.8,118.8,87.6,4,1
2354.3,128.5,304.5,69.1,5,2
1614.22,158.1,109.7,60.3,4,1
2289.37,163.6,246.2,72.2,4,1
2915.64,239.8,260.8,101.5,4,1
2845.9,202.1,328.2,80.5,4,1
1642.23,172.4,86.9,67.2,4,1
3200.31,176.2,445.1,79.4,5,1
3462.86,151.8,520.0,86.2,4,1
3534.71,210.1,455.1,97.1,4,1
2491.76,149.2,278.2,86.9,5,1
2763.91,114.6,451.8,55.4,6,1
2442.0,127.0,336.5,65.3,6,2
3259.41,142.9,527.7,64.1,5,1
1569.6,167.3,48.2,78.7,4,1
1653.93,179.2,60.3,77.3,4,1
3979.37,190.3,599.4,91.1,5,1
2481.0,130.3,353.5,60.6,5,1
1917.09,93.6,274.0,49.6,4,1
3159.88,132.6,517.2,62.3,5,1
1967.18,209.8,98.5,81.6,4,1
2105.96,85.5,321.1,53.3,5,1
4338.8,189.8,661.4,103.8,6,2
2217.02,133.2,284.7,60.6,4,1
2429.51,148.6,264.3,86.4,6,1
3281.98,140.7,539.8,62.3,4,1
1912.58,184.9,119.9,77.1,4,1
3307.07,229.5,379.6,96.8,4,1
1994.61,201.0,124.6,76.9,4,1
4080.99,239.7,538.7,107.5,5,1
1738.32,253.9,0.0,91.9,4,1
1625.74,100.4,203.3,45.6,4,1
1161.27,115.9,71.2,45.9,4,1
1805.13,151.0,158.5,63.0,4,1
3107.34,163.8,374.0,106.2,5,2
2871.16,125.5,459.8,58.9,4,2
3368.02,166.7,475.4,88.8,5,2
1829.63,111.2,212.2,59.6,4,1
2347.66,122.0,360.0,46.6,5,1
2405.99,132.3,332.2,60.9,4,1
2832.16,198.7,257.5,111.9,5,2
1575.29,123.0,145.6,55.7,4,1
2526.56,187.2,284.5,71.1,4,1
2007.34,103.1,290.8,48.0,5,2
2439.44,98.2,406.8,46.6,5,1
2154.6,144.1,277.1,52.2,4,1
2254.63,221.7,138.2,90.5,4,1
1276.48,136.1,77.4,46.9,4,1
2882.15,134.5,420.4,73.6,6,2
1473.29,177.8,27.2,72.6,4,1
1878.24,261.5,0.0,108.1,4,1
2708.7,134.0,364.4,79.5,5,1
1772.46,217.0,38.3,83.5,4,1
2103.62,130.1,292.6,45.9,4,1
2361.88,165.1,256.0,75.2,4,1
2811.44,105.9,448.2,66.1,6,1
2119.42,129.0,279.3,54.1,4,1
1597.87,139.9,113.5,64.9,4,1
2253.11,120.5,276.2,74.0,5,2
3186.29,228.5,324.7,108.2,4,1
2721.64,165.3,335.1,80.0,4,1
2099.73,119.9,289.2,51.5,4,1
2361.96,176.8,244.0,75.4,4,1
2916.61,153.5,319.0,114.0,5,2
2422.16,99.6,362.4,63.8,5,2
2265.92,109.3,283.5,77.2,5,2
2085.76,189.1,168.4,72.8,4,1
2092.82,216.8,117.7,83.9,4,1
1572.14,153.2,90.3,66.5,4,1
2673.99,110.9,438.6,52.9,5,1
1924.47,99.3,276.5,46.8,4,1
2712.18,124.7,376.5,78.6,5,2
3023.27,124.3,499.5,58.7,5,2
2368.87,203.6,179.5,92.9,4,1
3744.61,184.8,493.2,114.7,6,2
1801.76,116.5,231.3,45.6,4,1
1832.47,103.3,262.9,40.8,4,1
2108.81,151.2,217.7,70.4,4,1
2241.18,104.9,323.0,58.9,4,1
2592.08,130.0,355.0,72.5,6,2
2824.0,188.5,294.5,99.1,6,1
3756.96,146.3,601.6,85.1,5,2
2731.19,103.8,458.2,53.7,6,2
1771.23,210.4,66.7,73.7,4,1
2253.6,182.7,179.1,89.6,5,1
2306.11,200.8,176.4,88.6,4,1
2368.48,151.1,263.0,79.1,4,1
2234.69,205.0,167.9,82.6,4,1
2553.97,138.6,359.9,62.2,5,1
3385.31,176.1,466.8,90.4,5,1
2623.41,112.8,417.9,55.6,6,2
3267.0,136.0,535.2,64.7,5,2
2023.63,217.4,110.2,79.2,4,1
1652.49,161.3,122.7,57.4,4,1
2388.78,82.6,405.2,48.6,4,1
2815.33,145.7,372.6,82.5,6,2
4908.57,179.1,785.9,116.5,6,2
3039.66,131.9,446.4,80.7,5,2
4570.91,199.8,687.3,113.6,5,2
1168.9,111.3,81.6,44.2,4,1
2751.23,187.5,325.3,77.8,4,1
3500.27,150.4,555.8,75.1,5,1
2311.25,137.5,299.6,62.6,5,1
2640.55,245.0,184.1,102.7,4,1
1954.46,142.1,217.2,57.5,4,1
2628.42,90.2,451.0,51.5,5,2
3289.29,237.4,365.0,97.7,5,1
3055.64,107.5,512.3,64.0,5,2
3947.95,173.0,596.0,96.9,6,2
4031.18,222.5,551.4,104.0,4,1
2063.36,106.4,292.7,51.9,4,1
1531.14,132.4,131.2,53.0,4,1
4598.32,193.4,678.9,123.2,5,2
2962.22,202.2,362.7,78.1,5,1
3263.92,141.1,492.4,81.1,4,1
2012.8,152.6,176.5,77.3,5,2
2327.4,123.2,325.4,59.2,4,1
3251.81,185.2,412.3,95.8,6,2
3402.24,141.7,558.5,66.8,5,1
2116.95,204.7,147.2,78.8,4,1
3137.73,159.9,426.8,87.9,4,1
2323.48,87.5,377.3,51.6,5,2
3138.75,216.5,377.1,84.9,4,1
1402.94,125.0,114.4,49.5,4,1
2947.15,107.9,506.9,54.2,6,1
2121.56,204.6,141.0,82.1,4,1
2324.84,134.9,268.8,78.9,5,1
2296.18,175.8,238.3,71.1,4,1
2206.05,125.0,295.6,58.2,5,1
3752.42,147.2,581.1,93.3,5,2
2457.83,105.6,402.8,47.2,6,1
2715.59,185.3,327.6,73.8,4,1
4203.76,177.9,615.1,114.6,5,1
1847.1,179.2,106.6,78.2,5,1
3120.51,171.8,394.8,94.9,5,2
2461.95,98.9,407.5,48.5,4,1
2500.59,168.6,283.2,77.1,4,1
2699.86,201.3,269.5,90.7,5,1
2289.09,126.2,315.2,58.1,4,1
3379.14,155.2,524.0,73.6,5,2
2260.32,130.0,308.6,56.2,4,1
3260.52,195.3,426.6,85.9,4,1
1478.35,92.7,169.9,47.6,4,1
3914.97,142.1,677.8,70.6,5,2
2572.43,230.8,182.7,102.1,4,1
3225.12,202.7,398.4,91.2,4,1
1933.11,189.3,112.2,80.8,4,1
4166.88,137.0,738.9,73.7,5,2
3574.02,150.3,506.4,105.2,5,2
4228.08,158.2,664.0,104.3,6,2
2444.22,231.7,164.2,95.6,4,1
3638.84,144.2,605.7,71.0,5,2
2905.73,147.6,383.3,86.9,5,1
4475.26,207.7,718.5,85.6,6,2
2041.96,202.2,130.3,79.1,4,1
2316.43,143.7,298.0,61.1,4,1
2249.98,116.6,337.7,48.1,4,1
3328.42,199.8,457.7,77.6,4,1
2930.84,188.7,277.8,118.3,5,2
2541.72,82.9,449.5,45.8,5,1
1909.76,133.1,184.4,71.1,5,1
2861.84,232.9,282.4,89.0,4,1
2752.77,181.9,277.5,101.7,5,2
2119.47,189.3,179.8,71.4,4,1
2533.5,165.0,288.9,79.8,5,1
4292.51,186.4,643.4,108.1,5,2
2218.05,226.9,125.3,89.9,4,1
2254.8,148.9,219.5,86.8,4,1
1860.73,213.3,31.8,97.8,4,1
3587.31,183.2,504.3,93.1,6,2
1828.04,115.7,241.7,44.3,4,1
3117.08,182.5,408.9,83.5,4,1
2611.37,217.4,205.3,102.3,4,1
1775.1,90.7,227.6,55.8,5,2
2361.82,181.0,244.7,73.2,4,1
1702.29,112.3,202.5,49.2,4,1
3058.8,143.1,429.3,85.5,5,2
2352.66,109.0,365.4,50.6,6,2
2747.0,212.4,278.1,87.2,4,1
3708.74,173.7,543.2,93.4,4,1
3119.19,211.6,387.2,80.4,4,1
3143.04,162.0,433.3,84.7,6,2
4086.51,206.4,606.6,92.7,4,1
2587.19,188.2,224.7,104.0,4,1
2576.93,232.1,216.5,86.9,4,1
3286.76,166.3,462.0,86.0,5,2
2080.14,98.0,325.8,42.8,6,2
1734.06,137.0,172.8,55.0,4,1
3890.64,185.1,578.6,92.9,4,1
3804.31,206.7,532.7,94.1,4,1
1712.4,115.4,205.8,47.5,4,1
4181.36,164.7,636.1,108.7,6,2
3841.96,149.5,619.2,85.2,5,2
2876.2,142.6,438.0,61.5,5,2
2761.26,174.6,348.9,74.1,4,1
1415.57,121.1,136.0,43.0,4,1
2868.98,141.4,441.7,59.6,5,1
1761.03,128.4,166.4,64.6,4,1
1721.42,129.9,173.1,56.6,4,1
2958.85,158.3,324.2,114.3,5,2
2306.82,156.2,246.9,77.2,5,1
1793.01,129.1,165.9,68.1,5,1
3043.53,176.2,415.7,75.1,4,1
2607.11,88.1,426.3,61.1,5,2
1672.7,97.5,209.2,49.6,4,1
3004.31,183.8,399.1,74.8,6,2
2105.06,179.9,188.9,70.0,4,1
3437.06,227.5,443.4,83.7,4,1
2617.4,175.3,312.9,73.8,4,1
3557.8,124.0,630.2,60.1,5,2
3229.78,178.2,419.6,93.2,5,2
3382.79,163.7,524.7,69.9,5,2
2402.43,131.6,318.3,67.0,4,1
3162.1,117.4,548.1,55.6,5,1
2817.25,160.6,395.1,66.0,4,1
2302.51,185.0,206.8,81.7,4,1
3745.02,184.0,555.1,87.7,5,1
3326.89,250.5,371.3,93.3,4,1
2036.35,136.6,248.5,55.1,4,1
2458.13,154.8,294.2,73.6,4,1
1855.32,117.9,242.4,46.0,4,1
2602.5,100.6,435.2,51.1,6,2
2593.73,157.8,274.7,96.0,4,1
1834.77,137.0,181.4,62.4,4,1
2663.72,95.7,424.3,64.9,5,2
3089.08,122.5,511.4,61.5,5,1
2718.27,135.9,362.7,80.5,5,2
2244.02,127.3,290.7,63.5,5,2
1731.33,178.9,106.1,65.7,4,1
3153.34,174.4,417.0,87.5,6,2
1953.95,125.5,236.7,56.1,4,1
1829.04,139.9,188.1,57.5,4,1
3188.98,188.5,334.8,121.8,5,1
3248.14,146.0,505.4,71.4,5,2
2312.15,183.9,216.3,79.1,4,1
2677.97,102.0,397.6,75.5,5,1
1884.0,218.4,41.9,93.6,4,1
1698.59,146.2,134.9,63.8,4,1
4108.4,198.2,650.9,79.1,4,1
3817.94,209.8,525.2,97.6,4,1
1659.86,160.9,109.9,64.1,4,1
1982.65,126.1,234.8,59.9,4,1
3765.5,162.3,574.4,91.0,6,2
2885.23,214.1,305.5,89.7,4,1
2781.66,163.5,313.4,97.2,4,1
1706.88,129.5,172.0,55.7,4,1
2179.68,112.6,337.3,42.2,4,1
2271.55,144.1,227.6,87.2,5,1
2558.19,174.0,263.5,89.8,4,1
2841.34,184.0,377.0,66.4,4,1
3177.98,153.9,435.7,91.1,5,2
2965.7,123.5,492.1,55.9,5,2
3238.52,153.7,498.2,70.1,5,2
1829.04,245.2,11.3,89.2,4,1
3452.33,183.0,490.6,84.2,5,1
2340.81,205.3,201.5,79.3,4,1
2186.24,216.5,134.0,87.1,4,1
2849.49,178.2,363.9,75.6,6,2
1891.15,193.7,96.1,81.3,4,1
2439.58,127.6,353.9,57.1,4,1
2582.51,100.5,431.4,50.5,5,2
2476.49,134.9,331.1,68.1,4,1
2264.0,244.0,78.8,108.1,4,1
2281.16,207.2,154.5,92.7,4,1
2022.84,95.7,302.9,47.6,4,1
2446.08,121.3,337.8,67.7,6,1
3801.7,184.0,548.4,96.9,6,2
3221.34,183.8,414.9,91.8,5,2
2636.2,184.7,295.8,79.3,5,2
2693.05,229.3,224.3,97.6,4,1
2164.53,171.0,211.3,70.6,4,1
3510.11,163.1,510.6,90.6,6,2
3280.67,164.6,468.5,83.1,5,2
2092.13,131.0,222.9,75.2,5,1
3387.78,137.3,546.0,72.8,5,2
3832.78,146.4,648.0,72.8,5,2
3004.16,220.8,325.9,90.8,4,1
2109.68,87.9,347.5,40.9,5,1
4281.6,177.2,636.3,114.2,5,2
2489.79,206.8,226.6,84.0,4,1
1816.84,101.5,219.6,59.1,5,2
1987.16,163.8,162.8,75.6,4,2
3272.88,159.3,433.3,100.3,5,1
4107.93,191.1,594.8,107.2,6,2
1378.05,142.0,78.9,55.0,4,1
2442.28,148.3,293.2,75.1,5,2
3336.86,188.5,432.5,94.7,4,1
2013.18,130.7,219.4,68.1,5,1
2427.82,111.9,359.7,60.2,5,1
3166.78,187.6,369.9,104.1,6,2
2625.92,202.8,288.2,73.5,4,1
3184.2,142.1,509.8,64.1,5,1
1847.12,134.3,199.5,56.9,4,1
1704.91,204.5,50.8,76.0,4,1
3331.06,189.8,425.5,96.6,4,1
1391.5,133.3,80.5,59.6,4,1
2026.33,139.2,225.7,63.0,4,2
2531.99,136.1,324.9,76.4,6,2
2808.71,144.0,373.0,82.3,5,2
1889.02,112.7,222.8,60.8,4,1
2473.04,170.2,296.4,67.4,4,1
3342.13,154.8,478.3,90.0,5,1
2061.2,189.7,133.2,85.5,5,1
2995.76,124.9,483.7,62.4,6,2
3073.1,208.9,362.0,87.8,4,1
2834.18,191.6,328.2,83.9,4,1
2575.33,147.2,340.5,69.4,5,1
4277.94,190.4,597.1,125.3,5,1
2607.56,224.9,232.4,86.5,4,1
3251.64,97.7,607.6,47.8,6,2
3525.54,135.8,574.4,76.1,5,2
1623.64,159.2,88.5,70.3,4,1
1698.89,194.3,43.2,83.2,4,1
1913.89,207.4,78.0,85.8,4,1
3212.12,191.9,400.1,93.8,5,2
1581.15,160.9,83.7,67.0,4,1
3434.75,188.3,395.9,122.0,5,2
2978.25,138.3,463.1,63.7,4,1
2583.53,133.7,327.1,82.3,6,2
2323.11,121.9,316.5,63.3,4,1
2494.79,110.1,389.7,55.1,6,2
1969.48,124.3,250.4,52.3,4,1
1588.4,167.3,65.5,73.0,4,1
3469.26,209.2,459.1,88.5,4,1
3211.64,213.7,393.3,87.1,4,1
3630.3,150.7,573.2,81.6,5,2
2832.6,103.5,478.5,56.1,5,1
1945.97,97.7,277.3,49.5,4,1
3529.27,163.3,483.9,104.5,6,2
2537.45,179.5,291.3,72.7,4,1
2692.84,246.0,195.6,102.9,4,1
1616.8,117.6,175.8,49.2,4,1
3415.8,187.7,475.4,84.8,5,1
2130.49,133.8,235.6,72.5,5,1
2888.5,174.5,335.6,94.2,4,1
2004.76,155.0,192.8,68.2,4,1
2492.45,234.6,178.5,93.3,4,1
2441.28,164.3,308.8,61.0,4,1
2357.58,143.1,239.8,91.8,6,2
3229.52,174.3,460.1,76.9,4,1
1764.48,240.5,0.1,89.1,4,1
1619.01,88.5,214.2,45.4,4,1
3000.31,133.5,466.5,66.7,5,2
2840.09,96.1,474.8,61.9,5,2
2548.91,120.1,360.1,69.8,5,1
2762.59,113.8,392.1,82.1,5,1
1902.25,97.6,280.1,43.5,4,2
3852.29,131.8,676.3,68.9,5,1
3512.99,146.0,549.6,81.2,5,2
1960.23,166.1,181.6,63.3,4,1
1644.2,152.4,116.4,63.2,4,1
3832.09,180.9,595.3,80.8,4,1
2777.27,185.6,334.3,77.5,4,1
2756.38,184.9,330.1,77.4,5,1
2537.2,132.6,323.2,79.3,5,2
1875.33,169.0,155.6,64.1,4,1
2729.73,163.5,356.8,72.0,4,1
3741.55,186.2,563.8,82.4,4,1
3274.77,140.1,476.4,89.9,5,1
3255.34,216.9,407.7,84.1,4,1
2413.99,87.1,420.2,42.7,5,2
2013.9,98.6,264.8,62.3,5,2
1871.78,96.5,261.4,48.9,5,1
1971.75,126.6,242.2,55.2,4,1
4143.02,177.1,669.2,84.2,5,2
3572.24,164.4,568.3,71.3,5,2
2915.98,234.8,277.1,96.5,4,1
3087.5,168.1,439.8,72.9,4,1
3223.63,223.2,347.9,104.4,4,1
3087.4,139.3,430.1,90.0,5,2
1952.95,101.7,265.2,53.9,5,2
2902.94,198.4,320.9,91.7,4,1
2742.04,96.5,484.7,46.4,5,2
4018.92,207.8,535.3,116.3,5,2
2027.8,124.7,220.4,71.9,6,2
1487.05,105.2,151.0,51.4,4,1
2398.32,228.9,171.6,88.5,4,1
2421.19,107.5,354.6,63.6,4,1
3079.81,149.8,471.3,66.2,4,2
2726.52,160.3,302.1,97.5,5,1
1865.88,224.4,44.7,87.7,4,1
3502.17,168.1,493.6,95.0,4,1
3008.59,159.4,408.7,81.8,4,1
2229.02,246.6,73.7,105.3,4,1
2262.52,129.3,325.6,49.2,4,1
2965.99,168.7,314.5,114.8,5,2
3168.77,185.5,422.6,81.8,5,1
2049.91,89.8,303.8,52.9,4,1
2465.58,131.0,348.0,61.1,4,1
2246.31,217.9,119.7,99.5,4,1
3464.32,118.2,595.4,67.8,5,2
2044.81,104.2,295.3,49.6,5,1
2988.76,111.6,512.6,54.7,6,2
2952.99,129.3,448.6,71.3,4,1
3178.58,152.2,446.2,87.2,6,2
3151.14,151.5,442.1,86.3,5,1
3761.46,170.7,551.3,97.0,6,2
2555.35,98.4,429.9,49.1,5,1
2705.11,188.2,262.4,100.3,4,1
2120.48,89.9,337.0,45.9,4,1
2638.21,231.9,248.7,79.6,4,1
2781.17,229.0,283.6,81.2,4,1
1868.35,187.7,117.1,72.1,4,1
2717.28,198.5,319.8,71.6,4,1
1857.26,86.3,258.0,53.3,5,2
2370.15,216.4,180.4,87.0,4,1
2701.21,192.3,239.7,108.1,5,2
3107.05,200.2,330.4,109.4,6,2
2458.81,220.8,219.0,77.7,4,1
3126.99,149.7,485.3,65.2,4,1
2401.34,98.8,390.8,49.2,5,2
4259.47,194.4,663.3,92.1,5,2
2159.17,157.5,222.3,71.1,4,1
2254.56,116.6,320.3,56.3,6,1
2124.27,100.3,318.8,49.8,5,2
1585.31,111.5,186.1,43.9,4,1
1497.5,145.5,89.1,62.1,4,1
3315.11,157.0,530.2,62.9,4,1
3718.39,198.7,543.9,83.1,4,1
2107.76,158.9,217.9,66.7,4,1
2974.59,173.3,339.9,102.4,5,2
2481.59,209.2,195.9,95.7,4,1
2312.6,236.9,130.9,93.5,4,1
1824.13,194.0,50.4,94.1,4,1
2697.14,135.0,378.3,71.6,4,1
1612.74,151.4,101.4,66.9,4,1
3851.5,167.5,608.3,83.2,6,2
2722.83,89.0,451.0,62.5,5,2
2532.42,167.4,255.0,93.6,5,2
2475.86,117.2,375.0,56.3,5,1
1942.12,158.3,186.8,62.4,5,1
2721.18,214.0,254.7,94.0,4,1
2141.19,159.4,250.4,55.7,4,1
1784.54,155.9,146.5,63.9,4,1
2651.01,117.4,365.0,80.2,5,2
4206.97,173.8,639.8,105.8,5,2
1747.62,98.1,224.9,50.6,5,1
3979.12,202.2,600.9,85.2,5,1
1642.69,171.2,90.0,66.4,4,1
2863.02,113.4,464.3,61.4,4,1
2245.1,228.7,122.9,93.2,4,1
1897.07,139.5,196.7,61.4,5,1
2604.62,193.9,258.4,88.4,4,1
3025.08,184.8,342.8,101.6,5,1
4430.7,152.4,780.6,77.6,5,2
1524.48,190.4,2.9,83.5,4,1
3950.02,176.6,606.5,90.9,6,2
3899.01,155.7,633.5,82.4,5,2
4210.42,200.1,592.7,115.5,5,2
2541.87,182.3,271.0,80.9,4,1
2864.17,140.4,388.9,83.0,4,1
1681.49,208.4,21.1,84.8,4,1
2652.28,117.6,423.6,54.2,5,2
2130.06,118.0,290.4,55.2,4,1
2760.01,93.7,482.3,50.7,5,2
3024.69,135.2,473.9,65.4,5,2
2402.53,101.8,359.1,62.1,5,2
2443.28,151.3,309.3,66.8,4,1
2284.5,176.9,182.3,94.2,4,1
1878.0,116.2,216.5,60.8,4,1
1612.48,132.0,151.7,53.1,4,1
3179.76,213.2,386.5,86.8,4,1
2409.86,141.9,308.6,67.5,5,1
2407.76,172.5,263.9,73.6,4,1
2873.9,182.7,358.9,78.6,6,2
1618.27,157.7,113.6,59.2,4,1
2063.83,157.4,221.0,61.1,4,1
2653.77,122.2,418.3,54.6,5,1
2542.39,148.3,299.9,83.3,4,1
3553.03,193.1,500.4,86.5,5,2
1716.0,165.8,111.6,67.4,4,1
1490.92,122.0,138.6,49.9,4,1
3035.36,159.9,446.0,67.9,4,2
3272.23,126.6,525.5,73.8,5,2
2984.26,205.7,313.4,100.9,4,1
3960.95,226.6,541.7,98.6,4,1
2329.02,153.6,291.0,61.2,4,1
3454.21,207.2,397.8,114.9,5,2
1568.4,197.0,0.0,92.7,4,1
2857.99,138.3,404.2,76.4,4,1
3165.31,114.1,491.1,82.8,6,2
3151.06,107.9,524.9,68.8,5,1
2518.71,139.5,358.9,58.4,4,1
1989.81,128.3,265.7,46.0,4,1
3110.03,172.6,357.6,109.9,5,2
3471.5,141.7,549.9,78.4,5,2
2233.95,90.2,361.3,47.5,5,1
2996.79,185.6,384.8,79.5,4,1
4170.92,138.3,707.4,87.5,5,2
2690.07,93.7,471.5,47.7,5,2
2840.42,215.3,297.7,87.6,4,1
2450.14,224.8,150.5,105.4,4,1
2594.63,125.5,383.5,62.1,5,2
3123.69,215.2,367.2,88.2,4,1
4072.92,194.4,638.0,82.6,4,1
2227.32,99.9,311.3,64.7,5,2
3982.93,151.3,635.9,92.7,5,2
4794.6,202.6,731.1,117.8,5,2
2758.36,162.0,345.3,81.0,5,1
1397.31,136.0,86.9,56.2,4,1
1466.42,132.5,112.8,53.9,4,1
2051.57,156.2,163.8,85.7,4,1
2395.42,113.3,338.2,65.5,5,1
3866.45,175.3,541.3,111.1,5,1
2596.65,210.2,243.9,86.7,4,1
2398.37,142.1,330.3,56.5,4,1
1958.4,187.6,113.1,84.0,4,1
2314.63,125.1,296.4,69.9,4,1
2268.94,218.4,154.3,86.5,4,1
2637.56,97.5,438.4,54.9,5,2
3208.22,150.6,472.2,79.7,6,2
3382.4,137.9,512.1,86.9,6,2
2311.95,123.7,305.1,66.3,5,1
3374.59,204.2,412.2,101.0,5,1
2100.82,117.7,284.6,54.6,4,2
2150.12,162.5,247.7,56.6,4,1
4315.96,196.2,688.6,86.3,4,1
1730.78,123.5,170.2,61.8,4,1
3337.37,196.7,396.9,107.0,6,2
1910.17,115.8,248.1,50.5,4,1
3641.0,203.2,494.1,94.6,4,1
3080.33,146.8,419.3,90.7,5,1
3331.3,180.4,410.2,107.6,5,2
3184.38,151.5,497.2,65.5,5,2
4080.16,156.3,655.9,92.4,5,2
2870.75,173.8,320.5,99.3,5,2
3041.75,106.6,524.8,57.3,6,2
3350.13,110.5,589.7,61.0,5,2
2926.13,187.4,371.9,76.5,4,1
1890.22,136.6,195.6,62.4,4,1
1649.38,166.0,102.4,64.0,4,1
1716.0,135.8,170.7,54.5,4,1
2552.28,138.1,341.4,70.5,5,2
2678.15,181.6,260.4,101.1,5,2
2696.01,184.2,233.9,113.8,5,1
2038.95,136.6,241.6,58.5,4,1
2657.78,88.0,448.3,57.0,5,2
2846.57,191.1,288.9,103.0,5,2
2947.39,173.5,375.9,83.3,5,1
3466.37,165.5,502.4,88.3,5,2
2866.52,132.1,454.5,57.8,4,1
2195.5,106.5,302.1,62.3,6,1
2210.04,173.1,214.4,73.4,4,1
2912.79,146.9,436.2,64.5,5,1
2672.14,102.5,418.1,65.5,5,1
3028.4,117.4,473.3,73.9,6,2
3314.81,250.9,333.1,108.8,4,1
4087.38,150.0,675.1,87.4,5,2
2095.79,126.3,241.3,69.5,5,2
2847.29,110.9,457.1,63.9,4,1
3790.41,164.0,614.7,75.1,5,2
2912.16,161.9,354.0,94.3,5,2
2726.5,100.6,467.3,50.5,5,1
3625.56,168.0,583.6,68.8,4,1
3134.93,119.6,526.7,61.1,5,2
1779.79,110.9,206.4,56.7,5,1
1631.07,82.5,223.3,45.3,4,1
2491.35,179.6,276.5,74.1,4,1
2527.79,139.0,330.6,72.1,5,1
1846.58,125.1,179.3,69.9,4,1
2638.75,115.8,387.0,69.7,5,2
2180.13,200.5,158.8,82.5,4,1
2351.37,113.5,367.1,47.7,5,1
3876.36,168.3,575.9,100.0,5,2
3054.68,156.8,446.4,71.3,5,2
3131.25,201.0,387.8,86.3,5,2
1781.92,125.6,206.9,50.2,4,1
2945.67,218.5,329.2,83.9,5,1
1915.41,139.5,192.5,65.3,4,1
2519.63,125.8,376.0,56.9,5,1
2130.86,133.5,264.0,60.1,6,2
1460.83,146.7,81.5,60.9,4,1
1887.9,169.9,112.3,84.4,4,1
2320.28,190.9,221.9,74.3,4,1
1895.96,126.2,229.1,52.7,4,1
1868.41,143.0,188.7,60.2,4,1
2973.34,226.7,316.4,89.0,4,1
2531.24,217.8,201.8,94.7,4,1
2750.49,241.3,243.7,90.1,4,1
1847.61,118.9,217.0,56.0,4,1
1408.72,122.9,134.3,42.2,4,1
2973.22,192.5,345.1,91.4,4,1
3413.06,171.1,423.4,115.0,6,2
1608.8,118.6,159.9,55.0,4,1
1569.97,124.1,164.0,46.4,4,1
2501.29,190.4,251.6,81.5,4,1
1982.61,134.3,207.6,68.3,4,1
2646.81,151.4,332.6,79.0,5,1
2240.88,222.6,137.7,88.8,4,1
4123.86,201.8,545.5,126.1,6,1
3611.02,178.7,494.3,102.1,4,1
3303.52,161.8,525.2,61.7,4,1
2651.36,200.5,272.4,84.4,4,1
2674.77,162.6,311.2,86.6,5,2
2735.19,192.6,296.3,86.6,4,1
2661.12,118.7,411.9,59.9,5,1
2873.67,118.5,456.7,63.6,5,1
3805.52,212.7,548.2,84.7,4,1
3367.88,206.9,412.8,98.8,4,1
2659.06,208.2,281.7,77.7,4,1
1712.08,186.8,73.6,74.5,4,1
1332.24,130.5,87.9,51.0,4,1
2225.86,138.1,295.1,54.8,4,1
3682.87,198.5,514.5,92.3,4,1
3192.82,179.2,411.4,92.3,6,2
1485.85,122.5,133.5,51.3,4,1
2161.76,114.0,286.4,62.3,5,2
1950.49,141.8,237.5,48.1,4,1
2592.99,101.8,440.3,47.2,5,1
1367.04,131.9,94.1,51.5,4,1
2674.18,165.3,366.6,60.8,4,1
2695.94,112.5,447.6,50.6,5,2
3546.41,183.6,515.7,83.3,5,2
2432.03,193.7,207.3,92.0,5,1
2103.21,83.0,340.7,45.3,4,1
2555.34,126.0,345.8,74.2,4,1
2966.48,182.9,352.7,91.6,5,2
2365.99,169.0,228.2,86.4,4,1
3282.65,139.7,523.2,70.2,5,2
3473.12,195.2,507.0,73.8,4,1
2649.81,164.9,356.8,62.6,4,1
2582.2,180.7,279.4,82.4,4,1
2012.89,110.3,264.4,57.1,6,2
3169.16,229.2,369.3,86.1,4,1
1639.34,168.7,84.4,69.7,4,1
3981.26,156.3,627.6,94.0,5,2
2305.74,246.9,130.6,88.4,4,1
2424.26,111.1,362.1,59.1,4,1
2970.66,151.6,448.7,63.3,5,1
3212.19,212.7,390.7,88.7,4,1
2761.04,253.0,225.0,94.4,4,1
2627.83,213.0,216.3,101.2,4,1
3258.96,173.3,449.0,85.5,4,1
3419.52,165.1,515.7,77.4,4,2
2654.11,126.4,415.1,54.2,4,1
3919.22,199.6,545.1,104.5,5,1
3289.68,151.9,480.1,84.6,5,2
2127.6,100.9,282.4,66.0,5,2
1538.13,115.2,157.6,49.7,4,1
2088.51,124.7,250.9,65.1,5,2
3150.78,167.0,445.1,78.1,4,1
3598.68,174.5,552.5,76.8,5,1
2973.54,138.8,418.7,82.6,6,2
1524.68,172.0,33.2,78.2,4,1
4154.67,150.2,709.2,79.7,5,2
3906.1,139.9,648.3,83.7,4,1
3300.34,187.8,443.3,86.3,5,2
3622.54,187.8,483.5,104.1,5,2
3005.53,144.0,435.9,76.2,4,1
2560.76,132.9,382.9,55.3,5,2
2945.99,118.6,465.7,67.6,5,2
3171.3,175.7,426.9,84.5,5,1
2680.06,202.3,256.0,94.1,4,1
1500.52,146.0,116.3,50.1,4,1
2068.48,149.7,227.1,62.3,4,1
2593.44,119.0,380.4,66.2,5,1
2926.95,148.4,403.8,79.8,5,1
2174.11,162.6,241.1,62.2,4,1
1986.46,139.6,222.2,59.9,4,1
3119.6,219.1,315.9,108.8,4,1
3034.53,162.5,433.1,72.5,4,1
4497.45,195.9,700.4,101.4,5,2
3233.48,208.3,404.0,87.1,4,1
1736.14,119.2,202.5,49.9,4,1
2301.56,109.6,364.6,45.0,4,1
2067.58,117.0,242.2,70.1,4,1
2764.49,195.5,304.1,85.1,4,1
2569.0,155.0,298.0,84.1,5,2
2152.86,183.9,172.4,80.8,4,1
2763.78,99.1,472.6,53.0,5,2
1912.66,146.6,206.2,55.7,4,1
2832.62,187.9,317.5,90.1,4,1
1960.89,97.4,293.2,44.3,4,1
3746.12,177.9,521.3,105.5,5,2
1411.26,123.7,123.7,46.8,4,1
3432.47,110.6,619.7,56.8,5,2
2853.34,129.9,459.7,55.0,5,1
2403.46,190.9,229.8,80.1,4,1
1929.56,215.1,47.6,97.6,4,1
3855.53,163.8,560.0,106.7,5,1
1828.53,198.6,48.4,93.4,4,1
1954.04,109.3,237.9,62.8,5,1
2843.06,228.8,283.7,88.1,4,1
1914.3,119.6,242.2,51.9,5,1
1421.37,123.6,121.9,48.8,4,1
1868.46,128.1,217.9,53.8,4,1
2798.01,148.5,399.4,67.4,4,1
3710.9,216.4,515.9,86.8,4,1
1882.31,167.6,123.0,80.0,4,1
2559.85,103.2,374.7,72.0,5,2
1918.7,229.1,46.5,90.7,4,1
2969.19,131.1,454.1,69.8,5,2
1948.22,98.1,246.8,63.2,5,2
2772.94,228.1,262.8,89.9,4,1
2877.59,127.7,406.5,82.3,5,1
2648.5,167.9,296.0,88.1,5,1
4193.98,167.4,624.8,113.9,5,2
2074.97,173.0,170.5,77.9,4,1
1723.17,135.1,165.6,57.8,4,1
1991.79,157.4,202.8,61.2,4,1
1951.91,108.9,251.3,56.8,4,2
1684.5,124.2,202.7,41.9,4,1
2149.37,202.3,148.2,83.0,4,1
2647.84,169.0,341.0,67.5,4,1
3909.23,154.2,587.9,104.5,5,2
3091.34,121.9,522.2,57.2,5,1
2057.32,157.7,216.2,62.4,4,1
3211.46,187.4,418.8,87.4,5,1
2033.92,197.1,125.9,82.4,4,1
2566.18,121.8,407.5,49.9,4,1
2253.95,99.4,301.9,72.1,5,2
2936.09,184.8,338.2,93.8,4,1
3186.56,173.8,425.1,87.9,5,1
2470.02,181.5,252.4,81.6,4,1
2425.8,125.2,340.1,62.7,5,1
2970.25,143.2,441.3,70.2,5,2
1706.03,114.6,197.3,50.9,4,1
1680.13,108.9,211.7,44.2,5,1
2876.46,122.6,437.1,70.9,5,2
2202.18,193.9,159.2,87.7,4,1
3430.24,154.8,452.3,111.3,5,1
2332.82,167.6,244.6,76.0,4,1
2445.33,133.9,349.2,57.0,4,1
4109.28,177.4,674.4,78.0,5,2
4472.67,178.6,719.4,97.8,6,2
3029.99,179.6,400.9,78.7,4,1
1962.4,229.8,38.7,98.7,4,1
2488.21,127.2,349.6,64.5,4,1
4518.89,207.6,666.6,113.6,5,1
1825.62,211.5,32.4,94.4,4,1
1778.02,220.4,14.5,93.2,4,1
2323.81,88.8,367.1,55.6,5,2
2503.81,172.8,277.2,78.2,4,1
2040.72,166.1,190.9,68.1,4,1
1853.06,157.7,138.3,74.4,4,1
3036.62,164.6,382.6,94.2,5,1
2518.31,156.6,321.3,67.4,4,1
1487.05,104.2,170.5,43.2,4,1
4133.43,162.8,626.5,108.5,5,2
2912.84,164.5,379.3,82.0,6,2
3542.08,146.4,545.4,86.1,5,2
2240.7,187.1,199.1,77.3,5,1
3698.29,190.8,548.1,82.5,5,1
3552.48,187.7,485.1,95.7,6,2
2783.24,121.0,450.5,55.2,5,2
1842.53,90.5,275.7,42.0,4,1
4191.96,204.6,636.7,91.9,4,1
2286.91,170.4,204.1,87.6,4,1
3591.51,180.2,525.6,85.4,4,1
2291.5,125.7,266.4,80.3,5,2
2199.43,198.9,154.8,87.2,5,2
3525.37,125.8,575.7,79.9,5,2
1828.15,180.1,93.9,81.3,4,1
3039.34,198.0,308.0,112.8,5,2
3900.08,175.2,599.4,89.1,5,1
2964.76,149.9,407.5,81.7,5,1
2194.03,104.3,320.1,55.2,5,1
2948.69,178.4,344.1,95.4,4,1
1495.35,149.2,89.1,60.2,4,1
1578.86,162.4,100.8,58.4,4,1
2406.96,201.9,208.7,85.0,4,1
2726.5,209.2,286.5,82.6,4,1
1881.89,116.6,242.4,49.6,4,1
1777.2,221.9,1.5,98.2,4,1
3748.23,167.0,553.9,96.1,4,1
2695.52,92.9,464.0,52.0,5,2
2047.73,217.6,84.4,93.3,4,1
4248.77,170.7,658.9,103.4,5,2
3011.0,205.6,351.0,87.2,4,1
2708.84,138.9,400.3,61.3,4,1
1660.6,141.0,147.7,56.2,4,1
2094.33,146.7,221.2,69.2,5,1
3061.66,169.8,427.4,74.8,6,1
2891.03,103.3,468.0,67.3,5,1
3237.6,164.8,469.8,77.7,4,1
1812.8,167.9,140.8,64.2,4,1
2419.11,210.1,234.9,71.0,4,1
2642.71,132.2,384.1,64.2,5,1
1400.55,118.3,100.0,58.6,4,1
4210.82,163.0,679.3,93.5,6,2
3015.73,137.2,494.4,54.4,4,1
2000.87,223.7,64.6,94.2,4,1
1988.25,212.2,113.0,76.4,4,1
4078.48,213.7,601.1,91.1,5,1
2899.21,100.0,499.2,55.8,5,1
1989.47,103.6,266.7,56.5,4,1
3243.0,116.1,528.6,73.8,5,1
1561.2,118.3,174.7,43.2,4,1
3286.57,164.7,438.0,97.3,6,2
2215.08,182.1,216.6,68.9,4,1
4631.39,175.7,741.6,106.9,5,2
2291.4,178.1,224.2,75.8,4,1
4235.39,203.2,619.5,105.0,4,2
2834.2,171.9,324.7,94.2,5,2
1854.45,106.2,260.1,43.2,4,1
1453.15,122.1,117.1,55.2,4,1
3079.75,224.3,370.0,78.1,4,1
3454.11,125.6,541.9,87.1,6,1
3061.52,139.4,422.8,90.3,5,2
3128.91,251.5,320.9,93.3,4,1
2128.67,138.9,230.0,72.6,4,1
3912.05,194.4,572.3,93.9,4,1
2950.93,124.8,442.9,75.6,5,1
2528.2,141.4,358.3,58.8,4,1
3961.64,163.9,601.6,99.9,6,2
3436.6,193.2,437.2,101.7,4,1
1525.27,105.7,152.5,54.7,5,1
3510.24,139.6,540.3,87.8,6,2
2184.26,147.6,273.6,55.5,4,1
3084.49,153.8,435.1,81.0,5,2
3128.05,123.0,510.4,66.0,6,1
1831.65,131.1,216.2,49.2,4,1
3745.64,203.9,518.9,94.9,4,1
2716.46,127.3,414.4,61.0,5,1
2823.47,176.0,341.4,83.8,5,1
1430.62,87.6,172.5,43.4,5,1
3198.38,140.9,514.6,64.0,5,1
2352.16,118.6,321.1,65.9,5,2
2430.57,91.1,406.9,48.7,5,1
1378.75,118.4,123.5,45.7,4,1
2174.78,210.6,133.8,88.6,4,1
2326.5,166.8,226.4,83.8,4,1
2231.86,200.9,150.7,91.7,4,1
2495.91,141.3,346.0,60.7,4,1
2145.99,168.5,206.0,72.0,4,1
3190.29,191.8,417.6,83.6,5,1
3309.35,167.3,485.6,77.6,4,1
2603.54,165.3,327.0,70.5,5,1
2056.9,108.6,272.5,59.2,5,2
2866.72,207.6,269.9,106.3,5,1
2945.93,174.0,406.3,69.4,4,1
3030.08,173.3,415.4,75.0,4,1
3216.71,138.0,492.3,77.3,5,2
3112.25,204.0,372.6,89.5,6,2
2355.88,119.1,298.5,76.2,5,2
1608.72,204.2,9.1,84.0,4,1
3438.97,160.8,512.9,82.7,4,1
4020.41,161.4,631.3,94.4,6,1
3891.34,175.4,600.6,87.5,5,1
1773.68,109.4,236.5,43.4,4,1
3028.66,152.2,400.3,91.0,5,1
2666.83,181.0,316.7,75.1,5,1
2829.1,181.8,362.0,72.7,4,1
2554.28,125.3,358.3,68.9,5,2
1635.82,178.4,39.7,84.8,4,1
2544.91,165.6,293.9,78.5,5,2
3515.17,150.8,509.4,97.1,6,1
1835.99,145.0,181.6,58.8,4,1
3020.23,92.6,547.6,51.0,5,2
1455.2,117.4,130.2,51.6,4,1
2051.95,144.1,212.4,69.5,4,1
1780.33,148.7,160.1,60.6,4,1
1619.1,143.2,114.6,65.3,4,1
2057.08,96.4,313.8,46.2,5,2
3597.15,158.7,564.7,78.2,5,2
1810.19,168.3,103.4,80.4,4,1
2256.28,199.2,197.2,74.5,5,2
3239.97,222.2,364.7,99.1,4,1
1728.08,94.5,220.5,52.0,4,1
1689.99,134.6,167.1,53.7,4,1
3473.09,242.0,430.8,86.9,4,1
2824.02,133.9,410.3,71.9,6,1
1580.64,215.3,14.3,73.6,4,1
3317.81,123.0,540.0,74.0,5,1
1141.35,111.5,62.0,49.7,4,1
4046.45,213.7,560.7,105.4,4,1
1731.9,201.9,54.3,78.6,4,1
2591.06,128.6,314.0,91.2,5,2
1581.41,123.4,156.0,51.5,4,1
2064.91,135.4,241.3,62.0,4,1
3865.72,196.8,541.7,101.3,5,2
3473.56,185.5,468.4,95.3,5,1
2521.59,108.7,398.9,54.6,6,2
4512.49,184.4,727.2,96.3,6,2
2693.14,163.3,335.5,77.6,5,1
2778.85,125.1,379.0,84.7,6,2
2584.81,164.9,314.2,74.3,4,1
3009.84,141.7,459.0,67.4,5,2
3425.7,213.1,452.7,84.8,5,1
3581.22,154.5,568.4,76.6,5,1
1812.94,136.1,183.4,59.5,4,1
1910.27,166.1,143.2,74.8,4,1
2974.38,192.8,359.6,85.0,4,1
3474.38,151.0,484.6,103.5,6,2
2475.32,198.0,204.6,96.1,4,1
2527.19,143.7,290.9,87.6,5,2
2789.75,187.1,292.2,96.9,5,2
2298.0,137.7,303.4,59.3,4,1
3153.75,126.9,457.5,90.7,5,2
3019.15,214.6,377.9,72.1,4,1
1725.04,174.2,80.6,78.4,4,1
2187.83,109.8,310.2,56.4,4,1
1720.44,92.3,219.4,52.6,5,1
2925.0,146.7,399.6,82.2,5,2
3956.15,134.1,674.5,80.2,5,1
1610.94,111.3,190.3,44.9,4,2
2496.51,93.0,411.7,53.1,4,1
2228.88,152.4,256.6,65.9,5,1
1557.1,116.3,153.4,53.1,4,1
2011.02,107.9,291.5,46.0,4,1
2832.11,208.5,292.2,92.1,4,1
2057.36,109.8,294.5,48.9,4,1
2486.54,200.9,244.0,78.6,4,1
1662.16,139.8,142.0,59.4,4,1
2514.3,143.8,289.6,86.8,5,2
1926.67,115.7,259.4,47.4,4,1
1771.2,115.9,195.5,58.4,5,1
2738.45,186.6,324.0,77.3,4,1
2384.01,106.0,367.9,54.3,5,2
1994.27,197.5,119.6,80.6,4,1
2474.15,188.0,245.3,82.3,4,1
2523.19,126.7,325.6,79.3,5,2
2997.1,122.2,477.6,66.5,5,1
3177.82,168.0,463.8,72.3,5,1
4031.77,159.8,635.9,94.3,4,1
3086.92,101.3,533.2,61.0,5,2
3458.62,165.1,504.9,86.5,5,1
2862.39,229.3,307.3,79.6,4,1
1941.5,183.0,143.2,70.7,4,1
3657.56,173.4,583.5,70.0,5,2
2264.08,170.9,246.7,66.0,4,1
3881.62,155.1,584.4,102.6,5,2
4118.12,169.4,605.2,113.3,6,2
1103.05,118.9,46.2,49.2,4,1
2612.24,112.3,393.2,65.6,6,2
2080.12,139.3,241.4,61.9,4,1
1950.55,112.3,259.5,51.5,6,2
2543.89,110.8,422.5,45.6,5,1
2159.4,204.7,124.2,93.8,5,1
2986.71,122.1,492.0,58.9,5,1
2672.23,188.9,270.0,93.0,5,1
3859.91,144.4,608.3,94.3,6,2
2590.7,119.5,385.0,63.6,4,1
3382.65,161.7,504.7,79.7,4,1
2110.75,183.3,183.5,71.5,4,1
2914.29,100.4,512.3,51.5,6,2
3068.96,192.7,358.2,96.2,5,2
3132.47,128.3,533.3,54.0,4,2
2443.8,129.6,336.6,64.3,5,1
1970.53,257.0,3.6,103.1,4,1
2239.11,174.6,212.1,76.9,4,1
3394.93,141.9,546.9,71.1,4,1
2454.42,170.8,287.4,69.0,4,1
2148.0,145.4,236.6,68.9,5,1
2989.49,115.6,513.8,52.4,5,2
4310.35,161.5,737.6,79.3,5,1
2140.41,113.5,251.0,75.8,5,2
1873.09,109.2,235.7,54.8,4,1
2658.97,143.8,365.0,69.3,5,2
2148.25,144.4,247.7,64.4,4,1
2477.3,180.6,147.4,129.5,6,2
2289.84,215.4,154.5,90.0,4,1
1999.81,122.2,259.6,52.5,4,1
1350.5,141.1,73.5,54.7,4,1
2375.33,185.5,239.3,75.1,4,1
4362.66,173.1,657.5,115.6,6,2
2842.99,206.5,304.4,88.8,4,1
3051.51,121.8,477.4,72.8,5,1
1264.03,111.1,93.5,49.5,4,1
2288.94,123.3,333.6,51.3,5,2
3369.38,162.0,421.6,115.0,6,2
2015.49,177.2,156.9,75.5,4,1
3390.42,204.8,404.6,105.8,5,1
2145.89,98.4,306.6,58.4,5,2
1442.81,121.4,107.9,58.4,4,1
3396.83,158.1,515.5,78.1,4,1
1667.76,169.7,105.0,63.2,4,1
1975.36,191.5,149.7,67.9,4,1
3331.44,132.3,551.5,66.3,6,2
4344.21,225.7,650.2,93.4,5,1
2424.03,138.6,341.7,55.8,4,1
2168.97,101.8,316.5,55.1,4,2
2731.77,96.9,446.0,62.2,5,1
2289.35,154.0,275.6,63.4,4,1
3794.3,202.2,557.7,83.8,4,1
3834.13,144.4,653.2,71.5,4,1
1569.1,117.8,165.8,48.3,4,1
1861.63,128.3,187.5,66.5,5,1
2029.13,137.5,229.9,62.2,4,1
2814.69,156.6,337.5,93.1,4,1
2046.84,209.9,120.1,80.8,4,1
2420.85,124.9,319.2,71.6,5,2
2953.99,159.2,416.4,72.4,4,1
2316.68,188.0,220.6,75.8,4,1
2902.58,178.4,309.9,105.5,5,1
2065.63,137.3,251.4,56.8,4,1
2776.11,151.7,335.3,92.0,5,1
2042.27,195.8,140.8,77.3,4,1
1697.72,137.2,149.2,61.4,4,1
2272.2,155.9,197.3,95.5,6,2
2007.86,120.0,269.0,50.2,4,1
1781.58,145.8,172.8,56.4,4,1
2140.86,155.4,240.9,61.8,4,1
4325.17,210.4,677.3,86.0,5,2
2333.69,100.8,384.1,43.8,5,2
2997.63,221.0,350.0,79.3,4,1
2082.53,115.7,281.6,54.8,5,1
1713.35,157.0,106.0,73.5,4,1
2712.99,154.3,347.8,78.3,4,2
2378.78,116.6,347.4,58.1,4,1
2712.25,148.1,378.7,67.2,4,1
2064.37,150.0,237.1,57.3,5,1
2373.88,207.5,178.0,92.4,5,1
3834.04,167.9,557.9,103.4,5,2
4761.25,187.0,756.5,109.7,6,2
2342.36,129.9,318.6,60.9,5,1
2590.58,134.0,361.0,67.9,5,2
2167.84,184.4,161.1,87.3,4,1
3103.78,137.8,495.7,63.3,4,1
2861.16,194.9,229.9,129.1,5,2
2191.76,198.0,188.2,71.9,4,1
1370.86,126.3,85.0,58.4,4,1
3539.52,166.1,559.3,70.9,5,2
1892.79,155.5,187.7,57.8,4,1
2897.61,160.8,382.2,80.7,5,2
3938.85,172.0,626.0,82.9,4,1
1920.64,134.4,202.7,63.6,4,1
2538.34,160.1,298.3,78.3,4,1
2292.28,127.3,287.1,70.5,5,2
3869.35,198.3,590.3,79.5,4,1
2933.07,128.3,437.8,74.3,5,2
3149.05,199.5,379.4,92.6,4,1
1798.41,142.2,178.3,57.4,4,1
2104.09,127.6,245.1,68.2,5,1
3507.21,153.9,486.6,105.0,5,1
2639.39,231.0,217.4,94.0,4,1
2338.94,115.3,290.4,79.6,5,1
3303.23,133.4,559.7,59.0,5,2
2394.11,188.2,238.0,76.6,4,1
1396.2,115.5,130.3,45.9,4,1
3131.72,232.2,362.4,83.7,4,1
1722.99,93.1,219.1,52.7,4,1
2042.95,152.9,223.4,59.7,4,1
3604.08,144.1,577.8,79.6,6,1
2810.91,168.8,384.1,66.6,4,1
3027.72,179.4,316.1,116.2,5,2
2270.75,139.5,270.7,70.0,4,1
3904.83,158.4,630.6,83.2,5,1
3185.2,99.0,574.7,54.5,6,1
2253.56,129.2,302.8,58.4,4,1
4789.03,159.1,819.5,97.2,6,1
1735.43,154.5,140.9,61.5,4,1
3141.38,153.9,438.9,85.6,5,1
2135.51,104.0,266.3,72.7,5,2
2993.76,115.6,510.4,54.4,6,2
2143.45,127.3,303.1,46.9,4,1
2275.27,128.9,309.3,58.1,4,1
4808.74,203.8,733.3,117.8,5,1
2632.32,174.0,305.7,79.3,5,1
3425.43,215.6,403.6,105.4,4,1
2109.47,220.9,98.8,92.3,4,1
1266.53,146.8,49.1,53.6,4,1
2747.0,178.4,325.9,81.1,4,1
3906.37,191.5,591.6,86.0,5,1
1632.02,132.7,147.9,56.6,4,1
2800.13,136.7,429.3,59.6,4,1
2767.47,207.4,273.6,93.7,6,2
1390.34,146.9,55.4,64.6,4,1
3788.6,193.5,544.8,92.8,4,1
1685.22,127.4,177.2,51.9,4,1
4249.1,231.4,627.2,90.6,4,1
4877.84,179.6,767.7,121.0,6,2
3471.67,186.1,455.4,100.6,6,1
4657.22,172.0,776.8,95.8,6,2
1935.92,113.0,261.7,48.6,5,1
2603.83,186.8,280.9,81.4,4,1
2014.89,154.3,207.2,63.2,4,1
2565.46,108.8,404.6,56.9,5,1
3573.93,143.9,559.6,84.4,5,2
2091.51,186.3,184.6,67.5,4,1
3233.05,242.2,356.2,93.3,4,1
1883.59,175.3,123.2,76.6,4,1
2359.79,158.5,284.5,65.3,4,1
4141.12,151.9,691.9,85.1,6,2
2272.43,132.8,307.6,56.8,5,1
2652.15,185.3,247.1,102.5,4,1
2108.62,194.1,149.4,81.6,4,1
2555.01,201.8,265.0,76.4,4,1
1557.07,124.5,161.2,46.0,4,1
2242.69,210.7,188.6,71.7,4,1
2199.47,218.0,105.0,100.8,4,1
3565.23,176.5,541.1,77.2,5,1
2345.05,210.8,189.1,82.8,4,1
3072.98,120.1,471.8,78.4,6,2
3735.81,175.3,553.6,91.2,4,2
3614.57,155.4,568.0,80.1,5,1
3792.51,179.9,581.7,82.9,5,1
2763.02,131.8,411.0,65.8,5,1
2425.4,98.9,403.1,46.4,5,1
2154.08,162.7,218.4,70.0,4,1
2319.97,166.0,229.2,82.1,4,1
2167.29,125.0,252.3,73.1,4,1
1490.03,115.8,158.1,43.8,4,1
2207.9,90.7,346.3,51.1,4,1
2335.5,178.0,187.3,97.1,5,1
1623.75,121.3,171.6,50.3,4,1
2362.28,165.5,260.8,73.0,4,1
4699.5,188.5,779.0,92.2,5,2
3345.54,181.8,476.8,79.0,5,1
1711.33,222.9,5.6,88.6,4,1
2378.39,139.3,317.5,61.2,4,1
2705.43,123.0,393.8,70.9,5,1
4404.13,147.6,745.0,92.6,5,2
2390.3,220.4,154.1,99.2,4,1
3960.53,157.9,647.3,82.2,6,2
2575.66,156.2,319.4,74.8,4,1
3160.27,193.6,399.8,87.4,4,1
2536.09,143.3,331.6,70.7,6,2
2482.42,158.1,312.5,66.7,4,1
3599.68,194.5,443.7,116.3,6,2
1816.67,116.0,223.8,50.8,4,1
2786.06,161.1,290.2,109.0,5,2
1604.88,135.7,134.8,58.1,4,1
2265.14,89.3,343.4,59.4,6,2
2524.95,245.5,173.6,94.3,4,1
3219.36,130.8,546.4,56.8,5,1
2661.18,95.2,454.6,51.3,5,2
2336.84,110.5,338.4,60.1,5,2
2113.81,138.7,269.9,53.3,4,1
2276.23,144.1,251.9,76.9,4,2
3324.74,173.9,419.8,105.6,6,2
2599.91,243.8,203.1,90.2,4,1
2182.03,228.6,104.0,94.6,4,1
1303.7,116.5,98.9,49.1,4,1
2148.24,135.7,265.4,60.4,4,1
2134.29,157.1,192.2,81.9,5,2
3263.9,199.4,402.6,95.1,5,2
2201.15,197.8,175.1,78.9,4,1
3093.48,175.4,419.9,79.1,5,1
2389.7,144.9,311.0,62.9,4,1
2470.66,219.4,206.9,85.0,4,1
3056.13,196.2,391.3,78.5,4,1
1416.0,152.7,41.7,70.9,4,1
2927.08,114.3,468.7,66.1,5,2
2637.03,145.4,320.7,85.8,6,2
2961.66,104.3,523.2,50.2,6,1
4096.12,151.2,650.4,98.9,5,2
1578.42,139.3,127.0,57.0,4,1
3145.54,208.6,392.8,82.2,4,1
2843.61,114.6,469.2,56.5,5,1
2882.47,179.1,347.4,86.3,5,1
2991.04,202.1,364.6,80.4,4,1
2212.83,116.2,308.2,57.3,4,1
2959.92,191.9,365.3,81.2,5,2
2478.49,160.0,244.2,95.7,5,2
3618.66,190.9,482.7,102.7,5,2
1325.76,177.7,14.3,62.0,4,1
3646.19,211.2,477.8,98.9,4,1
2290.01,126.5,314.4,58.5,4,1
3776.98,163.1,558.0,99.2,6,2
4037.68,229.8,579.4,89.0,5,2
1985.24,164.4,157.0,77.7,4,1
1980.0,158.8,160.0,78.3,5,1
1784.83,158.1,152.2,60.4,4,1
2907.24,134.1,457.0,60.3,6,2
3340.36,116.2,587.6,58.4,5,2
1799.1,135.8,186.6,56.6,4,1
1302.9,139.7,43.2,63.5,4,1
2997.86,140.4,467.9,62.7,4,1
1821.27,115.1,225.9,50.8,4,1
3820.34,172.1,600.0,81.4,5,2
3140.58,225.3,368.3,85.2,5,1
3325.29,145.8,490.2,86.8,5,1
3385.24,169.3,479.4,87.9,4,1
1760.38,164.8,123.9,67.3,4,1
2610.61,193.4,286.4,76.8,4,1
2904.32,139.7,419.6,74.1,6,2
2276.14,88.1,348.8,58.7,5,2
2742.63,172.0,342.9,75.9,4,1
1623.12,138.1,131.7,60.4,4,1
2978.68,135.2,436.6,76.8,5,1
2758.73,194.4,324.5,75.9,4,1
1964.2,119.9,260.7,49.1,4,1
4214.42,187.5,582.4,126.1,5,2
2856.45,248.5,240.7,100.0,4,1
2312.41,165.6,234.3,79.2,4,1
2955.64,114.8,481.3,63.5,5,2
2624.25,166.9,305.6,81.6,6,2
1408.2,86.9,154.3,49.3,4,1
2337.17,155.1,227.1,89.8,5,1
2155.35,230.3,111.9,87.4,4,1
2232.31,113.7,323.8,53.6,4,1
2174.37,221.8,129.7,85.4,4,1
2342.66,157.3,257.6,75.9,4,1
3308.27,118.6,515.1,85.9,5,2
2572.78,200.5,242.5,89.0,4,2
2974.98,171.6,403.9,74.8,4,1
2830.22,108.3,470.0,57.5,4,2
1643.07,183.6,76.9,66.8,4,1
2613.46,165.0,309.7,79.4,5,2
2652.19,101.2,443.8,52.5,4,2
1581.6,153.9,102.0,62.0,4,1
3331.65,182.4,469.2,80.6,5,1
3133.95,163.5,384.2,104.8,5,2
1567.2,109.0,180.4,45.5,5,1
2348.18,204.9,181.8,89.0,4,1
2182.4,198.4,168.1,79.6,4,1
2252.95,179.1,218.5,73.6,4,1
3113.23,156.3,424.4,87.8,5,2
1969.49,145.3,212.8,59.7,4,1
3217.79,163.3,469.3,76.4,5,1
2332.5,125.3,330.6,56.6,5,2
2425.16,112.2,361.0,59.2,5,2
3071.0,192.3,388.2,83.2,4,1
2463.24,195.2,216.1,90.9,4,1
3717.7,142.9,575.6,93.8,5,2
2437.71,163.4,301.8,64.1,4,1
3580.3,169.5,555.4,75.6,6,2
2915.21,165.0,368.8,86.7,6,2
2837.93,142.5,432.2,59.9,5,1
4105.94,193.6,588.5,108.6,5,2
2276.33,240.1,120.9,92.5,4,1
2655.67,140.4,379.9,63.8,4,2
2254.88,114.3,299.0,66.9,6,2
2290.38,155.8,259.5,69.9,6,2
2854.29,133.5,434.8,64.6,4,1
1349.88,117.4,102.1,52.4,4,1
1998.44,185.8,158.3,69.1,4,1
1633.77,166.5,101.2,62.5,4,1
2252.2,215.3,123.6,99.6,4,1
4022.92,180.7,600.6,99.7,5,1
3340.76,148.9,475.9,93.5,5,1
1858.55,110.6,245.6,48.2,4,1
3135.92,140.0,499.6,64.2,6,2
3488.47,206.4,471.4,86.4,5,1
2782.51,213.6,267.8,95.2,4,1
3495.1,158.0,460.5,113.5,5,2
2545.24,154.4,305.7,78.3,5,1
3147.56,136.7,501.3,66.2,5,1
3164.61,184.4,391.9,95.5,5,2
2552.82,211.3,239.2,83.4,4,1
4193.68,202.5,650.5,86.9,6,2
1833.82,154.7,173.6,57.8,4,1
2342.54,219.9,160.8,91.1,4,1
2494.16,157.0,325.6,62.6,4,1
2807.54,227.4,243.4,102.7,5,1
3022.8,183.4,331.9,106.8,5,2
1610.96,152.0,113.8,60.9,4,1
3271.16,139.0,519.9,70.6,6,1
3324.08,174.7,491.2,73.4,4,1
3632.79,146.6,588.4,77.0,6,1
1638.69,176.7,48.2,82.1,4,1
2730.69,155.1,375.5,67.6,6,2
2731.1,187.6,320.2,77.8,4,1
2515.13,194.2,266.3,74.8,4,1
3710.22,191.8,511.7,99.6,5,1
1890.9,165.0,172.4,60.2,4,1
1898.96,151.8,192.8,57.9,4,1
2047.6,125.6,222.2,72.9,4,1
3112.79,181.4,380.7,96.0,4,1
2335.6,112.8,316.7,68.7,6,2
2980.69,218.6,340.3,82.8,4,1
4415.72,207.1,701.7,86.7,6,2
2369.8,150.1,294.9,65.5,4,1
3719.72,178.6,526.8,99.8,5,1
3501.99,119.1,613.2,63.7,5,1
3627.74,184.7,523.0,88.5,4,1
3616.62,169.6,519.6,95.5,5,2
2434.37,154.0,299.0,69.1,4,2
1698.06,135.5,156.7,58.8,4,1
2643.37,244.3,192.6,99.5,4,1
2293.77,212.0,148.3,94.7,4,1
2930.7,142.3,359.4,102.6,5,1
1999.29,91.8,314.1,41.7,5,2
4225.62,167.5,702.6,82.8,5,2
2523.61,205.8,212.5,94.5,4,1
4142.08,176.1,624.9,104.2,5,2
2758.61,125.1,358.0,91.8,5,2
2459.56,137.5,345.2,58.8,5,1
2459.19,186.3,198.5,102.2,4,1
2891.8,191.4,288.1,108.2,5,2
1969.84,162.8,182.3,65.5,4,1
4097.75,198.1,608.4,96.9,5,2
2094.66,238.8,69.9,95.5,4,1
2710.16,177.5,343.0,69.8,4,1
1918.34,189.1,124.1,74.0,4,1
2307.62,93.4,364.5,52.9,5,1
2602.22,222.9,200.0,101.2,4,1
2100.87,202.9,148.8,77.1,4,1
3945.32,166.1,609.9,93.5,4,1
3020.62,128.2,431.5,86.8,5,2
2432.82,204.4,234.0,75.5,4,1
3650.56,164.0,525.3,99.3,4,1
1723.32,106.7,184.6,62.0,4,1
2768.91,203.5,292.4,87.3,4,1
2974.45,205.2,308.5,102.2,4,1
3705.85,252.6,448.2,100.3,4,1
3210.53,219.9,348.8,104.0,5,1
3499.43,234.3,435.8,91.0,4,1
2575.28,144.4,328.4,76.0,5,2
2484.09,236.8,196.4,83.5,4,1
2386.1,137.3,329.4,57.7,4,1
2556.36,120.4,360.4,70.4,5,2
1743.15,115.4,166.7,68.3,4,1
4329.62,181.2,680.6,98.1,5,1
1327.14,118.2,107.3,47.2,4,1
2232.58,129.1,285.2,64.0,4,1
2245.94,100.3,339.6,54.0,5,2
1958.19,127.8,258.1,46.1,4,1
1406.96,147.8,73.3,58.1,4,1
2181.59,110.9,321.0,50.4,5,1
3274.05,197.4,429.6,85.1,4,1
1913.0,95.3,257.2,55.9,4,1
2368.32,119.7,344.7,56.7,5,1
1934.92,204.9,90.2,83.9,4,1
2830.2,135.2,398.9,77.1,6,2
1776.81,120.4,225.1,43.9,4,1
1973.79,157.8,194.5,62.7,4,1
3228.77,150.5,466.8,84.4,4,2
2714.6,170.5,343.0,73.4,6,2
3202.99,187.1,380.3,103.7,6,2
2732.52,177.6,339.3,73.9,4,1
2981.18,147.2,433.8,73.0,4,1
2165.49,145.5,266.5,57.5,4,1
2069.77,131.4,221.0,73.4,5,1
2841.35,90.7,496.3,54.8,5,1
1606.46,94.1,203.1,46.4,4,1
1782.62,166.1,103.8,78.1,4,1
2068.51,223.7,87.3,91.6,4,1
2580.68,136.1,372.3,60.8,6,2
3523.48,237.3,424.1,97.6,4,1
2767.31,220.4,248.3,99.1,4,1
1942.93,192.2,96.7,87.5,4,1
2972.97,151.7,403.6,83.5,5,2
1990.29,176.8,129.2,85.1,4,1
2730.21,227.5,243.3,94.1,4,1
2810.74,168.7,305.7,101.5,6,2
2799.18,164.1,353.3,81.1,5,2
2566.22,138.1,349.2,68.6,5,1
1645.49,142.6,129.7,61.8,4,1
3464.49,190.0,423.3,112.4,6,2
2777.06,135.0,421.4,61.2,5,2
3063.14,194.0,374.0,87.9,5,2
2567.17,242.1,176.5,99.2,4,1
2384.21,163.1,234.0,88.4,4,2
3043.48,188.1,376.0,87.4,4,1
2527.12,195.2,259.6,78.6,4,1
2845.35,229.3,266.5,95.8,4,1
1987.7,195.7,103.6,87.8,4,1
2030.71,135.9,243.5,57.0,4,1
3545.31,175.1,525.0,82.8,4,1
2672.25,157.8,266.6,108.3,5,2
3440.41,250.3,374.9,104.4,4,1
2807.27,118.8,458.5,55.4,4,1
3191.98,170.6,441.8,82.5,5,1
4244.08,191.6,627.2,107.7,6,2
2884.8,139.0,430.1,67.6,5,1
1324.4,131.1,61.2,61.7,4,1
3361.46,197.9,427.9,95.4,4,2
2571.76,196.3,232.6,95.1,4,1
2595.18,131.9,399.3,52.2,5,1
2670.37,158.6,309.8,88.5,5,2
2511.19,257.2,152.2,97.1,4,1
2715.17,179.8,307.4,85.2,4,1
2361.43,147.5,291.0,67.5,5,2
1560.73,164.4,60.9,73.3,4,1
3200.7,149.5,440.5,93.4,5,2
3010.66,181.4,324.4,109.7,6,2
1945.84,122.5,254.0,48.9,4,1
1426.15,129.1,105.5,54.2,4,1
3201.9,185.5,418.5,87.3,6,2
2179.82,139.4,258.6,65.3,4,1
2851.51,236.5,258.6,96.8,4,1
2038.62,139.6,257.7,49.9,4,1
1956.18,157.1,154.0,79.1,4,1
2260.67,235.2,112.4,96.7,4,1
3937.2,152.3,654.1,79.1,4,1
2752.34,96.8,472.6,52.7,5,2
4273.1,196.8,687.4,81.8,5,2
3634.1,162.8,516.1,102.1,5,2
2607.73,137.8,323.1,84.9,5,2
1950.57,234.9,61.8,84.9,4,1
2725.78,144.4,368.6,74.9,4,1
2609.65,135.6,388.2,57.2,4,1
2715.44,193.4,322.8,72.3,4,1
2731.59,177.5,240.5,117.7,5,1
3554.9,179.4,429.2,124.5,5,2
3074.51,185.9,394.5,83.7,4,1
2017.4,127.5,250.4,56.2,4,1
3283.08,210.4,428.2,81.0,4,1
2819.74,149.1,358.2,87.9,5,1
3625.17,204.0,487.2,95.6,5,1
2768.79,108.4,460.2,54.9,5,1
1639.94,177.5,84.0,66.0,4,1
2852.55,104.8,455.0,68.1,5,2
2727.98,93.1,466.0,54.6,5,2
3020.63,144.6,404.0,91.8,5,2
2018.64,92.9,299.5,49.9,5,1
2010.8,118.5,276.7,47.8,4,1
2185.96,223.8,117.5,91.2,4,1
2316.3,131.1,291.7,69.4,4,1
2729.33,84.4,494.2,46.1,6,2
2442.37,124.5,355.3,58.1,5,2
1568.6,136.0,144.0,49.8,4,1
2887.41,137.0,399.8,82.3,4,1
3954.88,187.1,567.1,104.2,6,2
3015.14,214.9,323.2,95.9,4,1
1911.9,176.5,145.7,69.2,4,1
3730.02,151.0,548.7,103.5,5,1
2629.91,127.5,393.7,60.6,4,1
1312.99,126.3,89.5,50.0,4,1
2431.35,245.5,149.1,94.8,4,1
1480.78,113.9,139.3,52.0,4,1
2119.92,137.7,222.2,75.6,4,1
2741.49,230.8,258.8,87.0,4,1
1803.36,228.4,17.6,91.0,4,1
2822.16,186.2,351.9,74.4,4,1
1912.28,85.5,297.5,42.2,4,1
2017.09,144.4,243.7,51.6,4,1
2772.57,165.2,292.2,104.7,5,1
3546.87,176.7,519.9,84.5,5,2
1931.81,139.2,217.6,56.1,4,1
2863.1,119.9,465.4,58.0,5,2
2301.57,123.8,309.5,63.1,5,1
2885.0,104.7,473.3,63.6,5,2
2253.7,212.8,138.3,94.4,4,1
2495.28,217.9,205.4,89.1,4,1
1852.14,89.8,274.5,43.9,5,1
3248.05,135.0,528.1,66.2,4,1
3615.93,159.1,561.1,81.7,5,2
1610.61,110.7,175.7,51.7,4,1
2873.68,151.7,415.5,67.2,5,2
2007.56,190.7,139.1,76.5,4,1
3160.27,180.1,442.1,74.6,4,1
2959.24,136.5,452.1,67.2,4,1
2131.41,223.0,118.7,85.0,4,1
2572.33,154.1,303.6,82.4,5,1
1899.92,119.5,242.5,50.2,4,1
2605.1,234.5,185.2,102.9,4,1
2157.01,99.4,321.5,52.6,4,1
3009.45,162.9,414.2,77.9,6,2
2189.97,164.7,221.2,71.8,5,1
2189.7,198.1,159.0,84.6,5,1
2302.31,131.1,319.6,55.5,4,1
1942.92,167.9,171.8,64.9,4,1
2668.69,180.5,280.6,91.6,6,2
2267.17,125.8,305.2,60.3,4,1
3057.63,192.4,397.8,77.4,4,1
2771.63,150.4,408.9,59.4,4,1
4196.05,201.9,598.4,110.6,5,2
2629.98,216.1,246.7,86.5,4,1
3287.47,88.3,598.9,59.8,6,2
2387.01,193.2,229.7,77.3,4,1
2887.36,102.6,471.9,65.5,5,1
2157.97,162.3,237.9,61.9,4,1
2332.12,160.6,252.3,75.6,4,1
2548.01,114.0,395.3,56.8,5,1
3611.18,198.8,464.6,106.4,5,2
3005.08,213.3,336.4,89.6,4,1
3345.99,183.4,425.0,101.4,5,2
2913.72,143.7,430.3,68.7,5,1
1876.19,214.8,90.7,72.7,4,1
2579.59,171.3,320.6,68.0,5,1
3029.35,146.0,428.8,81.1,6,2
3661.46,198.5,513.9,90.2,5,1
2011.74,158.1,187.1,70.1,4,1
2394.76,193.5,228.8,78.4,4,1
2260.93,183.6,188.6,85.8,5,1
1546.77,141.4,101.0,64.1,4,1
2087.66,141.8,246.4,59.4,4,1
2130.06,235.7,104.9,85.3,4,1
2581.66,209.6,235.9,88.8,4,1
1975.12,142.8,200.3,67.0,4,1
2382.85,146.1,282.9,74.1,5,1
2728.87,196.0,291.0,86.8,5,1
2146.61,223.6,95.9,96.5,4,1
2581.33,173.1,327.3,64.4,4,1
2113.68,110.7,273.5,64.1,4,2
2342.31,125.8,294.5,73.5,5,1
4191.01,199.3,596.2,112.1,5,2
1892.05,208.5,78.0,82.9,4,1
3082.73,139.9,452.6,79.2,5,2
3198.57,191.3,331.3,123.1,5,2
2377.03,188.1,253.7,67.7,4,1
4595.74,165.4,762.6,98.2,5,1
1861.45,155.1,147.9,72.1,4,1
3129.67,108.8,528.4,64.5,5,2
2880.95,176.9,351.6,85.2,5,2
2347.82,118.4,314.0,68.7,6,2
4126.02,193.1,598.2,106.8,5,2
3290.79,185.4,418.5,97.2,6,2
3198.69,213.6,380.6,91.3,4,1
3630.64,207.0,504.6,87.1,5,2
2447.79,99.5,377.2,60.1,5,2
3765.41,206.2,516.0,97.4,4,1
2319.25,94.4,386.9,43.8,5,2
2101.1,167.1,160.1,88.0,4,1
2347.42,130.1,348.4,48.2,4,1
3148.06,199.5,372.5,95.6,5,1
2696.25,144.4,318.2,94.0,5,1
3968.25,201.6,601.1,84.2,4,1
2258.13,104.9,320.0,62.1,5,2
2027.02,198.4,120.2,83.6,4,1
4412.03,224.0,670.3,92.8,5,2
2000.69,143.3,186.2,75.9,5,1
1840.69,227.0,25.6,92.3,4,1
3044.3,110.7,509.5,62.6,4,1
1905.41,89.1,280.1,47.6,4,1
1790.5,120.5,201.6,55.8,4,1
2750.31,197.9,290.9,88.3,4,1
2090.01,162.3,208.2,67.6,4,1
3580.93,160.1,576.5,70.5,5,2
1883.56,145.5,202.4,54.7,4,1
1662.6,128.8,140.5,65.0,4,1
3539.05,185.0,507.7,85.4,4,1
2163.69,92.8,352.0,42.7,5,1
3510.32,138.4,570.3,75.1,5,2
2266.24,182.7,211.8,76.5,4,1
2695.19,198.5,274.7,89.1,4,1
3125.78,117.8,498.5,73.4,5,2
2924.13,102.7,475.4,68.0,5,2
1756.44,117.2,188.3,59.4,4,1
1826.07,176.1,123.2,69.9,4,1
2210.3,146.4,245.2,71.5,4,1
1793.99,204.9,67.8,78.1,4,1
2289.71,124.5,275.0,76.9,6,1
1405.65,105.0,141.6,46.6,5,1
2758.35,139.7,403.4,65.1,4,1
3224.11,178.4,448.4,79.6,4,1
3353.01,168.5,422.5,109.9,6,2
2060.14,163.8,187.1,72.9,4,1
2303.31,139.1,256.6,80.0,5,1
2910.56,252.1,261.9,94.9,4,1
2539.49,170.6,312.5,67.5,4,1
2875.92,108.2,467.1,63.9,5,2
2550.18,221.4,204.7,94.0,4,1
4443.39,193.9,718.9,88.0,5,1
2805.78,89.2,492.0,53.4,6,1
3014.32,177.6,352.8,99.2,5,2
3026.17,135.7,468.2,67.8,5,2
2256.63,161.1,234.7,74.8,4,1
3987.67,186.6,547.7,116.7,6,2
1739.38,185.2,95.2,68.6,4,1
2324.83,204.5,189.9,83.0,4,1
3604.06,155.5,530.2,95.7,5,2
3610.11,153.4,562.7,82.9,5,2
3648.4,189.5,504.5,97.0,4,1
1643.23,133.8,143.4,59.4,4,1
2087.53,133.2,264.8,55.0,4,1
3118.79,107.6,506.4,73.7,6,2
2299.77,203.2,175.1,87.4,4,1
3277.75,211.7,419.0,83.9,4,1
1338.7,125.5,87.6,54.1,4,1
2954.29,134.9,441.2,72.2,4,1
2095.62,96.3,320.6,47.6,4,2
3844.49,144.0,623.2,86.2,5,2
1373.25,142.2,68.3,59.0,4,1
2667.84,196.9,276.3,86.1,4,1
2416.73,154.8,280.8,74.9,4,1
3122.23,216.8,351.1,94.6,4,1
3348.37,139.3,540.4,69.9,6,2
3466.19,196.5,412.1,114.6,5,2
2612.7,186.9,277.0,84.1,4,1
2267.36,246.1,83.4,105.5,4,1
2139.24,89.9,340.7,46.3,5,2
2486.2,208.4,201.8,93.9,4,1
1485.12,123.0,134.9,50.4,4,1
2371.79,149.8,266.2,78.6,5,1
2304.75,170.6,216.0,84.3,4,1
2471.44,148.6,259.0,93.5,6,2
2912.98,210.8,325.9,85.1,4,1
2825.85,213.2,284.7,92.7,4,1
1841.0,169.6,119.7,76.0,4,1
1929.17,183.3,109.3,84.3,4,1
3091.03,158.0,418.5,87.2,5,1
2208.15,118.6,315.1,52.6,5,2
2624.85,116.1,381.5,70.5,6,1
2746.64,163.9,335.8,83.1,5,1
3083.47,163.6,433.4,77.3,4,1
2930.83,192.8,345.8,86.3,4,1
3474.27,145.9,532.7,84.5,5,2
1797.96,141.6,159.7,65.9,4,1
2430.27,232.8,152.0,99.0,4,1
2476.67,179.3,257.3,81.1,4,1
2377.2,196.0,178.4,97.7,4,1
3233.38,252.2,322.5,103.9,4,1
3614.06,204.2,477.6,98.5,5,1
2632.38,151.1,351.4,69.1,6,2
2498.43,179.6,207.2,105.7,5,1
2035.69,112.4,302.9,41.6,4,1
3410.35,144.1,514.5,86.2,6,2
1999.97,186.5,111.1,90.0,4,1
2784.34,113.9,473.7,48.2,5,1
3460.19,154.3,489.0,98.6,6,2
1294.67,123.7,92.8,47.6,4,1
2354.16,221.3,195.3,76.4,4,1
3864.25,214.9,535.3,95.9,4,1
3137.59,128.8,505.3,66.8,4,1
4093.15,195.6,593.4,104.1,5,2
2391.03,180.6,222.7,86.4,5,2
1534.98,132.4,146.2,46.7,4,1
2763.59,179.4,325.2,82.8,5,1
3404.79,194.3,465.7,85.0,4,1
2400.34,151.8,278.6,75.4,4,1
2173.19,133.6,253.1,69.6,4,1
2051.7,147.0,200.1,73.7,4,1
2838.49,194.9,319.5,86.8,4,1
2194.94,148.4,254.2,64.9,4,1
1700.58,157.7,134.0,59.3,4,1
3499.56,191.2,419.0,117.6,5,1
3061.28,167.9,330.8,118.5,5,2
1580.19,142.0,124.0,57.3,4,1
4392.2,201.6,608.8,127.8,5,2
2503.24,202.2,242.9,80.3,5,1
2356.35,202.2,191.8,86.7,4,1
2701.42,165.9,358.4,67.1,4,1
3222.4,131.0,538.0,60.7,4,1
2826.51,158.7,341.8,91.6,5,1
2931.34,137.0,431.2,73.2,4,1
3746.24,194.4,538.6,90.4,4,1
2955.01,151.0,338.6,110.7,5,1
1822.17,118.3,199.3,61.3,4,1
1746.88,126.8,182.9,56.5,5,1
3870.8,213.2,544.5,93.3,5,2
4308.17,197.1,621.1,115.0,6,2
2768.92,138.4,399.6,68.6,5,2
2426.21,129.5,342.3,59.9,4,1
1472.2,167.6,57.7,63.4,4,1
4129.85,202.9,547.2,125.5,5,1
3397.74,153.5,544.4,67.3,5,2
3177.01,173.4,469.9,67.1,5,1
2129.15,138.3,247.9,64.9,4,2
2114.82,172.9,209.2,65.2,4,1
1993.85,220.1,48.1,102.4,4,1
2481.19,190.1,249.6,80.3,4,1
4075.15,189.9,591.4,105.6,6,1
2059.77,201.0,115.2,88.3,4,1
2668.1,140.6,354.1,76.6,5,2
1863.6,198.7,61.5,91.4,4,1
4628.61,186.3,742.9,101.3,5,1
1976.99,119.0,241.8,59.3,4,1
1694.85,169.5,99.1,68.9,4,1
2589.25,111.2,366.5,75.4,5,2
2723.41,89.5,494.8,42.9,6,2
2394.58,109.8,375.5,50.4,5,2
2626.61,91.1,430.6,60.0,5,2
1627.71,118.2,185.8,45.8,4,1
3195.53,138.7,498.2,72.0,5,2
4133.74,165.2,700.3,74.7,6,2
1664.67,98.1,212.2,47.0,4,1
3027.97,134.3,426.0,87.4,6,2
2219.5,170.6,219.4,73.3,4,1
2288.35,110.0,335.8,56.1,6,2
2747.05,142.6,400.6,63.8,6,2
1891.2,202.2,94.3,78.3,4,1
1749.08,140.5,156.9,62.2,4,1
2497.01,112.8,387.0,55.3,4,1
3455.57,193.5,494.6,78.1,4,1
3365.4,123.2,586.0,58.7,5,1
2207.25,212.5,138.5,89.3,4,1
1098.26,104.2,62.5,48.0,4,1
2166.68,137.6,281.4,54.5,4,2
2229.78,125.2,318.9,50.4,4,1
1410.62,141.3,92.1,53.0,4,1
2608.0,251.1,191.9,92.9,4,1
2373.21,111.6,354.3,56.6,5,1
3537.81,171.7,524.9,83.5,4,1
2035.93,94.6,307.1,47.6,6,2
1956.01,178.4,135.7,77.7,5,1
2103.74,123.9,260.1,63.1,4,1
3883.58,177.6,539.8,112.7,5,2
1742.68,182.0,69.4,81.9,4,1
3553.66,155.6,529.4,90.4,5,2
2517.35,120.3,403.8,46.8,5,1
3342.52,183.8,470.5,80.6,4,1
3723.34,148.1,560.3,98.8,5,2
2102.25,165.3,202.8,70.0,4,1
1606.6,111.5,186.2,46.2,4,1
3014.59,162.5,408.5,81.2,4,1
3501.16,193.6,489.3,85.5,4,1
2942.11,172.3,388.0,77.9,5,1
3207.57,189.6,441.9,75.8,5,1
3166.41,105.0,549.5,60.9,5,2
1611.38,143.1,138.4,53.9,4,1
3041.64,139.6,429.7,85.0,5,2
2071.68,194.9,122.1,89.3,4,1
2714.74,186.6,236.2,113.7,6,2
2682.28,155.9,327.1,83.4,5,2
3119.67,139.5,487.3,68.1,6,2
2806.51,135.3,387.8,79.4,6,2
1853.49,136.1,197.5,57.7,4,1
2620.59,151.5,347.0,69.6,5,2
2318.09,104.1,338.3,60.9,5,1
1796.76,124.3,192.0,59.1,4,1
1901.84,127.3,229.3,52.9,4,1
2850.15,109.1,426.2,78.8,5,1
2937.82,148.1,413.8,76.7,6,2
2445.07,133.0,308.3,75.5,5,2
3021.42,118.3,463.9,76.9,5,2
1668.96,164.6,96.1,69.6,4,1
2984.2,146.9,405.3,86.2,6,2
1965.4,216.0,71.0,90.8,4,1
2545.2,200.9,246.8,83.8,4,1
2532.6,199.7,238.1,86.8,5,1
3386.12,169.8,486.2,84.7,6,2
4105.03,160.0,619.8,109.6,5,2
2262.91,128.9,304.8,58.7,6,1
2835.56,165.3,329.0,95.4,5,2
2543.6,157.8,276.8,89.5,4,2
1933.19,106.6,257.4,53.0,4,1
3399.92,200.5,439.4,93.4,5,1
4483.09,192.6,736.3,85.3,5,2
2297.09,99.7,365.4,48.5,5,2
1793.19,115.8,204.7,56.8,5,1
2268.5,151.0,229.6,82.9,6,1
3574.18,164.6,539.6,84.2,5,2
2611.44,143.3,371.2,61.5,5,2
3376.75,166.9,483.2,86.3,5,1
2895.96,145.5,398.1,80.1,5,1
1967.25,106.9,248.1,60.8,6,2
2261.91,146.2,265.2,68.5,4,1
2487.98,176.5,283.8,71.9,5,2
3030.1,157.2,433.3,74.2,5,1
3113.93,172.1,368.8,105.6,6,1
3099.07,221.7,368.8,81.9,4,1
2791.61,195.4,323.5,79.5,4,1
2030.41,176.2,163.7,74.6,4,1
3204.65,104.7,541.5,68.9,6,2
1851.45,202.7,78.8,80.6,4,1
2555.15,180.6,264.8,86.0,4,1
2060.87,101.3,280.6,59.2,5,1
4024.81,144.7,704.6,69.7,5,2
2016.55,97.0,290.7,51.8,5,2
3122.08,191.7,347.0,107.4,5,1
1632.9,163.4,80.2,73.2,5,1
3405.63,129.4,584.9,60.9,5,2
3025.49,216.3,332.2,92.4,4,1
2688.81,163.8,286.0,98.9,5,2
1869.77,129.7,231.7,47.1,4,1
1697.72,121.6,177.5,55.7,4,1
3688.7,112.0,651.8,70.4,5,2
3669.57,246.2,442.6,101.6,4,1
2108.13,104.6,300.9,54.0,4,1
2181.47,235.4,95.4,95.4,4,1
2194.3,127.6,312.3,48.3,4,1
3172.36,162.1,429.3,89.6,6,2
2326.33,89.0,368.7,55.1,5,2
2937.58,164.5,361.5,92.6,5,1
1927.54,207.0,102.0,76.9,4,1
2691.62,199.2,238.3,104.6,4,1
3429.41,145.4,535.5,78.4,5,2
1969.65,131.9,185.3,77.9,4,1
2912.69,104.5,505.6,52.5,5,1
2132.69,173.9,186.5,76.8,4,1
1876.74,123.1,227.0,52.9,4,1
2289.65,187.5,212.6,76.6,4,1
3165.19,150.7,457.0,81.6,4,1
2839.7,191.0,318.6,89.0,5,2
3040.95,141.2,482.4,60.7,4,1
1839.98,183.7,116.1,71.2,4,1
3419.49,122.4,568.4,72.9,6,2
3428.69,159.9,507.9,84.2,5,2
2400.72,163.7,226.2,93.4,5,2
2882.06,197.1,338.9,82.0,4,1
2343.05,156.7,291.8,61.0,5,1
3088.99,208.6,361.2,90.0,4,1
2933.88,125.1,469.4,61.8,5,1
2498.77,144.6,350.0,57.8,4,2
3563.32,147.9,574.4,74.9,4,1
2529.81,100.7,417.8,50.7,5,2
2353.12,129.4,294.8,72.9,5,2
3261.22,255.5,348.5,93.9,4,1
2125.52,247.4,90.9,85.8,4,1
2733.41,194.3,298.8,84.5,4,1
3429.02,145.5,535.0,78.6,5,1
2708.22,185.8,329.0,72.1,4,1
2568.22,129.2,380.6,58.8,5,1
2838.21,121.1,420.3,74.7,5,2
3442.04,129.7,582.3,66.0,5,2
2885.69,174.6,357.4,84.2,5,2
2424.66,171.5,267.7,74.2,4,1
2914.39,113.4,451.0,73.0,5,2
2210.7,213.3,144.1,86.8,4,1
2860.17,113.7,436.6,73.2,5,2
2616.06,200.2,268.0,82.6,4,1
1419.31,108.3,138.2,48.1,4,1
1810.25,213.8,56.8,80.9,4,1
2908.78,137.0,452.8,61.1,5,1
1891.6,197.0,73.2,90.1,4,1
3265.15,171.6,483.8,71.5,5,1
2969.39,241.8,274.7,100.4,4,1
2196.15,108.9,315.2,55.6,5,2
1750.12,126.7,203.1,47.9,4,1
2002.28,121.8,271.2,47.8,5,1
2731.34,160.8,360.4,71.8,4,1
2994.04,181.7,367.5,88.6,5,2
2698.53,186.2,299.2,84.1,4,1
1793.17,123.1,185.3,62.2,4,1
2509.39,106.8,367.5,68.0,5,2
4101.52,171.8,641.3,94.4,5,2
2692.04,195.6,307.0,75.7,4,1
2293.48,244.7,127.5,89.4,4,1
2481.98,135.3,328.3,69.7,4,1
3278.88,177.5,379.1,116.9,5,2
2823.88,136.3,384.7,82.2,5,1
2617.75,171.8,310.2,76.6,4,1
2829.19,160.6,358.0,83.8,5,1
2292.2,94.0,364.7,50.8,6,2
1890.55,99.7,273.9,44.0,4,1
3534.53,228.7,424.4,102.4,4,1
2524.02,223.9,184.8,98.8,4,1
1677.19,136.6,157.3,55.7,4,1
2145.09,104.4,318.7,50.3,6,2
2480.47,102.1,377.5,62.4,6,2
1302.18,133.5,82.7,48.6,4,1
2489.0,153.9,327.1,62.8,4,1
2059.57,228.9,63.1,99.1,4,1
2231.15,119.3,322.5,51.5,4,1
2471.18,187.9,247.0,81.3,5,2
2912.03,195.9,359.6,76.7,4,1
1529.83,130.5,123.7,57.0,4,1
2137.65,103.1,304.3,56.5,5,2
2507.26,90.8,434.0,45.3,6,1
2769.68,179.0,346.3,74.3,5,2
4089.44,160.7,648.9,94.6,5,2
2697.06,193.4,259.2,98.5,4,1
1678.21,181.5,48.0,84.5,4,1
2318.77,134.2,322.4,54.7,5,1
2756.23,232.4,262.4,86.4,4,1
2936.26,162.1,379.2,85.7,6,2
2080.63,109.5,277.8,59.1,4,1
3333.07,176.3,441.8,95.6,4,1
3251.42,153.5,482.5,78.6,5,2
3169.2,229.4,349.7,94.8,4,1
2312.83,115.1,344.2,52.8,5,1
3083.74,213.7,335.9,98.3,5,1
2319.26,146.5,309.5,55.0,4,1
2365.29,217.0,168.3,91.6,4,1
1588.58,118.9,154.7,54.9,4,1
2512.48,162.5,241.2,99.7,6,2
4220.74,190.5,595.0,119.9,5,2
2014.24,231.5,36.4,104.8,4,1
4199.18,157.7,691.1,89.3,5,2
3245.06,226.0,389.4,87.0,4,1
2432.08,110.7,391.8,46.9,4,1
2267.09,103.5,339.9,54.8,5,2
3386.12,127.0,567.8,67.4,5,2
2706.59,107.7,422.1,65.3,5,2
3866.56,145.2,657.4,72.9,5,1
3606.52,133.4,593.7,77.6,5,2
2261.38,120.8,339.5,46.7,4,1
4850.04,188.5,825.3,88.3,5,2
2004.38,133.6,239.7,56.8,4,1
2055.73,193.8,145.2,77.7,4,1
2392.64,138.7,298.4,71.6,5,2
2679.76,201.8,266.2,89.7,4,1
3480.75,196.6,460.1,94.9,5,2
1635.98,140.4,145.9,54.5,4,1
3729.18,145.0,556.1,102.7,5,2
2906.84,145.7,375.0,91.6,6,1
1901.54,106.4,259.9,48.5,4,1
1688.27,134.7,180.7,47.4,4,1
2625.31,138.0,387.5,58.1,5,1
2494.61,96.1,373.6,68.4,6,2
2292.84,128.2,335.7,48.6,4,1
3127.43,175.8,453.2,67.9,4,1
2257.62,103.7,316.1,64.3,5,2
2215.99,125.1,301.1,56.8,5,2
2419.79,129.8,320.6,68.7,5,2
2716.92,129.0,380.5,75.5,5,2
3372.14,213.7,434.1,86.8,4,1
2282.48,256.5,102.5,94.1,4,1
2437.57,202.6,175.1,103.0,5,1
2923.69,178.9,373.3,79.4,4,1
3299.1,159.1,502.1,72.7,4,1
2564.36,157.4,315.5,74.8,5,1
2865.58,225.1,303.8,83.4,4,1
1972.5,192.4,102.5,88.1,4,1
2899.83,170.6,308.7,109.2,6,2
2389.5,173.1,219.7,90.9,6,2
2887.12,227.4,277.3,96.5,4,2
3021.66,110.3,487.5,70.1,5,2
1742.68,132.7,171.0,58.7,4,1
1962.93,124.8,250.9,51.1,4,1
3344.72,169.8,408.1,114.8,5,2
1926.59,124.8,197.5,70.8,4,1
1534.58,110.3,143.2,57.8,5,2
3700.14,176.4,502.8,109.3,5,2
1990.26,139.6,241.1,51.9,4,1
1206.7,130.8,52.5,52.6,4,1
2103.73,117.6,245.3,72.5,5,2
1457.64,135.9,111.8,51.9,4,1
1632.96,219.7,0.0,85.3,4,1
2734.99,244.8,204.2,104.3,4,1
3526.51,158.9,506.9,95.9,4,1
1342.96,115.3,94.1,56.2,4,1
2677.19,122.3,363.7,81.5,5,2
2786.53,164.8,338.1,86.1,5,2
3325.57,112.4,562.5,69.5,5,2
2150.6,105.2,331.2,45.0,5,2
2975.44,139.7,427.9,78.3,5,2
1911.31,147.5,183.0,65.5,4,1
2543.45,174.1,294.0,74.6,4,1
3107.08,147.1,457.2,76.7,5,1
2873.04,172.5,331.2,95.4,6,2
3032.13,193.7,322.1,107.7,5,2
2677.56,213.6,266.7,84.0,4,1
2292.58,157.1,261.0,68.9,4,1
1799.56,111.8,227.4,49.2,5,1
1489.2,172.1,20.8,79.7,4,1
2424.76,170.4,239.2,87.4,5,1
1790.2,126.4,222.4,43.9,4,1
1680.48,163.4,91.0,73.7,4,1
3124.27,150.0,436.7,86.4,6,2
2272.75,163.9,221.1,81.4,4,1
2394.28,127.4,281.0,84.5,6,2
3442.35,135.7,542.0,81.3,5,2
3158.42,160.5,456.1,76.9,4,1
2497.76,167.2,295.5,71.9,4,1
1580.08,192.5,22.6,80.0,4,1
2880.06,192.9,318.2,92.9,4,1
2740.25,154.4,321.2,93.1,5,2
3280.07,204.8,419.4,87.0,4,1
2576.28,210.0,221.7,94.4,4,1
2393.79,149.3,283.9,73.4,5,2
2979.12,122.4,466.1,69.5,4,1
1543.62,115.3,173.0,43.4,4,1
3989.27,178.0,585.5,103.9,6,1
1702.83,107.8,211.6,47.2,4,1
2935.94,93.5,540.1,44.6,5,1
3087.34,137.6,489.7,64.3,4,1
2310.4,158.0,258.9,71.4,4,1
3424.43,193.1,452.6,93.5,6,1
1917.45,125.9,251.9,45.1,4,1
1361.36,111.8,125.6,45.8,4,1
3272.51,153.1,457.7,92.2,5,2
3537.02,164.9,480.0,106.4,6,2
3809.25,167.4,568.5,96.2,4,1
1657.61,137.9,160.3,51.6,4,1
4126.83,211.8,610.8,92.9,4,1
2021.15,91.4,308.6,46.8,5,2
3013.82,215.4,295.3,107.9,5,1
1872.01,145.1,172.6,66.8,4,1
2741.24,102.7,460.7,54.2,5,1
3201.98,210.9,389.9,88.8,5,1
2577.87,146.7,321.8,78.2,5,1
3565.18,201.3,486.4,90.5,5,2
2721.88,189.0,305.0,82.9,4,1
3132.29,126.8,473.6,81.2,5,1
2548.25,121.4,384.2,58.4,5,2
1964.85,131.4,249.0,49.3,4,1
2775.84,215.9,299.6,79.3,4,1
3895.47,153.1,639.8,80.4,6,2
2217.65,108.5,321.0,55.5,5,2
3429.91,134.3,561.8,71.7,5,2
2127.66,147.1,257.2,56.7,4,1
3323.63,173.2,457.0,89.2,6,2
3474.71,133.0,592.9,63.4,6,1
2784.99,118.7,408.0,75.4,6,2
1434.55,147.7,51.2,71.0,4,1
2201.22,105.6,322.0,54.5,5,1
2552.01,88.8,417.6,58.5,5,2
1983.03,183.8,148.2,72.8,4,1
1742.98,113.2,224.5,43.6,4,1
3503.63,151.4,501.4,99.2,5,2
1909.05,128.1,211.9,61.0,4,1
1743.35,155.8,143.6,60.6,4,1
1468.78,121.9,128.0,52.1,4,1
1829.88,141.7,177.8,61.3,4,1
2789.61,153.5,403.6,62.4,4,1
1828.1,191.6,72.2,85.9,4,1
1444.3,126.7,116.6,52.3,4,1
2156.23,95.4,311.0,58.9,6,2
1902.22,192.7,126.9,69.3,4,1
2040.78,178.8,151.1,80.1,4,1
1456.87,132.0,112.7,53.1,4,1
2343.9,149.6,232.8,90.5,5,2
2619.32,137.2,364.3,68.2,5,1
2272.17,141.3,296.4,57.9,4,1
2075.82,172.6,198.4,65.8,4,1
2402.13,168.4,266.2,73.8,4,1
2688.7,239.5,201.2,102.9,5,1
2587.19,167.9,304.2,77.6,4,2
3111.23,112.4,521.6,63.9,5,2
3022.21,146.6,463.5,64.6,4,1
4475.87,174.9,752.4,85.2,5,2
3804.39,172.5,561.8,96.4,5,2
1718.24,145.1,166.2,52.5,4,1
3185.27,148.9,425.2,98.8,5,2
2339.1,152.7,279.6,67.8,5,1
2283.56,146.9,281.2,63.5,4,1
3041.47,166.4,355.5,106.0,6,1
2221.47,178.2,231.0,65.0,4,1
3471.7,166.1,502.5,88.6,5,2
1781.32,187.6,72.9,82.2,4,1
1850.93,156.1,165.9,62.5,4,1
2882.48,155.8,406.5,70.4,4,1
3493.95,164.1,497.5,94.2,4,1
1642.79,182.0,73.6,69.0,4,1
1906.1,117.8,248.7,48.9,4,1
4309.4,210.2,576.9,129.0,5,2
3114.34,113.3,538.8,56.2,5,2
2258.03,145.2,229.8,84.2,5,2
3116.66,156.6,447.0,78.0,5,1
2070.05,97.9,309.0,49.2,5,1
1815.53,154.9,159.8,61.9,4,1
2568.41,139.8,326.3,78.2,5,1
4468.8,195.6,675.4,109.4,6,2
2844.36,216.1,311.2,81.7,4,1
2071.63,185.4,161.9,75.8,4,1
2157.8,98.2,312.8,57.1,6,2
1649.48,158.5,104.2,66.5,4,1
1982.75,95.7,292.3,47.8,5,1
2685.15,107.8,438.5,55.5,5,1
3867.96,172.9,574.1,97.8,4,1
2781.08,183.5,303.5,92.5,4,1
1961.42,143.3,216.6,57.9,4,1
2796.76,156.5,379.5,72.5,4,1
3142.51,154.2,414.2,96.5,6,2
1745.7,136.6,124.5,77.9,4,1
2314.83,95.2,345.0,61.5,5,2
2574.94,141.0,348.9,68.3,4,1
4170.56,181.8,666.2,86.5,6,2
1615.69,137.5,156.3,48.9,4,1
2148.45,126.7,295.7,51.0,4,1
3467.04,204.6,458.9,90.3,4,1
3548.7,170.8,543.5,76.8,4,1
2806.52,162.9,378.1,71.4,5,1
2712.8,175.8,314.2,83.6,6,2
2621.57,115.3,402.1,61.3,4,1
2890.39,128.5,431.8,72.1,5,2
2874.13,159.6,366.5,85.5,5,1
2364.86,116.7,346.9,56.7,5,2
1940.45,182.6,144.0,70.4,4,1
3428.85,196.6,472.9,83.4,5,2
2217.0,210.8,158.3,82.3,4,1
2161.97,106.3,300.8,59.3,5,2
2106.5,126.0,277.1,54.9,4,1
1777.29,143.7,163.2,61.1,4,1
2638.89,234.7,189.0,104.9,4,1
2947.96,115.5,474.9,65.1,5,2
3747.57,206.2,513.7,96.4,4,1
2149.62,104.8,291.2,62.9,5,2
2297.3,116.4,301.0,69.8,5,2
2317.47,115.4,349.4,50.9,6,2
2974.13,117.9,486.0,62.1,6,2
1488.43,105.1,174.2,41.3,5,1
1663.63,92.1,201.6,54.3,4,1
2288.66,86.5,364.6,53.8,5,2
2172.4,97.5,324.6,53.8,4,1
3208.74,167.3,429.7,91.2,5,2
4009.5,170.6,612.1,97.6,5,1
1979.89,251.3,24.6,97.4,4,1
2091.04,135.2,255.7,58.6,4,1
3387.55,116.7,549.9,80.1,5,2
2908.9,191.6,338.4,87.7,4,1
3434.55,103.6,585.3,75.4,6,2
2107.1,122.1,229.3,78.0,5,2
1554.02,135.5,110.6,63.3,4,1
2419.41,193.1,258.4,68.1,4,1
3499.67,194.5,420.0,115.8,6,2
1576.81,116.1,169.6,48.3,4,1
2673.4,172.7,292.7,90.2,4,2
1984.6,124.3,261.0,49.2,5,1
1763.15,118.2,206.4,51.6,4,1
2624.11,101.9,442.6,49.6,5,2
2061.47,198.3,152.6,73.1,4,1
2703.57,144.5,370.0,71.8,5,2
1798.43,177.5,89.4,81.2,4,1
1277.8,141.2,63.4,51.0,4,1
4385.36,196.6,677.5,98.8,5,1
2396.86,150.6,255.2,86.0,4,1
2568.04,237.8,224.6,79.8,4,1
3396.53,162.3,501.1,82.6,4,1
1574.16,126.0,154.4,50.3,4,1
2089.58,116.8,304.2,45.0,5,1
2644.36,133.4,380.2,65.5,4,1
1740.04,182.9,76.1,78.2,4,1
2736.47,144.4,392.9,65.2,4,1
2169.77,211.0,115.6,95.9,4,1
1758.59,160.9,138.8,62.2,4,1
3173.79,95.6,581.1,51.9,5,1
3688.38,191.1,529.3,89.6,5,1
2891.44,160.5,369.0,86.0,6,2
1916.63,133.6,222.9,54.5,4,1
2921.47,173.8,383.9,76.7,4,1
3275.69,152.6,462.1,90.7,5,2
4263.36,172.8,716.5,78.5,5,1
3306.59,157.4,505.4,72.9,4,1
2271.8,117.9,334.3,51.4,4,1
2973.03,106.9,526.1,49.0,5,1
3373.1,161.5,475.6,91.6,4,1
3534.12,149.1,577.3,69.8,5,2
2750.3,160.0,334.0,86.0,5,2
3352.94,242.0,384.6,94.1,4,1
2772.95,186.4,292.9,95.1,5,1
2691.07,249.9,221.7,89.4,4,1
3291.21,133.2,521.8,74.6,5,2
2010.68,117.6,253.4,58.5,4,2
2577.01,189.9,310.8,63.8,4,1
1510.55,112.8,149.7,51.2,4,1
2775.17,193.5,318.8,80.6,4,1
2321.05,256.1,90.5,103.8,4,1
1875.61,133.6,195.3,62.2,4,1
2344.75,119.0,311.5,69.2,4,1
2168.65,205.0,139.7,87.8,4,1
2064.29,113.2,286.5,51.7,5,1
3188.3,208.2,308.1,124.8,5,2
2791.1,190.0,327.8,80.0,4,1
2041.92,219.1,80.2,93.9,4,1
2434.67,187.6,212.4,92.7,4,1
2458.02,162.1,285.2,74.3,4,1
2295.9,107.5,315.8,67.0,5,2
3665.11,175.1,535.2,91.5,6,1
4785.46,185.1,744.1,118.8,6,2
3573.77,221.2,472.2,88.9,4,1
1951.88,165.9,172.1,66.6,4,1
2773.19,129.0,425.7,61.6,5,2
2597.45,211.0,226.9,94.0,4,2
2056.8,184.8,161.0,74.8,5,1
1398.81,122.9,110.5,51.7,4,1
2785.25,178.1,324.8,86.0,5,2
2343.63,102.7,365.1,52.5,5,1
2725.19,210.1,245.0,100.5,5,1
2767.79,112.0,446.8,59.1,5,1
1208.39,102.4,90.3,48.6,4,1
3122.23,173.8,440.8,73.8,5,1
2925.48,142.6,390.6,88.1,6,2
1573.8,119.7,148.2,55.8,4,2
2453.38,118.7,380.8,50.6,5,1
3712.91,178.0,587.4,72.4,5,1
2518.37,246.7,173.0,93.3,4,1
2260.91,211.2,151.7,89.9,4,1
3918.88,219.4,561.6,88.3,4,2
2177.04,219.2,133.9,85.0,4,1
2627.99,151.5,292.9,94.5,5,2
2771.01,156.7,369.8,73.9,4,1
3180.7,142.8,486.3,73.8,5,1
2649.22,103.1,430.7,57.1,5,2
2714.6,158.9,366.4,68.1,5,1
2160.09,158.0,231.8,66.8,4,1
2893.55,195.5,356.2,76.3,4,1
2220.39,124.5,299.3,58.4,5,1
1820.15,174.9,131.5,66.1,4,1
1678.88,118.1,182.9,52.8,4,2
2306.43,226.1,126.5,99.6,4,1
2196.69,194.6,182.9,76.3,4,1
1311.64,141.3,47.5,61.8,4,1
3226.33,178.5,429.4,88.3,5,2
2923.71,109.6,475.1,65.0,5,2
3158.46,145.0,488.5,69.4,5,1
2548.98,230.1,188.6,97.1,4,1
3416.97,172.5,458.9,99.0,4,1
2235.43,182.1,213.3,72.6,4,1
3124.82,120.4,506.0,68.8,5,2
3263.72,174.8,442.5,88.3,6,2
3265.29,171.0,433.9,94.0,6,2
1638.45,137.0,157.9,51.0,4,1
2810.54,139.7,391.0,76.4,5,2
4188.01,174.1,676.2,87.4,4,1
1572.4,146.4,127.4,53.0,4,1
3109.75,176.1,380.6,98.1,6,2
3258.17,191.2,342.5,124.8,5,2
2337.48,166.2,226.9,85.0,5,1
2571.97,142.3,370.8,57.7,4,1
2184.7,89.4,341.4,51.3,5,2
1931.66,110.6,264.7,47.8,6,2
3059.34,104.7,539.3,53.7,5,1
2229.6,223.5,108.7,100.1,4,1
3387.1,148.8,512.7,82.3,5,2
2630.67,108.7,378.4,75.8,5,2
2040.72,141.4,239.0,57.7,4,1
4373.72,188.0,638.8,118.5,5,1
3645.13,189.3,525.6,87.3,4,1
2182.21,170.0,179.7,87.1,4,2
2038.58,132.1,266.8,49.2,4,1
3717.65,170.0,592.4,74.2,4,1
2825.43,176.7,310.9,97.2,5,1
3464.73,164.2,485.9,96.1,5,2
3728.74,174.7,564.1,85.9,6,2
2421.4,166.3,222.3,96.3,5,1
3577.83,187.6,502.2,91.0,5,1
2127.93,115.2,312.2,46.5,5,1
2721.93,89.3,464.6,56.3,5,2
2319.57,130.3,333.3,51.7,4,1
3146.12,170.1,384.9,102.9,6,1
2390.96,121.8,373.6,45.5,4,1
2536.58,119.7,388.6,55.9,5,1
1925.13,121.6,250.9,48.3,4,1
3915.15,172.9,627.0,79.5,6,2
3068.96,118.7,492.6,69.3,5,2
2666.08,158.4,354.2,68.4,4,1
3519.86,166.7,499.3,95.1,5,1
3119.4,177.0,391.0,94.1,5,2
3400.38,172.2,468.4,93.1,6,2
1201.25,112.4,68.3,53.1,4,1
2584.28,126.4,398.8,53.7,5,1
3554.9,193.5,524.9,75.7,4,1
1309.52,109.7,105.7,49.7,4,1
2119.16,185.7,180.3,72.8,4,1
2874.29,138.1,450.7,57.7,4,1
2348.29,93.8,395.1,43.6,4,2
2197.72,97.4,307.3,64.3,5,2
2089.58,125.8,261.4,60.1,4,1
2512.98,104.6,373.3,66.8,5,2
2580.35,184.4,276.9,81.7,4,1
1663.68,179.0,72.6,73.0,4,1
3886.05,209.6,552.5,93.0,5,1
2960.9,155.3,427.7,69.9,5,1
3420.57,169.7,450.1,104.6,5,2
3695.57,225.7,486.7,94.0,4,1
2532.3,84.9,452.9,42.4,5,2
2711.52,111.4,448.7,52.3,5,2
2247.53,173.5,213.9,77.6,4,1
2176.51,159.6,251.0,59.3,4,1
2629.63,225.3,212.8,97.5,4,1
3670.37,120.1,613.7,81.7,6,2
1941.45,188.6,123.7,76.9,4,1
3006.97,137.4,456.4,70.2,5,2
3867.73,165.5,580.8,98.0,5,2
2183.78,220.4,113.3,94.3,4,1
2084.12,109.6,278.5,59.1,4,1
3163.05,185.2,435.4,75.6,4,1
1492.89,125.9,142.3,46.7,4,1
2097.15,157.6,217.1,66.5,4,1
1819.5,123.7,190.4,62.6,5,1
2365.14,108.3,348.5,59.8,6,2
1219.01,131.4,43.8,57.6,4,1
2095.4,143.2,240.0,62.5,4,1
2652.43,210.7,262.2,84.5,5,1
2691.76,122.1,383.3,74.5,5,2
1818.98,132.2,182.8,62.1,4,1
2633.62,163.3,354.3,62.6,4,1
3066.12,126.8,468.7,76.0,4,1
1418.88,165.4,21.7,74.5,4,1
3086.28,146.0,450.1,78.0,5,2
3198.59,137.8,504.9,69.7,5,2
1831.21,210.7,50.0,87.6,4,1
2485.83,156.9,270.4,86.3,5,1
3233.17,191.0,366.2,111.6,5,2
2508.59,139.0,346.6,62.9,5,1
2826.44,136.5,419.1,67.1,5,1
2300.29,135.1,297.4,63.4,5,1
2420.82,104.4,346.2,68.7,5,2
2214.3,158.6,231.9,72.5,5,2
3530.58,119.9,619.9,63.5,6,2
2087.51,106.5,290.2,55.6,6,2
2854.44,168.8,373.1,76.3,5,1
1542.89,113.1,159.7,50.2,5,1
3297.48,146.3,506.4,76.3,5,2
2890.4,143.6,426.3,67.9,4,1
1670.97,110.8,186.9,53.3,5,1
3117.77,180.8,411.2,83.3,5,2
1750.65,193.0,71.7,76.9,4,1
4304.48,188.6,644.9,107.8,5,2
1993.5,86.9,308.7,45.7,6,1
1782.3,157.1,118.6,75.5,5,1
1861.64,102.9,254.6,48.0,4,1
1925.34,82.8,305.7,41.3,5,1
2323.96,117.9,283.7,79.7,5,1
2837.74,166.4,343.2,88.8,5,1
3163.65,159.1,466.6,73.4,5,2
3681.69,190.0,450.0,124.6,5,2
3078.73,136.6,485.4,65.7,5,1
2371.75,143.9,309.4,62.1,4,1
2536.82,162.2,333.4,61.6,4,1
2041.45,86.6,307.5,51.7,6,2
1334.43,153.7,47.0,59.1,4,1
1925.17,172.2,168.7,62.4,4,1
2422.38,200.6,189.3,95.8,4,1
2533.44,188.4,265.7,79.7,4,2
2787.86,151.3,360.8,82.2,5,1
3649.29,181.3,450.3,124.8,5,2
1581.93,156.8,95.6,63.6,4,1
3308.66,146.0,499.4,80.8,5,1
2081.24,88.4,329.3,45.6,6,2
2768.58,96.0,458.2,61.3,6,2
2908.21,188.7,295.6,107.9,5,2
2707.86,131.5,339.3,91.6,5,1
1377.12,160.3,44.5,62.0,4,1
1642.56,144.4,138.3,56.8,4,1
3426.12,169.3,508.0,79.6,4,2
1858.85,170.5,143.5,67.0,4,1
3203.76,170.0,434.4,87.4,5,2
4864.5,189.8,810.4,96.0,6,2
3737.3,180.8,544.8,92.7,5,1
2388.98,107.5,382.3,47.8,4,1
3309.7,171.7,457.4,88.1,4,1
3022.42,189.7,357.9,92.5,4,1
2711.28,96.8,469.8,49.4,4,1
2490.24,104.4,393.1,55.6,4,2
2408.78,166.4,265.0,75.9,4,1
3185.89,126.2,511.9,70.4,4,2
1954.34,101.4,253.0,59.6,6,2
2905.88,186.3,365.5,77.6,4,1
2534.18,181.7,284.1,74.6,4,1
2228.67,105.0,336.0,51.7,5,1
3335.68,196.1,438.0,88.8,4,1
2430.81,130.3,311.9,73.6,5,1
3222.13,161.1,463.1,80.6,4,1
2239.81,149.5,246.1,73.0,4,1
1613.51,184.1,56.0,72.5,4,1
2851.67,158.1,400.9,68.4,5,1
3418.19,250.1,378.4,100.4,4,1
3526.02,181.3,501.8,88.2,5,1
2214.41,145.1,282.6,56.0,4,1
3364.79,143.5,519.4,79.2,5,2
2251.51,170.9,218.1,77.3,4,1
3635.35,178.9,543.8,82.8,4,1
3083.5,152.1,427.1,85.2,4,1
3325.33,124.1,559.1,65.9,5,2
1671.48,117.7,203.0,43.2,4,1
2465.9,95.9,424.3,42.8,5,2
2026.92,237.7,51.6,96.6,4,1
2525.57,108.7,365.7,69.8,5,2
2162.01,122.5,292.0,56.0,4,1
4763.05,172.6,821.9,87.2,5,2
2212.88,140.9,281.7,58.0,4,1
2345.13,172.1,227.2,83.1,4,1
2888.23,152.1,370.9,88.5,5,2
1777.48,166.5,133.8,64.0,4,1
3204.39,195.4,422.7,81.3,4,1
3337.68,145.4,533.7,69.0,4,1
1958.6,110.3,261.9,52.2,5,2
3882.32,178.8,520.1,120.8,5,2
2558.83,201.7,261.7,78.3,4,1
2390.01,212.8,169.3,95.7,4,1
3777.24,162.3,602.1,80.0,4,1
1686.58,146.0,136.6,61.8,4,1
2631.27,102.9,417.3,61.2,5,1
2946.8,125.0,476.0,60.3,5,2
3566.36,121.2,572.0,88.2,5,1
2401.46,189.4,218.0,85.7,4,1
2130.34,103.4,323.5,46.9,4,1
2301.05,149.7,294.7,58.2,4,1
3220.76,211.9,393.5,88.8,4,2
2916.71,98.5,517.4,50.3,5,1
2337.5,179.7,254.6,66.7,5,1
3090.33,176.2,417.5,79.5,5,1
2636.82,248.2,170.0,107.1,4,1
3429.98,195.0,432.2,102.4,6,1
3095.39,213.3,352.5,92.5,4,1
2029.68,199.8,110.1,87.8,4,1
1419.51,121.7,108.8,55.3,4,1
3022.27,110.9,502.0,63.4,4,1
1976.49,137.2,220.1,60.8,4,1
1954.06,121.1,222.0,64.6,6,1
4086.16,214.0,603.9,90.5,5,2
1506.61,99.4,185.3,40.9,4,1
2747.76,162.9,328.7,86.8,4,1
1298.25,136.8,57.5,57.9,4,1
2953.51,120.8,464.3,68.1,5,2
2770.3,180.9,335.2,78.4,4,1
2619.34,125.4,408.3,53.8,4,1
2113.93,117.7,278.3,58.9,5,1
3437.57,172.4,497.4,84.3,5,1
2414.57,110.0,371.7,54.2,5,1
2497.84,113.9,392.9,52.3,5,1
2246.81,135.7,290.8,60.1,5,1
2975.38,163.4,418.4,72.0,5,1
1856.86,111.0,244.3,48.4,5,1
4984.78,183.5,837.1,100.3,6,1
3848.61,159.1,587.0,96.0,4,2
2397.35,219.4,206.3,77.1,4,1
3283.2,149.6,522.0,66.3,4,1
4065.97,193.0,529.6,130.6,5,2
3261.9,161.8,441.8,94.2,5,2
2098.49,172.8,201.1,67.0,4,1
2305.07,202.6,195.8,79.1,4,1
2948.78,166.0,337.5,103.9,5,2
2374.33,207.7,197.0,83.9,4,2
2225.55,181.4,193.4,80.7,4,1
2139.63,236.2,80.8,96.9,4,1
2561.3,113.7,402.5,55.2,4,1
3465.58,147.2,546.0,77.0,4,1
2140.53,124.2,272.9,61.4,5,1
2997.86,151.8,422.1,78.0,5,1
1919.4,211.4,43.5,100.0,4,1
4152.68,191.3,665.0,80.8,6,1
2537.97,151.8,327.2,69.1,4,1
3764.52,186.2,552.4,90.0,4,1
3741.79,195.0,546.5,86.2,6,2
2156.58,108.6,297.2,59.3,5,1
3432.91,138.6,552.4,74.3,5,2
3990.9,145.5,655.7,87.4,5,2
3097.63,243.2,317.2,95.1,4,1
2143.98,205.5,123.0,92.2,4,1
3075.18,122.9,527.1,52.8,5,2
1631.37,131.4,133.1,63.7,4,1
1832.81,171.9,122.8,72.7,4,1
1513.88,181.4,27.0,75.6,4,1
1596.32,128.7,152.6,52.3,4,1
1889.96,227.6,53.3,85.2,4,1
3006.91,162.5,424.7,73.1,4,1
2523.35,137.6,292.9,89.0,5,2
3290.06,194.5,425.1,90.2,5,1
4097.11,202.2,626.9,86.7,4,1
2913.72,95.6,500.1,59.0,5,2
2004.9,151.7,200.3,66.3,4,1
3824.24,205.4,548.2,90.0,4,1
2086.66,167.7,197.6,69.5,4,1
3802.85,186.8,577.0,83.0,4,1
2496.65,195.9,256.7,76.3,4,1
1943.03,161.2,155.9,75.0,4,1
3279.11,150.9,491.6,78.8,6,2
3229.05,222.5,364.3,98.0,5,2
3525.74,132.9,586.1,72.2,5,2
2655.2,222.5,255.0,82.8,4,1
2970.14,174.9,379.3,83.7,4,1
1548.99,179.7,55.7,67.5,4,1
1886.76,98.5,259.2,50.6,5,2
2288.79,210.4,185.9,78.2,4,1
1680.4,107.8,207.9,46.4,4,1
2334.06,195.8,197.3,84.6,4,1
1648.35,108.5,171.1,58.8,4,1
3547.46,205.2,415.7,118.2,6,2
3214.56,167.2,479.2,69.9,5,1
2037.06,151.9,203.8,68.2,4,1
2651.05,94.4,463.6,46.6,4,1
2272.09,183.7,186.0,88.1,4,1
2548.36,120.7,377.0,61.9,6,1
3511.71,135.0,591.9,67.1,5,1
2254.56,129.5,324.9,48.5,4,1
2052.52,222.4,93.3,87.7,4,1
1986.52,128.6,227.1,62.6,4,1
1666.97,151.8,97.9,74.3,4,1
3119.75,211.7,310.4,114.6,6,2
2588.09,156.6,318.4,76.5,4,2
3283.17,235.1,370.9,95.4,4,1
4060.03,168.1,587.8,115.2,5,2
3021.13,174.2,418.4,72.3,5,1
3597.65,209.2,443.5,109.7,6,2
4614.51,178.6,723.0,112.0,5,2
1980.68,101.9,259.7,59.4,5,2
2787.76,249.7,247.5,88.8,4,1
3044.16,228.5,313.6,97.3,4,1
2327.01,155.2,280.9,64.8,4,1
3705.75,173.3,521.3,103.0,5,1
2878.94,190.9,330.0,88.4,4,1
2228.7,107.8,353.3,42.7,5,1
2536.69,136.6,334.0,72.7,5,2
3171.74,156.2,473.4,72.6,4,1
2704.17,124.7,425.8,55.8,4,2
3092.54,156.3,454.8,72.0,5,2
2466.99,175.1,271.9,75.5,4,1
2966.22,114.1,473.3,68.5,5,2
3607.92,155.0,574.5,76.6,4,1
2740.33,194.3,293.4,87.7,5,2
1865.59,124.7,211.7,57.8,4,1
2141.3,180.7,172.4,81.0,4,1
1708.81,103.6,210.0,50.5,5,1
2240.78,88.5,357.4,50.8,4,1
2356.49,84.1,378.9,56.1,5,1
5030.15,210.8,762.7,126.2,6,2
3544.05,145.5,552.2,83.7,6,2
2741.26,222.4,274.0,84.0,4,1
2216.35,185.9,222.1,64.9,4,1
2520.34,154.4,318.4,69.9,4,2
3344.0,157.8,518.7,70.9,4,1
2408.81,173.5,263.3,73.6,5,1
4097.26,159.8,677.2,83.2,5,2
2204.96,161.4,232.0,70.2,4,1
2420.92,196.4,233.9,77.7,4,1
2621.81,168.0,320.3,74.3,5,1
3195.14,118.4,515.4,73.3,6,2
3337.3,126.0,520.8,83.3,5,2
3933.64,173.7,609.3,89.1,4,1
3526.83,145.0,578.1,70.5,5,1
3526.11,180.1,503.6,87.9,5,2
3396.24,179.3,483.8,82.6,4,1
2387.11,141.0,319.4,60.6,4,1
2633.06,92.1,459.2,47.5,5,1
2256.92,105.2,331.4,56.7,6,2
2788.98,180.6,297.5,97.4,5,2
3712.04,159.1,598.3,75.8,5,1
2742.46,141.6,396.8,65.4,5,1
2685.01,139.8,390.7,62.6,4,1
2459.3,137.5,301.9,78.0,5,1
2152.32,214.9,140.5,81.2,4,1
2389.02,185.0,218.4,86.1,4,1
3837.48,173.2,605.0,80.5,5,1
2479.11,126.1,354.0,62.1,4,1
2989.81,141.2,411.4,86.6,4,1
2762.57,202.3,279.7,92.7,4,1
2079.76,97.3,310.5,49.8,5,1
1247.57,126.5,76.2,48.5,4,1
4301.33,179.0,655.3,107.1,5,1
2239.1,181.9,137.9,106.7,6,1
4245.19,160.3,695.4,91.4,6,2
2563.63,183.5,275.0,81.1,4,1
3155.11,160.4,468.0,71.3,4,1
1526.8,176.2,26.4,79.6,4,1
2275.39,176.9,210.8,80.5,5,1
3648.5,154.0,584.8,77.0,5,2
4411.92,198.1,715.0,84.4,5,2
3666.31,145.4,578.3,85.8,5,2
1610.84,116.2,166.4,53.4,4,1
2105.52,201.1,165.7,70.9,4,1
1607.03,120.3,161.6,53.3,4,1
3182.39,151.5,456.9,83.2,6,2
2712.52,213.0,256.8,92.6,5,1
2040.56,108.6,289.4,49.8,4,1
2475.53,241.7,178.7,88.2,4,1
3153.96,170.8,395.2,98.9,6,2
2370.79,149.3,303.9,62.0,4,1
2286.84,125.9,314.4,58.4,4,1
1944.98,122.7,231.8,58.6,4,1
2796.64,198.8,320.3,80.0,4,1
2354.48,164.8,289.9,59.5,4,1
2566.62,255.1,159.2,101.0,4,1
3671.88,141.2,606.3,75.7,6,2
3291.66,138.8,553.6,58.0,6,2
2551.31,181.3,256.8,88.8,4,2
2504.76,129.4,354.0,63.5,6,2
1626.89,169.1,76.7,71.5,4,1
2723.13,143.3,376.1,71.7,5,2
3422.9,176.7,462.1,96.4,5,2
2354.31,97.4,379.0,49.8,5,1
2420.54,236.4,167.9,89.3,4,1
1789.41,90.5,246.7,49.0,4,1
2653.0,211.0,268.1,81.9,4,1
2975.22,212.3,316.1,95.7,5,1
3443.57,124.2,583.6,68.0,5,2
3309.67,161.7,478.2,83.3,5,1
2228.59,249.8,88.4,97.3,4,1
3267.9,129.5,516.3,76.1,5,2
2062.44,109.5,282.0,55.2,4,1
3092.98,162.3,413.2,87.9,5,2
3360.25,162.9,517.8,70.8,4,2
3225.49,108.7,524.0,77.2,5,1
3623.66,144.7,572.1,84.1,5,2
1907.98,126.9,213.1,60.9,4,1
1971.6,105.3,267.1,53.6,5,2
2647.43,148.2,350.2,72.7,4,1
1964.72,185.8,124.2,80.5,4,1
2656.6,220.9,221.6,98.5,4,1
3472.09,208.8,463.0,87.2,4,1
3376.1,153.9,512.2,79.1,6,1
2785.72,119.4,400.5,78.4,5,1
2587.39,101.4,442.3,45.8,4,1
2854.98,129.5,463.5,53.7,4,1
3538.35,165.4,534.8,81.9,5,2
2850.99,107.1,490.3,51.3,5,2
2534.04,110.2,410.3,50.2,4,1
2733.43,216.0,273.9,86.0,4,1
1764.44,95.7,238.7,47.4,4,1
3624.62,170.8,558.8,78.4,4,1
3191.53,165.4,438.2,86.4,5,1
3016.94,101.1,502.2,67.1,5,1
3122.78,218.7,330.3,103.0,4,1
1800.85,136.0,184.7,57.6,4,1
3122.64,175.9,375.0,102.1,6,2
3357.54,201.3,369.7,119.3,6,2
1910.22,156.2,176.6,64.3,4,1
1720.35,122.2,197.4,49.1,4,1
2570.84,157.1,330.3,69.0,4,1
1801.68,211.8,36.6,89.8,4,1
2794.94,109.2,462.4,56.5,4,1
3058.42,130.5,466.2,74.6,6,2
3342.92,159.1,427.1,110.9,5,2
4620.53,165.0,781.6,92.7,6,2
3370.05,112.1,587.3,63.6,5,2
1853.5,163.5,147.7,67.6,4,1
1867.59,108.9,218.1,62.2,5,1
1907.1,117.7,255.7,45.9,4,1
2024.81,204.0,131.8,75.8,4,1
2727.53,164.5,338.0,79.8,4,1
4152.57,205.2,567.1,118.2,6,2
3226.88,166.0,458.2,81.1,4,1
3566.73,210.6,484.7,87.3,4,1
2394.42,176.4,215.8,91.7,4,1
2692.22,105.6,457.8,48.7,6,2
2548.48,103.4,399.2,59.8,6,2
3320.88,137.9,559.1,59.2,5,2
1914.35,159.8,170.5,65.9,4,1
2756.57,137.9,421.5,57.7,4,1
2339.3,224.6,170.3,84.4,4,1
1844.7,233.2,20.4,92.3,4,1
3266.36,146.5,513.0,69.8,4,2
3249.62,189.2,366.2,114.2,6,2
3338.41,163.1,496.2,77.9,5,1
1809.41,180.0,89.8,81.1,4,1
2635.27,166.5,319.9,76.6,4,1
2109.36,141.1,266.0,53.4,4,1
2569.56,172.1,320.1,66.7,4,1
2950.96,110.8,516.7,49.0,5,2
1956.37,151.9,176.7,71.3,4,1
1534.59,140.5,121.5,54.1,4,1
1957.07,124.1,267.1,43.6,4,1
2577.88,196.7,256.4,85.0,4,1
1777.19,109.7,233.2,45.1,5,2
3145.53,104.1,520.9,71.7,6,2
3128.62,150.7,466.6,73.2,5,1
2351.25,133.9,295.1,70.6,5,2
1928.39,135.8,211.6,59.9,4,1
2669.79,106.9,445.6,51.1,5,2
3354.35,152.3,542.3,64.0,5,2
2150.37,224.7,117.6,86.8,4,1
2295.55,237.6,125.4,93.7,4,1
3079.56,155.3,434.1,80.2,4,1
3948.46,179.6,597.0,93.5,5,1
3668.53,126.3,605.4,82.4,6,2
2869.37,161.0,340.3,96.0,5,2
1835.56,158.9,152.5,65.5,4,1
2554.48,167.9,301.3,75.3,5,1
2930.37,218.5,329.9,81.9,4,1
3597.01,116.9,629.4,68.0,5,2
2718.72,100.4,462.0,52.2,5,2
2289.94,167.8,187.9,96.4,4,2
4430.99,185.8,719.4,90.0,6,1
2907.79,140.4,435.5,67.1,4,1
2893.6,129.4,461.9,58.7,5,2
1670.76,156.5,103.0,70.3,4,1
3011.32,204.1,305.8,108.0,5,2
2881.74,123.7,432.6,72.9,5,2
1657.5,107.8,198.6,48.0,4,1
2159.65,216.1,129.6,86.3,4,1
2952.38,183.1,371.6,81.5,5,1
2609.18,150.9,317.7,81.6,5,1
3890.74,167.3,604.4,89.4,5,2
1965.9,125.6,240.6,55.7,4,1
3631.3,189.5,479.5,106.2,5,2
3426.24,180.0,491.1,82.4,4,1
2640.78,114.9,418.0,56.6,5,2
4452.53,208.3,661.2,108.3,5,2
3726.84,164.7,576.6,84.6,6,2
1957.19,146.6,202.1,62.5,4,1
4577.81,158.0,740.2,109.4,5,2
1713.0,194.0,71.7,72.3,4,1
1967.38,105.8,288.7,43.3,4,1
2539.24,124.8,367.9,63.1,4,1
2033.28,166.8,158.3,81.4,4,1
3599.39,151.6,577.1,76.0,5,1
2038.85,237.0,86.7,82.7,4,1
3580.06,164.3,546.2,82.0,6,2
3398.19,122.4,560.3,74.1,5,2
3362.81,136.4,505.6,88.3,6,2
4120.14,179.7,660.9,84.2,5,2
3632.86,151.5,584.3,76.7,5,2
1949.12,97.9,278.4,49.3,4,1
1850.06,115.6,233.6,50.3,4,1
1778.71,196.0,71.8,78.6,4,1
3270.11,163.5,478.9,77.8,5,2
1426.58,114.3,148.2,41.8,4,1
1956.9,112.5,195.0,80.8,5,2
1667.29,146.0,136.3,59.8,4,1
2883.28,111.8,471.6,61.1,4,1
1894.41,144.6,200.2,57.2,4,1
2320.07,201.5,204.3,77.4,4,1
2921.29,107.5,507.8,51.1,5,2
2320.85,98.2,353.4,57.2,6,2
3093.17,132.9,497.9,63.3,4,1
4505.96,177.6,740.7,92.5,5,1
3165.35,145.1,409.5,105.2,6,2
2290.26,139.7,287.5,64.6,5,2
1256.86,119.2,87.9,47.6,4,1
2822.7,149.0,414.0,63.4,4,1
2311.6,87.6,378.4,49.8,4,1
2480.03,129.9,361.0,57.4,4,1
1305.22,119.1,103.0,46.3,4,1
1833.78,146.8,158.4,68.1,4,1
3454.44,167.6,502.0,86.3,4,1
3341.78,183.4,383.0,119.6,5,2
1342.76,118.0,104.5,50.3,4,1
1608.72,151.3,109.4,62.9,4,1
2541.62,127.9,332.7,77.7,5,2
3351.77,160.9,532.0,64.5,4,1
2402.04,131.0,298.6,76.0,4,1
1663.67,169.4,92.5,68.5,4,1
3348.66,161.0,428.6,110.0,6,2
3173.61,124.7,541.0,56.8,6,2
2922.05,227.3,294.7,92.7,4,1
3577.25,175.5,492.3,100.7,5,2
2749.6,167.2,335.6,82.1,5,2
2327.1,142.1,303.4,60.6,5,2
1516.87,130.0,112.8,60.7,4,1
2714.97,236.3,246.0,87.3,4,1
2803.14,117.1,459.2,55.3,6,2
2739.7,146.7,396.4,63.0,5,1
3897.75,183.2,601.4,84.4,5,1
4071.84,176.4,619.8,98.6,5,1
1955.09,214.0,83.8,84.8,4,1
2849.13,226.4,295.1,84.8,4,1
2651.84,185.8,324.2,68.0,4,1
3767.86,196.5,542.1,90.4,4,1
2676.05,135.8,374.0,70.7,4,1
2426.3,148.4,302.9,69.0,4,1
1752.03,117.7,206.4,50.6,4,1
4041.23,192.9,638.0,79.7,4,1
1999.96,124.0,261.1,51.1,5,2
4138.84,157.7,682.7,86.4,5,2
3026.91,138.2,474.7,64.0,5,1
1729.63,108.9,190.1,59.3,4,1
2532.32,192.4,241.4,88.6,4,1
2151.66,120.5,288.3,57.4,6,2
3103.77,168.3,390.6,96.5,5,2
2516.51,98.8,418.1,49.9,5,1
3085.56,150.7,455.3,73.5,5,2
3180.12,189.7,437.6,74.5,5,1
3118.41,163.1,400.8,95.9,5,1
3463.52,176.4,488.2,89.5,6,1
2537.0,138.8,296.5,88.4,5,1
3286.74,171.9,433.9,96.0,5,1
2569.44,224.6,206.3,94.0,4,1
1825.36,186.8,120.8,66.1,4,1
2246.75,98.6,349.9,50.3,5,1
3791.35,203.0,522.3,98.9,5,2
2845.86,124.0,456.1,58.4,5,1
2988.96,109.2,512.7,55.7,5,2
2554.49,118.0,396.8,55.1,4,1
2753.92,174.1,342.5,76.4,4,1
3979.51,175.3,571.9,110.1,5,2
4547.45,220.4,705.6,93.7,4,1
2991.7,145.5,380.5,98.6,6,2
1591.98,95.6,205.5,43.1,4,1
1404.85,115.3,141.0,42.2,4,1
2100.34,92.7,295.5,60.8,6,2
2221.39,108.4,326.5,53.5,6,2
4368.17,174.4,669.1,110.5,5,2
2316.86,112.0,368.1,44.0,4,1
4982.95,199.8,824.3,98.5,5,2
2887.4,116.5,463.4,63.1,5,2
3805.38,166.3,625.1,71.1,5,1
3103.07,220.5,335.5,97.7,4,1
2982.06,255.5,290.7,88.6,4,1
1999.15,156.4,213.9,57.6,4,1
3490.63,174.2,471.6,100.8,6,2
2515.6,108.8,396.5,54.9,6,2
2267.31,94.0,360.5,49.9,5,2
2132.9,108.1,290.2,60.0,5,2
2236.12,118.7,296.3,64.0,6,2
3339.79,139.4,506.6,84.0,6,2
4178.42,181.0,618.2,109.1,5,2
1693.22,138.9,142.8,62.9,4,1
2269.23,124.2,285.8,69.9,5,1
3471.2,128.3,539.3,89.0,5,2
4709.65,178.1,796.6,90.1,5,1
2861.44,133.3,397.0,82.3,6,1
2004.11,117.0,278.1,47.1,5,1
1645.64,165.1,91.9,68.6,4,1
2163.27,158.3,247.1,60.2,4,1
1503.36,181.1,42.7,67.6,4,1
3703.32,183.6,506.7,104.7,6,2
4120.14,177.9,634.9,96.5,6,1
3433.2,160.4,493.5,90.8,5,2
4048.76,182.4,546.7,125.9,5,2
3932.9,188.6,547.6,109.8,5,1
1946.79,251.6,29.0,91.6,4,1
3464.66,158.3,536.1,76.3,6,2
3300.79,181.6,362.2,125.1,5,2
1759.54,194.8,64.0,80.5,4,1
2010.0,151.7,216.3,59.8,4,1
1910.94,142.1,215.5,53.4,4,1
1722.25,177.4,87.2,73.8,4,1
1557.06,192.5,25.8,76.0,4,1
2645.26,108.0,381.6,76.3,5,2
2309.32,166.9,233.0,78.8,5,1
1791.74,144.3,166.5,60.9,4,1
2806.68,195.3,340.0,74.0,4,1
2273.43,128.9,315.6,55.1,4,1
3034.2,98.1,530.1,57.9,6,2
3161.11,218.1,309.5,116.7,6,2
2642.01,202.8,260.6,87.6,4,1
1726.39,143.6,155.2,59.0,4,1
3746.26,227.7,492.3,96.2,4,1
3130.13,176.8,428.1,79.0,5,1
2462.69,113.7,369.5,58.9,6,2
2384.26,159.0,269.8,74.3,4,1
3974.67,207.7,575.6,93.5,4,1
3008.8,140.1,424.2,83.5,5,2
2774.48,137.1,419.4,60.9,5,1
2373.32,94.8,389.6,48.4,6,2
1485.32,170.4,67.6,59.3,4,1
1824.34,156.0,151.6,66.0,4,1
3426.72,227.8,394.6,104.2,4,1
3254.39,144.3,487.4,80.9,6,2
2614.02,215.6,265.5,76.6,4,1
2445.73,124.1,371.6,51.4,4,1
3016.94,121.5,474.1,70.5,5,2
2546.93,172.9,314.4,66.4,4,1
3797.29,155.7,581.0,94.5,5,1
2989.46,160.0,395.2,85.4,4,1
2220.82,128.5,306.4,53.5,5,1
3700.69,167.3,565.9,85.3,4,1
1151.28,119.9,60.2,47.9,4,1
2276.04,98.1,358.9,49.8,5,2
4148.69,182.2,667.4,83.4,5,1
2824.25,142.2,398.2,73.7,4,1
1978.6,210.4,77.2,92.0,4,1
2050.16,156.7,197.7,70.3,4,1
3092.26,222.5,355.8,86.5,4,1
1949.41,120.0,237.6,57.7,4,1
3565.34,169.6,469.9,111.9,5,2
1590.65,135.8,135.6,56.1,4,1
2180.41,120.0,312.4,50.1,4,1
2138.26,127.2,296.1,49.5,4,1
2809.56,202.7,319.2,80.3,5,1
2463.72,160.5,266.8,83.8,5,1
3403.77,226.8,404.4,97.7,4,1
3303.85,131.4,511.8,81.2,6,2
3002.1,148.5,424.3,79.0,5,1
2808.01,149.3,362.4,84.6,5,2
2351.09,112.1,315.5,71.2,5,1
2184.98,111.4,268.3,74.0,5,1
3223.6,175.6,402.7,101.2,5,2
3067.68,135.0,465.9,73.8,4,1
2576.4,202.8,264.3,78.7,5,1
1613.35,131.9,148.6,54.6,4,1
2811.0,128.8,417.9,69.4,5,2
2412.12,191.4,267.8,63.9,4,1
2386.44,125.0,292.7,79.5,6,1
2647.38,250.8,216.0,86.7,4,1
1576.3,146.7,98.2,66.3,4,1
3004.95,139.0,473.9,61.5,5,2
2684.63,115.0,420.2,60.4,6,1
1397.08,136.2,71.0,63.2,4,1
3865.13,143.8,623.2,88.6,5,1
4260.61,185.7,683.5,87.1,5,2
2965.3,125.7,444.7,76.0,6,1
3061.51,164.9,426.9,77.1,4,1
3043.84,241.8,292.4,100.8,4,1
3187.94,149.9,430.4,96.3,6,2
2802.56,135.2,439.3,56.1,4,2
1909.2,185.2,95.8,87.2,4,1
3103.78,244.4,320.1,94.0,4,1
2000.66,95.1,292.8,49.9,5,1
2474.45,104.6,364.2,66.6,6,2
2102.13,162.7,200.5,72.1,4,1
2831.56,92.8,478.6,60.7,6,2
1876.49,102.1,269.2,43.5,4,1
2254.3,127.7,249.7,82.8,5,2
1340.13,130.9,64.3,62.1,4,1
2420.18,97.3,374.7,59.1,4,1
2996.15,170.4,404.9,77.2,6,1
3316.91,199.7,350.2,124.1,5,2
2522.08,181.1,272.9,78.5,4,1
2274.33,115.7,336.1,51.9,4,1
2357.27,130.5,305.9,68.0,6,2
2891.9,149.5,407.7,73.7,4,1
1853.37,129.6,221.9,49.7,4,1
2425.16,184.3,275.4,65.1,4,1
2602.54,102.8,424.0,55.0,4,1
3465.33,156.7,566.2,63.7,5,1
2888.38,92.6,539.0,40.2,5,1
2943.36,189.0,354.5,85.5,4,1
1524.09,152.1,95.3,59.4,4,1
2682.3,127.1,351.6,85.3,5,2
2664.41,195.5,245.5,100.1,5,1
2418.78,135.9,323.7,64.5,4,2
1188.49,119.7,57.3,53.4,4,1
3214.42,199.6,410.0,86.2,6,2
1955.28,172.6,144.4,76.4,4,1
2386.8,94.0,347.0,69.2,5,2
1638.71,160.3,118.8,58.0,4,1
2117.01,121.5,257.4,66.8,5,1
2838.75,158.5,392.0,70.8,5,1
1833.54,137.1,203.6,52.3,4,1
3588.0,194.8,472.6,102.0,5,2
2644.05,175.6,323.2,72.1,4,1
2548.27,156.1,336.1,64.4,5,1
2404.07,219.2,192.4,84.2,4,1
3011.3,155.0,365.7,103.2,5,2
4470.9,187.3,759.3,76.1,5,2
3128.55,144.9,464.6,76.7,6,2
2914.98,213.5,311.6,90.5,4,1
2481.28,150.3,268.9,89.4,5,2
3256.51,202.9,345.4,118.1,5,2
3424.12,207.4,450.0,88.3,5,1
1363.45,123.4,101.6,51.5,4,1
2325.22,202.6,220.6,70.3,4,1
1255.4,128.0,80.0,47.1,4,1
2465.72,185.0,254.6,78.6,4,1
1741.68,112.7,223.2,44.2,4,1
2640.07,179.5,332.0,66.0,4,1
1163.62,128.8,46.0,51.6,4,1
2599.21,174.7,309.9,73.4,4,1
3414.98,142.7,576.2,59.9,5,1
2432.12,152.8,269.7,82.5,6,2
2388.87,135.6,299.7,72.0,5,1
3534.33,168.9,472.0,107.9,5,2
1861.24,171.4,141.5,67.7,4,1
1790.25,105.6,225.4,51.8,4,1
3204.87,147.5,420.1,103.9,5,1
1596.07,97.0,194.5,47.8,5,1
3176.32,173.0,420.8,89.0,5,2
2233.25,122.1,289.3,65.3,5,2
1522.57,160.0,77.3,63.7,4,1
4331.0,176.8,715.0,84.9,5,1
2635.81,162.3,323.3,77.0,5,1
2372.4,115.8,345.3,58.6,6,1
2407.21,226.4,176.3,88.5,4,1
3943.08,165.0,610.7,93.4,5,2
3315.44,121.8,575.9,58.3,5,2
2290.41,106.6,339.9,56.1,5,1
4443.5,163.1,702.1,109.2,5,2
1660.44,123.8,178.5,50.1,4,1
2791.96,222.7,255.6,97.6,4,1
2491.76,114.2,380.8,56.9,4,1
2457.6,152.1,317.5,64.4,4,1
2893.52,201.2,299.4,99.0,4,1
3246.21,153.6,489.4,74.9,4,1
4434.55,161.2,734.9,94.4,5,1
2702.96,118.3,429.0,57.1,5,1
2275.2,158.1,215.7,86.7,4,1
1935.89,87.2,283.9,50.2,5,1
2657.76,147.0,371.2,65.0,6,2
2837.42,173.3,303.1,103.5,5,2
2626.63,154.4,317.8,82.0,4,1
2665.64,104.6,417.3,64.3,5,2
2389.75,173.6,249.3,77.6,5,1
1594.5,118.8,163.2,51.8,4,1
1441.14,129.1,107.6,54.9,4,1
2839.74,166.0,401.8,63.2,4,1
1498.03,133.6,94.4,65.1,4,1
3309.99,190.0,388.0,110.9,5,2
3166.5,236.8,323.4,102.9,4,1
2398.47,201.6,200.2,87.9,4,1
2443.28,176.4,291.6,63.5,4,1
2903.53,169.9,401.9,68.5,4,1
2123.95,142.9,235.4,67.9,4,1
3289.75,188.7,420.7,94.7,5,2
2445.93,142.4,251.1,96.9,5,2
3319.55,140.5,494.3,86.7,5,1
2576.15,205.1,246.6,85.5,4,1
2731.92,96.3,478.0,48.3,6,2
3204.66,147.3,492.6,71.6,5,2
3039.57,155.9,411.7,85.5,5,2
2705.5,182.6,295.1,88.3,5,2
3198.33,145.9,483.9,75.4,4,1
2411.96,98.5,366.3,61.4,5,2
2466.3,167.0,249.2,89.1,4,1
3397.43,144.5,526.5,79.3,5,2
2755.83,140.4,388.3,71.2,6,2
2205.94,130.5,293.8,56.6,4,1
2377.72,115.4,376.7,45.5,4,1
3295.84,176.6,452.6,86.6,4,2
3489.15,170.1,516.3,82.6,6,2
2813.25,132.1,391.5,79.8,5,2
3396.45,210.0,362.4,123.0,6,2
2814.97,178.8,347.5,78.8,4,1
2846.05,154.0,397.0,71.3,4,1
2520.38,146.9,334.2,66.2,4,1
2574.41,216.6,254.2,76.8,4,1
3958.99,178.0,599.5,94.3,5,2
2574.64,111.1,383.4,66.3,6,2
2882.09,187.0,289.2,108.6,5,2
2759.75,144.9,358.5,82.9,5,1
3634.45,184.2,522.7,89.7,5,1
3044.33,239.6,324.5,87.6,4,1
2476.09,127.9,361.2,57.7,4,1
4130.92,209.7,616.9,91.6,5,1
2988.94,171.5,393.3,81.1,4,1
1649.82,116.8,194.6,44.9,4,1
4504.49,171.8,752.2,89.8,5,2
3001.46,149.2,438.1,72.5,5,2
2284.8,203.2,170.6,87.7,5,1
3750.69,146.0,582.9,92.8,6,1
2419.93,113.4,382.1,48.7,4,1
2084.86,228.2,105.8,83.2,4,1
1678.88,106.8,193.3,53.2,4,1
2942.36,153.2,404.7,79.0,5,1
3650.02,155.3,580.4,78.6,5,2
2210.91,93.4,324.8,59.8,6,1
1981.64,93.5,283.5,52.6,4,1
2699.43,167.0,302.4,91.3,6,2
1790.56,186.0,85.7,78.2,4,1
2215.6,133.4,310.4,48.9,4,1
2053.45,193.9,154.0,73.5,5,1
2959.61,131.6,434.6,77.2,5,2
1442.37,123.9,124.5,49.9,4,1
2845.06,93.2,515.5,45.6,5,2
2430.08,167.0,239.1,89.6,5,2
3154.02,196.3,423.2,75.2,4,1
1817.77,124.6,219.2,49.2,4,1
2089.9,138.3,208.8,77.9,5,2
3931.7,203.7,561.4,96.8,5,1
1807.34,223.3,14.2,95.2,4,1
2376.32,164.4,260.5,75.2,4,1
2889.05,110.4,435.5,78.4,5,1
1509.73,140.0,94.4,63.5,4,1
2169.19,112.1,311.1,52.9,5,2
2670.07,152.8,335.5,79.6,5,2
1698.78,122.6,190.4,49.6,4,1
1984.93,152.8,181.7,71.9,4,1
3883.12,185.3,575.3,93.4,5,2
2077.35,121.6,278.1,53.2,5,1
1920.5,188.3,129.5,72.1,4,1
2143.79,150.7,239.9,64.6,5,1
1848.22,97.4,222.5,63.2,5,2
1901.7,107.6,266.8,44.9,4,1
1670.49,148.3,142.0,56.6,4,1
3096.28,170.5,392.3,93.9,5,2
2926.46,201.7,343.9,82.7,4,1
1600.8,197.0,31.8,76.2,4,1
2954.84,143.5,414.3,80.4,4,1
1688.63,183.4,48.5,84.6,4,1
3108.92,141.5,462.6,77.0,5,2
3402.22,166.4,446.4,105.7,5,1
2282.4,125.6,323.9,53.8,6,2
1873.3,179.7,117.3,76.1,4,1
2142.62,110.8,293.5,58.4,5,1
3002.27,123.7,480.6,65.0,4,1
3078.85,194.6,365.1,93.3,4,1
3791.6,186.7,542.1,97.4,4,1
3575.29,245.7,403.8,108.6,4,1
2352.36,127.6,323.9,60.7,5,2
1800.17,164.3,146.8,61.7,4,1
2563.69,161.5,295.7,81.6,4,1
2322.71,143.0,300.7,60.9,5,1
2220.69,92.8,360.5,45.3,5,2
2071.95,125.5,238.4,68.5,5,2
1827.97,194.6,83.6,79.5,4,1
3859.3,165.8,544.6,113.0,5,1
2890.02,226.5,289.8,91.6,4,1
2100.06,165.7,203.4,69.3,4,2
2814.39,158.8,293.6,111.7,5,2
3877.62,191.7,568.4,93.0,4,1
1964.65,130.2,225.4,60.3,4,1
2008.27,133.3,222.1,65.2,4,1
2199.26,182.0,172.6,86.7,4,1
2574.04,184.0,300.5,70.7,4,1
2324.09,185.6,253.1,63.2,4,1
3194.83,121.5,525.6,67.4,5,1
3028.51,120.3,494.1,63.4,5,2
3227.63,166.9,444.6,86.9,4,1
2672.65,114.6,416.1,61.1,5,1
2765.13,125.9,434.8,58.0,6,2
3459.56,169.3,496.7,88.4,5,2
1880.67,174.3,159.4,60.6,4,1
2800.5,121.5,455.5,54.7,4,1
3175.03,153.9,472.6,74.4,4,1
2382.94,160.6,290.7,64.2,4,1
1772.79,123.2,208.8,49.4,4,1
3323.53,151.1,517.4,72.2,5,2
2823.94,146.3,411.5,65.8,5,1
1693.31,92.0,226.0,46.8,5,1
2761.07,154.8,349.8,82.5,4,1
4149.91,187.0,644.9,91.4,6,2
4520.24,202.2,739.3,83.8,6,2
1877.43,144.9,189.6,59.9,4,1
2837.65,99.8,508.7,44.8,5,1
1632.85,110.4,154.5,63.7,5,1
3336.83,168.6,437.1,101.5,5,1
1376.93,148.1,79.0,52.1,4,1
3429.44,134.7,548.7,77.3,5,1
3001.36,177.9,390.2,81.0,5,1
1736.7,129.5,166.1,61.6,4,1
3221.56,172.0,398.0,104.7,5,2
1652.91,136.4,154.3,54.4,4,1
3083.07,100.4,516.6,68.4,5,2
3298.04,132.4,536.4,69.2,4,1
2346.08,194.2,215.0,78.8,4,1
2178.53,179.3,219.2,64.9,4,1
2029.88,237.6,77.6,85.4,4,1
2490.9,130.3,349.8,63.4,4,1
1804.65,106.8,230.7,50.5,4,1
4015.77,159.7,651.3,85.7,5,1
1983.55,119.7,261.9,50.8,5,1
1918.56,183.3,151.6,64.3,4,1
2659.0,172.4,279.2,94.7,6,2
3311.12,155.5,516.4,69.3,4,1
2629.83,157.4,319.0,80.5,4,1
2729.23,173.8,327.6,80.4,4,1
1657.78,194.9,48.7,76.0,4,1
2574.56,201.9,235.9,91.5,4,1
2945.13,179.2,380.2,78.6,4,1
2743.53,183.0,243.7,115.2,5,2
2024.98,227.4,49.3,102.0,4,1
2800.86,136.5,434.3,57.5,4,1
2062.27,142.8,222.2,66.9,4,1
2065.33,185.3,171.8,70.8,4,1
3005.52,89.7,545.8,51.5,5,2
1914.57,108.8,260.4,48.7,5,1
2887.54,134.1,404.6,81.4,6,2
2672.35,122.4,411.0,59.9,6,2
2817.42,128.8,421.9,68.3,6,2
2462.49,126.9,298.1,84.7,5,2
1821.53,112.3,202.7,62.4,4,1
3305.67,107.7,550.6,74.7,5,1
3620.42,202.3,438.4,117.5,5,1
2332.03,90.3,372.2,53.5,6,2
3148.77,161.3,469.0,69.7,6,2
2537.51,98.9,424.7,49.2,4,1
1615.25,113.3,163.9,56.3,4,1
1935.19,120.1,233.3,58.0,5,1
2704.19,210.3,254.3,94.0,5,1
1449.02,114.1,142.5,46.9,4,1
2883.55,129.9,453.3,61.2,5,2
2211.15,176.3,219.1,69.9,4,1
3100.9,130.7,478.7,73.7,6,2
1726.0,125.0,192.0,50.9,4,1
2963.01,189.3,313.2,105.9,5,2
3859.38,183.7,584.3,87.5,5,2
2216.32,159.9,253.6,62.5,4,1
2174.83,103.2,346.6,41.8,6,2
3524.84,123.9,568.3,84.0,5,2
2502.0,180.8,241.8,90.1,5,2
2888.95,135.7,455.3,58.4,4,1
2450.69,101.2,392.5,52.9,6,2
2208.13,151.5,237.6,72.4,4,1
3162.36,153.8,426.9,93.3,4,1
1847.27,235.0,47.3,79.8,4,1
1642.23,180.2,67.3,72.5,4,1
2713.86,164.6,328.5,82.4,5,1
1784.64,123.2,206.2,51.9,4,1
2420.72,186.1,252.6,74.0,4,1
3093.93,236.7,311.7,100.0,4,1
2645.85,133.3,366.8,71.7,5,2
1549.89,117.7,160.5,48.6,4,1
2429.86,131.8,297.8,79.1,5,2
3439.02,119.6,562.2,79.1,5,2
2578.27,142.3,364.8,61.1,4,1
2289.19,209.5,154.1,92.7,4,1
3802.57,148.9,620.8,80.4,6,2
2287.33,150.6,246.0,77.9,4,1
3168.02,164.8,440.7,82.9,5,1
1471.96,157.6,82.7,56.7,4,1
1595.28,218.6,0.0,92.5,4,1
2110.6,146.5,246.8,59.7,4,1
1931.18,142.7,191.5,66.0,4,1
2077.35,108.5,279.2,58.5,4,1
1894.64,110.4,249.8,50.4,5,2
3593.49,161.3,532.1,91.1,6,1
3513.68,182.0,492.5,90.7,5,2
2517.97,106.6,415.5,47.7,4,1
1522.92,140.3,103.5,60.9,4,1
3338.18,127.8,518.0,83.9,5,2
3180.9,169.7,460.5,73.4,5,1
3237.79,184.8,382.4,107.7,5,2
2910.23,180.9,387.0,71.0,4,1
2235.75,194.3,161.1,90.5,5,1
3655.17,165.2,562.3,82.8,5,2
3780.41,146.0,628.5,75.8,4,1
3381.65,146.4,501.6,87.8,5,2
4179.08,177.6,656.9,93.5,6,2
2694.71,183.3,329.6,71.5,4,1
4203.56,187.2,620.1,108.3,6,2
1795.21,139.8,163.6,64.6,4,1
2137.97,181.7,186.2,74.0,4,1
2943.48,198.3,349.7,83.5,4,1
2097.7,196.7,118.2,93.1,4,1
3429.69,126.8,558.8,76.4,6,2
3120.23,199.9,338.1,107.6,6,2
3271.33,192.6,428.4,87.5,5,2
4095.01,228.3,576.9,97.1,4,1
2942.01,108.0,485.6,63.1,5,1
2933.75,98.3,495.8,61.9,5,1
3296.35,126.7,553.9,63.8,5,2
3672.9,173.4,545.7,88.5,5,2
2983.95,107.3,526.8,49.7,4,1
2483.6,249.5,141.4,102.2,4,1
3326.64,167.7,459.7,90.8,5,2
2224.5,172.2,187.6,87.3,4,1
3584.16,155.3,547.0,86.1,6,2
3488.7,130.2,537.0,91.1,5,1
2787.25,87.9,497.6,49.5,5,2
1367.88,155.7,48.7,61.1,4,1
3711.85,198.5,509.4,97.8,5,2
2243.9,127.8,329.7,46.0,4,1
2385.89,127.7,322.2,65.2,5,1
2832.62,213.1,312.2,81.3,5,1
2269.21,137.2,237.7,85.5,6,1
2444.33,171.7,277.0,72.2,4,1
3634.94,167.6,568.6,76.7,6,2
2805.5,189.8,329.8,80.8,5,2
1847.91,225.6,43.0,86.0,4,1
2033.47,130.7,223.9,68.3,5,1
3396.17,118.3,559.5,76.1,5,2
2693.51,176.7,342.3,68.6,4,2
2272.74,96.8,340.8,58.1,5,2
2840.0,168.5,357.1,81.9,4,1
4274.78,173.6,702.7,85.5,5,1
2057.02,225.3,107.0,80.9,4,1
2460.87,226.0,194.4,86.6,4,1
3264.16,143.2,511.9,71.5,4,2
3217.42,166.8,477.3,71.2,4,2
2550.18,187.0,255.7,86.6,5,1
2185.9,151.8,222.8,76.4,4,1
2781.04,200.2,330.6,73.1,4,1
2265.76,193.5,203.2,75.5,4,1
2675.43,180.1,290.8,88.0,4,1
3641.03,117.3,651.0,63.1,5,2
2158.79,166.9,199.5,77.0,4,1
2948.75,134.0,435.2,74.7,4,1
2760.0,121.4,462.4,47.2,5,1
3297.98,180.8,452.2,85.1,5,1
1942.72,129.3,240.3,51.6,4,1
2212.29,160.2,217.4,78.0,4,1
3751.94,198.1,524.6,95.7,4,1
2732.96,213.4,265.0,91.0,4,1
2750.47,163.9,304.9,97.2,5,1
2208.75,195.5,199.0,70.1,4,1
3310.28,161.4,493.7,76.6,5,1
1607.28,215.3,0.0,83.9,4,1
3447.03,210.8,460.2,84.8,5,1
2659.16,210.3,252.1,89.9,4,1
3408.1,174.8,447.6,102.1,6,2
2626.2,172.9,277.6,91.6,6,2
1814.05,137.9,183.9,58.5,4,1
2612.03,98.0,452.8,45.4,4,1
2214.75,257.5,75.4,98.1,4,1
3062.72,130.6,433.7,89.5,6,2
3126.2,168.7,393.4,97.5,5,2
1947.04,122.8,243.6,53.5,4,1
3289.02,124.6,573.8,55.0,5,2
3245.03,123.6,549.8,61.3,6,2
4069.08,210.2,582.4,99.9,5,1
1986.57,204.9,103.3,83.8,4,1
2677.05,116.0,439.2,50.7,5,2
2332.7,108.6,367.1,47.8,4,1
2862.85,105.2,498.6,49.8,5,1
2212.29,132.5,296.8,55.0,4,1
3163.03,192.2,430.5,74.7,4,1
3653.04,147.1,567.6,88.3,5,2
1673.03,121.0,188.2,48.5,5,1
1559.27,109.7,165.5,50.9,4,1
3283.92,164.1,486.8,75.6,6,2
3315.82,202.6,453.7,76.7,4,1
2696.45,144.3,324.5,91.2,5,2
2899.88,173.5,365.4,82.7,5,2
3904.91,195.9,553.6,100.8,4,1
3164.94,172.5,382.9,104.8,5,2
1954.63,106.8,266.7,51.2,5,1
3170.55,129.5,501.7,71.7,5,2
3947.12,184.6,592.6,93.2,5,1
2294.74,140.8,291.5,62.8,4,1
2392.0,137.7,309.3,67.1,6,2
1485.92,164.0,67.8,62.1,4,1
3927.78,221.0,544.9,96.0,4,1
2581.19,247.2,186.4,94.1,4,1
1901.33,93.6,282.0,44.3,4,1
2348.1,158.3,216.6,94.3,5,2
4537.62,172.8,683.0,123.8,5,2
3086.5,188.7,413.3,75.4,5,1
2084.07,178.3,201.2,62.9,4,1
3475.44,128.6,544.9,86.8,6,2
3982.39,171.0,593.0,102.9,5,2
2998.6,229.1,300.3,97.9,4,1
1433.63,106.7,135.8,51.5,4,1
2489.48,127.2,320.9,77.5,5,2
2501.95,158.0,327.2,62.3,5,1
3256.21,207.2,387.2,97.6,5,1
2790.45,152.0,371.7,77.3,4,1
2984.21,164.9,380.5,89.2,6,2
2309.66,154.7,257.0,73.6,4,1
2091.44,141.0,220.0,71.9,4,1
2739.84,212.9,288.9,81.4,4,1
1507.94,145.3,101.9,57.7,4,1
2609.44,126.4,375.0,67.1,6,2
2063.73,84.4,308.5,54.7,5,1
1633.94,109.7,206.2,41.2,4,1
2315.03,168.4,254.3,69.4,4,1
1770.11,95.9,242.2,46.4,4,1
2822.09,208.4,311.0,82.7,4,1
1634.88,166.1,80.6,72.0,4,1
1834.58,129.7,202.5,56.2,4,1
2857.67,162.2,364.0,83.7,5,2
1837.13,122.6,221.8,51.1,4,1
3182.91,155.2,485.7,68.8,5,2
2054.59,127.5,252.7,59.3,4,1
1638.77,184.2,68.2,69.9,4,1
2770.7,246.0,232.5,95.2,4,1
2681.26,222.8,242.9,90.9,4,1
1900.49,163.7,162.9,66.0,4,1
2490.57,207.5,243.4,76.3,4,1
3551.81,133.2,613.0,63.0,4,1
2291.83,156.8,254.5,71.8,4,1
1898.88,130.5,213.7,58.0,5,2
2353.33,111.9,359.4,52.1,4,1
4749.39,199.0,710.2,123.6,6,2
3214.81,143.1,505.3,69.0,5,1
3315.01,126.7,550.0,67.6,5,2
2942.29,176.5,401.6,70.0,4,1
2703.8,203.9,237.3,104.3,5,2
3094.36,189.7,369.4,95.3,5,1
1731.05,166.3,122.2,64.1,4,1
2711.51,158.8,377.4,63.0,4,1
1777.62,129.7,185.4,57.5,5,1
1569.19,173.9,42.7,78.1,4,1
2951.93,147.3,450.6,62.2,5,2
2138.28,220.9,118.7,86.7,4,1
2245.89,95.4,362.9,45.8,4,1
2294.19,183.7,192.9,87.5,5,1
2914.05,122.6,424.5,80.6,5,2
2275.11,210.1,155.5,90.3,4,1
1739.5,89.1,228.6,52.1,5,2
3503.78,179.2,522.3,77.5,5,1
1966.6,124.4,257.3,48.9,4,1
2041.65,109.9,288.2,49.9,5,1
1935.02,166.2,181.3,60.5,4,1
2190.94,195.0,171.3,80.6,4,1
2756.61,209.6,280.0,88.7,4,1
2781.43,101.0,461.1,59.2,5,2
2122.24,153.3,247.9,57.5,4,1
2942.02,181.9,356.1,87.8,4,1
1344.95,146.9,40.6,66.1,4,1
1742.45,142.8,173.2,53.2,4,1
1916.44,94.5,259.9,55.4,5,1
2732.06,227.9,273.3,80.8,4,1
1695.6,172.7,117.0,59.6,4,1
1300.48,109.8,118.0,43.3,4,1
2812.36,178.3,356.9,74.6,4,1
2489.91,155.0,270.7,87.5,5,1
3734.44,201.7,520.9,93.8,5,2
2798.29,114.2,433.5,67.5,4,1
2621.0,227.2,208.2,97.7,4,1
3040.31,160.8,420.9,79.3,5,2
3305.54,192.1,439.5,86.5,5,1
2296.17,172.5,263.3,61.4,4,1
2269.62,186.2,224.3,69.7,4,1
1732.87,87.8,241.5,46.2,4,2
2044.85,131.9,259.1,53.4,4,1
3126.68,122.3,513.6,64.8,6,1
2342.13,98.4,368.2,52.8,5,2
2996.83,182.0,390.8,78.4,4,1
3506.66,158.1,525.8,85.7,6,2
3973.4,167.0,605.8,98.0,6,2
1683.11,118.9,205.8,42.7,4,1
1916.39,177.1,131.7,75.7,4,1
1350.83,142.3,83.4,49.8,4,1
3814.93,215.3,511.8,100.7,5,1
2456.31,185.9,212.4,95.9,4,1
1978.89,208.5,88.7,87.8,4,1
2224.84,106.1,345.0,46.7,4,1
1821.6,131.9,165.1,70.4,4,1
2748.13,149.9,330.4,91.9,5,1
2766.9,191.9,317.6,81.0,4,1
2152.66,163.2,200.8,77.4,4,1
3027.81,181.1,385.1,84.8,4,1
3441.24,144.2,521.6,86.5,5,1
2518.79,108.2,387.4,59.6,4,1
2027.79,162.2,200.3,64.2,4,1
2682.25,167.5,313.4,84.3,5,2
3648.52,161.1,590.9,71.2,6,2
2218.93,146.9,216.9,84.9,5,1
3979.09,190.2,609.6,86.6,5,1
4152.67,175.2,639.9,99.1,5,1
2148.48,108.8,303.0,55.7,4,2
3084.4,105.1,534.0,58.7,6,2
1782.83,151.2,144.9,66.5,4,1
2587.07,201.6,261.1,81.8,4,1
2893.2,205.6,310.0,92.3,4,1
2981.87,152.9,411.1,80.6,5,1
2389.07,159.3,309.5,57.1,4,1
2496.3,176.6,216.0,102.9,5,2
2517.45,123.5,375.9,57.8,4,1
2470.14,149.0,281.1,83.3,4,1
1740.24,99.1,199.2,60.8,5,1
3002.38,206.0,293.9,111.4,5,2
2024.65,156.0,182.1,74.7,4,1
2998.57,149.0,426.6,77.4,4,1
1710.78,96.2,221.3,49.0,4,1
2299.0,141.5,215.0,97.0,5,2
1920.32,136.6,225.3,52.5,4,1
4126.91,208.0,613.3,93.5,6,2
1789.8,132.3,198.5,51.9,4,1
2081.5,133.0,255.8,58.5,4,1
3508.64,134.0,568.3,77.7,6,2
1986.71,104.7,289.2,45.7,5,1
2587.82,97.0,437.9,49.8,5,1
1657.26,186.3,54.8,77.0,4,1
2807.19,179.4,287.9,104.2,5,1
3374.78,235.7,404.8,90.3,4,1
2367.79,170.0,258.1,72.8,4,1
3099.27,209.8,352.3,94.5,4,1
2057.16,149.2,252.4,50.1,4,1
2097.91,171.1,187.5,73.7,4,1
1620.9,129.2,125.0,67.1,5,2
2861.85,107.8,472.6,60.0,6,2
2268.9,161.9,232.2,76.9,4,1
2922.67,121.7,471.1,61.3,5,2
2107.6,112.6,297.5,52.0,5,2
3480.53,137.4,536.9,87.0,5,2
2226.12,127.6,307.4,54.0,4,1
1935.79,114.8,258.6,49.1,4,1
2398.19,221.2,185.0,85.9,4,1
2711.7,130.1,414.0,59.5,4,1
1651.51,177.5,83.0,67.7,4,1
2678.44,129.0,389.5,67.1,4,1
3264.43,139.9,497.3,79.5,5,2
2494.8,181.5,243.4,88.3,5,1
3539.12,141.0,553.2,84.7,5,2
2349.33,176.7,228.0,81.2,4,1
2541.28,104.1,427.5,46.1,5,1
3928.29,175.0,593.3,95.0,4,1
3131.65,100.7,556.1,56.0,6,2
3009.39,183.3,382.0,83.1,5,1
2462.5,122.1,362.8,58.1,5,2
3940.32,163.8,611.7,93.2,5,2
2352.55,197.8,196.0,86.4,4,1
3116.41,148.0,476.7,68.6,5,2
2322.56,162.6,269.0,66.2,4,1
2732.89,183.2,311.8,83.6,4,1
1689.1,122.8,174.2,55.7,4,1
1255.45,117.7,83.0,50.3,4,1
2685.59,120.3,443.4,47.9,4,1
3008.18,172.8,387.6,85.2,5,1
2862.74,127.5,426.4,71.9,6,2
2566.55,150.6,297.2,86.2,6,1
2457.55,123.0,335.4,69.3,5,2
2653.01,121.8,373.7,74.6,5,2
2798.14,201.9,303.3,86.4,4,2
2608.47,154.7,325.2,76.5,5,2
3509.25,130.9,614.0,58.9,5,2
2008.54,206.2,99.2,87.4,4,1
1520.32,184.4,31.4,73.0,4,1
3119.55,185.6,358.2,104.9,5,2
2372.09,157.1,298.8,60.9,4,1
1783.81,109.3,221.1,51.4,4,1
2534.58,182.6,276.4,77.6,4,2
1836.54,110.5,233.6,51.1,4,1
3570.51,166.3,554.9,76.2,4,1
2889.61,113.9,464.9,63.8,4,1
2215.16,137.6,294.8,54.0,4,1
4480.53,177.7,740.2,89.9,4,1
1926.48,164.9,148.8,74.6,4,1
2791.65,179.0,347.8,76.0,4,1
2272.78,148.2,262.7,69.9,4,1
3679.36,184.5,522.9,94.4,4,1
3023.49,198.1,381.6,78.3,4,1
3174.23,169.6,440.5,81.5,4,1
2527.49,130.9,321.7,79.6,5,1
3781.86,177.0,524.5,108.4,5,1
1191.08,101.2,105.0,40.7,4,1
1710.0,183.3,80.0,73.0,4,1
1794.26,215.0,36.9,87.4,4,1
1984.17,138.5,223.3,59.7,4,1
2634.26,163.5,323.6,76.2,4,1
3528.19,172.2,462.1,110.1,6,2
4137.38,194.9,574.5,117.8,5,2
2177.56,123.1,259.2,72.1,6,2
2796.2,110.3,460.2,57.1,5,1
3155.42,175.1,452.0,71.9,4,1
2177.26,91.1,352.6,44.7,4,1
1578.26,117.9,146.9,57.7,4,1
3220.61,140.9,494.0,75.7,5,1
3294.12,229.3,364.0,102.3,4,1
2900.74,210.0,320.0,86.8,4,1
2651.5,209.7,269.4,81.7,4,1
2452.8,132.3,314.1,74.1,5,1
2478.09,162.8,276.2,80.2,4,1
1407.59,125.4,107.2,53.0,4,1
1926.51,128.3,235.3,52.5,4,1
2502.1,130.8,305.8,84.0,6,2
3176.63,251.5,310.3,103.3,4,1
3518.31,162.5,482.0,104.5,5,2
1398.7,142.5,76.7,58.0,4,1
2762.29,173.7,296.5,97.9,4,1
1472.2,103.1,158.0,47.5,4,1
2377.2,223.9,182.3,83.6,4,1
2045.09,144.9,182.8,81.6,5,1
2669.6,187.5,289.4,84.7,4,1
3288.37,165.6,438.8,96.8,5,2
3139.18,171.8,436.8,78.3,5,2
1785.99,167.8,125.3,68.2,4,1
3154.32,168.2,425.8,86.5,4,2
1878.56,140.7,184.6,64.1,4,1
4022.44,176.5,607.8,98.3,6,2
2482.78,138.2,336.6,64.8,4,1
3240.37,154.0,508.9,65.4,5,2
3515.96,143.5,543.5,85.3,4,1
2817.8,169.8,384.0,66.9,4,1
3450.61,154.2,504.3,90.8,5,2
2259.08,134.4,271.8,70.5,4,1
2597.79,109.7,389.9,66.6,6,2
3396.67,128.9,572.3,65.8,5,1
2493.27,144.8,304.6,77.3,5,1
2391.79,114.4,335.3,65.9,4,1
3068.41,231.9,338.6,87.4,4,1
2333.84,128.0,337.4,52.4,4,2
2338.5,224.5,143.8,96.2,4,1
2953.53,162.6,400.2,78.1,5,1
2359.69,115.7,320.6,68.3,5,2
2438.64,95.8,383.9,57.7,6,2
3045.92,166.7,397.4,87.7,4,1
2012.55,192.8,131.9,79.3,4,1
3188.83,144.6,482.3,75.7,4,1
2210.8,167.3,209.6,78.1,4,1
3884.91,191.3,600.8,79.6,4,1
2329.29,114.5,359.3,48.2,4,1
3471.12,135.9,524.7,92.1,6,2
2569.33,107.6,405.9,57.3,6,1
2534.62,170.6,273.3,84.3,5,2
2330.58,215.6,156.5,93.6,4,1
3369.78,151.5,547.6,63.7,5,1
2431.4,201.1,234.6,76.5,4,1
1693.35,171.8,68.8,81.2,4,1
3223.59,150.5,529.8,55.8,4,1
2674.15,183.2,267.8,96.7,5,1
2373.51,130.5,278.6,81.9,5,1
1920.76,125.0,195.9,70.8,4,1
1548.19,105.2,155.4,56.2,5,1
2493.36,163.3,308.5,67.3,5,1
3226.57,212.4,378.7,95.8,5,1
2849.59,202.1,315.8,86.4,4,1
2063.51,197.9,121.9,87.1,4,1
2776.25,112.6,422.0,70.9,5,2
2426.56,158.1,292.7,69.3,4,1
2101.45,153.3,217.4,68.8,5,1
1933.24,178.9,110.4,86.2,4,1
2614.82,169.9,330.0,68.3,4,1
2008.12,96.8,301.6,46.0,5,1
2167.54,158.2,238.4,64.6,4,1
1347.77,151.9,50.1,60.0,4,1
2416.62,186.7,205.9,94.0,5,1
4018.66,195.5,616.7,85.6,5,1
1639.52,178.5,84.3,65.4,4,1
2835.28,187.3,286.6,104.4,6,2
3711.94,166.4,582.5,79.6,5,2
2152.14,125.7,300.2,49.9,4,1
2540.44,107.4,370.1,70.0,5,2
3609.26,177.0,500.8,99.8,5,2
2903.07,159.4,356.9,93.1,5,1
2501.8,210.0,240.6,77.7,4,1
2094.83,124.5,239.4,71.0,5,2
2462.43,126.8,367.2,54.1,4,1
2992.82,212.3,336.5,88.6,4,1
2381.22,128.1,281.2,82.6,6,2
2064.86,132.9,259.6,55.0,4,1
2744.48,119.6,428.0,61.6,4,1
1395.04,144.4,71.2,59.2,4,1
3154.84,200.1,342.5,109.4,6,2
3213.03,138.8,517.5,65.3,5,1
4048.17,172.1,613.1,100.8,5,1
2605.6,160.4,305.6,82.4,5,1
1446.4,110.7,148.4,45.6,4,1
2371.04,142.1,291.2,70.9,5,2
1786.89,131.8,170.4,64.2,4,2
3327.34,131.2,533.9,74.1,5,1
2087.25,182.9,144.0,86.6,4,1
1806.24,135.4,178.5,61.2,4,1
2793.3,205.0,253.0,106.8,6,2
2955.95,125.0,483.8,57.9,5,1
2631.28,163.0,277.2,96.7,6,2
3353.64,170.2,467.7,89.1,4,2
2166.95,134.7,299.6,47.8,4,1
2417.05,152.8,282.2,75.2,5,2
1969.53,105.3,245.6,62.9,5,2
4141.72,214.9,559.0,116.3,5,2
2850.72,177.3,310.4,100.0,6,1
2002.47,201.7,112.4,82.9,4,1
3734.82,199.7,497.2,105.3,4,1
3825.96,173.6,510.1,121.3,5,2
4619.73,184.8,740.9,101.9,5,1
2204.21,119.4,298.2,59.3,5,2
2545.24,94.8,428.6,50.2,5,2
2869.44,170.5,347.6,88.5,5,1
2284.18,159.3,277.0,59.9,4,1
2783.41,203.1,292.0,89.2,5,1
1233.04,123.7,79.6,46.7,4,1
2605.95,233.7,192.0,100.3,4,1
2337.81,170.3,193.2,98.2,4,1
2173.2,149.3,210.2,81.7,5,1
2155.45,206.2,140.7,85.3,4,1
3438.05,205.3,438.2,96.0,6,2
1556.87,134.6,125.3,57.5,4,1
1535.33,117.6,144.6,54.1,4,1
2009.92,148.3,193.7,71.3,5,1
2451.05,112.0,322.8,79.1,5,2
2581.36,172.0,280.0,85.9,5,1
1819.71,99.5,244.2,49.5,5,1
3343.42,156.3,443.7,104.8,5,2
2308.57,145.5,272.8,70.6,5,1
1942.87,89.5,282.8,50.4,4,1
2346.18,91.9,379.5,51.2,6,2
2844.77,205.6,331.7,77.3,4,1
2225.47,130.6,286.9,61.7,4,1
2182.56,88.5,330.8,56.2,5,2
3127.45,112.6,552.9,51.7,5,2
2064.49,191.5,157.6,74.3,4,1
1637.65,120.5,167.6,53.9,5,1
3835.46,229.7,507.2,98.6,4,2
2529.62,137.5,337.5,70.0,5,2
3952.65,163.9,671.6,67.8,6,2
3297.23,171.8,474.7,79.0,4,1
2700.45,189.5,317.4,74.8,4,1
4103.85,159.1,659.9,92.0,6,2
3931.3,140.2,649.2,86.0,5,2
2531.72,86.3,453.9,41.2,5,2
1929.36,231.0,40.3,93.8,4,1
2517.24,185.6,282.5,71.6,4,1
3068.1,223.5,335.8,92.3,4,1
2341.64,114.8,291.3,79.7,6,2
2087.1,136.1,245.5,62.3,5,2
2055.9,156.8,216.7,62.5,4,1
2828.59,130.3,398.7,79.2,6,2
1887.19,107.2,249.1,51.3,4,1
2960.57,151.8,424.2,72.9,5,2
1703.61,109.7,198.1,52.5,4,1
3373.59,185.2,468.4,84.4,5,2
3275.34,165.8,455.3,87.9,4,1
2726.37,141.9,324.7,95.6,5,2
2602.33,169.6,343.4,61.1,4,1
2263.34,190.4,202.4,76.9,4,1
1458.51,123.8,136.0,46.6,4,1
1514.21,85.9,197.3,42.4,4,1
3145.54,168.0,401.2,96.5,6,2
2204.76,177.6,188.4,82.3,4,1
3555.01,132.4,565.7,84.7,6,2
3340.2,151.2,524.6,70.8,6,2
2114.19,125.0,265.8,61.3,5,2
3075.3,113.2,483.1,76.7,6,2
2087.11,175.3,168.2,79.2,4,1
3608.17,164.8,537.0,89.0,5,1
2342.5,189.2,198.5,88.0,4,1
3037.75,184.4,316.0,115.1,6,2
2496.92,193.1,232.4,88.3,4,1
2008.23,174.5,176.7,67.0,4,1
4350.4,210.5,635.1,107.6,6,2
2290.46,210.7,148.3,94.9,4,1
2336.16,168.4,208.8,91.9,4,2
2669.3,226.5,229.4,93.9,4,1
2490.11,126.6,326.9,75.1,5,1
2741.4,233.0,224.6,101.2,4,1
2968.8,221.9,326.4,86.2,4,1
3912.05,166.8,586.3,100.0,5,2
2042.11,223.1,62.9,99.8,4,1
3369.37,205.0,400.8,105.1,5,1
1874.55,119.4,229.6,53.2,4,1
4401.4,193.7,675.6,102.7,4,2
1736.19,155.4,118.0,71.4,4,1
2694.06,200.7,316.0,69.7,4,1
3115.92,243.2,317.7,97.0,4,1
2047.24,200.7,132.9,79.2,4,1
3397.4,164.3,523.1,72.0,5,1
2485.7,154.5,293.0,77.3,5,1
2058.65,238.7,42.3,103.8,4,1
2327.67,142.2,270.3,75.3,4,1
2907.74,104.3,499.4,54.8,5,2
3617.12,172.7,514.9,96.3,5,1
3190.01,198.1,392.5,92.0,4,1
3148.5,147.1,487.8,67.7,5,2
2878.99,207.3,331.1,80.6,4,1
3143.05,195.7,373.4,96.3,4,1
2352.8,147.2,253.3,83.5,5,2
3101.75,160.0,416.9,88.2,4,1
2584.77,89.8,417.7,61.6,5,1
3353.51,202.8,386.8,110.6,5,1
1670.7,123.0,167.1,56.7,5,1
3998.24,171.7,590.2,105.6,5,2
2646.88,166.7,286.4,92.7,5,1
3727.81,159.6,588.5,81.7,4,1
3792.27,171.9,558.0,97.0,5,1
1872.75,125.8,198.1,64.1,4,1
2817.41,159.5,347.0,87.9,6,2
2398.8,146.7,284.8,74.8,5,2
3660.8,131.2,607.5,78.4,5,2
3196.2,249.9,311.4,105.7,4,1
3156.24,174.4,414.3,89.0,5,1
2878.58,222.4,280.2,96.5,4,1
2741.1,139.9,376.6,75.0,5,2
2363.82,199.7,205.4,82.6,4,1
2947.29,99.5,482.5,68.8,5,2
3319.83,124.6,534.4,76.0,6,2
1646.37,203.2,49.4,70.7,4,1
2028.14,122.6,253.9,58.0,5,1
2532.41,190.1,232.3,93.6,4,1
1638.88,117.0,165.1,56.8,4,1
2353.66,207.2,189.3,85.3,4,1
2728.44,107.3,431.5,63.7,5,2
2777.29,117.2,433.3,63.9,5,1
1576.56,138.1,133.2,54.6,4,1
3588.73,205.5,511.9,79.9,5,1
3867.96,151.0,663.0,68.0,5,2
2466.15,187.7,206.7,98.7,4,1
4133.9,145.2,716.9,76.2,5,2
2822.01,203.3,320.3,80.9,5,1
3163.04,202.7,345.2,107.9,4,1
3924.44,180.1,592.3,92.8,6,2
2422.18,211.9,194.9,88.3,4,1
2464.34,207.2,221.9,83.1,4,1
2640.95,203.5,271.1,82.5,4,1
3118.49,166.8,404.4,92.7,6,2
1352.82,123.0,115.8,44.2,4,1
2956.85,189.2,350.0,88.9,5,1
2513.03,149.5,241.6,105.4,5,1
2017.56,143.2,230.0,58.3,4,1
2811.72,110.6,474.2,52.5,6,2
2582.33,162.2,328.7,68.7,4,1
2745.85,177.2,328.0,80.6,4,1
1516.87,136.6,126.1,51.8,4,1
2855.17,134.2,440.2,61.9,5,1
1219.9,130.6,57.0,52.2,4,1
2831.07,156.0,413.5,61.5,5,1
2536.63,195.1,262.5,78.5,4,1
2533.77,113.0,379.0,62.9,5,2
1250.88,134.9,33.8,64.0,4,1
2623.52,107.0,407.4,62.9,6,2
3575.75,172.7,561.2,71.2,5,2
1946.04,149.3,209.9,56.6,4,1
3333.5,244.8,378.4,93.4,4,1
2722.12,103.3,448.6,57.2,5,2
2510.41,194.7,250.4,81.1,4,1
2229.39,202.3,153.7,89.5,4,1
3199.62,195.5,427.7,78.5,4,1
2517.19,135.5,311.0,81.2,6,2
2716.49,189.2,308.3,80.7,4,1
2474.95,145.6,329.7,63.7,4,1
3823.99,152.1,591.2,94.5,6,2
3894.8,190.9,618.5,73.0,5,1
2211.59,248.1,91.8,94.7,4,1
1982.56,168.4,165.8,71.8,4,1
2943.95,197.3,371.5,74.3,4,1
1949.6,122.3,258.3,47.4,5,1
3104.91,177.2,380.3,97.2,5,2
2726.84,153.4,374.9,68.2,5,1
2737.49,106.2,442.4,60.3,4,1
2398.66,92.0,375.0,59.0,6,2
3649.57,178.0,525.0,93.0,4,1
3174.45,137.6,509.7,65.0,4,1
2820.29,91.3,503.9,48.9,5,1
3267.33,157.1,469.4,84.6,5,2
3162.5,204.2,398.3,83.6,4,2
2576.65,183.5,282.8,79.1,4,1
4599.38,172.0,778.9,88.5,5,2
2829.14,168.1,352.5,83.0,4,1
2383.96,190.5,218.7,83.0,4,2
1269.36,163.7,0.0,71.1,4,1
2086.03,98.9,302.4,53.4,4,1
2457.17,92.2,409.6,50.0,4,1
3387.28,110.3,614.2,54.4,5,2
3679.6,202.0,528.1,84.3,5,2
1530.38,140.3,112.9,57.5,4,1
3642.78,160.0,579.5,76.1,4,1
1716.83,147.7,134.2,65.5,4,1
2936.25,198.8,354.5,80.4,4,1
2582.3,113.3,426.4,47.1,4,1
3789.5,212.0,481.1,113.0,6,2
2596.88,171.5,276.9,89.2,4,1
2354.69,236.4,124.6,101.2,4,1
1800.6,106.1,211.9,58.7,4,1
1613.39,124.2,151.3,56.8,4,1
1797.46,124.6,200.7,55.1,4,1
3838.94,149.2,649.3,71.6,6,2
3475.79,146.7,507.8,95.3,6,1
4620.8,190.4,771.3,86.0,5,2
3295.76,161.4,482.3,80.1,6,2
2467.78,88.3,404.9,55.0,5,2
3780.49,182.2,598.3,73.1,4,1
3326.4,213.9,390.4,101.0,4,1
2830.24,186.0,353.8,74.6,5,1
1366.12,125.2,107.5,48.4,4,1
3044.37,123.1,490.7,65.5,5,2
2262.66,190.3,201.6,77.2,4,1
1384.08,137.9,86.4,54.1,4,1
2264.21,156.2,252.9,69.8,5,1
2952.34,99.0,530.9,48.1,5,2
3751.51,170.9,520.5,109.6,5,2
2210.63,220.8,139.8,85.3,4,1
2492.04,209.9,207.6,91.3,4,1
2661.22,214.9,251.3,88.5,4,1
2279.69,127.5,327.8,50.9,4,1
2291.5,167.0,156.1,111.0,5,2
1388.25,130.4,78.0,61.6,4,1
3836.18,230.3,488.4,106.8,5,1
3119.9,150.8,445.4,81.7,5,2
3340.15,240.8,397.8,87.3,4,1
2315.34,169.4,238.1,76.2,4,1
2783.07,179.3,326.6,84.4,4,1
2824.64,233.5,271.2,89.5,4,1
2888.61,98.1,510.3,50.6,6,2
2380.03,156.9,279.0,70.7,5,1
2894.18,199.1,307.3,96.5,4,1
3046.61,161.2,398.0,90.0,6,2
3166.35,201.8,405.0,82.1,4,1
2794.11,155.8,385.4,69.9,6,2
3142.71,195.1,365.0,100.2,5,2
3373.66,126.2,564.8,67.7,6,2
3479.33,168.3,514.3,83.2,5,1
2230.56,236.3,85.8,104.7,4,1
3242.72,169.9,470.4,75.7,5,1
2392.89,215.5,154.3,101.5,4,1
1561.34,133.6,117.4,61.9,4,1
3553.59,185.0,512.5,84.8,5,1
2475.87,216.5,189.0,94.9,4,1
2648.52,184.1,312.4,73.6,5,1
3340.99,228.1,414.7,85.5,4,1
4026.54,168.6,623.0,95.6,5,1
2727.38,108.2,441.2,58.9,5,1
2748.86,144.6,388.3,68.6,5,2
1662.21,108.9,195.4,49.5,4,1
2080.11,195.6,120.9,90.4,4,1
2896.2,202.7,311.6,93.2,4,1
3922.19,225.1,558.0,87.8,4,1
1679.83,111.5,196.7,49.7,4,1
2659.89,123.0,394.4,65.6,5,2
2305.37,142.4,306.4,56.7,4,1
2763.67,165.5,309.4,96.0,5,2
2983.6,151.4,363.7,102.6,5,1
2161.24,101.9,324.7,50.6,6,2
1564.73,128.8,164.5,43.5,4,1
2697.91,167.9,337.0,75.4,4,1
3822.48,194.9,572.1,83.8,5,2
1663.31,110.6,191.0,50.8,4,1
2571.41,153.3,299.7,84.4,6,2
2320.89,258.1,81.6,106.9,4,1
2008.2,122.7,270.9,48.2,4,1
2968.7,157.5,417.9,74.2,4,1
3357.48,184.5,478.5,78.4,4,1
1690.97,111.7,203.6,47.8,4,1
2693.84,193.4,310.6,75.3,4,1
3051.85,116.3,524.8,54.1,5,2
2151.05,224.7,131.4,80.7,4,1
3157.18,102.0,567.7,53.1,6,1
3377.38,204.9,435.9,90.4,4,1
2412.12,223.6,180.5,88.4,4,1
2830.29,156.7,387.7,72.5,4,1
2979.33,212.3,327.9,90.9,5,1
2835.47,150.4,348.3,93.4,5,2
2382.19,176.4,258.8,71.3,4,1
2391.26,129.5,330.0,61.5,4,1
3961.71,182.3,587.4,98.1,6,2
4136.38,190.3,584.5,115.3,6,2
3362.84,145.7,488.4,91.9,6,2
4130.19,181.5,627.3,99.4,4,1
1268.38,126.9,64.0,56.1,4,1
2820.76,152.1,381.4,76.3,5,2
3858.5,169.0,578.0,96.8,6,2
3103.69,130.4,508.7,60.8,6,2
2018.71,160.4,191.8,67.7,4,1
2161.28,135.1,286.7,52.7,4,1
1426.05,126.3,100.0,57.9,4,1
3556.28,185.5,443.8,115.5,5,1
3008.2,223.7,301.4,100.8,4,1
1990.24,201.9,119.9,78.1,4,1
1782.77,126.6,207.8,49.5,4,1
2392.1,212.1,175.2,93.7,4,1
2478.25,98.7,410.0,49.3,5,1
2330.78,117.9,334.7,57.8,4,1
2424.34,106.5,376.6,54.7,5,2
2254.98,109.7,326.9,56.5,5,2
3169.09,175.4,412.0,91.1,5,2
2436.75,122.4,348.1,61.6,4,2
3320.3,159.5,520.4,66.7,6,2
3255.68,146.2,488.8,79.5,5,1
2485.83,218.1,196.5,91.9,4,1
2255.13,198.6,195.1,75.6,4,1
3852.8,171.9,526.6,117.6,5,2
2776.06,141.8,415.3,60.9,4,1
2021.6,229.7,69.7,91.5,4,1
2715.26,105.1,418.6,68.9,5,2
2415.37,217.3,199.7,83.1,4,1
2825.16,107.7,480.7,52.4,4,1
3672.03,216.4,487.6,95.1,4,1
3094.54,198.5,355.0,97.9,5,2
1723.36,129.3,179.9,54.0,4,1
1617.29,164.0,99.6,62.5,4,1
2723.42,163.3,297.6,97.7,5,2
3226.55,105.4,545.2,69.3,5,2
2470.15,152.7,325.2,62.1,4,1
4616.25,185.4,691.6,123.2,6,2
2901.27,188.4,363.9,76.9,5,1
3668.28,208.7,501.6,91.9,5,2
3228.97,207.7,418.5,80.5,4,1
3263.42,197.4,360.6,114.6,6,2
3516.54,134.7,603.4,62.7,5,1
2678.41,95.6,435.4,61.6,5,2
3062.32,166.2,369.9,102.0,5,1
2521.06,143.3,287.3,88.7,6,2
1654.28,87.1,217.0,48.6,4,1
2475.01,118.6,359.9,62.3,5,1
1398.0,127.1,114.6,47.9,4,1
2416.38,146.3,277.0,80.3,4,2
2951.72,143.5,386.5,92.4,6,2
2246.11,131.9,287.0,63.4,5,1
2181.58,143.2,215.4,83.0,6,2
3408.5,189.9,435.9,100.6,6,2
2080.51,126.7,258.3,60.1,4,2
4152.87,151.1,718.2,75.1,6,2
2464.02,205.2,233.2,78.9,4,1
2531.59,187.5,250.1,86.8,5,1
2653.05,155.1,370.7,61.1,5,1
2302.72,131.1,278.2,74.0,5,2
2036.63,88.6,324.9,42.5,5,1
2900.16,184.1,347.4,86.0,5,2
3021.81,175.0,360.4,97.8,5,1
3096.38,179.6,369.2,100.1,4,1
2143.2,111.9,308.5,51.3,4,1
3008.32,197.3,371.1,81.6,4,1
1548.24,149.1,110.6,56.6,4,1
3366.78,124.4,596.2,53.8,6,2
2218.9,166.8,243.7,64.1,4,1
4229.16,220.0,631.3,91.5,5,1
1833.26,173.6,123.8,71.5,4,1
3939.1,193.0,540.8,111.5,6,2
4037.38,202.2,587.4,97.6,5,1
2877.59,176.3,367.8,77.9,5,1
2027.61,111.0,249.9,64.9,5,2
2752.53,119.5,412.7,69.3,6,2
3483.32,140.5,556.1,77.4,6,2
2725.29,182.2,324.4,77.6,4,1
1784.66,145.7,153.8,65.2,4,1
1260.54,118.6,99.4,43.2,4,1
3051.61,129.7,486.4,65.2,5,2
3797.61,183.9,528.7,105.3,5,2
1902.8,93.1,265.3,52.1,6,2
3181.91,174.5,394.0,100.8,5,2
2765.68,147.3,390.2,68.4,5,2
2641.41,121.5,394.0,64.4,4,1
2772.84,150.9,411.0,58.3,4,1
1976.49,235.5,32.6,100.4,4,1
3102.38,117.9,504.0,68.3,5,1
3370.34,125.6,551.7,73.5,4,1
2155.74,133.8,243.3,71.9,5,1
2398.11,185.8,230.7,81.3,4,1
3290.92,218.9,389.1,95.4,5,2
2712.33,114.2,430.6,59.3,6,2
3363.41,184.4,442.9,94.9,5,2
3176.17,144.8,491.3,70.2,4,1
2878.01,146.4,380.3,85.7,4,1
2199.33,186.0,183.3,80.2,5,1
3716.11,226.8,458.7,108.2,5,1
3428.51,133.1,548.3,78.1,6,2
1777.54,214.2,25.6,90.9,4,1
1910.34,170.8,156.6,66.7,4,1
3134.69,193.5,390.2,88.9,4,1
3810.62,199.2,553.1,89.0,5,2
1968.34,131.6,202.4,70.3,5,2
3581.21,154.4,548.4,85.5,5,2
3829.92,179.8,583.0,86.5,5,1
2148.66,158.5,217.7,71.5,4,1
1878.36,146.7,184.1,61.7,4,1
3048.71,193.2,319.4,110.9,6,2
2635.83,232.6,211.8,95.4,4,1
2143.87,104.8,319.4,49.7,5,1
2506.82,219.1,220.2,83.3,4,1
2752.13,157.8,320.4,93.3,4,1
2253.15,193.7,171.3,88.2,4,1
3096.68,241.3,333.4,88.6,4,1
2064.23,115.9,301.3,44.0,4,2
2742.47,166.8,363.3,69.1,4,1
2244.59,137.7,252.1,76.1,4,2
2916.52,112.5,499.1,52.2,6,2
2177.72,178.0,199.8,74.1,4,1
2811.41,88.5,482.1,58.8,5,1
4121.96,172.6,632.8,100.1,5,2
1505.61,104.6,153.2,52.7,5,1
2777.84,135.1,398.3,71.6,5,1
2609.22,250.8,161.9,106.5,4,1
3236.6,128.8,533.0,65.5,5,1
2005.75,144.0,210.1,65.5,4,1
2175.44,170.6,225.1,65.9,4,1
3868.91,187.1,618.6,71.8,4,1
2622.64,203.4,250.3,89.8,4,1
2513.97,181.1,281.0,74.0,4,1
2830.11,179.9,267.2,115.7,5,2
2262.12,189.5,206.6,75.3,4,1
2447.88,136.4,284.6,84.9,6,2
1904.28,113.9,253.7,48.2,4,1
2107.91,127.4,291.9,47.9,4,1
2242.3,162.1,259.1,62.0,5,2
2783.7,201.8,305.1,84.0,4,1
1368.34,150.8,47.0,64.2,4,1
2357.39,216.3,166.6,91.8,4,1
1792.25,120.6,203.4,55.1,4,1
4358.21,168.2,728.4,85.8,5,2
2053.44,245.4,68.8,88.5,4,1
2858.51,181.8,356.1,78.5,4,1
3074.81,192.3,391.9,82.0,4,1
1564.64,117.7,171.0,45.5,4,1
3221.56,220.7,382.5,89.8,4,1
4174.34,172.6,643.6,101.1,5,1
2516.53,173.6,281.3,77.4,4,1
3234.62,160.7,470.1,79.0,5,1
2456.0,187.4,202.0,99.8,5,2
2504.5,174.1,287.0,73.3,5,2
2309.5,140.6,269.6,74.3,4,1
4119.01,193.0,629.9,92.0,5,2
1869.78,123.3,201.3,63.5,4,2
2496.26,111.2,394.0,52.8,5,1
3100.4,207.0,381.8,82.8,4,1
2525.45,161.4,297.1,76.8,5,1
2171.5,229.8,92.1,98.2,4,1
1617.93,113.3,178.3,50.2,5,2
2170.82,163.5,219.6,70.9,4,1
2981.65,171.9,398.4,77.8,5,2
2850.72,186.9,293.0,103.5,4,1
3939.4,182.2,534.0,119.4,6,2
2350.51,132.3,309.8,64.7,5,1
2186.25,191.5,184.8,75.7,4,2
3931.82,209.6,530.3,108.0,5,2
2891.09,111.1,497.7,50.7,6,2
1987.2,95.0,290.5,49.5,5,1
2303.92,195.9,184.7,86.8,4,1
1800.18,173.5,136.9,62.1,4,1
1731.94,171.8,96.2,73.3,4,1
2633.24,125.2,374.5,70.5,5,1
1958.95,123.0,246.5,53.5,4,1
2863.44,96.5,481.7,61.2,6,2
2670.5,144.1,361.3,72.1,5,1
2956.28,128.1,474.9,60.5,4,1
1572.04,137.4,141.4,50.8,4,1
4083.74,209.3,613.1,88.2,5,1
2136.87,114.8,295.6,55.1,6,2
4393.98,167.7,699.8,102.7,6,2
2279.12,208.2,159.2,89.9,4,1
1563.82,123.7,137.0,57.9,4,1
2663.93,181.5,321.1,72.6,4,1
3362.99,161.1,509.5,75.6,5,2
3555.38,147.3,543.2,88.1,5,2
2742.23,175.7,344.9,73.3,4,1
2654.42,152.8,294.7,96.1,5,2
2909.03,174.0,350.3,90.2,4,1
1668.79,179.0,83.2,68.9,4,1
2138.2,179.3,186.7,74.9,5,1
3285.29,154.6,523.2,63.8,5,1
2082.66,119.5,247.4,68.3,5,1
1679.25,209.4,10.3,88.9,4,1
1931.46,122.1,246.5,50.8,4,1
1946.07,120.0,262.7,46.1,4,1
3412.4,152.7,533.0,74.4,4,1
3010.95,197.8,348.3,91.8,6,2
4359.96,221.8,644.5,99.4,4,1
2062.66,150.3,207.6,70.1,4,1
3567.27,169.9,526.5,86.9,5,2
1402.93,123.9,103.9,54.6,4,1
2075.02,124.7,261.8,58.8,4,2
3675.71,136.8,631.7,66.8,5,1
3308.48,207.5,395.9,99.4,4,1
2501.12,146.6,321.9,69.7,4,1
2327.12,159.0,261.0,71.9,4,1
2632.16,119.5,378.9,70.9,5,1
2254.79,173.7,232.4,70.0,4,1
2713.81,160.4,351.2,74.2,5,2
2132.21,153.4,224.9,68.8,4,1
1947.44,105.0,249.9,58.6,4,1
1700.21,111.8,216.2,43.1,4,1
2191.88,147.3,272.2,57.1,4,1
1973.4,147.5,226.0,53.3,4,1
2693.31,162.2,310.2,89.3,5,2
1564.81,160.7,83.9,65.2,4,1
1463.28,167.4,37.6,71.5,4,1
4162.81,187.2,613.6,106.6,5,2
3924.21,182.8,606.7,85.1,5,2
1879.54,92.6,276.6,44.8,4,1
2546.16,218.0,218.0,89.1,4,1
3326.47,123.1,576.4,58.7,6,2
2035.34,105.6,273.4,57.7,5,1
3168.84,216.5,366.2,93.1,4,1
2693.74,231.0,248.1,86.4,4,1
1453.24,104.5,148.8,48.9,4,1
2934.11,130.4,467.6,60.2,6,2
2843.61,104.5,475.9,58.0,4,1
2648.74,156.1,287.3,97.3,6,2
2662.27,244.9,221.1,88.7,4,1
3786.56,183.5,552.8,93.5,4,1
1198.95,110.3,89.5,44.4,4,1
2882.05,158.2,382.5,79.9,6,2
1915.66,93.0,277.1,48.4,5,1
3564.8,160.0,579.4,67.4,5,2
2495.81,180.4,218.3,100.1,5,1
2649.84,96.6,435.8,57.8,4,1
2221.77,100.5,345.9,48.5,5,1
2562.15,144.7,340.4,69.1,4,1
1623.02,192.5,59.9,68.2,4,1
2527.93,111.6,379.8,62.5,6,2
2503.32,125.1,354.1,65.2,5,1
4072.42,196.9,608.2,94.7,5,2
2542.82,150.4,329.0,69.5,6,1
3046.97,141.1,484.2,60.6,4,1
2478.69,149.8,308.8,71.6,4,2
1285.16,117.4,87.2,51.9,4,1
2702.17,221.2,271.8,81.2,4,1
3738.57,141.1,648.7,64.4,6,1
2840.22,96.5,480.4,59.1,5,2
1582.36,113.3,165.6,51.9,4,1
2577.3,196.0,269.8,79.3,4,1
2412.3,164.3,247.2,85.1,4,1
2094.73,118.0,270.7,60.0,5,2
1542.16,145.9,98.8,62.6,4,1
1675.46,173.3,111.7,59.5,4,1
2886.36,130.2,444.0,65.5,5,1
3719.09,190.8,516.6,98.8,5,2
1953.61,87.2,301.0,44.5,5,2
2823.04,107.2,454.9,63.8,5,1
3145.76,184.2,356.4,109.3,5,2
1860.48,128.8,197.1,61.9,5,1
2276.39,204.2,195.5,75.3,4,1
3423.99,191.4,431.0,103.8,4,1
1632.94,149.3,143.5,51.3,4,1
2019.19,147.9,205.7,67.2,4,2
2279.78,147.3,236.3,82.8,4,1
3122.28,113.9,525.0,62.9,5,1
1921.51,136.0,226.1,52.6,4,1
2605.44,234.5,195.0,98.6,4,1
3028.6,215.1,323.2,97.3,4,1
2342.78,130.4,302.8,67.8,5,2
2808.68,107.3,462.6,58.8,6,1
1980.41,125.5,215.6,68.5,6,1
3471.44,174.6,482.6,93.7,5,2
2072.12,101.9,275.0,62.7,5,1
2965.06,163.8,389.9,83.4,5,1
4238.83,237.7,599.9,98.7,5,1
4009.7,185.9,536.3,124.6,5,2
1864.08,141.7,192.2,58.7,4,1
3010.0,118.3,495.9,61.5,5,2
2369.74,143.2,252.7,87.4,5,2
2047.26,253.1,23.9,104.4,4,1
3906.29,152.6,613.5,93.5,6,2
1437.9,113.7,122.0,55.0,4,1
3225.29,189.6,426.2,84.7,4,1
1977.93,203.2,90.8,89.1,4,1
2939.94,188.0,315.0,103.1,6,2
4369.41,213.7,649.6,101.8,4,1
1737.26,99.4,221.7,50.3,4,1
2678.56,207.7,254.9,92.0,4,1
2727.35,141.3,374.2,73.9,6,1
2556.48,121.7,366.7,67.0,6,2
4425.48,207.0,672.3,100.9,4,1
1338.95,142.7,68.7,54.8,4,1
2222.94,114.8,276.3,73.2,6,2
2137.85,194.3,178.3,71.9,4,1
2562.93,113.5,414.1,50.3,4,1
2815.0,127.9,432.0,63.9,5,2
2758.53,193.7,324.9,76.0,4,1
2734.63,184.8,297.3,89.6,4,1
2498.68,162.9,303.5,70.3,5,2
1861.86,164.2,163.9,61.0,4,1
1829.6,118.4,220.1,52.8,4,1
3047.01,234.3,305.0,98.9,4,1
3261.43,194.5,440.2,80.3,5,1
3097.28,166.5,404.6,90.3,4,2
3609.96,146.2,585.8,75.7,5,1
1861.66,123.6,203.5,61.5,4,1
3168.08,139.5,504.5,65.8,5,2
2254.56,113.2,314.3,60.5,5,2
1846.35,226.3,11.5,99.4,4,1
1930.56,245.9,27.6,93.0,4,1
3363.74,144.7,486.7,93.1,5,2
1950.03,195.1,99.5,85.8,4,1
1168.89,108.2,82.4,45.1,4,1
2300.5,121.1,304.9,66.3,6,2
1330.12,145.4,67.3,53.3,4,1
1706.1,142.2,145.8,61.5,4,1
3110.28,123.8,488.9,73.3,5,1
3633.5,204.8,476.4,101.0,6,1
2736.64,106.6,444.9,59.0,5,2
2865.92,168.7,304.9,108.0,5,1
1872.33,202.8,70.7,86.5,4,1
3550.6,172.6,483.1,103.1,5,2
3912.05,197.0,493.8,127.6,6,2
2420.57,152.3,307.6,64.6,5,2
2846.79,184.9,350.1,78.5,4,1
3350.03,170.1,459.0,92.7,5,2
2482.54,246.2,180.2,86.3,4,1
2396.6,184.8,241.8,76.7,4,1
1753.61,114.1,199.4,55.5,4,1
2072.44,180.7,151.2,82.8,4,1
1640.2,109.3,182.4,52.6,4,1
1622.73,103.0,193.3,48.6,4,1
2414.78,173.3,272.1,70.3,4,1
2649.82,152.7,323.5,82.8,5,1
2220.52,220.6,104.4,102.3,4,1
2860.07,185.2,313.8,96.0,6,2
2094.37,182.8,162.9,79.1,4,1
2360.41,183.2,236.5,75.8,4,1
2006.81,147.6,220.8,59.2,4,1
2735.93,190.7,311.3,80.9,4,1
1777.2,208.0,21.8,95.4,4,1
2863.63,231.9,275.2,92.8,4,1
3477.57,157.8,545.6,73.8,6,2
4463.96,212.7,705.8,87.8,5,2
1748.55,147.5,164.2,55.8,4,1
2944.38,218.8,299.9,96.6,4,1
2410.03,187.0,222.5,85.8,4,1
2395.75,92.4,394.3,49.9,5,2
2111.09,215.0,120.3,85.6,4,1
4038.58,177.5,662.0,75.7,5,1
2120.66,257.7,25.4,109.8,4,1
2566.22,139.0,338.4,73.0,5,1
3411.7,242.1,394.1,96.4,4,1
2002.51,238.9,52.8,92.8,4,1
4097.72,176.3,558.4,128.8,5,1
3064.44,137.9,471.1,69.8,5,2
1682.98,160.4,101.3,70.7,4,1
2575.72,186.0,265.8,85.4,4,1
2830.63,166.2,360.0,80.7,4,1
3589.61,143.0,567.8,82.9,5,2
2140.13,145.2,250.1,62.1,4,1
2713.96,155.6,381.9,62.7,4,1
3544.71,182.3,526.5,78.8,4,1
2133.1,125.2,278.3,57.7,4,1
2555.05,178.0,259.8,89.3,4,1
2405.47,127.6,290.3,81.5,5,2
1685.06,119.9,169.3,58.7,4,1
2228.49,112.3,273.5,76.1,6,1
2108.64,146.8,238.1,63.2,4,1
1968.13,201.9,122.5,74.5,4,1
1340.35,156.5,51.6,56.4,4,1
3236.7,192.4,426.9,84.4,5,1
4048.05,229.5,574.9,92.3,5,1
1763.98,111.4,220.9,48.3,4,1
1757.54,132.6,194.0,50.2,4,1
2351.1,110.0,369.5,48.1,4,1
2555.4,202.4,245.9,84.7,4,1
2666.79,176.4,267.3,99.1,5,1
1568.54,92.1,190.9,48.5,4,1
3295.32,109.9,567.0,65.3,6,1
1758.65,126.0,210.6,45.8,4,1
4044.46,182.2,589.5,106.4,6,2
2545.5,175.8,281.7,79.5,4,2
2877.61,208.2,322.2,84.0,4,1
2637.96,182.4,285.3,85.2,5,1
2465.35,226.0,180.2,93.4,4,1
2738.61,147.4,301.9,104.6,6,2
2743.62,133.5,420.1,58.8,5,1
1968.45,109.5,269.8,50.2,6,1
1503.56,183.5,26.0,73.9,4,1
2748.01,122.3,414.7,66.7,4,1
3357.48,120.1,550.4,75.0,5,2
2643.86,147.9,333.6,79.7,5,1
3575.1,150.7,537.4,91.4,4,1
2177.41,178.4,175.3,84.7,4,2
2482.06,117.9,352.1,66.9,5,2
4318.54,165.8,697.7,96.1,5,2
2609.63,147.9,347.5,69.8,5,1
3465.18,176.0,500.6,84.3,4,1
2346.44,106.2,349.8,58.0,5,1
3295.18,214.8,409.0,88.9,5,1
3553.95,177.1,543.1,74.8,4,1
1787.65,95.5,254.6,43.0,5,1
2826.99,163.5,368.0,77.9,4,1
1826.66,128.9,204.1,55.0,4,1
3251.63,131.3,505.2,78.4,5,2
2118.7,110.0,280.9,61.7,5,2
2590.63,170.9,330.0,65.2,4,1
2233.9,198.7,183.7,78.2,4,1
2629.75,137.3,310.1,93.3,5,2
2399.7,190.8,203.1,91.6,5,1
1618.72,183.9,33.6,83.2,4,1
2647.3,114.4,420.9,56.3,5,2
3916.24,169.1,603.5,91.7,4,1
2106.03,213.8,94.8,96.8,4,1
1643.88,144.0,139.4,56.7,4,1
2896.98,191.4,342.8,84.4,6,2
2396.74,171.1,278.9,66.3,4,1
2106.4,92.5,317.0,52.0,5,2
4359.22,211.0,678.1,89.2,5,1
2212.05,119.3,307.3,56.2,5,2
2754.01,126.1,421.4,62.7,5,2
2420.78,109.6,381.7,50.6,5,1
3094.46,147.6,416.7,93.0,5,2
2630.92,197.1,276.2,82.0,4,1
2455.64,164.8,268.7,80.2,5,1
3132.53,192.0,410.2,80.4,5,1
1949.1,194.0,104.0,84.1,5,1
2258.7,118.4,319.2,56.5,5,1
2559.73,176.7,246.5,96.3,4,1
2991.37,143.4,430.7,77.2,4,1
2662.28,243.6,198.7,99.2,4,1
2239.83,102.7,321.2,60.5,5,1
1930.75,237.8,55.0,84.4,4,1
3137.88,147.2,466.5,75.9,6,2
2351.61,91.9,392.5,46.0,5,2
2628.85,166.1,333.6,70.0,4,1
1306.3,112.4,108.6,46.9,4,1
3347.22,195.8,429.7,93.9,5,2
2403.5,95.6,394.9,49.0,6,2
2300.99,235.6,159.9,79.9,4,1
2634.5,138.8,318.9,89.3,5,2
1729.55,170.4,96.7,73.5,4,1
2259.48,110.1,331.2,54.9,4,2
2103.36,148.4,225.3,67.6,4,1
2538.4,150.6,352.7,58.3,4,1
1890.12,131.2,223.0,52.6,4,1
1395.6,130.0,88.6,57.9,4,1
2354.24,147.4,241.9,88.6,5,1
2450.9,168.3,279.8,73.2,4,1
2077.52,179.4,156.5,81.5,4,1
1261.18,113.2,81.7,53.5,4,1
3159.86,146.7,453.9,84.1,5,1
2465.39,175.9,268.5,76.4,4,1
2948.12,173.1,384.0,80.0,6,2
2633.38,191.8,271.1,86.9,5,1
1778.77,170.6,116.9,69.9,4,1
2465.33,94.4,395.6,56.1,5,2
2553.6,156.6,312.7,75.2,4,1
2149.56,196.5,167.9,76.9,4,1
3168.21,237.1,326.2,101.6,4,1
2483.66,224.9,175.8,97.8,4,1
2768.12,172.4,328.4,85.0,5,2
2679.94,184.8,259.9,100.1,5,2
3547.5,140.6,585.9,71.3,5,1
2340.19,103.5,356.1,55.8,4,2
2485.91,223.7,179.6,97.0,4,1
3340.92,199.5,448.5,83.2,4,1
3320.23,138.4,496.5,86.7,6,1
3272.58,168.0,429.4,98.1,6,2
3070.22,143.5,475.3,66.1,5,2
2391.43,199.5,231.2,74.3,4,1
2150.24,156.3,193.1,83.6,4,1
2314.83,150.0,225.8,90.2,5,2
2675.38,120.5,388.9,70.9,6,2
2576.82,103.3,410.6,57.9,5,2
3514.75,117.7,626.9,59.6,6,2
2399.99,201.6,196.0,89.9,5,1
4469.36,145.8,741.1,102.4,6,2
2599.14,157.9,333.5,70.4,5,1
2492.53,121.1,367.2,60.0,5,1
2823.39,207.8,299.7,88.2,4,1
1624.38,166.0,102.1,61.3,4,1
2093.74,152.0,218.8,67.9,4,1
1742.64,197.1,30.0,92.7,4,1
2409.96,244.2,130.4,101.3,4,1
1328.56,107.4,121.0,46.1,4,1
2207.4,116.9,312.4,54.5,6,2
1300.56,126.2,70.3,57.2,4,1
2997.32,133.4,484.6,58.4,4,1
2724.27,99.5,438.2,63.7,5,2
3246.15,112.6,588.3,49.2,6,1
3537.11,191.2,446.9,109.4,5,2
3078.67,148.3,431.3,84.5,6,1
1955.71,130.3,238.2,53.5,5,1
1605.35,137.6,146.6,52.1,4,1
2547.27,143.2,330.1,72.7,4,1
2854.59,129.5,437.7,65.1,4,1
2894.2,145.9,414.9,72.3,4,2
1753.24,125.1,193.3,53.3,4,1
3187.13,182.7,412.5,89.6,5,1
2019.19,104.1,262.7,61.3,4,1
3529.57,117.9,600.6,72.9,6,2
3473.36,153.7,547.2,74.4,5,2
1605.41,93.7,203.2,46.4,4,1
3690.55,140.3,625.1,69.9,5,2
2375.8,148.4,237.9,92.3,5,1
2566.17,129.6,361.8,66.7,4,1
2601.13,234.9,213.3,89.8,4,1
3356.48,117.5,587.8,59.5,4,1
3153.12,138.9,505.1,64.1,5,2
1574.23,123.2,140.8,57.6,5,1
1099.31,109.1,73.7,40.9,4,1
1480.17,162.4,64.4,63.7,4,1
3638.97,196.1,505.1,92.7,5,1
3107.67,128.5,503.4,64.4,4,1
1416.01,101.2,146.0,47.5,4,1
1776.61,133.7,185.0,55.8,4,1
2955.26,224.8,297.4,96.3,4,1
3558.12,225.4,447.9,96.1,4,1
2502.86,226.5,211.3,83.5,4,1
3099.71,116.1,472.1,83.0,6,2
2913.22,195.0,352.5,80.3,4,1
1117.22,112.9,66.0,44.7,4,1
2637.7,114.7,392.4,67.7,5,2
2748.19,100.0,449.7,61.0,5,2
3671.85,138.2,605.4,77.5,6,2
2359.04,171.9,257.9,71.1,4,1
2245.04,98.4,321.6,62.7,6,1
3344.34,182.6,462.4,84.9,4,1
2502.03,110.9,375.7,61.7,5,2
2968.62,203.4,341.8,87.5,4,1
3404.5,222.2,399.4,102.0,4,1
2687.69,116.8,425.8,57.5,4,2
2579.67,154.4,343.6,65.3,4,1
1765.37,155.4,154.8,58.3,4,1
2638.6,194.6,284.1,80.4,5,1
3474.46,113.4,574.6,80.3,5,2
2780.7,174.8,288.6,103.0,5,2
2749.31,113.6,441.2,58.9,5,2
3903.9,176.0,587.7,94.3,6,2
4023.36,184.7,629.1,85.3,5,2
2164.89,185.1,162.0,86.3,5,1
3047.26,253.9,293.0,95.5,4,1
2473.05,211.8,231.8,77.6,4,1
1554.48,189.4,23.7,78.0,4,1
1804.42,194.8,104.5,67.4,4,1
2314.79,184.2,193.5,89.3,4,1
2411.21,99.0,362.6,62.8,5,2
2516.11,247.0,188.6,86.0,4,1
2279.62,157.0,265.0,65.7,4,1
4421.99,198.5,646.5,115.8,5,2
3205.77,155.9,486.0,70.9,5,1
2179.2,88.8,351.3,46.5,4,1
2085.57,172.9,170.3,79.2,4,1
2010.9,113.1,265.9,55.0,4,1
2620.69,172.9,273.2,92.9,5,1
2578.88,120.5,395.3,57.3,4,1
2916.72,150.8,407.8,75.8,5,2
3130.54,195.3,381.1,91.7,5,2
2595.23,115.0,425.6,48.1,5,1
2483.75,203.7,232.2,82.2,4,1
2736.04,202.7,275.7,91.4,5,2
2655.9,91.5,454.1,52.6,5,2
2057.83,81.9,336.0,42.9,5,2
2591.16,145.5,318.6,81.6,5,2
1966.75,137.1,195.9,70.5,5,1
2871.85,140.3,445.7,58.6,5,1
2321.28,102.7,355.5,54.3,4,1
1989.62,152.6,212.6,58.8,4,1
3193.45,123.7,504.4,75.7,5,2
3863.04,170.1,579.2,96.2,6,2
2657.88,184.3,321.4,70.6,4,1
2399.4,239.9,174.3,82.5,4,1
1888.02,126.5,213.1,58.9,4,1
2160.71,223.9,129.8,82.9,4,1
1928.44,91.5,285.9,46.6,4,1
2199.51,118.8,302.5,57.2,5,2
2905.86,226.9,308.4,85.0,4,1
3612.75,143.3,598.1,71.9,5,2
4659.95,224.9,695.7,108.6,4,1
1471.01,129.0,129.8,48.5,4,1
2513.73,180.0,276.4,76.5,4,1
2585.26,224.4,236.9,82.2,4,1
2085.68,153.0,228.8,62.0,4,1
2318.35,130.2,271.4,79.1,6,2
4770.86,168.1,795.3,101.9,6,2
2874.88,229.2,291.0,88.2,4,1
2562.6,130.9,345.7,73.0,5,2
2316.48,149.6,279.2,66.8,4,1
4061.39,146.8,673.9,86.5,5,2
2078.7,146.4,223.2,66.7,5,1
1749.7,154.3,128.7,68.6,4,1
2847.98,176.5,336.3,88.5,5,1
1775.18,115.0,214.2,50.9,5,1
3680.58,184.8,519.3,96.0,6,2
2918.99,156.7,401.6,76.2,5,2
2148.09,96.7,343.6,43.0,4,1
2209.72,107.3,325.4,53.3,5,2
2223.89,107.9,320.8,56.6,5,2
2381.31,157.0,289.9,66.0,5,1
2958.29,194.2,319.4,100.4,4,1
2753.1,138.9,400.9,66.0,4,1
1947.55,123.2,240.8,54.6,4,1
2411.95,116.2,327.7,70.7,5,2
1668.88,175.7,78.5,72.5,4,1
1806.12,94.4,263.8,41.5,4,1
4151.9,175.2,653.6,93.0,4,1
3096.62,178.5,389.4,91.7,5,2
3270.56,219.7,390.3,92.3,4,1
2428.49,129.2,274.5,90.4,5,2
3078.65,230.6,312.2,100.8,4,1
1810.53,117.3,221.1,50.8,4,1
3474.54,205.4,457.8,91.3,5,1
2673.08,108.3,441.4,52.7,4,1
2103.43,168.4,181.4,78.3,4,1
2854.83,197.5,323.2,85.8,5,2
2627.38,160.1,317.4,79.7,5,2
2629.05,184.9,286.9,82.4,5,1
2989.14,139.3,424.3,81.6,4,2
2814.12,154.7,396.9,67.5,5,1
1574.87,119.7,153.1,53.7,4,1
2878.47,206.2,293.0,97.9,4,1
2303.52,201.6,184.8,84.2,4,1
3533.11,134.3,592.9,69.4,4,1
2710.37,95.6,476.4,46.9,5,2
3556.49,125.0,588.7,77.9,6,2
1609.85,107.6,201.0,41.7,5,1
1805.94,225.0,24.2,89.9,4,1
2160.39,198.3,156.1,82.5,4,1
2334.44,141.2,295.2,65.4,6,2
2367.51,174.1,267.4,66.9,4,1
3512.87,252.5,424.6,89.4,4,1
1998.38,114.2,289.7,42.5,5,2
2097.41,185.7,169.5,75.2,4,1
3013.45,166.5,371.9,95.5,4,1
3406.63,158.4,490.7,90.0,6,1
2446.05,108.7,380.7,54.3,5,2
3937.4,174.4,624.8,82.3,5,2
1362.24,150.5,45.1,64.5,4,1
1442.69,87.1,162.9,49.2,5,2
2151.01,123.6,301.8,50.0,5,1
3601.95,199.6,490.8,93.4,4,2
3214.27,195.7,404.5,90.4,5,1
1841.56,140.4,182.2,61.2,4,1
3694.7,170.3,538.7,95.4,5,2
3238.66,198.9,358.8,112.0,5,2
2334.24,183.5,252.3,65.7,4,1
2166.03,122.5,278.9,62.3,5,1
2046.25,147.3,216.1,65.9,5,1
4099.51,183.1,617.0,99.9,5,2
1636.19,174.5,76.3,70.3,4,1
2020.75,162.6,186.9,69.2,4,1
4240.14,196.8,631.7,102.9,4,1
2142.89,198.4,166.3,76.0,4,1
2916.11,169.2,376.6,81.5,5,1
2854.84,101.4,495.2,52.1,5,2
2659.3,147.4,358.2,70.8,4,1
2697.07,88.9,463.2,54.3,5,1
3788.92,201.0,545.9,89.1,5,2
2193.85,106.6,299.0,63.5,5,2
3821.68,224.3,531.6,88.7,4,1
1534.78,150.9,89.4,63.7,4,1
2903.05,163.0,372.9,84.4,4,1
3216.56,175.7,439.3,84.1,5,2
2016.22,149.0,224.1,58.2,4,1
2333.69,104.0,332.6,65.2,6,2
3065.47,197.5,357.9,93.7,4,2
2305.88,108.8,356.0,49.7,5,2
3749.66,129.9,653.6,68.4,6,2
1765.01,119.8,187.6,59.5,4,1
3000.09,197.4,355.2,87.7,4,1
3395.98,169.1,472.7,92.1,5,1
1656.61,113.4,186.7,50.7,4,1
1944.85,156.0,172.3,70.2,4,1
1693.89,118.3,190.7,50.9,4,1
3563.41,115.5,628.4,65.3,5,2
3892.98,164.4,645.6,72.5,6,2
1979.53,222.7,77.1,86.7,4,1
2908.81,193.8,309.7,99.4,6,1
2165.37,146.9,218.9,78.0,5,2
1441.03,144.2,70.0,64.9,4,1
3210.18,115.8,541.4,64.6,5,1
2806.9,158.4,338.5,91.1,5,2
3125.44,100.4,582.6,43.7,5,2
3154.72,137.7,480.6,75.7,5,1
2467.06,170.9,309.1,60.8,4,1
2348.78,155.3,266.6,73.5,4,1
3482.56,201.1,396.6,121.3,5,1
2282.81,137.8,266.1,74.1,5,2
2267.65,124.3,321.3,53.9,4,1
1566.85,154.5,118.4,52.8,4,1
2584.39,147.7,339.1,70.8,4,1
2496.45,114.4,380.6,57.4,5,1
3098.8,103.3,540.3,58.2,5,2
2279.59,175.3,243.1,67.3,4,1
3003.52,159.0,393.9,88.0,6,2
2475.86,225.1,202.2,85.2,4,1
2568.8,229.1,204.1,92.9,4,1
2026.42,133.3,252.2,53.8,4,1
3245.09,114.0,551.9,64.6,6,1
1264.59,109.7,101.6,46.6,4,1
2478.01,148.3,327.4,63.9,5,1
3818.56,181.8,536.5,105.1,5,1
3228.67,170.1,466.8,75.7,6,2
2823.76,127.6,452.5,55.9,6,1
1615.03,170.2,96.9,60.7,4,1
2078.81,177.0,178.4,73.0,4,1
2584.86,215.4,228.2,90.1,4,1
2587.91,125.3,327.9,86.1,5,1
2830.83,107.3,455.2,64.5,5,1
4194.99,164.6,700.4,81.7,6,2
2236.0,134.8,289.4,59.9,5,1
3221.87,144.5,475.9,82.2,5,2
3701.81,168.5,504.7,112.1,5,2
3024.72,177.1,393.5,82.5,4,1
3595.33,128.4,604.4,73.8,5,2
2936.86,170.0,364.0,89.0,4,1
1758.09,102.8,230.8,47.1,5,2
1977.81,86.5,280.1,56.8,6,2
2542.94,120.6,373.7,62.9,4,1
3125.06,121.6,499.8,71.1,5,2
2779.04,172.6,353.0,75.2,4,1
2877.96,189.8,344.6,82.3,4,1
3489.49,129.2,547.6,86.9,5,2
1195.63,115.3,73.4,49.0,4,1
2301.67,184.9,232.2,70.4,4,1
2521.92,91.5,414.8,55.2,5,2
2106.92,194.2,157.2,77.9,4,1
2326.13,179.2,244.6,70.1,4,1
2706.96,111.2,439.8,55.9,6,2
1241.03,117.9,84.4,48.0,4,1
2789.2,205.2,265.0,100.9,6,2
2465.89,116.6,355.1,64.4,5,1
2000.95,102.9,277.7,53.2,6,2
2364.8,126.0,341.2,55.1,4,1
2164.3,115.7,322.9,45.5,5,1
2771.68,168.1,338.8,82.7,4,1
2114.6,88.1,322.8,52.3,5,1
2650.86,235.6,205.8,98.4,4,1
2270.16,136.4,281.4,66.6,4,1
1670.97,123.3,177.2,52.1,4,1
2480.54,162.7,265.8,85.2,6,2
3630.39,174.4,525.3,92.4,5,1
4409.97,176.2,671.6,113.2,5,1
2012.56,149.8,214.6,61.7,4,1
3847.63,191.0,530.4,106.9,6,2
2612.14,163.5,297.0,85.6,4,1
3644.02,194.8,525.0,85.0,4,1
2395.25,188.3,210.6,88.9,4,1
1511.77,156.0,95.0,56.4,4,1
4557.12,170.9,761.7,91.8,6,2
2441.46,95.5,403.9,49.3,5,1
3028.92,196.1,358.0,90.3,5,1
1908.26,156.2,173.0,65.7,4,1
2312.18,111.4,349.2,52.2,4,2
2096.05,189.7,130.1,90.8,4,1
1913.17,90.4,246.5,62.9,6,2
2365.94,131.6,317.2,63.4,4,2
2907.68,197.1,323.3,91.8,4,1
3120.7,156.4,464.1,71.0,5,2
2277.93,143.9,281.3,64.1,4,1
2452.52,87.0,407.8,52.6,6,2
1801.53,137.0,170.1,63.7,4,1
2969.63,181.3,393.6,74.5,4,1
3056.15,146.4,442.4,77.9,4,2
3991.33,164.1,650.9,81.3,5,1
3108.16,143.7,455.3,79.1,4,2
2821.64,114.6,482.6,48.1,5,2
3187.59,131.4,501.0,73.1,5,1
3380.74,134.3,531.7,79.6,5,2
1830.15,104.4,256.7,42.9,5,1
2711.48,167.3,336.6,77.3,4,1
1921.36,102.6,245.9,58.6,5,1
3823.62,158.1,568.1,102.1,5,2
3502.02,99.4,644.6,58.5,5,2
1936.13,98.0,287.5,43.8,4,1
1831.48,133.3,210.0,50.9,4,1
2294.71,149.5,269.6,68.7,4,1
1543.73,101.9,178.2,47.0,5,1
2036.19,222.1,85.0,89.7,4,1
3226.47,162.3,492.5,67.5,4,1
2138.91,232.5,119.4,81.3,4,1
1558.91,96.5,193.0,44.5,4,1
1461.18,133.3,109.0,54.7,4,1
2756.41,131.3,431.1,56.3,4,1
3669.12,244.3,436.5,105.1,4,1
3731.63,127.4,642.3,72.5,6,2
4167.96,196.9,635.4,93.2,6,2
2738.99,124.5,369.3,84.9,5,1
2043.44,158.4,203.1,66.4,4,1
2344.89,225.2,162.1,88.4,4,1
3180.16,143.5,462.4,84.1,5,2
2957.09,144.2,441.8,68.1,4,1
2203.59,225.1,118.5,92.1,4,1
3796.73,162.9,533.4,112.4,6,2
3817.99,204.0,475.3,122.3,6,2
2795.98,212.4,289.5,87.6,4,1
3992.7,179.2,639.1,80.0,6,2
2511.19,173.3,302.6,67.5,4,1
1741.73,127.9,191.3,51.7,4,1
3926.66,145.6,639.0,87.6,5,1
1672.2,179.1,86.6,67.7,4,1
2248.73,103.1,356.5,45.6,6,2
4322.45,191.1,616.7,121.3,6,2
4087.16,174.1,613.5,104.1,4,1
3069.68,183.9,326.0,114.5,5,2
2466.14,193.0,228.6,86.7,4,1
1545.74,134.1,142.2,48.9,4,1
1648.81,163.1,88.4,71.4,4,1
1860.2,158.0,167.9,61.8,4,1
3688.85,169.3,571.4,80.7,4,1
1579.01,119.1,161.3,50.8,5,1
2066.45,108.6,247.3,71.4,5,1
2486.06,102.7,396.2,54.5,4,1
1679.43,151.9,132.4,60.3,4,1
3241.93,189.7,368.3,112.2,5,2
2246.96,105.2,329.3,56.5,4,2
2365.0,214.7,187.3,84.1,4,1
2401.78,173.4,219.3,92.3,5,1
3092.69,142.6,467.1,72.6,5,1
2890.66,170.5,341.7,93.6,4,1
3029.1,172.5,381.6,90.3,5,1
2560.43,147.8,324.9,74.4,5,1
2837.37,230.4,281.7,87.7,5,1
1982.36,122.0,256.9,51.9,5,2
2434.8,238.9,173.3,87.3,4,1
3058.24,134.5,512.8,52.2,5,1
3242.65,162.5,468.9,79.7,5,1
3328.58,140.5,521.9,75.4,5,1
1174.93,128.7,59.1,47.1,4,1
3123.21,91.8,538.5,66.9,5,1
3747.46,197.1,496.6,108.1,5,2
3745.34,184.6,575.2,78.5,4,1
2373.88,186.4,228.0,79.6,4,1
3245.45,135.3,527.6,66.0,5,2
2632.12,145.3,362.0,67.0,5,1
1961.19,102.7,288.7,44.0,5,1
1954.05,88.5,269.9,57.8,5,1
3930.3,179.9,581.0,98.5,5,2
1966.34,98.8,269.1,55.0,4,1
3232.92,139.0,493.0,78.3,5,1
2547.59,135.3,359.9,63.0,6,2
4931.36,217.9,770.1,108.8,6,2
3438.13,150.7,528.7,80.0,6,2
1730.79,114.4,208.5,48.8,5,1
1955.32,140.8,174.9,77.0,5,1
2666.47,157.7,273.6,104.6,5,1
3077.81,143.6,485.1,62.6,6,2
3037.17,173.0,381.5,91.0,6,2
1577.79,160.3,92.7,62.9,4,1
1910.48,88.8,256.3,58.9,5,2
2949.55,184.5,377.3,78.0,4,1
1946.21,91.2,298.5,43.1,5,1
3775.76,185.4,543.8,95.5,4,1
2348.87,163.1,266.4,70.1,4,1
2872.11,126.3,412.5,79.7,5,1
2495.03,207.4,236.8,79.8,4,1
3278.66,204.3,438.5,78.6,4,1
2814.24,170.4,331.8,89.5,4,1
3541.98,145.9,526.5,94.7,6,2
2064.33,153.0,233.3,57.7,4,1
4312.39,212.1,655.2,93.7,5,1
3190.82,179.7,447.3,75.9,4,1
2589.21,122.6,383.3,62.9,6,1
3015.38,165.3,407.2,80.6,5,1
2904.83,102.5,515.1,48.2,5,2
2793.03,100.5,483.9,50.6,5,2
2493.9,167.6,291.2,73.2,5,2
2597.82,240.2,190.2,97.4,4,1
2146.2,217.4,118.0,89.4,4,1
2109.84,176.2,195.4,69.3,4,1
1517.43,182.1,54.0,63.7,4,1
2503.82,220.5,220.0,82.4,4,1
3084.25,214.3,334.9,98.6,4,1
2117.74,179.7,165.9,81.7,4,1
3887.55,147.6,641.8,81.1,5,2
4496.12,165.1,706.6,112.1,5,2
2837.74,117.6,451.3,62.5,5,2
1794.38,174.9,95.6,79.2,4,1
3103.64,212.7,347.0,96.1,5,1
2281.15,107.8,369.8,41.2,4,1
2579.6,118.7,416.9,48.6,5,1
2835.91,220.3,286.3,90.0,4,1
1991.76,164.2,172.9,71.5,4,1
1489.4,138.4,82.5,67.3,4,1
3172.05,214.6,360.8,96.7,5,1
2047.82,201.6,112.6,87.9,4,1
2237.7,162.0,211.4,82.7,4,1
1915.41,165.3,153.5,71.2,5,1
1868.64,194.8,89.4,81.3,4,1
4131.62,215.9,621.5,86.9,4,1
3014.25,235.6,297.4,98.1,4,1
4249.02,211.5,606.4,108.6,6,2
2321.59,225.8,164.4,84.6,4,1
2225.72,116.5,288.8,67.1,5,2
3294.79,211.2,417.1,86.9,5,2
1623.36,192.1,11.4,89.9,4,1
3358.72,182.6,483.7,77.1,5,1
4370.1,170.2,726.0,87.3,5,2
2225.22,84.5,340.0,58.6,5,2
2378.69,122.2,320.4,67.6,5,2
1629.3,126.5,156.0,55.5,4,1
1726.22,139.3,162.0,57.9,4,1
2465.24,184.9,238.0,85.9,4,1
3046.44,136.0,468.9,69.7,5,2
2974.41,212.5,336.5,86.5,4,1
2421.57,175.4,225.1,91.0,5,1
3796.38,218.7,530.6,88.8,5,1
2261.76,161.9,237.0,74.0,4,1
3006.38,206.1,265.3,124.5,6,2
2659.58,114.1,429.8,53.8,5,2
2422.41,219.6,202.8,81.4,4,1
2262.79,101.3,316.8,65.6,6,2
3391.1,132.1,520.5,86.7,6,2
2601.87,207.0,255.8,83.4,4,1
2808.06,247.8,214.0,106.7,4,1
3075.4,234.9,313.5,98.0,4,1
3180.1,133.5,515.2,65.1,5,1
1503.63,118.5,163.8,41.6,4,1
4354.1,222.8,663.7,89.8,4,1
2575.81,152.0,327.9,72.9,4,1
1869.23,115.1,229.7,54.4,4,1
2009.87,224.2,85.6,85.6,4,1
3193.96,114.0,543.0,62.9,6,2
2120.71,223.7,100.4,91.6,4,1
2885.93,188.7,352.0,80.3,4,1
3823.79,174.9,584.9,87.2,5,1
1702.49,132.4,150.8,63.3,4,1
3336.89,203.6,393.8,105.2,6,2
2151.61,237.3,68.7,103.0,4,1
2431.52,160.0,304.5,63.7,4,1
1759.53,119.3,210.1,49.1,4,1
2815.26,185.3,242.5,122.7,5,2
4460.3,202.1,668.3,108.8,6,2
3307.82,119.8,561.4,64.8,5,2
3401.09,191.5,396.5,116.5,6,2
3093.08,199.7,375.8,87.9,4,1
2428.4,114.5,368.9,55.0,5,2
1308.98,116.5,103.2,47.8,4,1
2694.45,108.9,436.8,56.9,4,1
1589.7,113.3,168.4,51.4,4,1
2350.49,184.6,230.1,76.9,4,1
1491.64,119.0,155.7,43.6,4,1
1752.03,131.0,179.4,56.7,4,1
2475.3,185.1,232.7,89.3,5,1
1480.81,138.7,113.0,52.6,4,1
1568.24,162.7,86.9,63.3,4,1
2749.33,156.0,382.8,66.0,4,1
3771.78,192.8,545.6,90.9,5,1
3457.83,130.4,596.7,61.1,5,2
2936.34,152.4,424.9,69.7,4,1
3239.72,135.4,504.8,75.4,5,2
2210.08,179.7,197.6,77.9,4,1
3353.11,125.7,524.3,83.7,5,2
3533.58,167.6,472.6,108.1,5,2
3415.89,215.8,431.7,91.8,4,1
1878.0,145.9,161.2,72.2,5,1
3230.29,211.0,382.4,95.2,4,1
2723.34,149.8,366.8,73.0,4,1
2190.04,123.4,292.2,58.6,4,1
2080.35,112.8,265.9,62.8,5,1
3833.74,148.1,651.4,70.6,5,2
3136.06,145.8,489.1,66.3,4,1
2134.48,175.7,190.8,74.3,5,1
3162.12,139.8,507.6,63.6,4,1
2912.22,104.7,492.4,58.2,5,1
1691.8,178.0,101.7,63.7,4,1
3256.84,194.3,419.7,89.0,5,1
3652.62,130.5,593.5,84.0,6,2
4184.41,233.8,568.8,108.2,5,1
1641.5,130.6,144.2,60.3,4,1
2471.52,201.8,224.0,85.4,4,1
3856.2,185.0,551.3,101.3,5,2
2716.82,209.1,244.2,100.4,4,1
3458.48,163.4,522.4,79.5,4,1
3120.76,149.4,433.1,87.9,6,2
2325.98,128.7,343.0,48.8,4,1
2323.51,184.6,182.2,95.1,5,1
1885.72,134.4,183.8,68.1,4,1
2376.86,207.5,193.4,85.9,4,1
3090.31,108.9,516.7,65.3,5,2
1738.56,167.3,116.7,67.0,4,1
2810.3,161.3,367.2,77.3,4,1
3281.42,117.6,585.6,52.1,5,2
2738.21,198.5,295.7,84.6,4,1
2676.07,245.7,232.3,84.9,4,1
3281.36,229.6,398.5,85.5,4,1
2428.9,143.2,312.2,67.5,5,2
3164.42,165.3,464.6,71.7,4,1
2372.1,213.6,146.1,103.7,5,1
4572.21,178.0,758.5,91.8,6,2
2360.75,110.5,374.4,46.8,4,1
1675.46,202.7,40.9,77.9,4,1
1694.16,193.5,53.8,78.3,4,1
2330.92,165.0,268.2,66.4,4,1
1151.73,122.5,46.6,52.8,4,1
2141.47,132.0,286.1,52.1,4,1
2650.18,230.3,232.6,88.7,4,1
1893.76,137.1,201.4,60.0,4,1
3490.28,146.3,566.5,71.0,6,1
1997.55,198.2,137.5,72.8,4,1
2812.04,140.8,360.4,89.7,5,2
2446.8,220.7,201.3,84.3,4,1
2285.81,93.6,368.5,48.6,5,2
2708.93,131.5,422.2,54.9,4,2
2761.53,138.9,374.3,78.8,5,2
2456.82,96.1,385.2,59.1,6,2
2387.41,200.6,204.8,85.1,4,1
3166.43,185.4,406.9,88.6,5,1
3686.81,220.5,471.1,102.2,4,1
3788.05,166.1,595.5,82.4,6,2
1959.95,119.0,268.0,45.8,4,1
2060.7,123.4,240.0,67.5,4,1
3676.34,138.8,601.7,79.4,6,2
2695.02,178.6,325.5,75.4,4,1
3450.78,176.6,531.0,68.9,5,1
1483.9,146.3,105.8,52.8,4,1
2361.98,107.7,359.2,54.9,4,1
3343.84,118.4,555.8,71.9,5,2
2287.52,121.7,299.4,67.0,5,2
1554.34,155.0,93.8,62.1,4,1
2628.98,148.7,373.7,60.0,4,1
2278.1,107.0,325.4,61.0,5,2
2674.21,126.1,410.1,58.8,4,1
2188.32,123.8,296.2,56.5,4,1
4206.99,195.7,645.3,93.7,5,2
1941.14,125.7,204.8,68.8,5,1
2216.97,182.2,199.4,76.8,4,1
2299.7,119.3,293.8,71.9,6,2
3172.03,180.7,424.2,83.6,5,1
3251.7,187.2,408.4,96.6,4,1
3906.17,189.5,528.6,114.9,5,2
2360.91,89.9,396.3,46.3,5,2
2109.02,125.1,276.3,56.0,4,1
2444.21,120.8,359.2,58.3,5,1
2508.46,133.7,290.7,90.1,5,2
1612.75,139.1,135.8,57.0,4,1
2695.94,160.6,323.0,84.6,5,2
2780.25,119.3,442.7,59.1,4,1
2582.98,184.2,280.6,80.4,4,1
2528.11,91.3,405.1,60.3,5,2
2342.6,231.2,127.1,101.0,4,1
2263.13,185.1,215.9,73.2,4,1
3447.02,152.6,516.6,85.6,5,2
2036.5,201.8,126.4,80.4,4,1
2464.38,172.3,233.3,93.5,6,2
2623.45,120.4,405.7,57.7,6,2
2077.39,150.2,244.5,55.4,4,1
2867.18,187.2,345.9,81.6,4,1
2495.08,165.7,293.4,73.2,4,1
1821.1,122.6,199.9,59.0,4,1
1983.1,94.0,296.0,47.0,5,1
2782.41,197.7,340.1,70.1,4,1
2257.68,106.1,333.2,55.6,5,2
2204.72,128.0,286.3,60.8,4,1
2826.04,116.6,474.8,51.2,4,2
2427.01,109.1,380.6,52.0,4,1
1596.94,117.3,158.6,54.8,5,1
3280.09,155.2,500.0,73.3,4,1
2099.7,102.1,278.2,64.3,5,1
1663.94,112.8,197.6,46.9,4,1
1969.21,113.7,263.7,51.1,5,1
1704.8,95.5,215.0,51.4,4,1
2573.04,165.2,311.3,74.1,5,2
3356.81,201.9,388.9,110.4,5,2
3103.03,198.2,404.4,77.0,4,1
3012.19,166.0,426.4,71.4,5,2
1991.67,194.6,114.2,84.0,4,1
1868.04,126.1,192.3,66.0,4,1
3947.28,178.2,579.5,101.8,6,1
2236.56,187.3,209.7,72.1,4,1
3723.67,156.5,614.1,71.3,5,1
2578.81,162.4,329.6,67.9,5,2
4338.01,165.6,714.8,90.7,5,2
2191.51,89.0,345.2,50.5,4,1
1687.34,91.8,221.9,48.1,4,2
2560.67,215.5,203.9,98.1,5,1
1832.22,192.8,89.3,78.2,4,1
2707.62,120.7,427.8,57.1,5,2
2470.48,111.4,377.2,57.4,5,1
2102.67,179.6,183.3,72.3,4,1
3425.27,181.1,519.0,69.4,5,1
2829.14,134.5,424.9,65.7,4,1
2027.16,226.5,43.5,105.3,4,1
3625.39,188.7,493.3,99.7,5,1
2224.08,136.0,270.2,66.6,4,1
2061.12,138.0,222.3,68.9,4,1
1422.72,189.0,0.0,88.7,4,1
2686.54,166.3,317.2,83.6,5,2
2716.11,95.5,471.6,49.7,5,1
2813.69,204.6,296.3,90.0,5,2
2266.67,132.0,257.8,78.6,6,2
2840.03,162.2,361.4,82.8,4,1
2585.14,187.9,247.4,93.8,4,1
4154.6,196.1,643.8,88.4,4,1
2533.76,110.9,346.9,78.1,6,2
4123.31,237.9,577.4,95.8,4,1
2700.79,138.2,333.0,90.7,6,2
2183.96,218.4,115.8,94.2,4,1
1154.65,110.8,80.5,43.3,4,1
2599.58,137.7,378.8,59.3,5,1
2824.93,113.8,482.9,48.7,5,2
4458.2,185.0,704.1,100.2,5,1
3180.01,154.1,471.0,75.5,5,1
2198.68,102.2,316.8,58.1,6,2
3058.29,124.9,445.6,86.3,5,2
1716.59,202.2,71.0,69.3,4,1
3669.5,183.1,520.4,95.1,6,1
2253.23,136.7,278.4,65.9,4,1
1751.02,113.2,221.0,46.0,4,1
1308.33,142.1,56.2,57.3,4,1
2880.29,207.9,316.4,87.0,4,1
3233.26,110.4,556.5,62.9,5,1
2111.34,120.4,288.1,53.0,4,1
2497.63,80.7,413.2,58.0,5,1
2643.22,202.0,269.8,84.0,4,1
3567.88,160.1,553.9,79.1,4,1
1836.4,109.4,245.4,46.4,4,1
2486.22,166.1,290.6,73.3,4,1
3182.16,100.2,547.9,65.5,5,2
2767.35,106.6,473.2,49.8,4,1
2999.27,248.1,291.7,93.3,4,1
4013.26,150.5,639.7,94.7,6,2
2776.93,108.4,468.9,52.0,6,2
2674.92,198.1,270.1,89.1,4,1
1574.64,86.7,192.3,51.0,5,2
2922.06,126.9,469.9,59.4,6,2
1440.03,113.6,129.7,51.9,4,1
2792.02,130.7,436.7,58.0,4,1
2083.66,212.0,126.7,80.9,4,1
1978.69,136.3,250.1,48.1,4,1
3132.03,163.9,455.4,72.8,5,2
1717.98,159.4,112.9,69.9,4,1
4065.44,152.0,637.5,100.8,5,2
1638.98,111.7,200.6,43.3,4,1
2514.84,161.1,304.6,72.4,4,1
2668.75,143.3,318.1,91.5,5,2
1434.87,154.5,82.7,54.0,4,1
3572.88,180.8,522.7,84.3,5,2
2053.83,121.6,262.6,57.4,4,1
2982.49,162.5,386.5,87.4,4,1
3442.3,111.9,613.9,59.9,5,2
3308.66,146.1,487.5,86.0,5,1
1701.75,178.1,77.6,75.5,4,1
2656.67,87.6,474.8,45.2,5,1
1777.81,149.3,155.2,62.2,4,1
2932.78,153.1,403.1,78.7,5,1
3185.38,237.7,336.4,98.8,4,1
2083.76,110.4,287.7,54.6,6,2
3315.49,261.8,365.9,89.4,4,1
2493.56,196.2,245.2,80.9,5,1
1366.08,168.6,12.8,71.2,4,1
2446.76,193.4,246.5,76.3,4,1
2938.91,179.6,310.6,108.7,5,2
1843.22,148.8,180.9,58.3,4,1
1814.27,126.9,196.2,58.0,4,1
2150.16,139.7,261.9,60.4,4,1
3723.67,143.1,603.0,82.1,5,2
3691.18,153.0,601.3,74.9,6,2
2871.39,147.8,419.8,66.8,5,2
2400.17,107.3,365.9,56.4,4,1
2940.29,187.0,381.2,74.1,5,1
3418.41,166.6,527.8,71.2,4,1
1731.24,135.1,165.3,58.8,4,1
2726.25,196.2,321.4,72.8,4,1
3597.93,179.2,465.6,113.2,6,2
2574.85,144.8,353.0,64.9,5,2
2146.92,154.6,234.5,65.6,4,1
2300.38,166.1,242.3,74.1,4,1
2654.06,102.7,434.1,56.3,4,1
4143.29,215.8,547.7,121.1,5,2
3401.93,171.7,466.3,94.5,5,2
2626.97,175.3,323.3,70.3,4,1
3049.7,166.0,397.1,88.6,4,1
3445.11,141.2,560.8,70.8,5,2
1892.09,220.5,54.9,87.8,4,1
2498.55,202.1,256.8,73.7,4,1
1774.68,153.9,139.7,66.7,4,1
1837.9,119.7,214.8,55.5,4,1
1771.22,142.2,161.8,61.7,5,1
2465.89,145.5,331.9,61.8,4,1
2766.66,138.1,379.4,77.4,5,2
3205.94,212.2,385.7,90.5,4,1
3205.73,188.6,373.2,106.5,5,1
2276.34,151.2,246.7,76.1,4,1
2051.11,193.9,108.8,93.3,4,1
2282.99,130.8,298.7,62.8,5,1
2443.42,220.8,195.9,86.3,4,1
2010.7,117.5,259.7,55.8,4,1
2132.31,170.6,189.5,76.9,4,1
2607.23,120.2,395.7,60.4,5,1
3791.05,185.5,545.1,96.5,5,2
2195.14,164.9,239.2,64.3,4,1
3094.06,128.0,483.2,72.1,6,2
2310.68,98.8,353.3,55.8,4,1
1959.66,107.9,269.8,49.9,4,1
3167.29,160.5,451.2,80.0,5,2
4033.22,184.2,587.7,105.1,4,1
3061.26,136.6,458.8,75.5,5,2
3065.75,128.1,497.7,62.5,4,1
1168.64,112.0,83.5,42.9,4,1
2162.09,109.4,324.6,47.4,5,2
1471.44,138.6,86.8,63.3,4,1
3307.96,155.0,512.6,70.8,4,1
2852.66,193.1,339.8,80.1,4,1
3429.41,173.6,467.3,96.2,5,2
1764.39,152.9,133.9,68.6,4,1
1791.96,86.4,241.9,53.2,5,2
2057.05,145.6,193.0,78.1,4,1
2944.84,94.1,519.3,54.6,6,1
3612.26,196.9,524.3,80.8,5,2
3151.33,130.5,507.2,66.7,5,2
1785.3,137.1,129.1,80.0,5,1
3221.1,138.3,471.1,87.0,5,2
2404.56,142.8,280.9,78.9,4,1
2848.11,221.1,291.3,88.7,4,1
1981.13,87.7,269.3,61.5,5,1
3026.03,157.4,415.6,81.6,5,2
1610.43,153.2,117.4,58.7,4,1
4155.58,144.0,705.8,84.0,5,2
2414.06,161.2,314.1,57.0,4,1
2131.14,132.0,263.0,61.2,5,1
2336.56,90.5,395.0,43.9,4,1
1235.56,110.3,93.8,46.6,4,1
2922.96,168.8,383.5,79.3,5,1
1661.53,149.0,142.5,55.1,4,1
2679.27,223.4,235.7,93.7,4,1
2182.79,92.9,341.9,49.3,4,1
3727.33,145.1,612.0,77.7,5,2
3064.44,211.0,351.6,90.4,4,1
2578.55,204.8,263.8,78.2,4,1
3365.73,161.7,487.7,85.4,4,1
4082.78,177.3,630.1,94.8,5,2
2067.24,191.5,139.9,82.4,4,1
3530.87,151.9,502.6,101.4,5,2
2913.09,165.8,349.9,94.5,4,1
3529.81,146.3,547.6,83.8,5,1
2780.79,179.1,330.0,82.7,4,1
2483.49,140.5,295.3,82.2,6,1
2403.93,188.1,187.7,100.1,5,2
3061.09,132.7,484.2,65.9,5,1
2397.46,125.3,321.1,68.0,4,1
2708.2,171.2,323.6,81.0,5,2
1816.29,136.3,194.2,54.9,4,1
1825.55,117.0,222.4,52.0,4,1
2124.39,112.0,277.6,62.9,5,2
2551.86,167.0,295.7,77.9,4,1
2841.52,175.4,316.1,97.3,5,2
1919.55,106.6,258.7,50.9,5,1
3758.15,134.6,626.2,79.4,5,2
2145.6,117.5,280.4,61.6,5,2
2595.02,126.2,382.6,62.2,4,1
2308.75,164.1,258.2,68.9,4,1
2770.35,162.9,371.4,70.4,4,2
2941.47,146.5,380.4,92.6,5,2
3174.72,133.7,496.3,72.7,5,1
1471.75,133.5,104.8,57.6,4,1
2799.14,185.9,331.9,80.9,6,1
1518.91,115.4,156.3,48.0,4,1
2017.03,89.2,295.4,53.2,6,2
2177.02,172.5,206.4,73.5,4,1
3886.85,196.7,506.8,119.2,5,2
2235.63,99.2,310.0,66.5,6,2
2087.43,191.7,132.0,88.1,4,1
2918.45,208.9,303.6,96.5,4,1
2989.46,156.2,440.4,67.0,4,1
3150.52,144.7,507.4,60.2,5,1
1636.98,185.7,72.3,67.2,4,1
2892.35,149.7,378.8,86.5,5,1
4038.26,137.7,675.1,87.5,5,1
2862.05,98.4,503.8,50.4,5,1
2906.99,131.6,451.3,63.9,5,1
3337.36,147.1,510.4,78.6,6,2
1969.31,132.0,217.1,63.6,4,1
2610.37,166.4,334.3,67.5,5,1
1642.85,132.4,151.6,56.3,4,1
2344.87,194.5,190.0,89.6,4,1
3300.38,136.9,506.8,80.6,6,2
1475.68,105.0,148.3,51.4,4,1
1512.13,114.0,147.3,51.9,4,1
2104.44,113.4,292.3,53.5,5,2
2250.17,91.7,356.1,51.0,5,2
1881.79,168.3,147.3,68.8,4,1
2766.54,168.1,322.5,89.3,5,1
2090.19,117.9,258.9,64.8,5,1
2225.08,199.2,158.2,88.4,4,1
2229.34,177.1,168.1,94.3,5,1
1587.0,117.4,171.2,48.1,4,1
2323.11,124.9,301.0,68.8,4,2
2673.37,212.2,292.6,72.7,4,1
2027.79,116.6,289.7,44.8,5,1
1537.33,122.2,155.8,47.3,4,1
2365.51,187.2,184.2,97.8,4,1
3221.8,152.9,459.0,86.0,5,2
1274.29,120.3,92.3,47.1,4,1
3049.63,159.0,415.2,83.6,4,1
2869.76,198.1,315.8,90.4,4,1
4163.72,160.7,642.8,105.5,6,1
2700.92,118.2,385.9,76.1,5,2
3112.35,130.5,443.0,90.9,5,1
2785.53,164.4,343.8,83.6,5,2
2581.46,100.3,404.8,62.3,5,2
2080.35,215.6,117.9,82.9,4,1
2499.38,155.6,294.9,77.5,4,1
1420.76,121.3,122.3,49.6,4,1
1761.38,144.3,144.9,67.2,4,1
2530.69,117.2,345.3,75.7,5,2
3136.48,200.7,375.5,92.4,4,1
1592.07,114.0,159.4,55.4,5,1
2172.78,212.0,143.5,83.4,4,1
3008.58,153.9,398.1,89.0,4,2
2814.95,172.7,337.4,86.0,4,1
2558.46,141.7,355.9,63.1,4,1
2190.22,86.7,327.4,59.3,5,2
2380.82,118.8,323.9,67.8,5,2
3477.08,213.3,376.6,124.2,5,1
2204.03,171.1,227.3,67.9,4,1
3380.85,153.3,500.2,85.2,5,1
3314.05,229.2,377.4,98.6,4,1
2909.06,149.5,425.4,67.7,5,1
1370.16,179.8,15.0,65.7,4,1
2505.1,158.2,291.6,78.4,4,1
2430.3,187.1,253.4,74.3,5,2
1954.25,104.7,269.6,50.8,4,2
2178.84,105.5,301.4,61.2,5,1
3761.52,202.7,445.7,129.8,5,2
2890.07,154.4,378.5,84.3,5,2
2257.42,143.6,294.7,56.0,4,1
3727.17,144.5,607.6,79.9,6,2
2006.1,150.8,192.6,70.3,5,1
1354.5,89.0,139.7,48.9,5,1
1943.18,111.1,229.1,64.7,4,1
1916.62,193.2,113.7,76.6,4,1
2747.21,158.9,317.4,93.5,5,2
3362.82,128.8,557.3,68.7,5,2
2677.13,179.2,317.5,76.7,5,2
2384.84,99.2,363.0,59.6,6,2
1667.96,154.3,114.0,66.1,4,1
2400.51,186.9,236.7,78.5,4,1
2308.88,141.7,310.9,55.4,4,1
2350.19,135.9,316.7,60.0,5,1
2392.64,163.2,214.6,98.0,5,2
2530.41,103.6,404.7,55.2,6,2
2526.51,101.8,406.6,54.8,4,1
1962.22,221.2,86.2,81.4,4,1
2273.91,99.9,324.1,64.2,5,2
4022.7,176.1,612.5,96.5,6,2
4300.16,191.7,649.7,103.8,6,2
2832.8,126.4,436.7,64.5,6,2
2398.73,95.4,387.7,51.8,6,2
2850.94,100.0,469.7,63.6,5,2
2974.58,227.8,292.7,99.2,4,1
2586.05,119.4,407.6,53.1,5,1
2000.71,153.5,205.0,63.0,4,1
3004.76,170.3,362.0,97.3,5,2
2366.57,159.9,288.5,63.6,4,1
2138.6,154.3,150.3,102.3,5,2
2575.75,103.0,409.2,58.5,5,2
1645.85,154.4,127.0,57.8,4,1
2397.42,161.1,285.8,67.7,4,1
2225.69,108.5,318.2,57.6,4,1
2955.23,115.8,509.3,50.5,6,2
3062.85,149.7,468.5,65.5,4,1
2245.34,124.7,327.9,48.3,4,1
2861.34,226.9,269.4,97.3,4,1
2237.72,167.3,236.7,69.1,4,1
2817.89,197.1,326.4,80.4,4,1
3246.93,173.1,470.2,74.8,4,1
3459.77,135.1,520.4,93.1,5,2
2204.94,213.7,137.3,89.0,4,1
1889.1,100.0,240.4,58.6,4,1
2934.15,96.0,539.5,43.6,5,2
1873.73,105.6,248.5,50.8,4,1
1550.09,119.9,149.2,52.6,4,1
2382.01,121.9,339.4,59.6,5,1
3705.64,179.0,535.7,94.1,5,2
2229.52,233.6,135.2,83.8,4,1
2284.61,228.4,148.8,86.2,4,1
2310.3,192.6,202.0,81.3,4,1
2833.19,230.5,291.8,82.7,4,1
2845.31,158.4,366.5,82.9,4,1
2243.69,171.8,229.1,71.1,4,1
1961.53,139.2,224.1,56.5,4,1
1770.45,121.5,215.5,46.9,4,1
2470.87,136.6,332.2,66.2,6,2
1482.11,124.0,129.6,52.0,4,1
3188.91,134.5,495.2,74.4,4,1
2821.67,119.5,402.6,81.5,6,2
4385.67,179.1,694.1,99.2,4,1
1955.83,184.5,149.5,68.9,4,1
1659.96,154.0,105.0,69.3,4,1
2180.83,146.3,284.7,50.7,4,1
1584.27,158.5,104.4,59.2,4,1
2419.08,157.9,230.2,96.3,5,2
2442.41,237.1,175.4,88.0,4,1
1484.41,89.5,179.5,45.4,4,2
3435.12,189.9,469.6,88.6,4,1
2225.2,117.7,299.6,61.8,6,1
1846.08,111.4,241.8,48.1,4,1
2303.22,140.2,284.9,67.0,5,1
2002.61,148.7,216.6,60.2,4,1
4129.77,179.5,594.6,114.8,6,2
3116.56,222.9,355.9,89.1,4,1
3992.12,190.4,614.0,86.1,5,2
2526.72,140.3,268.2,99.2,6,2
3156.62,133.7,499.4,69.4,5,2
3188.49,226.0,348.4,99.0,4,1
1554.09,143.1,124.7,53.7,4,1
2913.65,153.4,405.1,75.5,5,1
2829.53,200.6,322.5,81.9,5,1
1943.7,176.8,160.5,66.1,4,1
3623.28,162.3,510.8,103.4,5,2
2386.11,146.4,294.4,69.3,4,1
2762.22,94.6,486.4,48.7,6,2
2250.37,142.3,252.0,74.8,5,1
1966.91,163.7,172.3,69.2,4,1
2169.14,116.9,251.3,77.4,5,2
2745.05,161.2,344.1,80.4,4,1
1770.96,104.2,237.5,44.9,4,1
3845.29,209.7,552.4,88.5,4,1
2264.8,109.0,289.4,74.6,6,2
2919.87,158.2,407.4,73.0,5,1
2419.17,139.3,292.9,76.7,5,1
2914.58,143.9,374.5,93.5,5,1
2378.67,241.4,125.9,101.1,4,1
2120.66,94.5,333.5,45.4,5,2
1788.48,130.6,208.5,48.0,4,1
2155.36,134.7,278.1,56.1,4,1
3655.68,169.8,525.8,97.0,5,2
2902.24,157.9,412.7,68.9,4,1
2263.2,183.2,210.9,76.3,4,1
2682.03,192.8,239.4,105.9,5,1
2608.33,127.0,353.1,76.5,5,2
2326.74,122.5,341.6,52.2,4,1
3598.56,204.1,488.5,92.1,5,2
2642.75,165.5,284.4,93.7,5,2
3518.33,162.0,496.1,98.4,4,1
2452.86,117.0,360.7,60.3,5,1
2770.59,90.4,475.8,56.2,5,2
2250.16,102.5,356.8,45.9,5,1
3407.33,168.6,489.4,86.1,6,2
1453.62,101.2,158.1,46.3,4,1
2623.52,109.0,438.0,48.4,6,2
3401.7,131.3,554.1,73.4,4,1
2245.89,179.1,213.9,74.9,5,1
2074.2,133.3,256.4,57.2,4,1
2653.74,222.9,232.3,92.5,4,1
3749.84,162.8,572.7,89.8,5,2
1844.7,161.5,141.7,70.2,4,1
2967.55,178.1,394.2,75.4,4,1
1961.04,121.9,246.5,54.2,5,1
3618.97,112.9,617.8,77.3,6,2
2319.04,212.0,158.9,92.8,4,1
3104.66,116.0,530.5,57.6,4,1
1922.58,118.7,236.6,55.7,4,1
2194.01,207.3,129.7,94.0,4,1
2571.49,162.9,290.0,84.5,6,1
4051.21,195.7,556.4,115.9,5,2
3097.73,169.9,413.7,84.8,4,1
2064.97,189.0,164.7,72.2,4,1
2735.17,131.2,422.5,57.8,5,1
2475.72,225.4,214.0,79.8,4,1
2173.25,113.9,293.1,60.6,4,1
3543.5,156.0,570.5,70.8,5,2
3460.84,164.2,443.5,114.4,5,2
3411.09,209.1,409.9,103.9,5,2
2699.1,151.1,364.6,70.7,6,1
1930.8,129.4,189.1,73.0,5,1
2132.97,104.0,323.0,47.2,5,1
2070.27,215.7,104.7,87.6,4,1
3403.59,123.2,587.1,62.5,5,2
2940.65,176.4,371.1,83.4,5,2
3794.99,182.5,585.6,80.3,5,1
3502.82,156.7,485.1,103.9,5,2
2343.29,220.6,180.9,81.9,4,1
3345.99,149.4,510.9,78.3,4,1
2167.78,121.7,310.2,48.9,4,1
2654.08,193.9,280.5,84.0,4,1
1173.3,110.0,67.2,51.6,4,1
1762.41,120.8,188.6,58.3,4,1
3395.12,189.0,475.9,81.7,4,1
2292.57,159.3,256.4,70.0,5,2
2851.33,106.1,496.2,49.1,5,2
1928.82,215.3,80.2,82.9,4,1
2199.78,112.7,326.0,49.5,4,1
2860.06,247.1,242.4,100.2,4,1
2711.34,178.6,281.2,96.9,4,1
1553.76,131.1,141.1,51.7,4,1
2061.5,90.5,322.9,45.3,4,1
2154.83,110.3,323.5,46.6,4,1
2463.56,112.3,375.7,56.8,5,2
2818.61,140.1,356.1,92.7,5,1
3153.35,126.2,519.9,63.2,6,2
2250.73,148.0,265.8,66.2,5,1
2066.74,139.6,245.0,58.7,4,1
1808.64,148.2,167.6,60.6,4,1
2974.11,192.0,351.9,88.7,4,1
2340.54,157.5,266.1,71.8,5,2
1610.45,82.7,217.0,45.7,4,1
1881.71,126.5,234.9,48.5,4,1
1534.2,102.5,177.0,46.2,4,1
2555.26,193.4,276.3,75.2,4,1
2845.96,113.4,449.5,66.0,4,1
2679.87,129.8,375.2,73.3,6,2
2029.84,137.7,209.2,71.3,5,1
1460.58,87.4,178.3,44.2,4,1
2524.66,156.8,287.4,83.1,6,2
3502.95,160.0,541.8,77.3,4,1
2316.32,228.7,127.9,98.9,4,1
2670.4,221.6,273.9,76.5,4,1
2597.35,104.5,415.5,57.5,5,1
3868.45,182.0,562.0,99.1,4,2
4424.97,183.9,727.9,86.4,4,1
2745.25,110.0,427.3,66.2,4,1
2207.46,157.6,211.0,81.4,4,1
1755.95,179.4,100.8,70.6,4,1
2833.02,176.3,365.4,74.0,4,1
2979.39,146.9,410.4,83.4,5,1
2721.55,123.9,424.6,58.6,4,1
2644.68,204.3,250.5,91.7,5,1
3174.4,168.9,406.5,97.0,5,2
1927.1,125.1,199.2,70.0,5,1
3898.92,179.4,552.4,108.0,5,2
1916.4,181.6,109.0,83.8,4,1
1987.61,141.1,235.1,53.7,4,1
2037.09,148.2,206.6,68.7,4,1
2320.29,105.6,348.9,55.8,5,2
2479.34,95.1,415.1,48.7,5,2
1412.95,145.0,69.9,61.5,4,1
3284.05,202.4,345.1,121.6,5,2
1981.47,106.3,298.7,40.2,4,1
2871.55,173.0,281.8,116.9,6,1
2839.35,114.7,476.1,52.9,4,1
2690.49,151.0,322.8,88.4,5,2
3449.47,245.6,373.9,107.9,4,1
3246.19,214.8,416.1,80.3,4,1
2684.23,115.1,381.8,77.4,6,2
2913.38,189.5,308.3,102.5,4,1
2276.08,91.4,373.4,46.3,5,1
2933.56,179.4,397.2,69.7,4,1
2310.9,167.8,206.3,90.5,4,2
3493.81,176.3,470.2,100.9,5,1
4901.35,202.3,828.3,86.6,5,2
2231.38,249.1,105.7,90.2,4,1
1944.94,91.7,288.1,47.3,5,2
2020.66,185.6,140.0,79.8,4,1
3958.13,128.3,669.2,85.4,5,2
3529.18,193.0,432.9,114.0,5,2
3001.0,128.7,422.5,88.5,5,2
2155.37,92.6,333.8,50.0,5,2
1606.04,119.3,171.8,49.1,4,1
3874.45,169.5,557.0,107.6,5,2
3794.28,221.0,531.8,87.0,5,1
2286.11,148.1,307.6,51.5,4,1
2153.07,107.0,317.1,50.7,4,1
1863.95,112.3,239.6,50.7,4,1
1893.14,176.6,135.0,71.8,4,1
3981.02,206.3,566.5,98.9,6,1
2487.61,213.6,204.6,90.5,4,1
2872.48,127.9,451.1,61.8,6,1
3757.04,169.0,598.5,76.3,5,2
3530.72,190.8,426.9,117.8,5,1
2659.2,132.6,381.9,66.8,5,1
3132.54,148.0,435.0,89.0,6,2
2831.97,104.6,497.7,47.0,5,2
3660.24,194.2,456.6,117.5,5,2
3305.39,202.0,414.1,93.4,4,1
1349.22,115.0,116.3,47.1,4,1
2989.59,145.2,443.4,70.6,4,1
2128.31,182.9,182.2,74.2,4,1
3728.6,170.2,589.5,76.6,5,2
1969.76,124.3,240.4,56.8,4,1
2742.53,98.9,457.8,57.3,6,2
3298.51,195.2,403.7,100.3,5,2
1949.75,219.7,42.9,100.0,4,1
2057.38,124.0,256.8,59.4,4,1
3632.55,134.0,604.1,75.6,4,1
2584.23,168.6,242.2,104.5,6,2
1567.53,170.5,58.6,72.3,4,1
2388.72,120.6,354.1,54.5,5,2
2471.76,97.1,380.9,62.2,5,2
1788.57,133.5,186.1,56.7,5,1
3746.18,207.3,537.6,85.2,5,1
3195.79,206.0,373.7,97.4,4,1
4110.57,198.4,650.1,79.6,4,1
2119.84,157.4,230.9,63.0,4,1
2851.87,185.8,327.4,88.8,5,1
2213.69,191.1,170.7,85.2,4,1
3193.82,185.1,361.7,111.8,5,2
3284.1,156.7,422.5,107.5,5,2
4527.42,215.9,701.4,95.3,5,1
3682.17,177.4,490.0,112.5,5,2
2521.08,168.1,324.5,61.1,4,1
2847.43,106.2,472.0,59.4,6,2
3138.57,99.9,526.7,70.2,5,1
2681.76,183.9,344.7,63.0,4,1
2456.27,104.4,367.4,63.2,5,1
2295.57,128.7,267.3,79.1,5,2
1978.69,139.9,198.7,69.4,5,1
2214.15,183.6,193.0,78.6,4,1
1541.47,89.4,190.1,47.1,4,1
2377.66,168.4,257.0,75.1,5,1
2014.08,129.0,248.3,56.1,4,1
3873.28,179.1,579.5,93.2,4,1
2121.48,171.5,218.7,62.3,4,1
3124.11,165.8,409.8,91.3,5,2
2125.13,105.2,310.2,51.5,4,1
2579.82,166.7,348.6,57.6,4,1
3127.93,185.1,407.5,84.2,4,1
2075.94,99.7,296.9,54.4,5,2
2347.38,217.8,169.0,88.9,4,1
2358.62,188.9,237.5,72.6,4,1
2896.55,191.3,349.8,81.3,4,1
4119.54,164.5,682.2,81.4,5,1
2588.36,164.3,332.2,66.9,4,1
1639.0,163.4,88.3,70.3,4,1
4113.5,152.6,693.5,81.0,5,1
2831.24,212.8,284.0,93.8,4,1
3076.19,161.1,421.9,82.7,5,1
1943.82,209.8,98.3,79.1,4,1
2421.57,222.5,192.5,84.6,4,1
3367.78,253.7,345.7,107.8,4,1
1841.13,121.9,220.0,52.6,4,1
3858.57,149.2,630.3,82.3,5,1
2868.98,142.6,432.1,63.4,5,1
2477.43,117.2,380.7,54.0,4,1
2185.74,142.6,275.5,57.0,4,1
2337.32,106.4,357.1,53.7,6,2
1502.95,100.7,153.4,54.1,4,1
2105.35,218.2,102.9,91.2,4,1
2141.43,123.5,274.8,60.9,5,2
2141.63,136.6,244.5,68.6,4,2
3051.18,258.9,280.9,99.1,4,1
2849.23,164.2,353.4,86.5,4,1
1366.73,161.6,32.4,65.6,4,1
3311.32,162.3,512.9,67.8,4,1
2698.34,118.5,374.8,80.6,5,2
2146.52,105.1,328.4,45.8,4,1
2800.54,153.8,359.7,83.0,5,2
4045.36,142.1,667.7,89.6,5,2
2825.47,140.2,417.6,66.0,5,1
2965.12,110.9,509.7,53.7,5,1
3146.09,169.7,438.8,79.1,5,2
4021.47,179.6,628.0,87.9,4,1
2377.59,183.0,237.9,77.1,4,1
3729.1,187.9,558.5,82.6,5,2
4000.79,179.1,604.1,96.4,5,2
1968.49,115.3,273.1,46.1,4,1
1759.73,159.6,135.5,64.4,4,1
2401.05,227.1,161.7,94.0,4,1
2848.24,119.8,441.0,67.2,5,1
1855.8,167.4,151.2,64.6,4,1
2018.13,189.6,116.9,88.0,4,1
3107.63,125.0,461.6,84.6,5,2
3390.83,178.6,472.9,87.2,5,1
1946.45,189.0,127.8,75.4,4,1
1796.84,123.6,199.6,56.0,4,1
2589.34,162.1,271.1,95.2,5,2
2159.78,142.3,272.0,55.9,4,1
1477.2,142.4,83.0,63.9,4,1
3691.32,212.3,482.8,101.2,5,2
3469.61,112.6,618.2,60.7,5,2
1601.03,179.4,35.2,82.5,4,1
1855.07,116.5,233.3,50.7,4,1
2928.82,181.4,383.3,74.4,4,1
2521.74,159.0,304.1,74.4,5,1
3881.31,167.9,643.2,70.8,6,2
2373.1,129.8,342.6,53.7,4,1
2315.16,195.8,183.7,88.6,5,1
2342.62,204.5,208.9,76.5,4,1
2750.03,110.7,474.2,45.6,5,2
3651.41,160.7,542.6,93.1,4,1
3517.05,142.3,556.8,80.1,4,1
3174.71,200.0,420.9,76.8,4,1
2002.34,131.7,235.5,59.3,4,1
2848.59,197.2,312.9,89.8,5,1
1261.69,128.2,84.6,45.6,4,1
1387.53,119.8,119.8,47.7,4,1
3396.49,174.8,457.3,96.5,6,2
2222.11,104.1,338.7,50.1,5,1
2285.43,185.7,193.5,85.4,4,1
1450.98,142.2,81.7,61.7,4,1
3405.5,121.0,541.9,83.8,5,2
1817.96,109.7,233.6,49.4,4,1
3275.94,143.5,523.7,67.4,4,1
2594.75,228.1,222.8,87.9,4,1
3950.74,160.3,618.1,93.0,5,1
1427.5,129.9,111.2,51.4,4,1
1190.23,131.0,52.5,50.7,4,1
3426.19,207.4,457.4,85.2,4,1
2699.03,167.8,335.8,76.1,5,2
2651.6,237.3,219.3,91.7,4,1
3347.24,179.9,467.7,84.1,4,1
1836.54,116.4,224.7,52.5,4,1
1997.46,98.8,284.1,51.8,4,1
3697.71,122.2,648.9,68.1,5,2
3223.68,170.0,400.0,104.8,6,2
1755.84,157.4,125.5,69.4,4,1
3086.07,158.1,451.3,72.1,5,1
3527.71,185.2,488.9,92.4,5,1
1640.16,92.2,220.9,43.1,4,2
3454.16,159.4,497.5,91.9,6,1
2547.96,111.0,393.4,58.9,4,1
2206.77,124.4,254.8,76.7,5,2
1299.31,139.1,70.9,51.0,4,1
1765.71,162.8,132.3,65.0,4,1
2026.68,150.9,189.8,73.8,4,1
2013.6,140.2,217.5,64.8,5,2
3394.79,242.5,395.8,93.5,4,1
2667.75,150.0,340.7,78.3,5,2
1495.66,142.8,89.8,62.8,4,1
2634.72,181.6,298.2,79.5,4,1
1237.38,131.0,70.1,48.1,4,1
1661.96,107.1,195.9,50.0,4,1
2419.85,222.1,172.0,93.7,4,1
2837.55,177.6,357.8,77.3,4,1
2490.89,100.5,376.1,64.9,6,2
4511.58,177.1,698.5,112.1,6,2
2036.38,217.7,98.9,85.6,4,1
3290.79,111.0,565.9,64.8,5,2
1794.43,118.0,211.6,52.9,4,1
1977.6,142.3,193.0,70.7,5,1
2089.55,125.1,268.3,57.3,4,2
1844.2,126.4,182.8,67.5,4,1
3926.31,198.2,553.9,102.0,4,1
4367.35,168.7,672.4,111.5,5,2
3361.01,145.4,544.4,66.8,5,1
1808.3,112.3,223.9,51.5,5,1
2340.92,138.5,310.6,60.5,5,1
2338.8,101.8,352.7,57.9,5,2
3935.96,182.2,572.3,102.0,5,1
3754.58,178.3,535.2,100.0,5,2
2612.66,191.2,294.7,74.3,4,1
2556.47,212.4,231.8,86.7,4,1
2390.42,148.6,305.7,63.7,4,1
2292.7,119.8,314.3,61.8,5,2
2241.3,117.6,313.4,57.5,4,1
3613.25,191.6,539.3,76.6,4,1
1594.66,126.0,173.9,43.9,4,1
1604.84,101.4,201.9,43.5,4,1
2234.15,123.4,326.8,48.2,4,1
2647.83,120.6,431.0,49.1,4,1
1847.28,212.9,60.9,83.6,4,1
2058.72,96.9,309.6,48.1,5,1
2062.72,108.7,288.4,52.7,5,1
3181.99,225.1,343.0,101.0,4,1
3336.0,154.7,511.6,74.5,5,2
1727.35,155.0,142.1,59.9,4,1
2080.15,141.9,214.3,72.8,4,1
2069.39,219.0,115.7,81.2,4,1
2284.99,95.8,366.2,48.6,5,1
2847.05,106.0,498.9,47.5,5,2
2352.1,164.5,261.8,71.9,5,2
2905.19,217.1,291.5,96.7,4,1
3916.36,171.3,615.4,85.5,5,1
3339.98,181.6,424.4,101.8,5,1
3001.73,139.1,466.4,64.4,5,1
3650.5,216.9,494.4,89.5,4,1
3526.47,165.6,501.5,95.3,4,1
1858.14,157.9,158.0,66.1,4,1
1835.92,85.2,273.6,44.5,5,1
3935.97,188.5,557.1,106.0,5,2
3522.94,171.4,526.2,81.4,5,1
2776.33,231.3,244.4,97.1,4,1
2462.26,230.8,167.4,96.6,4,1
2338.18,168.8,262.8,68.0,4,1
1733.42,140.4,169.5,54.9,4,1
1974.58,126.7,260.8,47.2,4,1
4507.69,177.9,761.8,83.2,5,1
2988.64,103.7,506.4,60.9,6,2
2117.62,193.3,161.8,77.5,4,1
4080.42,136.7,712.8,75.8,6,1
2086.83,117.9,278.5,55.7,4,1
3361.38,240.8,387.9,94.1,4,1
1577.79,180.0,64.5,66.6,4,1
1636.69,150.6,138.7,53.3,4,1
3369.54,168.4,444.9,101.8,6,1
2344.16,169.7,264.1,67.6,4,1
2395.73,99.3,383.9,51.5,4,1
4411.93,214.6,653.3,104.5,4,1
1994.07,242.6,25.0,102.7,4,1
2158.69,90.1,337.6,49.8,5,2
3480.33,173.1,520.6,78.4,5,1
2887.0,114.6,426.7,80.2,5,2
2717.57,172.1,319.3,83.5,6,2
2962.6,159.2,443.1,61.5,5,1
1935.81,108.9,255.8,53.0,6,2
4915.79,202.0,797.6,101.9,5,2
2570.64,113.9,417.8,49.3,4,1
1886.95,149.2,189.4,59.2,4,1
2271.03,134.8,314.5,52.7,4,1
2879.55,125.2,468.8,55.9,4,1
2232.77,108.1,338.9,49.4,5,1
2235.98,103.9,348.6,47.3,4,1
3321.81,175.1,484.1,76.1,5,1
1773.67,164.2,103.7,78.0,4,1
3401.75,181.0,418.4,111.5,5,2
1469.56,110.4,163.7,41.5,4,1
1959.85,139.0,219.0,58.7,4,1
2603.06,107.7,387.8,69.0,5,2
3136.14,221.1,318.4,108.7,4,1
3438.77,144.5,519.4,87.0,5,2
3201.85,120.2,518.7,71.8,5,2
1360.8,118.0,109.9,49.9,4,1
2907.41,201.5,258.2,118.8,6,2
2769.11,126.5,414.3,67.3,5,2
3162.81,102.2,582.7,47.0,5,2
2000.13,122.1,224.9,68.0,4,2
2201.1,213.2,160.5,78.5,4,1
2438.91,198.1,211.9,88.8,4,1
1670.15,134.0,150.3,59.2,4,1
2294.78,158.6,231.2,81.7,6,2
2221.33,97.1,344.8,50.4,4,2
2073.54,116.3,291.3,49.2,5,1
3810.29,187.7,515.8,110.7,6,2
3101.44,185.3,408.8,80.5,4,1
3192.26,159.4,460.2,79.3,5,2
2200.55,235.2,72.8,107.6,4,1
2165.77,219.9,89.8,103.0,4,1
3158.4,151.9,467.4,75.7,5,1
1703.06,109.0,219.6,43.2,4,1
1438.05,117.8,121.8,53.3,4,1
2530.86,126.8,376.1,57.7,5,1
2468.04,119.4,357.7,62.2,4,1
3073.3,129.0,497.7,63.0,5,2
2825.06,217.0,290.7,88.2,4,1
3608.72,149.9,548.4,90.6,5,2
1989.7,193.1,132.9,76.2,4,1
2319.05,118.9,350.4,49.1,6,2
2705.8,176.8,346.2,68.2,4,1
2336.4,142.6,306.6,59.9,5,1
2192.4,172.1,175.0,89.3,4,1
2812.65,146.9,353.2,90.3,5,2
2258.66,174.4,197.5,85.7,4,1
2877.36,130.1,416.7,76.7,5,2
2014.51,105.7,270.9,56.5,4,1
3566.58,156.4,552.3,81.3,5,2
2818.65,111.1,474.4,52.9,6,2
2808.29,158.2,333.0,93.7,5,1
2362.92,163.9,276.8,66.7,4,1
2231.47,95.1,321.4,62.8,5,2
1584.45,114.1,164.1,52.4,4,1
3295.07,177.3,447.3,88.5,5,1
3603.67,233.6,458.9,92.7,4,1
3431.21,129.5,553.5,77.7,5,2
1349.41,122.8,90.2,55.2,4,1
2166.3,134.0,214.7,85.7,5,2
1721.95,137.6,169.4,54.9,4,1
1521.38,93.1,186.4,44.8,4,1
3202.28,213.6,405.3,80.8,4,1
1663.77,102.4,202.5,49.3,5,1
2384.59,202.2,182.0,94.2,5,1
3261.4,144.7,452.1,97.2,6,2
2090.95,105.4,325.5,40.8,5,1
1951.12,180.1,116.5,85.0,4,1
3344.56,176.5,380.2,124.2,5,2
3922.93,223.3,521.3,104.9,4,1
2601.31,217.9,209.1,99.3,4,1
1991.08,128.4,235.3,59.6,4,1
3510.13,148.5,557.8,76.1,6,2
3932.7,197.7,542.9,107.8,5,2
1919.78,136.8,216.2,56.4,4,1
2477.48,131.1,356.5,58.5,4,1
3203.62,137.5,491.0,76.6,5,1
1943.44,107.9,247.0,58.2,5,2
2475.72,100.5,418.3,44.5,5,2
2677.23,150.9,341.1,78.8,5,2
3453.7,194.7,429.2,106.4,5,2
2090.35,147.3,220.1,69.0,4,1
2835.06,189.9,350.0,75.1,4,1
3036.5,167.6,421.7,75.5,5,1
2052.25,150.4,231.0,58.5,5,1
2108.82,118.3,297.5,49.5,6,1
2310.88,102.9,336.4,61.5,5,2
1798.61,85.9,254.1,48.7,4,1
1900.29,101.5,222.8,67.0,5,2
2899.86,188.1,298.3,106.0,5,2
2591.3,165.8,323.1,70.7,4,1
2173.71,127.6,263.1,67.9,5,1
1798.15,102.0,237.6,48.8,5,1
2611.17,227.5,226.5,88.4,4,1
2761.66,192.6,324.5,77.0,5,1
2212.92,210.4,146.4,87.3,4,1
2043.3,100.2,312.2,43.7,5,1
3098.37,140.0,451.3,81.5,5,2
1820.84,99.8,244.7,49.2,5,1
1731.58,151.6,138.2,63.6,4,1
2682.14,128.8,388.3,68.2,6,2
2001.0,128.9,247.7,54.9,4,1
4112.81,175.9,643.0,93.0,4,2
3546.15,171.9,494.8,97.7,5,1
3554.61,202.2,502.1,82.0,5,1
2957.09,135.7,450.4,68.1,5,2
2433.41,161.1,303.5,63.9,4,1
3680.04,144.9,606.0,75.2,5,1
4269.24,168.9,737.7,71.4,5,2
2897.72,142.2,401.2,80.4,5,2
2673.11,149.4,348.2,75.9,5,1
2045.09,154.0,198.9,70.4,5,1
4438.1,212.1,625.2,121.0,5,2
2244.07,113.7,300.6,65.2,5,1
3058.31,150.1,450.5,72.9,5,1
2231.97,169.7,218.6,75.4,4,1
1686.7,131.1,179.2,49.5,4,1
2275.49,122.8,334.0,49.8,4,2
2891.9,164.8,391.1,74.2,5,1
2620.29,161.1,236.6,114.4,6,2
2396.04,155.1,273.7,75.7,4,1
2158.86,149.9,262.5,56.6,4,1
2871.88,151.7,392.7,77.1,5,1
1395.84,120.1,98.6,57.9,4,1
1404.77,150.8,73.0,56.6,4,1
2124.73,123.0,285.0,54.7,5,1
2972.12,156.2,415.0,76.3,4,1
2177.19,136.5,276.0,58.6,4,1
2797.2,109.3,466.0,55.1,6,2
2433.63,218.7,172.9,96.4,4,1
4035.19,218.4,601.0,84.2,5,1
3831.34,215.6,519.2,99.1,4,1
2658.54,177.1,325.3,72.1,4,1
2022.34,144.4,222.1,61.8,5,1
3267.49,172.7,459.4,82.1,5,1
2720.33,173.3,346.6,71.2,5,1
3976.57,185.4,591.4,96.6,5,2
1701.42,130.1,195.9,44.2,4,1
3320.85,204.5,436.0,84.3,5,2
2956.94,149.4,447.6,63.2,5,2
2697.4,174.7,295.4,90.8,5,2
2381.09,145.6,314.6,60.0,4,1
2739.41,133.9,354.6,87.3,5,1
4008.14,215.2,547.4,106.5,4,1
3048.6,191.8,379.9,84.7,4,1
1795.18,167.5,106.7,77.6,4,1
3607.06,190.9,537.1,77.2,4,1
3124.6,201.6,329.7,111.1,5,2
3676.57,124.9,636.0,70.3,5,1
4033.03,145.6,689.2,77.1,5,1
2340.25,87.4,396.1,45.1,4,1
3153.54,131.1,509.9,65.5,5,2
1432.2,114.2,149.7,41.8,4,1
2098.38,88.9,332.2,46.0,5,2
2956.43,144.0,421.0,77.4,5,1
1869.61,119.7,236.3,49.5,4,1
3142.35,167.9,414.3,90.4,4,1
2805.92,216.1,252.2,103.6,4,1
3746.58,152.8,559.2,99.8,6,2
3969.28,154.1,635.1,90.3,5,2
2619.66,167.5,304.1,81.5,6,2
2860.14,187.0,359.1,75.1,4,1
3681.83,162.0,536.6,98.6,5,2
2189.73,97.8,338.8,49.2,5,2
3409.37,172.0,520.4,71.1,4,1
2145.37,151.0,256.8,57.1,4,1
2973.91,145.0,466.2,58.8,4,1
2437.76,207.8,183.8,96.8,4,1
4101.1,169.6,626.2,102.0,6,2
2241.62,143.2,276.7,62.4,4,1
2874.81,112.1,475.8,58.1,5,2
2740.63,122.0,426.2,60.9,4,1
3077.37,169.0,357.2,108.0,5,2
3633.66,199.9,447.3,116.1,5,1
3112.7,179.2,443.9,68.9,5,1
2023.08,102.0,296.9,47.5,4,1
2295.63,110.8,299.4,72.7,6,2
2197.21,125.4,300.0,55.0,5,1
3626.68,201.5,490.6,95.4,6,2
2241.25,217.0,108.1,104.5,5,1
2211.94,129.7,276.8,65.1,5,1
2537.7,118.8,330.7,82.2,5,2
1796.41,140.5,157.4,67.2,4,1
2673.96,186.2,283.3,88.4,5,2
2102.88,156.3,212.0,70.0,5,1
2361.08,124.3,314.2,67.4,4,1
2290.75,227.4,135.2,93.4,4,1
3142.99,111.9,566.1,47.9,6,2
1965.82,179.4,158.9,68.1,4,1
2545.54,225.9,192.6,96.8,4,1
1950.49,140.7,224.4,54.5,4,1
3208.2,165.6,461.1,77.9,5,2
1854.17,120.7,223.1,53.2,4,1
3465.43,203.3,436.0,100.9,4,1
1903.21,177.2,144.9,68.3,4,1
2802.81,191.1,263.4,109.4,6,2
3466.36,197.0,455.0,95.4,5,1
1879.73,109.3,240.5,53.4,6,2
2402.38,184.2,243.1,77.0,4,1
2379.37,101.8,380.8,49.9,5,1
3059.45,175.4,321.5,119.1,5,2
1994.93,140.0,235.8,54.7,4,1
2425.39,135.6,345.0,55.9,4,1
1820.18,108.0,227.7,53.0,4,1
1894.99,91.0,280.1,45.6,4,1
1818.27,172.6,126.2,69.2,4,1
4017.92,194.6,521.2,128.3,6,1
2453.32,182.5,243.8,83.1,4,1
3788.95,209.1,530.1,92.5,4,1
1638.53,122.4,165.8,54.0,4,1
3018.34,138.3,472.9,63.7,4,2
3902.38,153.9,597.8,99.5,6,2
3326.05,235.6,376.8,97.4,4,1
2091.12,109.6,276.8,60.6,5,2
3863.26,176.1,601.8,83.5,5,2
2476.83,165.9,270.0,81.5,5,1
2281.12,133.4,287.5,66.4,4,1
2347.07,99.5,386.8,44.7,4,1
2154.97,176.0,170.4,85.5,4,1
2458.02,160.0,273.4,80.5,5,1
2142.39,142.8,237.3,69.1,4,1
2248.05,147.6,276.5,61.3,6,2
1666.47,123.3,175.5,52.4,4,1
3210.03,177.0,432.8,85.7,4,1
2437.32,188.8,261.7,70.6,4,1
2482.85,217.7,178.0,100.0,5,2
1814.42,122.1,193.0,61.6,4,1
3042.06,171.4,358.7,102.4,5,2
4348.07,209.5,638.1,106.4,5,2
3239.83,105.4,574.4,57.9,5,2
2294.59,226.8,146.9,88.9,4,1
3368.93,179.0,429.3,104.0,4,1
1816.81,186.1,95.5,76.7,4,1
2736.01,161.0,348.0,77.7,4,1
2690.92,201.7,278.8,85.4,5,2
2184.18,123.7,263.0,70.8,5,2
2483.68,156.5,337.8,56.3,4,1
1767.78,101.8,245.1,42.2,4,1
2653.21,101.2,446.6,51.3,5,2
2123.29,121.7,295.6,50.5,4,1
3039.89,166.0,336.6,114.4,5,2
2703.99,174.9,332.7,74.8,4,1
2185.55,217.8,112.0,96.2,4,1
1777.75,121.9,218.0,46.5,4,1
2414.65,144.4,281.7,78.9,5,2
2110.17,122.0,288.2,52.1,4,1
3069.6,159.2,387.3,98.2,5,2
2369.7,131.4,280.8,80.1,6,2
3209.7,153.9,478.0,75.8,4,1
3003.92,162.1,392.4,87.3,4,1
2226.68,233.1,125.3,88.1,4,1
4181.17,165.6,702.6,78.7,5,2
2228.01,147.8,279.4,57.7,4,1
1986.2,114.7,229.2,67.8,5,2
1737.12,226.5,0.0,96.0,4,1
1793.16,125.4,209.4,50.5,4,1
1976.81,141.5,206.4,65.1,4,1
1726.81,146.4,128.8,69.5,5,1
3558.19,170.4,521.0,88.1,5,1
4220.17,182.3,635.9,105.3,5,1
2059.52,147.8,228.0,61.8,5,1
2530.47,100.4,383.1,66.3,5,2
2089.79,135.0,247.5,62.2,4,1
2850.59,167.2,334.2,93.9,5,1
3974.15,203.2,511.5,123.9,6,1
4017.91,180.7,583.5,106.8,4,2
1952.85,168.6,176.3,63.7,4,1
1449.31,149.6,75.0,61.2,4,1
3553.1,194.7,456.4,105.4,4,1
2868.93,89.0,528.1,44.5,6,1
3189.79,176.8,412.4,92.6,5,1
3520.53,176.7,497.6,91.5,4,1
1149.6,120.0,59.3,48.1,4,1
3387.18,158.3,502.9,82.5,5,2
3664.03,115.2,634.3,74.0,6,1
2109.91,137.3,270.1,53.4,4,1
4201.8,171.1,682.6,87.5,4,1
2137.53,218.3,117.9,88.1,4,1
2406.74,152.9,306.2,63.4,4,1
2216.5,161.3,237.9,68.9,4,1
2209.65,137.0,282.5,59.1,4,1
3158.09,101.7,550.8,60.9,5,2
1941.66,160.3,173.1,67.6,4,1
3396.15,171.9,405.5,120.7,5,2
2455.69,146.9,267.1,88.9,4,1
2174.35,164.5,218.0,71.6,4,1
1744.95,154.2,156.3,55.9,4,1
2986.14,212.9,339.8,86.2,4,1
2353.14,232.2,125.9,102.3,4,1
2428.95,137.8,327.4,63.1,4,1
3226.26,218.2,408.3,80.0,4,1
3452.51,198.8,480.8,81.6,6,2
2768.3,205.3,300.2,83.0,4,1
3313.06,177.5,489.9,71.5,5,1
4316.76,192.3,683.3,90.5,5,2
2480.74,155.0,317.4,65.7,4,1
1762.6,157.3,132.4,67.1,4,1
3423.52,189.3,451.2,95.7,5,1
2775.58,194.7,304.4,86.6,4,1
1656.8,158.7,117.4,61.4,4,1
1976.09,162.9,166.4,73.2,4,1
3212.82,159.1,452.8,85.0,5,1
2119.77,214.7,120.7,86.5,4,1
2170.76,219.3,102.3,98.3,4,1
2313.17,89.3,370.0,52.9,5,2
2728.76,109.4,436.2,60.7,5,2
2543.55,104.9,403.9,56.5,5,2
3657.13,168.5,522.9,99.1,6,2
1722.66,141.1,148.4,62.7,4,1
2738.06,216.0,278.1,84.6,4,1
3152.69,226.5,345.6,96.0,4,1
3557.94,171.4,543.0,77.8,5,1
2267.72,201.4,156.3,93.0,5,1
4482.05,174.2,710.5,104.8,6,2
2918.07,119.9,429.3,80.1,5,1
2516.89,222.1,199.6,92.3,4,1
1724.71,144.5,158.1,57.1,4,1
2846.04,188.4,345.2,79.0,4,1
2657.02,168.6,345.5,66.8,4,1
3438.04,151.6,551.1,69.7,5,1
3064.96,220.4,319.1,100.8,4,2
2731.76,158.2,373.6,67.1,4,1
3722.85,138.0,625.3,74.4,6,2
3522.27,142.1,538.8,88.7,6,2
2703.52,119.3,431.8,55.4,5,2
2601.12,128.8,354.7,74.1,5,2
2383.27,115.8,364.5,51.3,5,1
3315.81,155.7,512.9,71.3,4,1
1871.33,144.7,179.7,63.7,5,1
2845.89,174.0,332.3,91.2,5,1
1787.13,122.0,220.6,46.3,5,1
2778.84,131.1,370.1,86.0,5,1
3821.72,184.9,513.4,114.3,5,2
2675.97,217.9,227.4,99.4,4,1
1832.38,113.9,222.6,54.0,5,1
4447.58,185.0,702.2,99.9,5,2
2402.4,196.2,214.5,84.4,5,1
3783.59,154.5,609.2,81.0,6,2
1959.28,96.3,282.4,49.4,6,2
3829.92,232.4,481.6,108.2,4,1
2124.84,103.3,299.4,57.1,6,2
2358.47,183.6,230.2,78.1,4,1
1937.18,172.6,145.9,73.7,4,1
2363.83,146.6,296.2,65.9,4,1
3619.87,166.0,562.0,78.6,5,2
2495.91,101.6,406.2,51.6,4,1
3729.02,176.8,546.1,93.1,6,2
2697.81,106.6,424.1,63.9,5,1
3352.42,161.6,437.8,106.1,5,2
2435.47,127.0,355.5,56.1,5,1
2418.0,216.6,174.4,94.9,4,1
4022.51,209.5,553.2,108.0,4,1
2121.35,109.4,313.8,47.6,5,1
2990.08,179.8,299.7,119.2,6,2
2495.8,126.4,308.8,83.9,5,2
3269.79,118.4,567.8,58.3,6,2
1365.77,116.9,105.1,53.1,4,1
4440.03,185.5,699.9,99.8,6,2
2330.97,172.9,245.3,73.1,4,1
2748.84,158.4,357.0,76.4,5,2
4079.7,199.4,623.9,87.4,4,1
1921.74,206.6,91.0,81.3,4,1
2756.12,117.6,429.5,63.1,5,1
1443.31,95.6,166.5,43.8,4,1
1925.65,130.6,234.2,51.8,4,1
3328.97,168.1,434.4,102.1,5,2
2682.22,115.5,432.6,54.5,5,2
3719.61,174.0,504.6,111.7,6,2
2321.89,253.9,119.8,91.9,4,1
2028.27,207.2,96.7,90.3,4,1
2400.11,116.1,330.2,68.3,6,2
3341.93,143.3,490.0,89.8,6,2
2691.9,99.8,441.7,58.5,5,2
1700.05,131.3,164.2,57.6,4,1
2545.88,174.8,302.4,70.8,4,1
3788.02,117.4,641.5,83.6,5,1
1619.37,87.2,215.6,45.4,5,1
2035.65,231.3,66.4,93.9,4,1
2554.74,136.1,326.8,78.1,4,2
3024.79,190.8,342.2,99.2,4,1
2785.81,146.2,345.0,91.2,6,2
1682.34,147.8,157.9,51.1,4,1
2683.99,182.4,282.5,91.6,4,1
3303.65,218.7,374.2,103.5,4,1
3001.77,163.3,363.8,99.3,5,2
1613.91,124.7,152.7,56.0,5,1
2038.65,95.5,290.2,55.1,6,2
4460.12,183.5,665.4,118.3,5,2
2052.51,102.7,262.1,66.0,6,2
2362.23,87.6,399.3,46.1,5,1
2711.39,244.6,210.8,98.9,4,1
3136.51,190.9,393.2,88.9,4,1
2765.98,111.2,459.7,53.6,5,2
2535.73,92.7,413.3,56.9,4,1
2113.69,113.1,255.4,71.1,6,1
2317.56,188.2,228.6,72.3,4,1
2256.21,93.1,353.7,52.1,5,2
2480.79,138.5,353.6,56.9,4,1
3402.07,185.0,459.0,91.8,5,1
2293.6,105.9,351.6,51.5,6,1
2337.77,153.7,242.3,83.8,5,1
2373.68,148.1,304.1,62.8,4,1
2776.19,89.3,500.8,46.2,5,2
2313.47,103.9,322.1,67.7,5,2
2260.7,110.0,343.6,49.6,4,1
1945.51,114.3,258.9,50.3,4,1
1620.98,138.4,131.1,60.3,4,1
2265.55,131.7,314.1,53.6,4,1
1847.0,99.1,262.0,44.7,6,1
3673.13,173.5,548.8,87.1,4,1
1548.63,109.8,171.7,46.9,4,1
1753.27,203.9,49.5,82.2,4,1
2614.42,198.6,277.7,78.8,4,1
2024.93,171.6,159.1,78.0,4,2
1643.74,92.8,207.2,49.3,5,1
2894.78,121.8,480.6,53.9,4,1
3303.87,140.5,519.7,73.7,5,2
2515.59,230.3,189.7,92.9,4,1
3131.31,175.0,351.6,113.9,5,2
2870.13,190.5,338.7,83.7,4,1
2850.73,130.9,407.3,77.6,5,1
3327.57,162.0,458.9,93.8,5,2
2830.57,193.2,311.2,90.4,4,1
1603.8,111.0,158.9,58.2,5,1
1826.71,191.2,95.1,75.7,4,1
1811.84,109.1,224.9,52.9,4,2
2123.75,171.5,196.4,72.5,4,1
2269.02,220.1,130.0,96.5,4,1
2306.15,205.0,216.6,68.8,4,1
1789.63,151.0,160.7,60.3,4,1
2849.75,152.4,404.9,69.0,5,1
3212.43,148.2,505.0,66.6,5,1
2133.84,156.2,207.4,75.5,5,2
2889.7,142.0,388.6,85.3,5,2
1660.82,165.1,75.2,77.7,4,1
2202.6,194.7,159.3,87.4,4,1
1666.92,158.5,99.1,70.7,4,1
3154.86,121.6,523.3,63.9,4,1
2256.2,97.9,348.7,52.2,6,2
2926.05,153.8,370.7,92.0,4,1
3474.97,116.8,610.8,62.7,5,2
2866.24,104.9,446.0,73.6,5,2
1683.34,128.1,167.8,55.5,5,1
2124.12,81.4,355.9,41.7,5,2
2325.43,216.4,180.9,81.8,4,1
2534.49,220.3,224.5,83.9,4,1
2184.3,232.4,129.2,82.0,4,1
2237.81,159.6,217.0,81.2,5,1
2567.35,203.7,228.1,93.3,4,1
2349.05,98.9,378.1,49.0,5,2
2774.03,171.8,321.9,88.8,5,1
2174.98,157.0,222.3,73.1,4,1
2116.98,169.7,214.4,64.5,4,1
3345.42,144.8,509.2,81.0,5,2
3161.57,163.3,473.4,68.3,4,1
2325.5,107.0,355.9,52.7,4,1
1910.34,203.5,102.1,76.4,4,1
2735.75,128.0,403.8,67.6,5,2
2728.84,204.5,301.8,78.2,4,1
2278.64,151.0,279.4,61.9,4,1
1756.15,109.2,216.9,50.2,5,1
3074.93,122.3,504.5,63.1,6,2
1883.67,145.5,188.8,60.7,5,1
3066.67,152.2,434.4,80.0,5,1
1239.74,141.5,37.2,58.4,4,1
3037.67,145.5,457.7,69.4,5,1
3016.6,100.3,496.6,69.9,6,2
2690.13,141.2,332.1,88.5,5,2
2781.49,106.9,470.5,52.4,5,2
3269.32,149.6,495.3,76.7,5,2
2875.43,194.5,341.9,81.1,4,2
2310.82,180.9,208.9,83.5,4,1
1600.45,99.1,196.3,46.5,4,1
3165.53,169.2,436.5,82.5,4,2
1299.5,110.9,117.8,42.7,4,1
2614.02,106.9,437.1,48.7,5,1
2386.16,119.3,334.6,63.4,5,1
2103.2,191.4,150.6,81.7,4,1
2546.16,189.5,267.7,79.7,4,1
3390.22,208.9,416.3,98.8,4,1
4278.45,178.9,685.3,91.3,6,1
1684.38,111.4,190.6,53.0,4,1
2244.67,218.2,120.6,98.8,4,1
2475.91,226.1,200.0,85.7,4,1
2425.62,102.4,390.4,50.5,5,2
1544.82,99.3,175.2,49.7,4,1
2601.15,147.8,354.1,65.9,4,1
2030.38,113.8,293.2,44.7,4,1
2770.46,171.9,294.7,100.5,5,2
1635.25,105.8,201.1,45.3,4,1
3059.68,192.5,357.9,95.3,4,1
2186.05,89.7,351.2,46.9,5,1
1349.42,115.2,122.4,44.3,4,1
2869.0,199.6,332.0,82.5,4,1
3116.8,182.8,409.3,83.2,4,1
2091.16,122.5,296.2,46.3,4,1
3616.13,150.3,582.0,76.3,5,2
3877.52,200.8,538.4,102.3,6,2
2380.33,132.6,335.4,56.5,5,1
3416.18,191.4,413.3,110.8,5,2
1403.8,129.4,85.4,60.5,4,1
1313.76,147.5,59.3,54.1,4,1
3314.34,251.2,365.3,94.2,4,1
2284.89,124.9,302.4,64.0,6,2
3152.27,179.4,418.0,84.7,5,2
3480.71,148.4,542.5,79.7,4,1
3253.35,134.9,514.2,73.0,5,2
3594.11,222.8,437.8,105.7,4,1
3315.28,97.3,588.9,63.4,5,1
1881.63,147.4,184.8,61.4,4,1
3484.47,158.2,519.2,86.1,4,1
3202.15,115.3,527.2,70.2,6,2
2096.41,121.9,276.8,55.7,5,2
2234.62,157.7,279.9,53.8,4,1
2776.99,85.2,497.6,49.5,6,1
2420.18,223.3,184.8,87.5,4,1
2728.48,212.4,297.1,76.7,4,1
2484.48,168.4,249.1,90.5,5,1
2705.09,178.0,348.4,66.6,4,1
1718.46,118.7,185.9,55.6,4,1
3577.23,171.7,519.3,90.4,4,1
3194.51,155.4,440.9,89.9,6,2
3564.96,164.3,581.0,64.9,5,1
1799.13,156.8,149.6,63.7,4,1
1346.36,137.9,57.6,62.7,4,1
2532.14,163.9,245.5,99.4,4,1
3315.03,172.1,407.9,110.6,6,1
2620.77,162.4,336.8,69.4,4,1
2503.45,127.3,358.6,62.2,5,2
2601.79,122.1,408.5,53.3,5,2
3195.27,167.0,396.0,104.8,6,2
1967.6,126.5,224.3,62.7,5,2
1964.99,167.0,176.6,65.6,4,1
2785.06,93.1,503.9,44.1,5,2
3248.4,104.9,581.0,56.1,5,2
3811.55,182.7,566.7,90.5,5,1
2265.71,206.8,198.0,71.8,4,1
1465.53,119.3,153.7,41.5,4,1
3199.7,230.1,364.5,91.3,4,1
3681.72,220.8,474.8,99.9,4,1
1937.5,160.1,172.9,67.2,4,1
1522.9,128.2,125.0,56.7,4,1
2545.98,183.6,283.8,75.1,4,1
3318.97,138.3,510.3,80.5,5,1
2722.32,152.4,301.6,100.7,5,2
1785.58,117.7,203.3,55.7,4,1
3056.6,157.8,401.3,91.1,5,2
1876.06,138.1,197.8,59.2,4,1
3776.18,183.4,515.9,108.8,6,2
2496.89,157.7,311.5,68.9,4,1
2206.42,129.3,277.1,64.5,5,1
2966.88,120.7,504.1,52.0,5,2
2002.38,165.3,199.0,60.5,4,1
2159.18,159.5,183.3,87.6,4,1
2210.9,195.5,169.1,83.6,4,1
2301.53,184.6,215.6,77.9,4,1
1521.48,135.7,101.1,63.8,4,1
2576.43,173.0,299.8,76.1,4,1
1379.95,137.3,85.3,54.4,4,1
3295.78,167.1,461.7,86.7,4,1
2364.79,205.9,199.7,82.5,4,1
2679.24,129.5,410.6,57.6,5,1
1858.8,126.3,198.6,62.2,4,1
1661.42,163.2,103.1,66.2,4,1
2946.15,152.0,392.7,85.3,5,2
1964.94,105.7,248.9,60.7,5,1
4069.56,166.2,623.3,101.3,5,2
3832.09,172.2,608.2,79.0,4,1
2476.99,98.0,408.4,50.2,4,1
2156.84,163.9,198.0,78.8,4,1
2171.95,141.1,285.0,52.0,4,1
2188.35,190.7,190.7,73.7,4,1
2997.78,165.1,339.7,108.7,5,2
1538.29,171.7,35.3,78.9,4,1
1929.12,108.6,245.9,56.8,4,2
2825.1,168.0,349.0,84.1,4,1
2412.24,174.4,262.2,74.0,4,1
2293.7,138.7,298.2,60.7,5,1
1740.81,90.6,233.7,49.3,4,1
2554.06,161.8,255.0,98.5,5,1
3724.22,142.8,600.6,83.4,5,1
2379.13,109.5,346.1,61.8,5,1
2096.72,119.4,281.2,54.9,4,1
1882.7,106.6,238.7,55.7,5,1
1491.5,141.9,102.5,57.1,4,1
2671.1,182.0,309.5,78.3,6,2
3113.69,126.8,505.8,64.8,5,1
1678.04,128.7,180.6,49.0,4,1
2592.45,214.6,242.1,85.1,4,1
2525.83,187.4,277.2,74.2,4,1
1991.44,182.6,178.0,61.0,4,1
2508.52,113.5,384.4,57.4,4,1
2732.97,103.7,421.8,70.1,5,2
3020.15,153.3,438.1,72.7,4,1
2153.66,157.2,233.6,65.6,4,1
2581.41,230.1,211.0,90.8,4,1
2348.38,96.4,395.8,42.1,4,1
2701.1,112.6,437.3,55.7,6,2
1833.77,117.2,202.4,61.7,4,1
1729.18,145.7,147.8,61.7,4,1
2949.19,103.5,482.3,67.4,6,2
2456.54,194.7,249.0,75.8,4,1
2078.08,131.4,265.3,54.6,4,1
3222.3,192.8,341.2,120.7,5,2
2570.06,214.9,206.0,98.5,4,1
2879.46,175.6,355.9,83.7,4,1
2737.6,144.3,351.5,83.9,4,1
3248.27,218.2,387.1,91.9,4,1
1411.2,175.2,21.0,69.6,4,1
2922.17,226.2,291.7,94.5,4,1
2481.3,86.4,426.8,47.6,6,2
3061.16,168.8,422.4,77.3,4,1
4036.59,180.5,569.4,115.2,5,2
3565.23,178.5,520.4,85.5,4,1
3157.25,95.6,544.3,66.4,6,2
2050.68,136.9,245.0,58.1,4,1
2006.54,120.4,228.9,67.7,6,2
2648.36,88.2,428.0,64.8,5,2
2635.0,121.8,416.0,53.8,4,1
1773.11,126.1,205.2,49.8,4,1
2546.73,166.2,301.2,75.2,5,1
3062.8,176.6,374.8,95.2,5,1
3282.22,128.1,524.0,74.9,5,2
1186.61,127.8,69.0,44.4,4,1
2743.89,116.3,444.9,55.5,5,2
1616.18,132.0,169.2,45.7,4,1
1517.59,99.2,173.1,47.6,4,1
2342.5,183.2,236.5,73.7,4,1
2067.0,221.3,73.5,98.7,4,1
1775.99,124.6,214.0,46.9,4,1
2047.16,109.7,267.3,59.9,5,1
3681.0,155.1,590.0,77.9,4,1
1842.95,195.9,96.6,74.8,4,1
3455.06,163.5,535.1,73.4,4,2
2720.45,171.5,287.1,98.5,5,2
2228.83,215.7,142.3,88.5,4,1
2152.55,150.9,235.2,67.6,4,1
4133.65,200.1,642.7,84.7,5,2
2518.69,160.3,342.3,56.5,4,1
3321.1,144.4,529.2,69.6,5,1
3070.1,230.3,352.6,82.1,4,1
1992.15,213.6,97.7,83.0,4,1
1973.93,96.2,254.2,63.6,6,2
1663.46,117.8,199.6,43.7,4,1
3550.52,182.4,489.1,96.1,5,1
2308.63,104.8,353.1,53.0,4,1
1515.5,164.5,79.2,60.1,4,1
1403.8,126.2,114.0,49.2,4,1
3188.91,208.4,402.3,82.9,4,1
4261.34,197.6,607.8,115.6,5,2
3209.44,164.3,465.0,76.9,5,2
3064.06,156.0,410.0,88.9,5,1
2662.23,130.8,374.4,71.3,5,2
4523.82,182.9,715.1,103.5,5,1
2582.55,204.9,252.4,83.7,4,1
3054.78,107.4,526.3,57.8,6,2
1556.54,143.3,115.3,58.0,4,1
4011.88,158.9,635.1,92.8,5,2
2275.79,183.2,231.8,68.4,4,1
2411.89,205.6,210.5,83.0,4,1
3992.17,163.7,594.4,106.6,6,2
2666.27,175.2,333.8,70.0,4,1
3750.47,195.0,496.6,109.3,6,2
4497.68,179.9,654.6,128.9,5,2
3416.7,156.2,505.4,85.6,5,1
1756.21,113.2,218.0,47.9,5,1
1930.91,181.2,145.8,69.2,4,1
3577.81,183.6,441.7,119.6,5,2
1875.55,159.7,167.9,62.8,4,1
1418.16,169.9,48.9,60.3,4,1
2905.38,105.7,491.2,57.5,5,2
2090.82,155.5,249.6,52.3,4,1
3810.35,180.1,580.6,85.3,4,2
2304.79,131.9,313.4,58.2,4,1
3715.97,177.3,529.7,98.6,5,2
3779.77,191.9,557.5,86.9,4,1
3352.98,186.4,479.8,76.4,5,1
2632.97,127.4,375.9,68.9,6,2
3532.9,179.7,514.7,83.9,5,1
3264.09,159.6,460.2,87.2,4,2
3365.59,229.1,371.7,106.9,4,1
1373.92,150.6,46.1,65.2,4,1
3530.95,173.2,529.7,79.9,5,2
2562.32,187.7,273.7,79.6,4,1
2018.16,166.4,169.6,74.9,4,1
3588.16,181.2,537.9,79.1,5,2
2862.64,135.8,399.1,80.3,5,2
2110.33,159.8,200.9,74.2,4,1
2522.35,233.7,204.5,85.5,4,1
3267.09,171.0,447.0,88.3,6,2
2860.71,217.4,301.2,87.3,4,1
2880.01,96.8,472.7,66.9,5,2
1929.83,93.3,288.5,44.7,5,2
2757.7,101.5,489.2,43.9,6,2
2270.94,238.8,131.3,87.8,4,1
1704.54,172.4,69.1,82.1,4,1
3013.71,110.7,509.9,59.1,5,2
1862.89,98.5,265.7,45.1,5,1
2989.97,238.2,300.6,92.8,4,1
3153.05,127.1,466.8,86.4,6,2
2773.59,116.0,407.1,75.7,5,1
4726.64,199.9,791.2,84.7,5,2
2014.47,237.5,72.7,86.0,4,1
2773.64,108.6,464.2,53.6,6,1
2802.4,170.6,329.4,89.2,6,2
3983.76,161.1,607.5,101.0,5,2
1810.8,201.5,63.1,83.6,4,1
2723.6,169.7,360.3,67.0,4,1
2654.04,124.2,384.3,68.9,5,2
1950.22,191.4,117.2,79.5,4,1
1735.31,156.4,152.5,55.5,4,1
1926.83,126.2,227.6,56.9,4,1
4610.69,190.4,685.6,123.0,5,2
3533.73,124.5,604.3,68.7,5,1
2801.86,201.0,316.5,81.3,4,1
1994.34,102.5,279.8,51.7,4,1
2640.86,172.5,288.8,88.4,4,1
3262.82,129.1,527.7,70.6,5,2
1778.24,139.0,176.1,57.6,5,1
4266.95,185.8,646.3,104.3,5,1
2284.21,97.2,337.5,60.6,6,2
2766.93,172.7,290.5,101.6,5,1
2113.7,199.6,137.3,85.1,4,1
3704.52,141.3,599.5,82.4,5,2
2688.72,122.7,394.6,68.8,4,1
2959.87,212.8,342.1,82.3,4,1
4000.47,141.3,699.0,71.1,5,2
2158.06,152.9,207.0,79.8,4,1
2017.75,108.4,276.8,53.0,4,1
2560.48,137.8,317.5,82.2,5,1
1674.92,147.1,151.0,53.6,4,1
1448.85,128.8,123.0,49.1,4,1
2020.46,113.0,266.3,55.9,6,2
3983.41,187.8,580.4,101.1,5,2
3930.19,206.3,594.0,81.0,5,1
3327.54,181.7,412.8,105.5,4,1
2842.21,145.2,387.7,78.9,5,2
3972.28,189.4,584.8,97.3,5,2
3545.03,244.6,442.7,88.4,4,1
3870.93,188.1,521.4,114.8,5,2
2633.69,204.0,235.4,97.3,4,1
2658.19,125.6,401.3,61.2,5,2
3078.71,180.6,409.9,79.6,5,1
2044.91,109.3,289.7,49.9,5,1
3139.75,161.8,450.9,76.5,4,1
2019.82,234.6,46.8,99.3,4,1
2949.44,216.2,329.3,85.3,4,1
2026.55,142.7,228.1,60.4,4,1
3418.11,179.3,463.6,94.0,4,1
2652.78,194.4,307.6,71.6,4,1
2531.18,131.7,354.9,65.0,5,1
2160.49,245.9,78.4,95.9,4,1
3851.38,195.2,581.3,82.9,6,2
1808.05,156.4,151.6,64.0,4,1
1364.88,170.9,0.0,77.4,4,1
2863.44,216.3,296.0,90.5,4,1
1872.12,104.2,239.0,55.5,4,1
2696.07,220.3,256.3,87.7,4,1
3213.52,170.9,464.3,74.7,4,1
2788.58,150.4,405.9,62.6,4,1
4210.34,168.4,674.2,93.3,6,2
2553.44,145.9,324.9,74.5,4,1
2826.94,160.0,374.4,76.6,6,2
2863.8,96.3,513.9,47.0,5,2
3980.57,147.3,631.6,96.1,5,2
4432.52,188.7,648.0,120.6,6,2
2388.0,126.1,301.2,75.4,5,2
2359.45,145.9,290.2,68.3,4,1
1889.16,170.5,148.6,68.1,4,1
3793.92,133.7,642.8,76.4,5,2
2020.67,114.7,282.2,48.1,4,1
2903.84,117.8,424.3,81.7,5,2
1697.85,175.2,106.6,63.4,4,1
1971.9,94.8,281.4,51.9,5,1
3435.84,174.9,513.9,75.6,5,1
3031.3,187.7,395.6,77.6,4,1
3487.28,143.1,585.0,63.9,5,2
2331.66,170.7,215.6,87.4,4,1
2996.93,224.9,342.5,80.8,4,1
2508.35,233.8,185.3,92.5,4,1
2469.49,106.4,395.2,51.4,6,2
2220.26,98.3,342.6,50.8,4,1
2643.48,156.5,342.5,71.9,5,2
2502.3,85.5,422.9,52.1,4,1
2768.8,183.7,325.8,81.2,4,1
2413.8,125.8,351.4,56.1,4,1
2424.59,160.9,289.7,69.1,4,2
2930.84,151.7,372.0,92.9,5,1
3464.49,158.8,542.1,73.4,4,1
1919.91,200.8,100.7,79.3,4,1
1768.78,131.3,159.9,67.1,4,1
2214.71,99.4,329.6,55.4,6,2
2890.1,187.6,300.0,104.4,5,2
1894.6,125.5,234.0,50.7,4,1
2658.95,172.1,344.9,65.7,4,1
1953.4,108.6,236.2,63.8,4,1
1944.15,178.2,162.7,64.5,4,1
1484.88,144.0,96.5,58.1,4,1
2320.67,240.6,100.4,106.3,4,1
2140.02,218.5,116.0,89.1,4,1
2920.41,182.4,381.3,74.0,4,1
3712.41,180.7,585.6,71.9,4,1
2645.56,230.4,246.8,81.9,4,1
2829.88,177.2,316.8,94.9,4,1
2977.77,118.7,499.7,56.0,6,2
1806.69,171.5,113.6,74.1,4,1
1916.09,93.2,248.1,61.2,5,2
2973.03,161.9,403.6,79.0,4,1
2226.7,101.8,322.4,58.9,6,2
2754.64,152.0,376.8,71.0,4,1
2959.08,133.8,430.9,77.8,5,1
3549.51,118.9,590.5,79.1,5,2
3022.28,167.9,377.0,93.7,5,1
1542.0,119.5,137.5,57.1,5,1
2790.02,148.7,383.5,73.5,5,1
2939.48,98.9,523.2,50.1,5,2
1415.03,157.8,39.2,69.7,4,1
3033.73,117.8,514.3,56.1,6,2
3134.62,163.6,457.1,72.4,5,1
1552.12,148.8,102.2,60.9,4,1
1963.59,84.9,277.9,56.9,5,2
1658.71,122.8,165.5,56.1,4,1
2240.99,169.3,221.9,75.1,4,1
1895.16,125.0,227.6,53.8,4,1
2867.21,164.7,376.7,78.0,5,2
2691.63,157.3,340.3,77.9,5,1
3601.48,147.5,579.8,76.9,4,1
1434.66,137.2,87.8,59.4,4,1
2568.53,122.4,379.7,62.2,4,1
1667.04,237.4,0.0,84.5,4,1
1268.64,108.6,93.7,51.0,4,1
2919.11,191.2,344.5,86.3,4,1
2116.69,151.6,214.5,72.5,5,1
2804.18,104.6,440.2,69.4,5,2
2211.6,156.8,235.1,71.6,4,1
2861.5,168.0,362.1,82.3,6,2
4198.38,187.7,651.6,93.5,4,1
2957.01,135.8,472.6,58.2,4,1
2643.05,183.5,288.4,83.9,4,1
3515.99,158.1,510.2,93.6,5,1
2923.97,217.6,291.6,98.6,4,1
2697.76,83.8,456.9,59.4,6,2
3644.88,146.9,569.2,86.7,5,1
3142.37,178.5,414.0,85.8,4,1
1934.49,173.0,165.8,64.4,4,1
2709.11,179.6,309.6,83.6,4,1
2009.25,195.3,101.3,91.4,4,1
3239.1,183.5,417.8,92.6,5,1
1930.9,136.4,168.5,79.0,5,1
2376.42,84.7,407.2,45.4,4,1
3026.97,210.2,326.2,97.9,4,1
3658.85,183.7,501.6,101.9,5,1
3487.79,235.7,419.5,96.4,4,1
2691.28,151.4,373.6,65.7,5,1
3420.76,127.6,531.5,87.2,6,2
2137.09,143.5,228.3,72.2,5,1
2333.6,114.6,285.6,81.4,5,2
2852.44,179.4,337.8,87.1,4,1
2606.83,176.3,313.2,72.1,4,1
2485.78,105.6,397.8,52.4,5,1
3244.99,152.4,505.5,68.1,5,2
2545.77,124.3,389.2,54.6,5,2
4074.68,153.3,662.2,90.3,4,1
2553.63,151.7,273.8,94.6,5,2
2395.1,104.8,379.2,51.0,4,1
3310.04,243.7,365.1,97.2,4,1
3720.08,160.9,576.8,85.5,4,1
2022.02,156.7,206.8,63.1,4,1
3036.86,154.7,461.6,63.5,4,1
1454.89,136.5,104.9,54.4,4,1
1099.03,113.0,67.7,41.8,4,1
3053.23,222.7,336.3,90.8,4,1
2737.57,131.8,391.2,71.7,6,2
1649.29,179.9,65.0,74.4,4,1
2361.45,140.1,322.7,56.7,5,1
3491.87,165.4,468.0,106.5,5,1
2668.54,186.6,315.2,73.5,4,1
2325.38,141.6,246.5,85.9,6,2
2503.25,124.6,351.7,66.5,4,1
3131.87,175.0,382.8,100.1,5,2
1991.04,98.7,268.0,58.2,5,2
1921.43,172.1,166.6,63.0,4,1
2185.67,89.5,350.1,47.5,5,2
1930.9,161.0,196.1,55.8,4,1
3042.06,144.7,431.3,82.0,6,2
2471.82,145.0,315.8,69.9,4,1
2384.64,190.0,222.0,81.9,4,1
2389.41,158.5,255.0,81.7,4,1
3053.62,89.2,572.6,45.1,5,2
2859.22,111.6,471.4,58.6,4,1
1522.4,114.2,160.5,47.1,4,1
2059.4,170.9,189.3,68.7,4,1
1218.96,132.1,41.3,58.4,4,1
3731.96,216.9,525.2,84.8,4,1
4304.88,163.0,649.6,117.2,6,2
2509.8,106.6,405.6,51.3,5,2
3212.97,158.5,479.8,73.3,5,2
1950.14,112.5,272.4,45.6,5,1
3240.21,234.0,364.1,94.2,4,1
3291.82,113.3,548.5,71.6,5,2
2186.05,86.4,350.6,48.7,5,2
2397.31,113.9,353.5,58.7,4,1
2120.25,126.5,230.4,77.0,4,1
2314.65,89.4,356.7,58.9,5,2
2141.78,101.0,272.1,72.1,6,2
2619.52,164.3,333.4,69.8,4,1
2281.9,183.0,229.1,70.4,4,1
3130.9,139.5,478.8,73.1,5,1
3191.34,184.9,398.6,95.3,5,1
2624.93,198.3,229.8,101.4,4,1
1633.42,180.3,50.9,78.7,4,1
2063.14,176.0,181.5,70.4,4,1
3190.02,134.6,493.9,75.1,6,1
4434.53,160.0,773.4,77.9,6,2
2947.22,100.3,525.8,49.2,6,2
2667.88,162.3,342.2,72.2,5,2
2553.6,163.9,340.5,59.5,4,1
3007.7,86.8,572.9,41.0,5,1
1685.46,179.3,80.2,71.9,4,1
2606.5,128.6,369.4,68.3,5,2
2748.26,157.0,348.5,80.7,5,2
4114.73,177.8,662.3,83.8,4,1
2299.62,150.9,264.8,70.8,4,1
3984.63,198.3,564.7,103.6,6,2
2025.78,107.6,286.0,50.2,4,1
3384.59,246.8,370.0,101.9,4,1
1889.92,207.1,80.9,82.0,4,1
2267.94,205.0,184.4,78.9,4,1
3811.21,170.6,577.9,90.8,5,2
2570.14,114.9,393.7,59.5,4,1
2889.87,210.4,330.6,80.6,4,2
3030.77,211.0,328.7,96.9,5,1
4177.24,139.7,693.4,93.8,5,2
3514.4,194.5,499.2,82.2,5,1
2793.06,163.2,320.3,95.5,5,2
3386.14,134.5,583.5,57.1,5,2
2743.59,215.5,273.7,87.4,4,1
2096.48,225.3,82.7,96.1,4,1
2612.94,175.0,291.4,83.0,5,1
3467.85,150.3,520.6,87.2,5,2
2225.39,177.2,207.7,76.2,4,1
3119.25,184.0,407.2,83.8,4,1
2906.43,154.5,367.2,91.1,5,2
2719.4,188.6,268.6,99.0,5,2
1995.4,121.9,241.1,60.4,4,1
2254.19,97.4,340.2,56.0,5,2
2990.85,165.2,340.1,107.8,5,2
3424.97,226.8,433.8,87.0,4,1
3723.89,215.2,497.2,97.1,4,1
2170.91,155.9,220.5,73.9,4,1
4790.85,164.1,764.2,119.7,6,2
2054.81,149.4,234.5,57.7,5,1
3087.82,200.1,345.4,100.7,6,2
3596.97,194.2,433.4,120.7,6,1
2732.28,186.2,305.9,84.9,5,1
2083.5,164.1,158.3,88.2,5,1
2151.51,148.0,243.2,65.2,4,1
2137.27,227.8,107.1,88.6,4,1
2560.88,143.1,310.2,83.1,6,2
3332.71,181.9,467.4,81.7,5,2
3800.77,177.4,542.7,102.3,5,2
4308.41,185.1,724.4,74.5,5,2
2542.55,110.0,418.3,47.7,6,2
2847.12,155.0,363.0,86.1,6,1
2758.85,121.5,433.0,60.1,5,1
3351.55,174.2,438.2,100.2,6,2
3082.36,231.5,334.1,91.1,4,1
2951.5,195.1,275.9,118.6,5,2
3121.12,179.2,354.2,109.7,6,2
2514.04,203.2,224.0,89.5,4,1
1613.28,155.9,108.0,62.0,4,1
2409.73,149.8,318.9,59.5,4,1
4224.04,184.6,682.7,83.9,5,1
2420.79,162.8,269.1,77.0,4,1
2504.97,246.2,172.8,92.1,4,1
2037.9,137.7,226.5,64.6,4,1
1812.28,117.1,224.6,49.5,5,1
4095.39,171.2,645.4,92.1,5,1
3159.39,164.5,446.3,79.6,5,2
3415.3,147.1,525.1,80.7,6,2
2908.1,217.2,299.3,93.6,4,1
2178.62,159.3,256.5,57.2,4,1
3544.02,181.2,506.7,88.0,5,2
3468.17,148.2,554.6,73.0,4,1
2760.68,240.2,237.2,94.5,4,1
2500.23,118.4,338.3,74.8,5,2
3916.0,204.1,574.2,89.2,5,2
2663.1,145.6,354.8,73.5,5,1
2892.89,116.9,450.3,69.3,5,1
2413.6,94.8,404.1,46.4,5,1
1938.18,130.3,219.5,59.9,4,1
2350.8,166.1,275.0,65.2,4,1
2092.9,103.4,286.3,59.3,5,2
3388.86,143.1,507.8,87.3,6,2
1375.4,112.2,122.5,48.5,4,1
2131.44,118.8,263.0,67.1,5,2
2405.13,99.8,385.8,51.4,4,1
2368.8,182.2,193.0,96.4,5,1
2993.77,119.2,466.1,72.5,6,2
2247.71,140.5,291.6,57.7,4,1
3090.34,151.5,418.5,90.0,5,2
2052.88,117.8,257.0,61.5,4,1
2470.08,149.9,270.1,87.8,5,2
3472.28,164.6,528.5,77.8,5,2
2807.53,185.9,296.9,97.4,5,2
2713.48,130.2,370.4,79.0,5,1
1691.54,134.1,166.6,54.3,4,1
2551.99,181.9,308.5,65.6,4,1
3531.86,150.5,562.8,75.4,5,2
1656.31,164.5,113.9,60.3,4,1
1855.38,146.6,203.8,50.4,4,1
2549.16,157.8,284.6,86.6,4,1
3241.12,169.6,499.9,62.6,4,1
3923.2,152.6,642.7,82.5,5,2
2311.93,181.2,254.1,63.4,4,1
2547.43,156.8,285.0,86.7,4,1
2750.95,147.8,376.2,72.8,5,1
2393.9,115.3,356.0,56.5,6,1
2347.63,180.4,249.0,70.0,4,1
4666.32,181.5,745.9,106.3,5,2
2962.37,132.5,433.1,77.7,5,1
2267.12,138.9,272.2,69.2,5,2
1840.83,112.5,211.0,60.8,4,1
1989.24,139.9,231.4,56.0,5,1
3535.6,194.1,403.8,127.1,5,1
1527.88,128.6,131.5,54.1,4,1
2390.31,114.5,362.5,53.6,4,1
2378.86,104.0,372.6,52.5,5,1
1857.28,137.9,202.2,55.2,4,1
3273.89,166.6,477.5,77.5,6,2
1978.53,138.9,211.0,64.3,4,1
1628.1,174.9,71.0,71.6,4,1
1902.78,124.4,201.6,66.6,4,1
3772.14,201.6,557.1,81.9,5,1
3094.25,153.6,437.6,81.0,5,1
2617.55,201.3,246.5,91.9,4,1
3373.24,199.9,407.4,104.9,5,1
3885.4,182.7,587.7,89.3,5,2
2584.86,101.8,418.9,55.8,5,2
3332.96,137.1,528.5,74.5,5,1
3425.78,136.7,568.2,67.4,5,2
2360.29,153.3,278.1,70.6,4,1
3234.23,131.9,511.1,73.6,5,2
3164.58,227.6,346.4,96.5,4,1
1680.27,169.9,106.4,63.9,4,1
2730.46,195.7,305.1,80.8,4,1
2883.9,193.2,288.9,106.1,5,1
2516.22,221.5,206.9,89.2,4,1
2468.13,180.6,274.7,71.9,4,1
2955.45,186.8,363.2,83.9,5,2
2646.84,193.9,254.7,94.7,4,1
2473.56,224.2,156.7,105.5,4,1
3240.05,129.3,552.3,57.0,6,2
2689.28,172.1,300.6,88.7,6,1
1520.99,118.6,163.6,43.6,4,1
2171.24,137.5,278.7,56.3,4,1
1406.73,130.1,115.7,47.1,4,1
3644.89,173.1,509.2,101.7,6,2
2402.38,208.1,217.5,77.8,4,1
2879.04,131.0,433.6,68.9,5,2
3198.2,121.4,519.2,70.6,5,1
3188.73,158.7,479.6,70.6,4,1
2483.97,110.0,350.1,71.5,5,2
1898.53,138.6,165.5,75.8,4,2
2044.14,120.9,251.9,61.4,4,1
2490.82,120.9,396.2,46.9,4,1
2514.22,184.7,297.0,65.3,4,1
3042.68,165.5,400.4,86.6,5,2
3940.88,135.9,702.2,65.4,6,2
2677.81,213.8,257.2,88.2,4,1
1923.14,239.3,22.4,97.4,4,1
1428.21,121.5,115.8,53.2,4,1
3035.74,170.1,414.4,77.6,5,1
3058.72,149.9,456.0,70.6,5,2
2964.43,151.4,392.3,87.7,5,2
2542.93,135.4,337.2,72.5,5,1
3641.07,208.9,498.4,90.2,5,1
2056.1,125.2,221.6,74.3,5,1
2456.0,149.7,313.8,66.9,5,1
1719.92,170.1,100.0,71.0,4,1
2849.84,241.8,265.4,91.2,4,1
1475.93,94.3,171.0,46.1,5,1
2845.4,198.9,331.0,80.7,4,1
2653.92,137.5,387.2,61.7,5,1
1363.3,130.0,101.4,48.6,4,1
2072.67,98.5,309.1,49.2,4,1
3690.3,213.5,523.8,82.3,5,1
2923.8,196.2,326.0,92.7,5,1
1521.68,105.2,162.7,50.0,4,1
2075.52,189.5,156.6,76.8,4,1
2292.77,108.2,287.2,79.0,5,1
2287.6,161.8,276.8,59.2,4,1
2792.24,136.5,396.3,73.5,4,1
2700.09,98.9,461.0,51.2,5,2
2724.8,103.7,452.4,55.6,5,2
3282.2,144.8,490.1,82.6,5,2
2824.55,153.1,356.8,87.2,6,1
2760.33,196.8,309.4,81.7,4,1
3129.38,208.4,405.7,74.8,4,1
2705.76,111.4,408.4,69.7,5,1
2585.79,144.2,346.6,69.2,5,1
2175.06,141.7,230.4,76.3,4,1
2309.65,84.3,381.9,49.4,5,2
2132.56,178.1,184.9,75.6,4,1
2790.73,232.4,256.3,92.9,4,1
3019.47,110.6,499.9,64.1,6,1
1908.32,131.5,221.8,55.0,4,1
2870.42,130.4,457.7,57.6,6,1
1293.35,128.3,78.6,51.8,4,1
2685.31,184.2,265.4,98.6,6,1
1639.52,146.1,121.8,63.1,4,1
1950.06,150.3,175.5,71.9,5,1
2383.04,115.3,359.2,53.9,5,2
2198.08,116.9,310.5,54.3,4,1
2163.92,122.7,296.1,54.3,5,2
2580.18,215.0,236.0,86.3,4,1
2892.77,180.5,329.9,94.6,5,2
3063.54,169.9,349.6,109.5,5,1
2498.2,95.4,381.4,65.7,5,2
2716.31,192.3,251.9,104.4,5,2
1851.78,107.7,220.0,60.1,4,2
3827.33,186.7,570.1,88.9,5,2
3047.12,137.3,455.7,75.0,5,2
3275.59,146.1,462.8,93.3,5,2
2168.31,117.8,296.2,56.9,5,1
2148.0,190.2,156.8,84.4,5,2
2898.64,199.6,355.7,75.3,4,1
1827.03,92.1,260.3,46.4,4,1
2266.32,129.3,326.3,49.3,4,1
3496.2,154.8,555.4,72.8,6,1
2781.24,89.5,477.8,56.9,5,2
3622.0,135.8,624.7,64.4,5,2
1601.52,180.6,54.6,73.4,4,1
2497.74,187.7,245.9,84.8,4,1
2483.57,129.6,358.3,59.1,4,1
1603.03,193.8,37.5,75.3,4,1
1302.38,111.2,103.4,49.3,4,1
2744.71,128.5,388.4,75.2,5,2
2462.42,178.4,271.5,73.6,4,1
1649.82,158.9,114.2,61.9,4,1
2099.31,239.8,88.4,87.4,4,1
3704.2,176.1,547.4,90.0,5,1
2808.52,104.3,487.1,49.2,5,1
4720.67,168.6,793.1,97.1,5,1
1682.87,107.7,185.2,56.8,4,1
2899.41,125.4,461.7,61.2,5,1
1996.56,219.8,81.2,88.0,4,1
2785.0,221.0,277.0,88.1,4,1
2276.02,193.6,213.8,71.8,4,1
1330.27,137.1,57.8,61.2,4,1
4542.79,180.6,730.3,99.9,4,1
2027.11,150.8,237.4,52.7,4,1
2034.95,121.3,293.5,41.7,4,1
3621.34,141.4,588.7,77.9,5,2
2235.02,124.3,300.9,59.3,4,1
2180.7,158.6,229.4,69.8,5,1
2581.4,199.5,232.2,95.0,6,2
3258.27,129.5,540.2,64.4,6,2
3864.83,163.5,625.1,79.0,5,2
1673.16,159.6,122.1,60.7,4,1
2419.44,117.9,368.4,52.7,5,1
2251.28,153.0,274.0,60.4,4,1
3421.64,202.0,385.5,119.1,5,1
1922.6,176.8,155.6,65.9,4,1
2697.49,138.8,361.5,77.4,4,1
2781.85,205.5,296.9,85.8,4,1
3056.54,145.3,446.9,76.4,5,2
2592.39,96.3,437.7,50.7,4,1
1867.38,167.3,146.2,68.1,4,1
1550.35,113.9,162.6,49.4,5,1
1928.97,144.7,191.9,64.7,5,1
2372.57,95.7,374.4,54.7,6,2
3593.15,123.2,593.4,80.7,5,2
2413.78,109.6,383.0,49.3,5,1
3226.29,158.4,483.0,73.4,5,1
1335.2,132.3,79.8,54.1,4,1
2202.06,231.2,123.9,86.9,4,1
2624.35,218.5,217.0,98.1,5,1
2922.02,193.5,361.8,77.9,4,1
2846.73,202.1,315.4,86.3,4,1
1579.53,121.8,147.1,56.0,4,1
1915.38,198.0,111.3,75.3,4,1
2550.46,131.5,337.8,74.8,5,1
2192.64,164.3,249.9,59.5,4,1
2853.91,171.7,359.7,80.9,4,1
2487.63,174.7,276.4,75.9,4,1
2285.93,174.7,228.1,75.0,5,1
2847.44,177.7,276.3,114.6,6,2
2315.3,131.5,318.9,57.1,6,2
4055.09,159.5,651.9,89.9,6,2
3031.63,113.8,501.2,63.5,6,2
3055.63,173.6,414.6,78.1,5,1
2514.61,151.1,338.6,61.7,4,1
4195.26,167.5,640.7,106.9,6,1
1858.67,143.1,189.6,58.6,4,1
2187.22,88.0,346.3,50.0,5,2
2086.76,233.9,80.1,92.3,4,1
1968.21,130.3,224.8,60.8,4,1
3505.25,173.9,471.5,102.6,5,1
3212.65,166.7,465.6,75.9,4,1
3266.0,217.5,411.5,83.3,4,1
2758.94,126.4,426.0,61.0,5,1
2483.97,152.4,330.2,61.5,4,1
2908.11,215.9,304.1,92.0,4,1
1664.35,114.0,168.8,59.2,4,1
4043.29,166.3,603.9,107.0,6,2
2566.71,175.7,306.6,70.8,4,1
2750.13,102.5,450.3,59.9,4,1
1437.09,111.9,145.1,45.4,4,1
2604.2,182.6,303.2,73.5,4,1
3398.82,145.5,475.8,101.5,6,2
3292.09,147.9,489.4,82.5,4,1
2450.37,172.8,257.5,81.0,5,1
1393.09,135.1,91.4,54.1,4,1
3188.47,213.4,332.3,111.8,6,2
3312.61,210.3,433.6,81.9,4,1
2780.82,167.6,352.1,78.0,5,1
1849.34,195.9,93.5,76.9,4,1
2774.04,256.8,242.5,86.3,4,1
3397.2,161.8,490.4,87.6,4,1
4367.0,182.6,704.7,90.9,5,2
2578.12,128.1,343.3,76.9,5,1
2286.0,106.8,334.1,58.0,5,1
3110.38,183.1,333.2,116.2,5,2
2719.04,140.5,382.5,69.7,4,1
2363.93,158.1,259.4,77.1,4,1
2250.55,122.7,282.1,70.2,4,1
2022.89,155.3,222.7,56.8,4,1
3288.96,196.4,411.7,95.1,4,1
3103.69,158.6,450.1,74.3,5,2
3602.52,172.9,550.7,78.7,4,1
2311.04,139.4,266.2,76.5,4,1
2211.59,224.5,119.9,92.7,4,1
1795.68,187.6,95.4,73.7,4,1
2101.41,181.3,174.1,75.5,4,1
3381.61,153.7,465.7,100.4,5,2
2273.7,111.0,316.8,62.5,5,1
2653.83,132.7,403.4,56.6,4,1
2736.62,116.6,461.5,47.1,6,2
2395.16,115.9,367.5,51.3,5,1
2309.05,222.4,124.4,102.4,4,1
1358.36,129.2,111.3,44.0,4,1
2879.98,183.2,353.0,81.7,4,1
2953.35,122.3,446.7,75.3,5,2
2724.67,123.2,435.0,54.6,5,1
2816.03,156.8,388.8,70.4,6,1
2976.12,243.7,307.7,85.6,4,1
2564.32,259.1,185.6,87.3,4,1
2789.93,112.3,442.0,63.6,5,2
1280.94,121.2,91.3,47.9,4,1
2119.01,235.2,72.0,98.9,4,1
1914.0,229.9,22.0,100.7,4,1
1707.2,138.6,162.1,56.1,4,1
2625.18,109.7,389.2,70.0,5,2
2319.98,171.2,236.0,76.8,5,2
2455.88,156.8,296.1,71.6,5,1
2760.23,176.6,351.4,72.0,4,1
2099.01,167.4,207.0,66.8,4,1
3597.82,136.2,559.9,90.4,5,2
3685.88,252.1,463.1,91.7,4,1
2557.15,136.6,314.9,83.4,5,2
2259.81,88.9,380.0,42.7,5,2
1680.2,97.4,205.0,52.3,5,1
2513.57,156.2,320.4,67.5,4,1
1678.63,96.4,212.7,49.1,4,1
3490.29,118.2,587.6,74.1,5,2
2785.65,133.1,408.0,69.0,5,1
2199.32,115.0,296.3,61.6,5,1
2133.89,110.3,297.0,56.1,5,1
2755.71,167.8,371.1,66.7,4,1
1249.6,124.1,79.8,48.2,4,1
1625.07,165.1,87.7,68.2,4,1
2739.4,163.5,305.7,95.9,5,2
2551.64,97.1,401.1,62.1,5,2
1771.23,112.5,182.5,65.7,4,1
2448.4,118.7,361.4,58.7,5,1
2852.31,140.7,442.1,57.9,5,1
1645.27,121.2,176.1,50.6,4,1
1902.34,127.5,190.9,69.9,4,1
2461.57,214.3,229.0,76.5,4,1
2550.94,138.8,358.7,62.4,4,1
1884.57,145.9,202.5,54.5,4,1
3017.74,184.5,392.4,78.9,5,2
2259.7,118.0,335.4,49.6,5,1
2179.39,113.6,314.4,51.9,6,2
1691.64,92.1,229.3,45.1,4,1
4141.67,170.1,611.7,112.7,5,2
1932.56,133.0,224.3,55.9,4,1
2114.22,192.5,164.8,76.1,4,1
2470.28,106.2,377.7,59.4,5,1
1866.18,115.2,241.0,49.0,4,1
3150.75,228.3,349.1,93.5,4,1
3869.82,176.9,600.9,84.3,4,1
2235.32,162.3,234.6,71.9,4,1
1813.44,229.2,32.1,85.4,4,1
3460.74,165.5,460.5,106.3,5,2
3159.54,240.0,329.5,97.9,4,1
2897.14,216.1,318.6,84.2,4,1
2000.96,206.0,114.4,79.9,4,1
1856.43,130.2,174.1,71.0,4,1
2444.96,134.1,315.8,71.7,4,1
2421.02,154.6,316.1,59.8,4,1
4666.87,183.7,788.5,86.4,5,2
3144.77,162.3,452.0,76.4,4,2
2494.01,107.3,375.7,62.4,5,2
2746.65,217.7,267.0,89.8,4,1
3525.06,153.9,531.0,87.3,5,2
2835.25,184.6,331.2,85.8,4,1
2616.89,164.3,324.5,73.5,5,1
3843.95,156.7,643.3,71.6,6,1
3804.76,149.4,569.4,103.3,5,2
4121.79,194.0,611.9,99.8,5,2
3254.68,147.1,506.2,71.3,5,1
1714.93,189.0,70.5,75.2,4,1
1616.01,114.8,193.0,42.7,4,1
2782.89,251.4,212.0,103.3,4,1
1895.8,93.9,236.2,63.9,6,1
2774.1,200.8,319.8,76.9,5,1
3059.25,240.8,323.7,89.0,4,1
2210.18,189.1,192.1,76.1,4,1
3253.08,118.2,511.2,81.7,5,2
4243.2,212.2,632.3,96.2,4,1
2659.66,124.6,366.3,77.3,5,2
1826.97,196.9,76.4,81.5,4,1
2229.78,110.4,339.0,48.0,4,1
3409.4,147.6,531.3,77.1,5,2
3145.87,147.0,472.4,74.2,5,2
1756.93,88.3,232.0,52.9,5,1
2603.96,236.6,227.9,82.9,4,1
1974.95,132.5,232.4,57.3,4,1
2867.09,155.9,331.5,101.9,5,2
1962.49,151.2,209.3,57.8,4,1
2754.18,128.1,423.6,60.8,5,1
4047.81,208.0,528.9,122.3,6,2
1622.78,181.9,40.4,81.5,4,1
1475.84,154.5,71.5,63.5,4,1
1325.06,129.7,75.3,56.2,4,1
2773.93,156.6,360.4,78.5,4,2
2731.84,198.4,307.8,78.6,4,1
2816.1,240.2,261.2,90.1,4,1
2647.17,102.8,434.7,55.2,5,1
3204.81,188.0,387.5,100.3,4,2
3812.19,168.4,588.8,87.0,5,1
2342.56,216.5,169.4,88.8,4,1
2892.21,113.4,442.8,74.1,5,2
1537.29,135.5,124.9,55.0,4,1
3198.61,128.0,520.4,67.2,5,1
2322.53,124.4,324.1,58.7,4,1
1499.53,129.9,128.6,51.7,4,1
3237.88,110.1,586.7,50.1,5,2
2767.07,106.4,454.6,58.1,5,1
2086.9,194.1,132.4,86.7,4,1
3732.78,176.3,561.3,86.9,4,1
3408.92,217.1,363.7,120.7,6,1
2490.22,146.5,335.4,62.5,4,1
3318.98,135.8,551.1,63.5,6,1
2737.82,97.2,477.5,48.8,5,1
2869.87,150.3,411.6,69.1,5,1
1789.92,202.5,51.6,85.9,4,1
2518.96,136.4,299.0,86.4,5,2
1938.42,119.8,229.5,60.1,5,1
1848.99,188.2,98.0,78.2,4,1
2252.8,143.7,274.8,64.3,4,1
1516.58,94.8,178.4,47.1,4,1
2027.7,138.4,222.1,65.1,5,2
2978.88,242.7,290.6,94.0,4,1
3173.17,158.8,476.0,70.4,4,1
4267.56,188.4,606.9,120.7,5,2
1383.84,158.0,50.1,61.3,4,1
2050.49,222.4,85.4,91.0,4,1
2299.43,216.0,144.3,95.4,4,1
2968.12,140.2,430.7,76.1,5,1
3387.65,206.4,442.4,88.1,5,2
2638.18,198.1,286.7,77.7,4,1
2189.81,131.3,234.6,80.7,5,1
2295.72,164.7,208.7,89.2,5,2
1865.15,109.5,232.4,55.3,4,1
1514.4,149.9,83.1,64.7,4,1
2327.5,100.8,377.1,46.2,4,2
4045.21,170.4,612.4,101.6,5,2
1661.35,97.1,203.9,50.8,4,2
1977.8,106.0,262.7,55.9,5,2
3185.34,190.0,406.7,88.7,4,1
3893.45,196.7,573.3,90.4,4,1
3124.78,138.6,460.8,80.8,5,2
3515.67,218.5,447.1,94.8,4,1
3064.56,118.5,522.1,55.8,5,2
2764.1,149.5,358.7,81.3,5,2
2969.85,177.8,363.9,89.2,4,1
2310.28,193.5,197.9,82.7,4,1
2174.98,86.7,329.2,56.8,5,1
2996.94,137.6,455.9,69.2,4,2
3679.49,193.7,551.4,77.6,5,1
2753.56,117.3,453.4,52.3,5,2
3136.74,161.1,418.3,91.0,4,1
3115.72,108.6,541.0,57.5,5,2
2389.29,173.1,272.1,67.6,4,1
2656.81,164.0,345.4,68.8,4,1
1828.78,218.0,67.3,76.4,4,1
2360.6,138.3,305.3,65.1,5,1
2583.19,196.5,233.8,95.8,4,1
2366.23,109.8,353.5,57.0,5,2
2474.94,215.7,188.1,95.5,4,1
1611.22,105.0,204.2,41.6,4,1
2010.06,137.7,217.7,65.4,4,1
3836.66,214.2,492.9,112.0,6,2
1732.39,108.3,206.0,52.8,4,1
1635.43,181.4,67.8,71.0,4,1
1279.98,124.4,100.5,42.2,4,1
3025.23,215.2,354.4,83.0,4,1
2278.93,180.2,210.2,79.7,4,1
2745.92,183.2,334.5,75.1,4,1
3809.0,134.8,636.8,80.3,5,2
1611.17,89.0,200.4,50.4,4,1
2643.88,145.0,354.8,71.6,5,1
3272.38,165.2,439.3,94.9,6,2
3070.88,135.4,490.6,63.0,4,1
3429.05,233.3,432.5,85.1,4,1
1675.27,111.1,199.9,47.9,4,1
2709.62,175.9,336.3,73.4,4,2
2393.88,175.7,260.1,72.3,4,1
4662.23,192.8,683.7,128.5,6,2
2378.03,180.6,227.6,82.8,4,1
2964.84,228.9,274.7,105.6,5,1
2535.32,136.8,340.3,69.6,4,1
1881.63,206.8,78.6,82.2,4,1
2177.09,207.3,161.9,77.8,4,1
3511.02,170.7,486.2,98.2,5,1
3145.38,158.6,482.2,64.7,5,1
1124.76,114.5,67.4,44.1,4,1
2953.83,102.9,496.0,62.0,6,2
2329.18,216.6,147.3,97.1,4,1
2377.69,114.5,335.9,64.0,5,1
3880.04,161.4,575.7,103.5,6,2
2564.58,182.3,287.6,76.1,4,1
2299.89,89.5,354.1,58.4,6,2
3269.86,152.2,505.5,71.0,4,1
2404.35,123.4,324.3,68.2,5,1
3070.06,132.2,463.1,76.5,4,1
1773.2,141.2,175.4,56.3,4,1
1868.88,189.9,97.1,80.1,4,1
2509.92,159.6,268.0,88.8,5,1
2599.77,106.6,411.4,58.7,6,2
1965.55,100.0,255.9,60.2,5,2
1921.38,109.9,269.7,44.8,4,1
2345.68,151.2,309.7,55.8,4,1
3505.76,181.8,485.6,92.9,4,1
1554.71,99.5,172.4,51.9,5,1
2420.64,177.1,252.6,78.0,5,1
2596.66,127.5,376.7,64.4,5,2
3032.13,153.3,428.9,78.1,5,1
2827.47,172.7,354.9,79.7,5,1
2530.46,191.0,218.7,99.1,4,1
2537.39,144.4,347.9,63.1,4,1
2734.62,184.8,258.0,107.0,4,1
3386.66,157.7,449.7,106.3,6,2
3345.85,144.7,526.5,73.5,6,2
2694.88,153.9,348.2,76.3,4,1
3752.95,149.9,575.4,94.6,6,2
1480.18,97.4,177.8,42.2,5,1
1560.08,156.3,102.7,58.2,4,1
3005.61,177.7,367.4,91.7,5,1
2100.25,116.1,262.9,64.9,5,2
2692.62,128.3,424.3,53.6,4,1
3034.54,98.1,512.2,65.9,5,2
2873.01,190.4,348.9,79.5,4,1
2200.99,106.8,316.9,56.3,5,2
2210.57,127.5,290.4,59.9,5,2
2071.01,98.2,320.8,43.9,5,2
2257.21,104.6,310.4,66.4,5,2
3214.83,170.9,441.3,85.1,5,2
3622.75,224.9,449.8,102.6,4,1
2455.42,107.0,387.1,53.2,5,1
2535.84,142.7,278.1,94.7,6,2
2858.33,174.3,330.3,93.3,4,1
2183.65,178.8,211.9,69.0,4,1
1963.27,114.7,249.4,56.3,4,1
2416.09,157.2,252.2,86.5,4,1
3400.28,152.3,527.0,75.9,5,2
2755.06,210.8,184.6,130.4,5,2
3298.11,137.7,543.8,63.6,5,2
3838.34,131.9,654.2,77.1,5,1
3186.5,187.5,369.5,106.5,5,2
3376.18,159.8,478.2,91.6,5,1
3286.65,168.1,417.0,105.1,5,2
2222.96,120.8,273.5,71.7,5,2
3596.04,149.3,574.4,77.9,6,2
3391.62,160.3,517.7,75.5,5,2
2254.96,150.8,277.5,60.2,4,1
4191.86,183.6,631.0,103.7,5,2
2227.35,172.4,235.2,66.3,4,1
2543.64,176.6,278.0,80.6,4,1
2746.21,105.0,442.7,61.7,5,1
3160.85,163.2,461.5,73.5,4,1
1571.28,103.3,176.7,50.1,5,1
2536.36,168.6,311.6,68.4,4,1
2604.82,126.5,383.3,62.8,4,1
2488.88,130.1,356.3,60.4,5,1
1662.96,227.3,5.0,81.5,4,1
3442.12,130.6,565.4,73.1,6,2
2418.1,87.2,410.9,47.3,5,1
2236.5,109.8,316.1,59.2,5,1
3628.52,195.9,476.3,104.4,5,1
3676.04,144.0,613.8,71.7,5,2
2647.98,154.7,356.1,67.2,5,2
2156.03,98.2,306.7,59.6,5,2
1764.54,117.8,215.5,47.9,4,1
1465.93,172.4,32.5,71.8,4,1
2142.3,145.8,216.2,77.2,5,1
2807.14,215.4,289.1,87.7,4,1
3085.45,120.6,494.0,69.6,5,2
1920.62,110.5,258.3,49.5,4,1
2390.56,172.0,254.4,76.1,5,1
2453.46,160.0,315.0,61.5,4,1
2265.63,92.4,355.1,52.8,5,1
3609.05,170.2,504.8,101.0,5,1
2206.68,115.0,296.5,62.3,5,2
3570.94,147.1,571.9,77.2,4,1
2325.6,125.2,327.9,57.0,5,1
3328.39,162.3,480.0,84.3,4,1
2352.51,161.4,249.5,78.8,4,1
1784.64,193.5,78.0,77.6,4,1
2686.43,186.9,316.7,74.7,5,1
3849.27,136.0,660.8,73.6,5,1
2386.75,96.3,376.3,55.1,4,1
2287.36,227.6,117.3,100.9,4,1
1500.4,158.0,74.4,63.4,4,1
2140.59,114.9,287.4,59.0,6,2
3335.85,255.3,372.3,91.7,4,1
2586.71,124.8,403.3,52.7,4,1
3896.15,186.9,498.5,128.3,5,1
1863.48,126.2,192.4,65.4,5,1
3812.12,204.2,534.4,95.3,4,1
1968.26,108.4,258.9,55.5,4,2
2302.83,114.8,330.2,58.1,6,2
1992.31,211.4,102.4,81.9,4,1
3805.02,170.5,548.3,103.3,5,2
4095.92,181.9,628.3,95.0,5,1
2725.29,99.2,450.3,58.6,5,2
2699.13,224.9,241.1,92.8,4,1
3452.77,190.9,428.9,108.1,5,1
3008.08,166.6,362.1,99.2,6,2
2802.83,224.4,266.1,93.4,4,1
2468.47,178.0,241.1,88.0,4,2
2602.35,128.7,372.2,66.5,5,2
2492.46,127.5,329.4,73.9,5,2
4230.37,167.8,619.2,120.2,5,1
2754.75,139.2,369.5,80.0,5,2
2830.67,175.0,313.5,97.4,5,2
2933.32,146.4,453.8,59.2,4,1
4067.53,184.4,553.9,123.8,5,2
2858.19,87.0,482.9,64.3,5,2
1722.21,121.4,187.5,54.1,4,1
1779.84,207.9,63.0,77.4,4,1
2959.31,134.9,436.1,75.0,5,2
2764.21,139.0,403.1,66.2,5,2
2928.41,117.1,472.7,63.2,6,2
2782.78,186.9,306.8,89.8,4,1
1837.68,153.8,171.0,59.9,4,1
1448.64,134.6,109.6,52.4,4,1
4381.73,200.2,706.7,83.8,4,2
2620.6,95.3,410.2,66.5,5,2
2833.64,111.5,443.8,68.0,6,2
1975.29,141.6,210.2,63.1,4,1
2406.46,158.6,264.9,79.2,4,1
3186.26,171.1,431.0,86.4,5,2
2367.27,97.4,345.6,66.1,5,2
2818.13,185.4,293.6,100.3,4,1
3158.11,143.1,490.6,69.3,5,1
2496.09,221.9,194.0,92.5,5,1
4242.48,162.1,652.4,109.4,5,1
3432.97,199.5,461.6,87.6,5,1
2218.62,226.4,104.2,99.6,4,1
2778.56,127.2,426.5,62.6,5,2
2809.51,120.0,415.1,74.3,5,1
3723.56,157.4,625.1,66.0,6,2
2481.98,161.9,282.8,78.1,4,1
3316.38,186.4,439.7,90.2,6,2
2460.13,241.0,149.2,99.9,4,1
1952.05,208.9,100.2,79.5,4,1
4254.29,154.6,712.6,87.3,5,2
3094.76,164.8,429.1,79.9,4,1
2916.04,209.8,330.3,84.0,4,1
3155.14,221.8,360.5,91.7,4,1
2927.38,105.4,517.6,48.4,5,2
2183.89,109.3,282.0,68.7,6,2
2398.89,137.2,321.4,62.7,4,1
2194.97,150.5,266.1,58.7,4,1
3418.04,139.2,579.6,60.3,5,1
3225.09,226.3,379.8,89.0,4,1
1923.9,236.2,17.9,100.8,4,1
1908.83,110.4,241.4,55.7,5,1
1897.43,116.5,254.6,45.9,4,1
2942.3,171.4,298.2,118.2,5,2
4628.72,175.3,770.9,93.8,5,1
2065.61,157.8,203.6,68.9,4,1
3464.6,140.6,537.4,83.6,6,2
1720.31,106.6,199.4,55.2,5,1
1973.39,120.0,268.5,46.6,5,1
3134.98,135.9,494.4,68.2,5,2
3325.18,158.1,480.0,85.8,5,1
1577.1,94.6,198.4,45.0,5,1
4696.5,176.6,771.0,100.6,5,2
2724.39,198.4,313.2,75.3,4,1
1791.08,185.4,71.5,84.8,4,1
2852.84,192.1,356.1,73.3,4,1
2986.93,99.4,521.9,55.7,5,1
2987.08,179.8,413.0,68.4,4,1
4229.13,186.8,643.8,100.7,5,2
2477.2,196.1,177.0,109.4,6,1
1647.85,139.9,149.0,54.7,4,1
2636.89,131.2,363.5,73.1,6,2
3089.51,122.4,518.0,58.7,5,1
1454.48,121.3,137.3,46.7,4,1
2271.03,140.1,300.9,56.3,4,1
3803.64,157.1,541.8,112.0,5,2
1588.61,141.0,124.7,58.4,4,1
2150.11,149.2,233.8,68.7,4,1
4025.46,192.1,616.7,87.8,4,1
2036.11,169.7,196.7,63.4,4,1
3838.3,147.6,639.3,76.7,5,1
2384.09,137.4,313.5,64.5,4,1
2168.7,164.3,229.4,66.0,4,1
2917.84,177.9,350.9,89.1,5,2
2783.45,111.8,427.6,69.5,6,1
2097.6,91.2,339.6,41.6,5,1
4508.89,193.1,705.9,101.4,5,1
2117.51,107.7,283.9,61.2,4,1
1684.17,152.4,127.7,62.6,4,1
3822.7,145.9,639.9,75.5,6,2
2637.99,120.6,435.8,45.8,4,1
4393.09,183.5,681.2,103.8,5,2
2474.15,171.9,286.6,71.1,4,1
4094.14,154.1,703.1,73.9,5,2
1605.12,198.3,35.4,74.5,4,1
2724.84,93.8,467.1,53.5,5,2
2084.96,101.3,302.5,52.2,4,1
3382.53,197.9,421.3,100.6,5,1
2906.08,175.1,328.6,99.1,6,1
3337.3,167.7,510.3,69.5,4,2
2501.33,159.5,258.5,92.2,6,2
2334.9,95.4,376.8,49.6,4,1
3214.24,134.9,517.7,67.1,4,2
2533.63,105.2,386.3,63.1,5,2
3022.78,132.0,470.1,68.3,5,1
2332.55,216.7,152.8,94.9,4,1
3956.03,159.2,643.2,83.0,5,2
2888.9,251.0,233.2,105.8,4,1
2745.81,200.0,269.3,96.5,5,1
4364.57,167.7,724.0,88.6,5,2
2258.25,137.8,299.0,56.8,4,1
2486.53,156.9,260.5,90.8,4,1
2153.31,147.4,232.3,70.5,4,1
2613.29,237.3,213.5,90.0,4,1
3638.12,133.0,562.2,95.3,6,2
2163.83,117.3,265.4,70.3,5,2
3535.01,143.6,554.6,82.5,4,1
2754.9,175.3,277.5,104.9,5,2
1957.38,134.8,245.1,48.6,4,1
2468.35,131.9,324.5,71.4,6,2
2405.02,165.6,296.7,61.7,4,1
2668.22,137.3,350.5,79.7,5,2
3411.92,167.9,501.0,81.8,5,1
2242.48,149.0,274.1,61.1,4,1
2581.81,162.9,291.0,85.1,6,2
3184.55,151.8,426.5,96.8,5,2
3014.57,177.4,389.2,83.1,4,2
3786.94,188.5,527.6,102.5,5,1
3948.81,169.6,609.3,92.6,5,2
2500.22,249.1,156.6,97.5,4,1
3828.12,144.9,575.4,105.2,6,1
2098.73,164.2,199.6,71.5,4,1
2118.2,137.5,227.8,73.0,5,1
1831.57,125.1,215.6,52.1,4,1
3722.53,183.4,559.0,83.7,5,2
2708.09,157.1,309.3,93.6,5,2
2936.13,104.5,518.5,49.3,5,2
3887.76,131.1,627.7,94.7,5,2
2535.16,139.7,310.8,81.4,5,2
3340.54,130.9,548.0,69.5,5,2
2726.25,169.5,313.4,88.3,5,2
2958.21,163.9,431.7,64.0,4,1
1863.13,102.1,239.9,55.0,4,2
3010.02,91.5,526.3,59.9,5,2
2187.91,102.1,329.7,51.2,4,1
2359.81,161.3,265.6,72.5,4,1
2125.1,140.9,268.9,54.0,4,1
2505.37,81.5,408.8,60.5,5,1
1822.65,114.2,218.5,54.6,4,2
2265.92,145.0,259.2,72.2,5,1
2534.24,135.9,355.1,63.3,5,2
2460.5,146.1,262.6,91.7,5,2
2626.04,131.0,354.5,76.0,6,2
2844.74,147.8,400.0,72.6,4,2
3398.38,149.7,532.2,74.5,5,1
3371.02,207.1,443.2,85.6,4,1
2994.4,148.7,443.3,69.6,5,2
4045.28,201.4,546.6,117.0,5,1
2971.81,162.0,386.3,86.5,5,1
3446.25,186.0,494.8,80.3,5,2
3552.52,216.6,476.1,86.9,4,1
2191.04,97.2,312.8,61.2,5,2
2245.5,122.9,277.5,71.5,5,2
3200.28,177.6,452.2,75.7,5,1
1259.85,136.2,55.9,54.6,4,1
2663.4,221.7,231.8,94.3,4,1
2520.12,147.2,324.8,70.2,4,1
3344.14,142.2,539.8,68.5,6,1
2911.26,193.7,344.3,84.4,4,1
2638.45,130.1,356.2,77.0,5,2
3312.62,196.8,398.1,103.7,4,2
2542.93,167.6,309.1,70.7,4,1
1963.86,158.2,192.0,62.6,4,1
2244.34,150.4,241.2,75.3,4,1
3983.14,203.4,554.6,105.7,6,2
2169.76,145.8,261.7,60.0,5,1
2531.72,91.6,406.5,59.9,6,2
3666.73,168.6,536.6,94.0,6,2
3173.81,184.7,390.3,97.1,4,1
2938.9,93.1,527.0,51.0,5,2
2518.73,98.1,382.1,66.5,5,2
2733.61,141.5,305.3,105.2,5,2
3234.41,173.7,429.1,91.5,4,2
1990.37,198.2,119.9,79.8,4,1
2210.6,128.3,256.0,74.8,4,1
2384.37,101.4,359.4,60.1,5,1
2537.62,147.3,357.4,57.7,4,1
3885.38,212.2,529.4,102.1,4,1
2599.91,145.8,348.8,69.0,6,2
1642.17,117.9,193.3,44.2,4,1
4231.89,155.5,685.9,96.3,6,2
3648.85,112.5,680.1,53.2,5,2
1196.64,121.0,75.0,45.9,4,1
2106.45,221.1,66.0,106.4,4,1
2413.64,199.2,205.9,88.2,4,1
2941.87,257.3,275.7,90.0,4,1
2760.86,162.2,339.2,83.9,4,1
3697.97,143.8,625.3,69.0,6,2
3171.78,202.9,366.9,99.2,5,1
2405.56,119.6,363.4,52.6,5,2
1975.53,188.3,143.3,72.1,4,1
2901.34,147.6,373.2,90.9,5,2
4408.14,157.0,767.7,78.8,5,2
2679.0,101.6,455.8,49.9,4,2
1588.5,196.2,24.2,78.5,4,1
1709.9,149.8,153.1,55.3,4,1
3484.14,180.3,442.5,110.3,5,2
2972.27,106.2,491.2,64.7,5,2
1739.6,144.9,147.8,63.2,4,2
3213.91,114.6,567.5,53.9,5,2
1830.96,249.1,15.4,85.9,4,1
2989.09,106.5,504.5,60.6,4,1
2540.9,126.8,324.4,81.8,5,2
2983.8,212.4,358.4,77.9,4,1
4000.48,173.8,594.0,103.3,5,1
2309.16,91.8,349.8,60.3,5,2
4839.78,193.7,751.3,117.7,5,2
2215.92,219.2,102.0,103.5,4,1
2567.7,186.9,262.5,85.6,5,1
2011.91,150.4,234.1,52.6,4,1
2830.83,205.0,333.9,75.0,4,1
3342.1,170.0,492.9,76.7,4,1
2230.51,246.5,114.3,87.5,4,1
3674.62,181.5,484.9,112.1,6,2
1979.71,131.6,202.6,71.4,4,1
2814.66,117.4,411.9,77.5,6,1
1899.27,123.9,215.5,60.2,4,1
2906.85,120.3,481.9,55.3,4,1
2681.25,170.5,289.7,93.4,4,1
1756.17,105.5,225.0,48.2,4,1
1817.17,118.8,205.7,57.7,4,1
2779.75,213.6,302.9,79.3,4,1
2901.84,183.7,310.5,102.8,4,1
3186.55,161.7,424.9,93.4,4,1
1925.03,109.9,253.0,52.6,4,1
3308.58,172.2,445.5,93.1,4,1
1896.81,111.9,255.1,47.7,4,1
2348.7,133.1,299.7,68.6,6,1
1663.49,177.4,85.9,67.8,4,1
1915.76,175.4,163.4,62.3,4,1
2293.87,100.7,334.9,61.3,4,1
1517.71,148.2,105.8,55.8,4,1
2139.19,128.9,261.9,64.0,5,1
2406.28,174.9,253.5,77.0,4,1
2468.33,89.2,430.4,43.3,5,2
2448.63,99.8,410.8,45.1,4,2
2065.02,188.3,150.4,78.9,4,1
2076.15,141.6,238.1,61.9,4,1
3303.61,117.9,561.2,65.3,5,2
2049.46,150.7,231.5,57.9,4,1
2064.85,138.4,245.6,58.7,5,1
2613.78,127.0,400.1,56.1,6,2
2892.45,107.8,486.4,57.3,5,1
2837.33,119.6,457.0,59.0,4,1
2901.6,231.3,293.1,89.4,4,1
2712.84,127.1,376.6,77.6,6,2
2282.86,232.2,122.4,96.1,4,1
2805.63,160.2,392.7,66.0,5,1
3327.62,160.1,465.4,91.7,4,1
2060.1,144.8,196.4,77.3,4,1
4146.47,156.2,701.3,79.6,5,2
1852.54,157.4,141.8,72.8,4,1
2552.51,117.9,330.5,84.3,5,2
2868.37,197.2,339.0,80.4,4,2
2595.82,171.3,323.6,68.5,4,1
2459.87,114.2,349.0,67.5,5,1
3010.68,198.8,321.3,103.4,4,1
3377.34,182.4,442.9,97.4,5,2
2423.18,205.4,180.3,97.8,4,1
2555.15,160.9,312.2,73.6,5,2
3529.77,223.1,463.5,87.1,4,1
2531.06,193.9,238.4,89.1,4,1
2017.69,130.8,246.3,56.6,5,1
3093.17,174.8,430.6,74.6,4,1
2876.96,172.1,327.1,97.8,5,1
3509.32,205.1,450.4,98.6,4,1
3411.62,157.1,546.9,66.2,5,2
1921.22,189.1,123.7,74.4,4,1
2441.21,101.0,406.4,45.7,5,1
2470.18,176.1,257.4,81.8,4,1
1950.07,136.6,217.0,59.5,4,1
2546.63,242.9,159.0,104.3,4,1
2958.84,206.4,323.9,93.1,4,1
2147.65,150.7,205.6,80.3,4,1
3029.0,181.2,336.7,106.4,5,1
2855.78,157.0,368.2,83.9,5,1
2187.13,222.5,134.3,84.4,4,1
3117.82,150.5,467.0,72.0,4,1
2376.13,129.0,313.0,67.6,4,1
3631.1,141.3,563.5,90.2,5,2
2656.31,181.9,286.5,87.0,4,1
2690.05,156.8,328.2,83.4,4,1
2862.46,176.5,352.5,82.9,5,1
1998.51,152.5,221.3,55.9,4,1
2971.06,98.3,496.7,65.7,6,2
1514.15,169.0,63.8,64.7,4,1
1789.01,81.2,253.1,50.2,5,2
2486.06,192.4,239.4,84.3,4,1
2561.59,168.4,286.5,82.5,4,1
2583.1,96.5,434.3,51.1,5,1
2113.36,198.1,178.0,67.7,4,1
2691.79,195.1,286.2,85.2,4,1
2687.86,216.1,275.2,80.3,4,1
1812.81,95.8,248.0,48.6,4,1
2637.75,142.9,292.5,99.6,5,2
2185.61,108.4,327.1,49.3,5,1
1859.78,95.0,240.3,57.6,5,2
2059.05,111.4,291.4,49.7,4,1
2554.5,137.2,368.1,59.3,6,1
2705.9,157.8,324.5,86.3,4,1
2838.39,166.8,361.8,80.5,4,2
2807.76,94.9,484.0,54.7,5,2
1849.93,201.0,95.7,73.7,4,1
4058.02,212.5,605.8,87.2,5,2
2915.94,183.9,286.7,114.8,5,1
2485.72,161.7,294.1,73.6,4,1
2880.32,147.5,387.7,82.2,5,2
1476.48,129.8,101.1,61.4,4,1
2378.09,110.0,332.0,67.8,5,2
2835.92,144.0,411.0,68.4,6,1
2954.16,203.6,257.1,123.5,5,2
1256.07,116.3,94.8,45.7,4,1
2317.56,199.0,202.1,79.2,4,1
2841.45,151.1,406.3,68.0,5,1
2161.32,156.8,247.9,60.2,4,1
2441.97,121.9,362.6,56.0,4,1
3423.05,154.1,477.8,99.5,5,2
2317.65,113.9,341.3,55.2,6,2
2459.24,200.6,239.5,77.6,4,1
1985.02,112.1,281.4,45.6,4,1
2162.88,106.1,302.3,58.8,5,2
3523.3,156.7,544.9,79.7,6,1
4211.05,169.0,666.7,96.5,5,2
2664.42,188.0,307.3,75.9,6,2
2035.96,231.5,44.4,103.6,4,1
2503.77,197.6,255.5,76.8,4,1
1726.56,226.3,4.6,89.2,4,1
2873.18,108.1,480.7,57.6,5,2
2506.92,168.2,330.2,57.0,4,1
2022.62,229.3,72.1,90.8,4,1
4126.32,164.0,629.2,105.9,5,1
2800.14,121.2,399.0,79.9,5,1
3424.1,235.6,402.0,97.1,4,1
2256.1,162.6,221.2,80.1,5,2
4308.0,180.6,703.3,85.8,5,1
1857.01,112.1,255.5,42.9,4,1
2269.19,236.8,98.3,103.2,4,1
2790.89,171.9,289.3,105.1,6,1
2173.84,142.6,255.4,64.7,4,1
4077.73,171.0,636.2,94.3,6,2
2419.73,127.8,323.7,68.2,4,1
2560.53,197.5,225.9,96.3,4,1
3424.5,160.6,529.2,73.9,4,1
3675.17,202.1,457.2,115.4,6,2
2481.01,166.4,270.6,81.5,5,1
3041.42,135.8,487.5,60.9,4,2
2677.68,257.6,206.2,91.4,4,1
1441.02,93.5,156.6,48.9,4,1
1774.58,145.7,158.2,62.1,5,1
1831.39,205.6,66.3,82.7,4,1
2057.95,90.5,327.4,42.9,4,1
2602.22,134.3,340.0,78.3,4,1
3352.8,158.8,487.3,85.3,5,1
2500.29,170.9,300.7,68.2,4,1
2890.43,143.9,422.8,69.3,4,1
2636.66,130.1,381.9,65.4,5,1
1753.04,170.7,87.1,80.2,4,1
2057.13,198.7,150.7,73.3,4,1
4289.8,175.2,686.1,93.8,5,1
2055.66,180.8,165.3,74.6,4,1
2590.17,100.0,450.7,43.1,5,2
3572.93,220.4,471.6,89.4,4,1
3101.55,215.1,346.5,95.0,5,1
2063.1,114.0,248.0,68.3,5,2
1806.44,130.9,211.5,48.5,4,1
1893.76,103.9,261.7,47.9,4,1
2761.46,158.8,375.1,69.5,4,1
2310.66,100.9,367.9,48.4,4,1
1711.46,91.4,218.4,52.5,4,1
2877.36,123.6,432.7,72.5,4,1
3310.28,141.2,521.0,73.5,5,1
3518.77,215.2,451.5,94.7,5,1
4654.67,203.8,744.6,95.7,6,1
3202.07,109.0,577.3,50.8,5,2
3373.28,163.9,488.7,84.8,5,1
2864.86,154.6,334.9,100.8,5,2
2695.18,131.8,397.4,64.3,5,2
2687.2,174.0,334.7,72.5,5,1
2143.51,103.0,314.7,52.5,6,1
2811.05,137.2,400.6,73.3,5,1
1903.0,153.0,192.5,57.9,4,1
2937.36,185.3,369.4,79.9,5,2
4623.75,197.1,752.9,91.5,5,2
1937.65,202.6,71.0,93.7,4,1
3234.84,127.0,552.2,57.6,5,1
2030.05,231.9,63.8,94.1,4,1
2144.12,119.8,301.0,51.2,5,1
2881.86,148.9,369.7,89.7,6,2
3109.58,193.8,370.8,94.5,5,1
3255.97,208.0,401.5,90.9,4,1
1873.67,139.8,205.1,54.9,4,1
2702.69,107.9,418.0,66.6,6,2
4922.28,190.9,786.0,112.7,5,2
2298.82,121.9,320.1,59.0,4,1
3001.38,137.2,471.4,63.0,5,2
3891.91,152.5,637.0,81.5,4,1
3517.16,136.2,557.7,82.4,6,2
3032.25,130.2,452.2,78.1,5,1
3965.35,159.2,605.8,100.6,5,2
2873.45,90.6,520.1,47.8,6,2
2164.05,94.0,344.6,45.5,4,1
3055.16,178.1,404.3,80.6,4,1
3055.09,174.1,383.1,91.8,5,1
2288.36,215.9,175.2,80.4,4,1
3810.45,155.1,630.8,74.1,4,1
3428.62,192.2,450.4,95.3,6,1
2241.3,99.2,319.2,63.1,5,2
3277.21,129.8,528.6,71.5,5,1
2147.48,95.2,342.5,44.1,5,2
4185.26,161.9,699.3,82.3,5,2
1719.56,114.5,192.7,54.5,4,1
2087.85,153.6,214.6,68.4,5,2
2742.62,170.7,300.0,95.5,5,2
3264.92,160.8,452.1,90.4,5,2
2537.38,215.0,209.9,93.1,4,1
2021.74,123.8,275.7,47.1,4,1
2574.79,199.4,260.8,81.5,4,1
1982.89,85.5,305.8,46.4,5,1
2805.11,134.4,382.7,81.8,5,2
1582.9,152.0,100.6,63.6,4,1
2358.97,164.1,281.1,64.2,4,1
2857.92,191.0,287.9,104.7,5,1
2553.7,144.5,334.3,70.9,4,1
2242.19,184.4,212.5,72.7,4,1
2230.8,168.8,187.6,89.5,5,1
4291.89,181.8,615.2,122.7,5,2
2820.0,118.7,449.8,60.7,5,1
2181.06,135.4,289.8,53.3,4,1
1969.88,115.0,272.4,46.7,4,1
2259.9,205.6,143.9,95.7,4,1
3741.37,226.8,505.0,90.4,4,1
2304.08,152.9,229.7,85.9,5,1
2547.07,128.5,338.3,75.5,5,2
2449.13,93.7,411.0,47.8,5,1
2395.25,119.6,317.6,71.8,4,1
3500.05,232.8,410.3,103.1,4,1
2654.44,156.9,329.3,78.9,6,2
1325.58,136.4,83.0,49.8,4,1
3707.06,182.3,501.0,108.2,6,2
3497.91,166.4,433.2,122.2,5,2
1921.43,146.9,180.7,67.9,4,1
1512.48,154.0,54.9,75.2,4,1
2045.62,205.7,107.4,88.1,4,1
2922.21,175.9,374.5,80.1,6,1
2028.03,137.0,204.1,73.7,4,1
3540.15,170.5,476.3,105.9,5,2
1875.69,191.8,117.6,70.9,4,1
1815.5,122.6,178.6,67.9,5,2
1855.38,121.5,188.9,68.2,4,1
3046.76,196.2,350.0,95.8,4,1
1807.03,140.1,203.6,48.0,4,1
3511.49,230.7,449.4,87.9,5,1
2595.99,95.9,446.2,47.5,6,2
2837.09,157.6,380.2,76.2,5,1
2126.68,172.6,200.4,70.5,4,1
2016.92,210.2,120.5,77.1,4,1
2360.63,106.4,352.2,58.4,5,2
2427.81,169.1,301.0,60.8,4,1
2813.13,130.2,416.0,69.8,4,1
3107.2,164.8,424.5,83.4,4,1
2850.3,149.8,395.6,74.3,5,1
2152.54,168.2,213.2,69.7,4,1
2902.89,212.9,314.1,88.3,6,2
1642.08,219.5,0.0,87.2,4,1
1654.02,128.4,174.2,49.3,4,1
2303.65,193.8,199.8,81.0,4,1
4126.38,210.7,624.0,87.5,4,1
1754.84,137.1,166.9,59.9,5,1
2460.88,138.0,345.7,58.4,4,1
1800.43,227.2,23.0,88.8,4,1
3621.4,254.7,423.1,101.2,4,1
2651.87,110.7,409.1,63.6,5,2
2139.14,139.3,285.2,49.0,4,1
2135.4,128.3,285.8,53.2,4,1
2167.05,88.9,350.5,45.5,5,2
1795.2,146.2,155.0,65.6,4,1
2464.72,147.6,297.2,76.2,6,2
2556.63,228.8,221.2,84.1,4,1
2104.08,100.7,288.8,60.6,6,1
2897.96,106.6,474.4,63.7,6,1
2983.52,233.9,314.3,87.9,4,1
2534.53,149.3,296.8,83.3,5,1
2106.51,135.2,277.8,50.5,4,1
3430.82,196.9,442.4,97.1,5,1
2125.75,165.8,193.0,76.7,5,1
2098.39,220.1,102.9,89.6,4,1
2544.47,103.8,397.1,60.1,6,2
2221.3,132.8,274.8,65.7,4,1
2126.27,95.2,321.8,50.9,4,1
3741.22,194.6,527.3,94.8,5,2
2422.24,104.2,372.5,57.3,5,2
2400.52,131.7,328.7,62.1,5,1
2380.74,145.6,290.1,70.9,4,1
3143.74,191.1,322.7,120.9,6,2
2387.2,93.0,398.9,46.6,5,1
3506.02,135.1,594.0,65.5,5,2
3235.76,164.5,401.2,108.1,5,2
2805.59,180.4,292.2,101.7,5,1
3847.6,199.8,485.3,123.0,5,2
2296.87,170.2,233.0,76.0,4,1
1734.48,190.9,78.1,73.2,4,1
2047.14,103.0,281.7,56.5,5,1
2109.17,181.4,153.0,85.7,4,1
3146.72,143.7,429.9,94.7,5,2
2095.01,88.8,331.6,45.9,5,1
3800.15,193.3,525.4,102.8,5,2
2849.22,125.6,464.7,54.3,5,2
1687.11,203.6,37.9,80.1,4,1
2255.87,156.4,276.2,58.4,4,1
3031.21,176.7,374.3,91.9,5,2
2644.64,170.5,300.9,84.3,4,1
2356.52,122.6,332.5,59.6,5,2
2502.97,139.6,316.8,75.3,5,1
3130.57,202.0,380.5,88.9,4,1
3098.81,180.2,423.3,76.1,4,1
2637.04,108.4,425.8,55.6,5,1
2862.93,104.1,491.7,53.3,5,1
2638.72,139.8,377.1,63.5,4,1
1679.13,111.8,209.5,43.8,4,1
2208.2,215.7,140.2,87.2,4,1
1685.56,112.6,191.8,52.0,4,1
2029.2,162.4,160.0,82.2,5,1
1802.72,122.3,211.4,52.0,4,1
1923.34,134.0,195.3,67.4,5,1
3838.0,167.4,635.0,69.8,5,2
3063.67,250.1,279.6,105.0,4,1
2163.11,94.7,318.0,56.9,5,1
2463.35,192.1,198.0,100.3,4,1
2231.8,124.1,282.6,67.2,5,2
3803.99,167.7,568.9,95.3,5,2
1795.83,109.5,233.6,47.1,4,1
2575.0,186.6,263.0,86.3,5,1
1381.24,104.2,131.3,48.8,4,1
2786.62,95.7,454.7,65.0,5,2
2592.16,100.0,427.5,53.6,4,1
2101.51,109.7,314.6,44.9,5,1
2044.76,163.2,189.1,70.6,4,1
2668.66,117.6,425.3,55.2,4,1
2179.43,184.4,197.6,72.4,4,1
2630.62,139.6,370.5,65.6,5,1
1937.91,122.9,251.1,49.1,4,1
2239.33,217.2,124.2,97.1,4,1
2962.24,121.0,469.5,66.7,5,2
2248.99,161.5,248.9,67.5,4,1
2058.0,227.5,83.7,90.3,4,1
3316.0,156.7,499.5,76.8,5,2
3550.02,143.5,560.4,81.6,5,2
3922.26,180.9,616.8,81.3,6,2
2893.16,132.4,446.2,64.3,5,1
1683.83,188.4,74.8,70.1,4,1
3292.18,163.3,457.6,89.8,5,2
3219.85,189.8,402.4,94.6,4,1
3992.44,161.9,654.0,81.0,5,1
2586.13,214.9,199.8,103.0,4,2
3477.1,154.4,547.9,74.2,4,2
2987.67,98.5,511.4,60.9,6,2
2939.22,115.7,448.1,76.0,6,2
2166.33,184.3,173.2,81.8,4,1
1368.78,115.9,111.2,51.2,4,1
2204.19,88.9,324.5,61.2,6,2
2988.96,227.1,294.1,100.5,4,1
1986.6,167.3,172.2,69.8,4,1
2169.21,127.5,291.9,54.6,4,1
2499.59,118.0,388.9,52.5,5,1
2119.97,218.3,100.9,93.7,4,1
2041.73,210.3,116.3,81.7,4,1
2180.85,132.5,287.5,55.7,5,1
2017.52,132.7,205.3,74.0,5,1
3104.84,133.5,475.7,74.2,5,2
4321.34,203.1,631.3,109.3,6,2
3026.54,175.6,392.5,83.8,4,1
3753.62,223.4,493.1,98.6,5,2
2798.41,217.9,287.9,86.1,4,1
3085.45,143.5,437.5,84.6,5,2
1335.36,115.1,101.2,52.3,4,1
2819.0,210.9,292.1,89.6,4,1
2674.1,240.0,217.4,93.8,4,1
2276.46,158.9,216.1,86.3,4,1
3724.16,177.8,497.8,113.5,5,2
3937.0,178.3,615.8,84.6,5,1
1827.49,158.5,137.5,71.5,4,1
2896.2,219.8,299.8,90.9,4,1
2809.34,187.3,339.1,78.2,4,1
2011.7,209.0,116.0,79.1,4,1
2289.03,175.0,207.9,84.1,4,1
2412.44,213.4,163.6,100.5,5,2
1446.03,120.4,137.0,46.2,4,1
2853.16,208.0,299.2,91.6,4,1
2256.31,200.1,159.3,91.0,4,1
2018.03,132.2,258.2,50.7,5,2
2819.47,125.3,378.3,89.5,6,2
2869.37,163.8,368.8,82.1,4,1
2207.98,115.4,322.2,50.9,6,2
1777.1,139.7,158.9,64.8,4,1
2008.86,127.7,231.4,63.6,5,1
2287.3,128.8,272.2,75.9,5,2
2893.81,142.1,355.0,100.6,5,2
1969.68,126.6,214.2,67.4,4,1
2190.23,193.2,200.3,68.5,4,1
2939.11,226.3,276.2,103.2,4,1
2457.83,181.5,291.8,62.8,4,1
2619.04,105.9,424.2,55.4,5,1
1775.08,115.4,231.6,43.0,4,2
3338.42,240.4,373.1,98.3,4,1
3180.99,163.6,459.8,76.4,5,2
2272.31,165.3,264.4,61.5,4,1
2961.99,122.4,490.7,56.6,5,2
3221.79,185.4,434.8,82.3,4,1
3047.42,152.6,421.3,83.6,4,1
3325.76,152.7,495.6,81.4,4,2
3649.77,250.5,458.0,90.7,4,1
3861.82,168.6,600.3,87.3,5,1
2345.46,239.5,146.8,88.9,4,1
1694.23,136.3,157.6,57.6,4,1
3000.84,176.9,364.9,92.6,4,1
3023.65,179.4,400.2,78.4,5,1
3474.57,162.1,512.3,86.3,5,2
3893.07,232.6,518.8,98.6,5,1
3068.87,140.8,458.9,74.4,5,1
2877.04,100.6,490.7,56.9,5,2
1742.52,134.2,168.3,59.2,4,1
2446.48,226.2,182.8,90.1,4,1
3066.69,106.3,558.2,45.4,5,2
3411.68,188.7,431.5,103.4,6,2
3384.32,187.7,411.8,109.6,6,1
1890.69,111.9,248.0,50.1,4,1
1811.88,160.2,145.0,65.7,4,1
3050.92,131.2,502.7,57.3,5,1
1558.46,136.5,121.5,58.5,4,1
2107.19,166.2,233.3,56.6,4,1
3177.45,146.3,419.2,101.7,5,2
2924.68,133.8,400.3,87.5,6,1
2602.81,110.8,386.2,68.3,6,2
1448.43,141.3,93.0,56.8,4,1
2851.64,184.7,325.3,90.2,5,2
3713.77,166.6,514.3,110.0,6,1
1769.92,209.2,44.5,83.9,4,1
2489.44,169.3,302.2,67.1,4,1
1740.94,178.7,89.0,74.5,4,1
2795.03,183.1,342.3,77.0,5,2
2167.25,136.6,284.8,53.5,4,1
2157.64,128.2,292.0,53.0,4,1
2416.8,135.1,329.8,61.9,6,2
2919.57,188.7,366.3,77.7,4,1
3038.89,148.0,418.5,85.9,6,2
2214.56,146.6,277.6,57.5,4,1
2848.16,185.3,262.5,117.4,5,1
2623.12,200.5,294.1,71.7,4,1
2312.06,128.8,325.5,55.0,4,1
4094.01,205.9,534.6,125.8,5,2
2326.26,168.8,269.5,63.7,4,1
1363.87,132.8,91.3,51.9,4,1
2565.76,177.7,302.8,71.5,4,1
2926.0,140.4,464.7,56.2,4,1
3847.6,161.8,602.7,87.8,6,2
3598.6,162.6,536.4,89.2,4,1
3292.4,172.8,468.0,81.1,5,2
4268.7,163.6,688.9,95.4,6,2
3758.42,126.8,676.2,60.7,6,2
2335.83,114.8,342.7,56.2,4,1
2948.47,129.7,431.6,78.1,5,1
2279.98,179.9,239.6,66.9,4,1
2072.7,116.3,229.9,76.4,5,2
4128.08,198.3,567.2,118.4,6,2
3159.56,171.4,368.0,111.3,6,2
2500.88,206.4,208.0,93.7,4,1
2251.0,167.0,226.3,75.3,4,1
4601.65,177.3,726.0,109.8,5,2
2122.29,153.8,236.4,62.4,4,1
2841.74,109.5,473.8,56.5,4,1
2615.47,94.4,441.3,52.5,6,2
2964.59,86.5,523.1,58.5,6,2
2322.18,127.1,326.5,56.4,5,1
1688.26,109.7,212.4,44.4,4,1
2137.75,90.1,314.2,57.8,5,2
2623.05,158.9,344.4,67.7,4,1
2855.82,107.9,474.7,58.4,5,1
2647.79,125.9,420.5,51.4,4,1
3499.45,213.8,433.8,101.0,4,1
2299.2,114.2,307.3,68.1,6,2
2974.3,129.7,452.5,71.7,4,2
2639.26,177.2,275.0,92.3,5,1
2138.72,193.7,150.4,84.7,4,1
2592.21,133.5,333.0,80.7,6,2
1852.83,132.1,204.1,56.4,4,1
2188.84,91.0,316.8,61.9,5,2
2550.55,171.3,299.5,74.1,4,2
3016.69,141.8,420.7,85.2,5,1
3280.41,189.0,443.5,83.4,4,1
1285.38,117.5,92.8,49.4,4,1
2575.14,143.3,351.5,66.2,4,1
1577.54,104.4,183.6,47.3,4,1
4857.35,170.2,763.8,124.6,5,2
3525.18,187.4,508.1,82.6,5,2
3928.8,188.0,598.7,86.9,5,2
2482.55,218.6,173.4,101.6,4,1
3072.08,210.5,343.1,95.3,4,1
1834.69,110.4,242.8,46.8,4,1
2932.54,164.0,381.7,83.3,6,1
3763.27,175.9,549.5,95.7,4,1
2635.17,143.4,321.8,86.0,5,2
